pc_time_s,seq_id,module_id,status,tx_drops,EMG R env,EMG L env,EMG R act,EMG L act,FSR RH,FSR RT,FSR LH,FSR LT,Phase R,Phase L,Gait R,Gait L,Thigh R,Thigh L,Tau R,Tau L
0.0000,0,240,0,0,0.01103,0.01179,0.03015,0.03393,0.69931,0.70224,0.69287,0.69006,0.00000,0.00000,2.00000,2.00000,-4.55593,-5.10500,0.00000,0.00000
0.0100,1,240,0,0,0.01119,0.01145,0.03095,0.03225,0.70105,0.69994,0.69449,0.69343,0.00000,0.00000,2.00000,2.00000,-4.54664,-5.11159,0.00000,0.00000
0.0200,2,240,0,0,0.01040,0.01116,0.02701,0.03082,0.70058,0.70141,0.69309,0.69195,0.00000,0.00000,2.00000,2.00000,-4.55607,-5.11567,0.00000,0.00000
0.0300,3,240,0,0,0.01053,0.01089,0.02764,0.02946,0.69950,0.70140,0.69381,0.69444,0.00000,0.00000,2.00000,2.00000,-4.56116,-5.11639,0.00000,0.00000
0.0400,4,240,0,0,0.01032,0.01078,0.02660,0.02888,0.69766,0.70009,0.69375,0.69436,0.00000,0.00000,2.00000,2.00000,-4.57268,-5.10944,0.00000,0.00000
0.0500,5,240,0,0,0.01029,0.01055,0.02645,0.02774,0.69858,0.70014,0.69371,0.69745,0.00000,0.00000,2.00000,2.00000,-4.58571,-5.11230,0.00000,0.00000
0.0600,6,240,0,0,0.01028,0.01065,0.02638,0.02823,0.69760,0.70091,0.69317,0.69925,0.00000,0.00000,2.00000,2.00000,-4.59363,-5.10701,0.00000,0.00000
0.0700,7,240,0,0,0.01073,0.01076,0.02865,0.02879,0.69777,0.70167,0.69508,0.70205,0.00000,0.00000,2.00000,2.00000,-4.60739,-5.11056,0.00000,0.00000
0.0800,8,240,0,0,0.01075,0.01039,0.02873,0.02694,0.69995,0.69968,0.69574,0.69901,0.00000,0.00000,2.00000,2.00000,-4.61826,-5.12554,0.00000,0.00000
0.0900,9,240,0,0,0.01046,0.01034,0.02732,0.02668,0.69919,0.69857,0.69636,0.69775,0.00000,0.00000,2.00000,2.00000,-4.63139,-5.12329,0.00000,0.00000
0.1000,10,240,0,0,0.01056,0.01032,0.02778,0.02660,0.69864,0.69953,0.69621,0.69733,0.00000,0.00000,2.00000,2.00000,-4.66137,-5.13220,0.00000,0.00000
0.1100,11,240,0,0,0.01045,0.01030,0.02726,0.02650,0.69857,0.70022,0.69781,0.70014,0.00000,0.00000,2.00000,2.00000,-4.66092,-5.13248,0.00000,0.00000
0.1200,12,240,0,0,0.01080,0.01063,0.02902,0.02813,0.69710,0.69844,0.70083,0.69958,0.00000,0.00000,2.00000,2.00000,-4.67472,-5.12416,0.00000,0.00000
0.1300,13,240,0,0,0.01062,0.01048,0.02810,0.02740,0.69781,0.69936,0.70159,0.69951,0.00000,0.00000,2.00000,2.00000,-4.68543,-5.10508,0.00000,0.00000
0.1400,14,240,0,0,0.01079,0.01073,0.02895,0.02864,0.70126,0.70140,0.70338,0.70059,0.00000,0.00000,2.00000,2.00000,-4.67954,-5.09821,0.00000,0.00000
0.1500,15,240,0,0,0.01082,0.01088,0.02908,0.02942,0.70196,0.69966,0.70220,0.70222,0.00000,0.00000,2.00000,2.00000,-4.68184,-5.10253,0.00000,0.00000
0.1600,16,240,0,0,0.01073,0.01089,0.02863,0.02947,0.69789,0.70009,0.70199,0.70138,0.00000,0.00000,2.00000,2.00000,-4.68519,-5.09682,0.00000,0.00000
0.1700,17,240,0,0,0.01049,0.01086,0.02745,0.02929,0.69699,0.70075,0.70150,0.70253,0.00000,0.00000,2.00000,2.00000,-4.69845,-5.09026,0.00000,0.00000
0.1800,18,240,0,0,0.01002,0.01113,0.02510,0.03064,0.70003,0.70172,0.70001,0.70383,0.00000,0.00000,2.00000,2.00000,-4.71083,-5.08624,0.00000,0.00000
0.1900,19,240,0,0,0.01025,0.01115,0.02626,0.03077,0.69799,0.70278,0.69889,0.70021,0.00000,0.00000,2.00000,2.00000,-4.71918,-5.06758,0.00000,0.00000
0.2000,20,240,0,0,0.01025,0.01125,0.02623,0.03126,0.69593,0.70231,0.70036,0.69863,0.00000,0.00000,2.00000,2.00000,-4.72641,-5.05903,0.00000,0.00000
0.2100,21,240,0,0,0.01049,0.01082,0.02746,0.02908,0.69454,0.70091,0.69938,0.69931,0.00000,0.00000,2.00000,2.00000,-4.73074,-5.04863,0.00000,0.00000
0.2200,22,240,0,0,0.01068,0.01071,0.02838,0.02855,0.69589,0.70081,0.69836,0.69940,0.00000,0.00000,2.00000,2.00000,-4.73681,-5.03705,0.00000,0.00000
0.2300,23,240,0,0,0.01062,0.01036,0.02810,0.02678,0.69456,0.70052,0.69647,0.69720,0.00000,0.00000,2.00000,2.00000,-4.73529,-5.04308,0.00000,0.00000
0.2400,24,240,0,0,0.01067,0.01064,0.02836,0.02822,0.69559,0.70118,0.70129,0.69821,0.00000,0.00000,2.00000,2.00000,-4.75811,-5.04836,0.00000,0.00000
0.2500,25,240,0,0,0.01069,0.01091,0.02843,0.02953,0.69622,0.70032,0.69780,0.69786,0.00000,0.00000,2.00000,2.00000,-4.77548,-5.05386,0.00000,0.00000
0.2600,26,240,0,0,0.01047,0.01067,0.02733,0.02833,0.69802,0.69945,0.69645,0.70234,0.00000,0.00000,2.00000,2.00000,-4.77836,-5.06360,0.00000,0.00000
0.2700,27,240,0,0,0.01014,0.01094,0.02572,0.02968,0.69875,0.70067,0.69975,0.70077,0.00000,0.00000,2.00000,2.00000,-4.78219,-5.06970,0.00000,0.00000
0.2800,28,240,0,0,0.01025,0.01063,0.02623,0.02817,0.69725,0.70160,0.70104,0.70033,0.00000,0.00000,2.00000,2.00000,-4.78462,-5.06992,0.00000,0.00000
0.2900,29,240,0,0,0.01024,0.01091,0.02620,0.02954,0.69827,0.70393,0.70170,0.70047,0.00000,0.00000,2.00000,2.00000,-4.79997,-5.07712,0.00000,0.00000
0.3000,30,240,0,0,0.01026,0.01067,0.02630,0.02837,0.70002,0.70095,0.69907,0.70074,0.00000,0.00000,2.00000,2.00000,-4.80586,-5.06287,0.00000,0.00000
0.3100,31,240,0,0,0.00987,0.01083,0.02436,0.02915,0.69822,0.70101,0.69866,0.69977,0.00000,0.00000,2.00000,2.00000,-4.80129,-5.06390,0.00000,0.00000
0.3200,32,240,0,0,0.01013,0.01066,0.02564,0.02830,0.69617,0.69952,0.69905,0.70184,0.00000,0.00000,2.00000,2.00000,-4.78171,-5.05748,0.00000,0.00000
0.3300,33,240,0,0,0.01021,0.01051,0.02603,0.02755,0.69534,0.70172,0.69929,0.70135,0.00000,0.00000,2.00000,2.00000,-4.77492,-5.05033,0.00000,0.00000
0.3400,34,240,0,0,0.01019,0.01086,0.02596,0.02929,0.69632,0.70172,0.69775,0.70024,0.00000,0.00000,2.00000,2.00000,-4.76148,-5.05515,0.00000,0.00000
0.3500,35,240,0,0,0.01041,0.01076,0.02707,0.02878,0.69832,0.70294,0.69772,0.69894,0.00000,0.00000,2.00000,2.00000,-4.76142,-5.05922,0.00000,0.00000
0.3600,36,240,0,0,0.01024,0.01109,0.02621,0.03044,0.69811,0.70204,0.69855,0.69963,0.00000,0.00000,2.00000,2.00000,-4.76420,-5.07201,0.00000,0.00000
0.3700,37,240,0,0,0.01041,0.01057,0.02706,0.02787,0.69805,0.69969,0.69979,0.69954,0.00000,0.00000,2.00000,2.00000,-4.77167,-5.07234,0.00000,0.00000
0.3800,38,240,0,0,0.01096,0.01060,0.02982,0.02802,0.69962,0.69594,0.70146,0.70095,0.00000,0.00000,2.00000,2.00000,-4.77710,-5.05005,0.00000,0.00000
0.3900,39,240,0,0,0.01099,0.01041,0.02996,0.02707,0.70208,0.69773,0.70158,0.70056,0.00000,0.00000,2.00000,2.00000,-4.78089,-5.03357,0.00000,0.00000
0.4000,40,240,0,0,0.01123,0.01012,0.03113,0.02559,0.69940,0.69914,0.70056,0.70048,0.00000,0.00000,2.00000,2.00000,-4.80165,-5.02574,0.00000,0.00000
0.4100,41,240,0,0,0.01078,0.01006,0.02890,0.02532,0.70092,0.69886,0.70550,0.69826,0.00000,0.00000,2.00000,2.00000,-4.82005,-5.00594,0.00000,0.00000
0.4200,42,240,0,0,0.01072,0.01006,0.02858,0.02528,0.70108,0.70197,0.70543,0.69762,0.00000,0.00000,2.00000,2.00000,-4.82826,-4.99106,0.00000,0.00000
0.4300,43,240,0,0,0.01110,0.01029,0.03050,0.02647,0.70242,0.70018,0.70567,0.69725,0.00000,0.00000,2.00000,2.00000,-4.84308,-4.97929,0.00000,0.00000
0.4400,44,240,0,0,0.01067,0.01013,0.02837,0.02563,0.70007,0.69959,0.70195,0.69961,0.00000,0.00000,2.00000,2.00000,-4.86376,-4.97960,0.00000,0.00000
0.4500,45,240,0,0,0.01044,0.01003,0.02718,0.02517,0.69972,0.70027,0.69919,0.70439,0.00000,0.00000,2.00000,2.00000,-4.86458,-4.97486,0.00000,0.00000
0.4600,46,240,0,0,0.01088,0.00996,0.02939,0.02481,0.69826,0.70098,0.69950,0.69964,0.00000,0.00000,2.00000,2.00000,-4.86897,-4.96989,0.00000,0.00000
0.4700,47,240,0,0,0.01111,0.01057,0.03054,0.02785,0.69727,0.70053,0.69930,0.69894,0.00000,0.00000,2.00000,2.00000,-4.86797,-4.97592,0.00000,0.00000
0.4800,48,240,0,0,0.01051,0.01052,0.02753,0.02760,0.69809,0.69943,0.69776,0.69795,0.00000,0.00000,2.00000,2.00000,-4.87762,-4.97800,0.00000,0.00000
0.4900,49,240,0,0,0.01066,0.01069,0.02829,0.02846,0.69708,0.69863,0.69901,0.69720,0.00000,0.00000,2.00000,2.00000,-4.87340,-4.95883,0.00000,0.00000
0.5000,50,240,0,0,0.01008,0.01072,0.02539,0.02861,0.69711,0.69786,0.70112,0.69740,0.00000,0.00000,2.00000,2.00000,-4.87124,-4.94818,0.00000,0.00000
0.5100,51,240,0,0,0.01032,0.01053,0.02658,0.02767,0.70019,0.69769,0.70270,0.69959,0.00000,0.00000,2.00000,2.00000,-4.86503,-4.94056,0.00000,0.00000
0.5200,52,240,0,0,0.01066,0.01080,0.02831,0.02899,0.69887,0.70014,0.70252,0.70004,0.00000,0.00000,2.00000,2.00000,-4.84934,-4.95245,0.00000,0.00000
0.5300,53,240,0,0,0.01072,0.01058,0.02862,0.02789,0.69861,0.70002,0.69993,0.69865,0.00000,0.00000,2.00000,2.00000,-4.84227,-4.94902,0.00000,0.00000
0.5400,54,240,0,0,0.01090,0.01076,0.02948,0.02878,0.69920,0.70326,0.70092,0.70009,0.00000,0.00000,2.00000,2.00000,-4.84174,-4.94958,0.00000,0.00000
0.5500,55,240,0,0,0.01070,0.01059,0.02851,0.02796,0.69619,0.70499,0.69917,0.69952,0.00000,0.00000,2.00000,2.00000,-4.83126,-4.93916,0.00000,0.00000
0.5600,56,240,0,0,0.01105,0.01038,0.03027,0.02692,0.69648,0.70470,0.70006,0.70067,0.00000,0.00000,2.00000,2.00000,-4.82546,-4.93930,0.00000,0.00000
0.5700,57,240,0,0,0.01098,0.01038,0.02990,0.02692,0.69839,0.70374,0.69767,0.70068,0.00000,0.00000,2.00000,2.00000,-4.82978,-4.93750,0.00000,0.00000
0.5800,58,240,0,0,0.01087,0.01092,0.02933,0.02958,0.69727,0.70390,0.69933,0.70005,0.00000,0.00000,2.00000,2.00000,-4.81709,-4.92600,0.00000,0.00000
0.5900,59,240,0,0,0.01057,0.01098,0.02787,0.02992,0.69822,0.70242,0.69908,0.69835,0.00000,0.00000,2.00000,2.00000,-4.81382,-4.91035,0.00000,0.00000
0.6000,60,240,0,0,0.01046,0.01108,0.02728,0.03039,0.69987,0.70056,0.70184,0.69950,0.00000,0.00000,2.00000,2.00000,-4.80860,-4.90075,0.00000,0.00000
0.6100,61,240,0,0,0.01036,0.01072,0.02679,0.02858,0.69848,0.69982,0.69988,0.70121,0.00000,0.00000,2.00000,2.00000,-4.80874,-4.88711,0.00000,0.00000
0.6200,62,240,0,0,0.01048,0.01086,0.02740,0.02929,0.69849,0.69537,0.70341,0.69927,0.00000,0.00000,2.00000,2.00000,-4.80899,-4.88558,0.00000,0.00000
0.6300,63,240,0,0,0.01027,0.01104,0.02634,0.03022,0.69606,0.69686,0.70363,0.70093,0.00000,0.00000,2.00000,2.00000,-4.81527,-4.89962,0.00000,0.00000
0.6400,64,240,0,0,0.01050,0.01058,0.02750,0.02789,0.69701,0.69578,0.70261,0.70369,0.00000,0.00000,2.00000,2.00000,-4.81716,-4.88696,0.00000,0.00000
0.6500,65,240,0,0,0.01076,0.01078,0.02880,0.02890,0.69428,0.69676,0.70123,0.70290,0.00000,0.00000,2.00000,2.00000,-4.81861,-4.89900,0.00000,0.00000
0.6600,66,240,0,0,0.01013,0.01035,0.02566,0.02673,0.69975,0.69866,0.70113,0.70198,0.00000,0.00000,2.00000,2.00000,-4.81768,-4.89714,0.00000,0.00000
0.6700,67,240,0,0,0.01028,0.01050,0.02639,0.02752,0.69876,0.69848,0.70332,0.70269,0.00000,0.00000,2.00000,2.00000,-4.81209,-4.90178,0.00000,0.00000
0.6800,68,240,0,0,0.01040,0.01048,0.02700,0.02741,0.70358,0.69643,0.70012,0.70138,0.00000,0.00000,2.00000,2.00000,-4.80571,-4.89744,0.00000,0.00000
0.6900,69,240,0,0,0.01025,0.01046,0.02625,0.02728,0.70128,0.69714,0.70151,0.70138,0.00000,0.00000,2.00000,2.00000,-4.79090,-4.88241,0.00000,0.00000
0.7000,70,240,0,0,0.01025,0.01015,0.02625,0.02577,0.69935,0.69279,0.70256,0.70207,0.00000,0.00000,2.00000,2.00000,-4.77260,-4.86567,0.00000,0.00000
0.7100,71,240,0,0,0.01037,0.01009,0.02685,0.02546,0.70159,0.69456,0.70195,0.70029,0.00000,0.00000,2.00000,2.00000,-4.77655,-4.85431,0.00000,0.00000
0.7200,72,240,0,0,0.01062,0.01013,0.02810,0.02567,0.70044,0.69590,0.70000,0.70216,0.00000,0.00000,2.00000,2.00000,-4.77338,-4.84932,0.00000,0.00000
0.7300,73,240,0,0,0.01057,0.00999,0.02785,0.02497,0.70002,0.69595,0.70078,0.70066,0.00000,0.00000,2.00000,2.00000,-4.78713,-4.84757,0.00000,0.00000
0.7400,74,240,0,0,0.01077,0.00992,0.02884,0.02458,0.70153,0.69706,0.69978,0.70150,0.00000,0.00000,2.00000,2.00000,-4.79569,-4.85730,0.00000,0.00000
0.7500,75,240,0,0,0.01078,0.01006,0.02888,0.02529,0.70186,0.69770,0.69852,0.70216,0.00000,0.00000,2.00000,2.00000,-4.80010,-4.85142,0.00000,0.00000
0.7600,76,240,0,0,0.01056,0.01029,0.02781,0.02646,0.69946,0.70053,0.69811,0.69809,0.00000,0.00000,2.00000,2.00000,-4.81027,-4.86269,0.00000,0.00000
0.7700,77,240,0,0,0.01035,0.01041,0.02675,0.02706,0.70013,0.70086,0.70045,0.70242,0.00000,0.00000,2.00000,2.00000,-4.82077,-4.86129,0.00000,0.00000
0.7800,78,240,0,0,0.01003,0.01022,0.02517,0.02612,0.70291,0.69884,0.70008,0.70423,0.00000,0.00000,2.00000,2.00000,-4.83136,-4.87433,0.00000,0.00000
0.7900,79,240,0,0,0.01026,0.01032,0.02631,0.02661,0.70066,0.70047,0.70006,0.70506,0.00000,0.00000,2.00000,2.00000,-4.84319,-4.88106,0.00000,0.00000
0.8000,80,240,0,0,0.01048,0.00991,0.02740,0.02455,0.70066,0.70007,0.69987,0.70361,0.00000,0.00000,2.00000,2.00000,-4.84040,-4.88103,0.00000,0.00000
0.8100,81,240,0,0,0.01053,0.00987,0.02765,0.02434,0.69892,0.69946,0.69934,0.70092,0.00000,0.00000,2.00000,2.00000,-4.85773,-4.87934,0.00000,0.00000
0.8200,82,240,0,0,0.01022,0.01001,0.02609,0.02503,0.69824,0.69955,0.69707,0.70334,0.00000,0.00000,2.00000,2.00000,-4.87124,-4.88398,0.00000,0.00000
0.8300,83,240,0,0,0.01055,0.01029,0.02773,0.02643,0.69918,0.69923,0.69641,0.69994,0.00000,0.00000,2.00000,2.00000,-4.88698,-4.88447,0.00000,0.00000
0.8400,84,240,0,0,0.01051,0.01051,0.02755,0.02756,0.70348,0.70264,0.69878,0.69973,0.00000,0.00000,2.00000,2.00000,-4.89235,-4.86701,0.00000,0.00000
0.8500,85,240,0,0,0.01057,0.01042,0.02787,0.02712,0.70214,0.69921,0.69714,0.70017,0.00000,0.00000,2.00000,2.00000,-4.90891,-4.86890,0.00000,0.00000
0.8600,86,240,0,0,0.01053,0.00988,0.02766,0.02440,0.70059,0.70234,0.69985,0.69986,0.00000,0.00000,2.00000,2.00000,-4.91138,-4.87694,0.00000,0.00000
0.8700,87,240,0,0,0.01064,0.00975,0.02819,0.02373,0.70102,0.70200,0.70022,0.69895,0.00000,0.00000,2.00000,2.00000,-4.91884,-4.88898,0.00000,0.00000
0.8800,88,240,0,0,0.01085,0.01001,0.02926,0.02507,0.70116,0.70300,0.70056,0.69666,0.00000,0.00000,2.00000,2.00000,-4.92018,-4.88725,0.00000,0.00000
0.8900,89,240,0,0,0.01053,0.01003,0.02763,0.02516,0.70378,0.70225,0.70129,0.69493,0.00000,0.00000,2.00000,2.00000,-4.92578,-4.88641,0.00000,0.00000
0.9000,90,240,0,0,0.01045,0.00969,0.02724,0.02346,0.70201,0.70050,0.70389,0.69591,0.00000,0.00000,2.00000,2.00000,-4.92569,-4.88049,0.00000,0.00000
0.9100,91,240,0,0,0.01056,0.01012,0.02781,0.02559,0.70008,0.69934,0.70455,0.69795,0.00000,0.00000,2.00000,2.00000,-4.92580,-4.88740,0.00000,0.00000
0.9200,92,240,0,0,0.01040,0.00997,0.02702,0.02487,0.70077,0.70141,0.70372,0.69874,0.00000,0.00000,2.00000,2.00000,-4.93710,-4.89759,0.00000,0.00000
0.9300,93,240,0,0,0.01047,0.01015,0.02737,0.02573,0.69732,0.70134,0.70362,0.69987,0.00000,0.00000,2.00000,2.00000,-4.96051,-4.89469,0.00000,0.00000
0.9400,94,240,0,0,0.01052,0.01018,0.02761,0.02590,0.69861,0.70150,0.70226,0.69979,0.00000,0.00000,2.00000,2.00000,-4.96181,-4.89836,0.00000,0.00000
0.9500,95,240,0,0,0.01050,0.01024,0.02751,0.02621,0.69915,0.70100,0.69941,0.70084,0.00000,0.00000,2.00000,2.00000,-4.97233,-4.90931,0.00000,0.00000
0.9600,96,240,0,0,0.01053,0.01019,0.02767,0.02597,0.69963,0.69927,0.69724,0.69926,0.00000,0.00000,2.00000,2.00000,-4.98887,-4.91207,0.00000,0.00000
0.9700,97,240,0,0,0.01039,0.01020,0.02695,0.02600,0.69912,0.69845,0.69722,0.70107,0.00000,0.00000,2.00000,2.00000,-4.99864,-4.91682,0.00000,0.00000
0.9800,98,240,0,0,0.01067,0.00994,0.02837,0.02469,0.69683,0.69955,0.69691,0.70348,0.00000,0.00000,2.00000,2.00000,-5.00296,-4.91986,0.00000,0.00000
0.9900,99,240,0,0,0.01104,0.01006,0.03021,0.02530,0.69576,0.69816,0.69675,0.70346,0.00000,0.00000,2.00000,2.00000,-4.98859,-4.91747,0.00000,0.00000
1.0000,100,240,0,0,0.01090,0.01017,0.02950,0.02587,0.69623,0.69543,0.69862,0.70164,0.00000,0.00000,2.00000,2.00000,-4.98685,-4.92600,0.00000,0.00000
1.0100,101,240,0,0,0.01074,0.01016,0.02868,0.02578,0.69883,0.69591,0.69647,0.70080,0.00000,0.00000,2.00000,2.00000,-4.98335,-4.91383,0.00000,0.00000
1.0200,102,240,0,0,0.01042,0.00979,0.02710,0.02397,0.69995,0.69454,0.69593,0.70300,0.00000,0.00000,2.00000,2.00000,-4.98423,-4.90553,0.00000,0.00000
1.0300,103,240,0,0,0.01064,0.00998,0.02818,0.02490,0.69727,0.69468,0.69615,0.70325,0.00000,0.00000,2.00000,2.00000,-4.97063,-4.90084,0.00000,0.00000
1.0400,104,240,0,0,0.01007,0.01007,0.02533,0.02533,0.70079,0.69505,0.69452,0.70056,0.00000,0.00000,2.00000,2.00000,-4.96618,-4.89863,0.00000,0.00000
1.0500,105,240,0,0,0.01000,0.00999,0.02502,0.02493,0.69931,0.69692,0.69408,0.70114,0.00000,0.00000,2.00000,2.00000,-4.96795,-4.89882,0.00000,0.00000
1.0600,106,240,0,0,0.01029,0.01033,0.02646,0.02666,0.69873,0.69767,0.69455,0.69843,0.00000,0.00000,2.00000,2.00000,-4.97019,-4.89902,0.00000,0.00000
1.0700,107,240,0,0,0.01018,0.01004,0.02592,0.02521,0.69889,0.69783,0.69533,0.70072,0.00000,0.00000,2.00000,2.00000,-4.98178,-4.89296,0.00000,0.00000
1.0800,108,240,0,0,0.01060,0.00994,0.02799,0.02471,0.70101,0.69522,0.69516,0.70072,0.00000,0.00000,2.00000,2.00000,-4.98808,-4.89141,0.00000,0.00000
1.0900,109,240,0,0,0.01054,0.00995,0.02769,0.02473,0.69867,0.69852,0.69736,0.70255,0.00000,0.00000,2.00000,2.00000,-5.00988,-4.89262,0.00000,0.00000
1.1000,110,240,0,0,0.01018,0.00960,0.02588,0.02302,0.69673,0.70015,0.69574,0.70378,0.00000,0.00000,2.00000,2.00000,-4.99634,-4.89717,0.00000,0.00000
1.1100,111,240,0,0,0.01009,0.00971,0.02543,0.02356,0.70084,0.69993,0.69319,0.70154,0.00000,0.00000,2.00000,2.00000,-4.99723,-4.89630,0.00000,0.00000
1.1200,112,240,0,0,0.01043,0.00961,0.02713,0.02307,0.70025,0.69938,0.69643,0.70309,0.00000,0.00000,2.00000,2.00000,-4.99771,-4.89625,0.00000,0.00000
1.1300,113,240,0,0,0.01092,0.01004,0.02960,0.02522,0.69846,0.69812,0.69441,0.70503,0.00000,0.00000,2.00000,2.00000,-4.98564,-4.89233,0.00000,0.00000
1.1400,114,240,0,0,0.01093,0.01026,0.02967,0.02630,0.69692,0.69862,0.69834,0.70307,0.00000,0.00000,2.00000,2.00000,-4.98865,-4.88418,0.00000,0.00000
1.1500,115,240,0,0,0.01071,0.01055,0.02857,0.02774,0.69865,0.70104,0.69864,0.70090,0.00000,0.00000,2.00000,2.00000,-4.98100,-4.87653,0.00000,0.00000
1.1600,116,240,0,0,0.01076,0.01011,0.02881,0.02557,0.70137,0.69765,0.69699,0.70222,0.00000,0.00000,2.00000,2.00000,-4.97352,-4.87788,0.00000,0.00000
1.1700,117,240,0,0,0.01014,0.01033,0.02571,0.02664,0.70212,0.69930,0.69947,0.70079,0.00000,0.00000,2.00000,2.00000,-4.97019,-4.87028,0.00000,0.00000
1.1800,118,240,0,0,0.01041,0.01063,0.02707,0.02817,0.70011,0.69925,0.69814,0.69878,0.00000,0.00000,2.00000,2.00000,-4.96303,-4.86565,0.00000,0.00000
1.1900,119,240,0,0,0.01024,0.01050,0.02618,0.02748,0.69763,0.70283,0.69949,0.70039,0.00000,0.00000,2.00000,2.00000,-4.94998,-4.86858,0.00000,0.00000
1.2000,120,240,0,0,0.01008,0.01064,0.02541,0.02822,0.70209,0.70328,0.69703,0.69925,0.00000,0.00000,2.00000,2.00000,-4.95435,-4.88248,0.00000,0.00000
1.2100,121,240,0,0,0.01012,0.01051,0.02559,0.02756,0.69944,0.70416,0.70085,0.70082,0.00000,0.00000,2.00000,2.00000,-4.95370,-4.88587,0.00000,0.00000
1.2200,122,240,0,0,0.01026,0.00996,0.02632,0.02479,0.69872,0.70043,0.70137,0.70048,0.00000,0.00000,2.00000,2.00000,-4.95122,-4.88281,0.00000,0.00000
1.2300,123,240,0,0,0.01037,0.01012,0.02685,0.02560,0.69859,0.69879,0.70114,0.69936,0.00000,0.00000,2.00000,2.00000,-4.94545,-4.88149,0.00000,0.00000
1.2400,124,240,0,0,0.01019,0.01008,0.02594,0.02538,0.69617,0.69905,0.70176,0.69958,0.00000,0.00000,2.00000,2.00000,-4.94776,-4.87993,0.00000,0.00000
1.2500,125,240,0,0,0.01061,0.01021,0.02807,0.02607,0.69825,0.70028,0.70310,0.69775,0.00000,0.00000,2.00000,2.00000,-4.94733,-4.87345,0.00000,0.00000
1.2600,126,240,0,0,0.01046,0.00995,0.02728,0.02475,0.69924,0.70195,0.69979,0.69602,0.00000,0.00000,2.00000,2.00000,-4.94314,-4.86853,0.00000,0.00000
1.2700,127,240,0,0,0.01041,0.00995,0.02705,0.02475,0.69855,0.70330,0.69974,0.69695,0.00000,0.00000,2.00000,2.00000,-4.93050,-4.87279,0.00000,0.00000
1.2800,128,240,0,0,0.01033,0.00993,0.02666,0.02467,0.69906,0.70350,0.69874,0.69931,0.00000,0.00000,2.00000,2.00000,-4.93084,-4.87873,0.00000,0.00000
1.2900,129,240,0,0,0.01002,0.01018,0.02509,0.02588,0.69779,0.70404,0.69844,0.69817,0.00000,0.00000,2.00000,2.00000,-4.93110,-4.86635,0.00000,0.00000
1.3000,130,240,0,0,0.00996,0.01036,0.02478,0.02680,0.69922,0.70125,0.69857,0.69911,0.00000,0.00000,2.00000,2.00000,-4.92042,-4.88112,0.00000,0.00000
1.3100,131,240,0,0,0.01004,0.01035,0.02521,0.02673,0.70090,0.69776,0.69782,0.69929,0.00000,0.00000,2.00000,2.00000,-4.91640,-4.89098,0.00000,0.00000
1.3200,132,240,0,0,0.01051,0.01088,0.02756,0.02940,0.70091,0.69684,0.70005,0.70226,0.00000,0.00000,2.00000,2.00000,-4.91799,-4.88390,0.00000,0.00000
1.3300,133,240,0,0,0.01042,0.01054,0.02711,0.02768,0.70012,0.69636,0.70110,0.70260,0.00000,0.00000,2.00000,2.00000,-4.91483,-4.90032,0.00000,0.00000
1.3400,134,240,0,0,0.00966,0.01041,0.02329,0.02705,0.70060,0.69581,0.70020,0.70367,0.00000,0.00000,2.00000,2.00000,-4.91466,-4.90335,0.00000,0.00000
1.3500,135,240,0,0,0.01014,0.01047,0.02572,0.02733,0.70072,0.69736,0.70316,0.70116,0.00000,0.00000,2.00000,2.00000,-4.90419,-4.90041,0.00000,0.00000
1.3600,136,240,0,0,0.01061,0.01011,0.02805,0.02553,0.70024,0.69678,0.70175,0.70289,0.00000,0.00000,2.00000,2.00000,-4.89786,-4.90385,0.00000,0.00000
1.3700,137,240,0,0,0.01056,0.01026,0.02781,0.02631,0.69858,0.69859,0.69853,0.70107,0.00000,0.00000,2.00000,2.00000,-4.89477,-4.91561,0.00000,0.00000
1.3800,138,240,0,0,0.01024,0.01043,0.02621,0.02715,0.69779,0.70098,0.70083,0.70180,0.00000,0.00000,2.00000,2.00000,-4.89975,-4.91243,0.00000,0.00000
1.3900,139,240,0,0,0.01055,0.01046,0.02773,0.02729,0.69905,0.69933,0.70123,0.70136,0.00000,0.00000,2.00000,2.00000,-4.90433,-4.91515,0.00000,0.00000
1.4000,140,240,0,0,0.01027,0.01063,0.02635,0.02813,0.70248,0.69762,0.70130,0.70054,0.00000,0.00000,2.00000,2.00000,-4.90042,-4.90931,0.00000,0.00000
1.4100,141,240,0,0,0.01036,0.01049,0.02682,0.02747,0.70282,0.70139,0.70085,0.70007,0.00000,0.00000,2.00000,2.00000,-4.90453,-4.90190,0.00000,0.00000
1.4200,142,240,0,0,0.01035,0.01041,0.02677,0.02707,0.70252,0.70278,0.70304,0.70023,0.00000,0.00000,2.00000,2.00000,-4.90722,-4.91152,0.00000,0.00000
1.4300,143,240,0,0,0.01054,0.01052,0.02768,0.02758,0.70003,0.69997,0.69820,0.69889,0.00000,0.00000,2.00000,2.00000,-4.90567,-4.90883,0.00000,0.00000
1.4400,144,240,0,0,0.01073,0.01011,0.02866,0.02557,0.69811,0.70293,0.69513,0.69830,0.00000,0.00000,2.00000,2.00000,-4.90316,-4.90778,0.00000,0.00000
1.4500,145,240,0,0,0.01110,0.01000,0.03050,0.02502,0.69527,0.70349,0.69647,0.70206,0.00000,0.00000,2.00000,2.00000,-4.90800,-4.91065,0.00000,0.00000
1.4600,146,240,0,0,0.01111,0.01013,0.03056,0.02564,0.69689,0.70459,0.69759,0.69783,0.00000,0.00000,2.00000,2.00000,-4.90564,-4.89749,0.00000,0.00000
1.4700,147,240,0,0,0.01075,0.01008,0.02875,0.02542,0.69884,0.70190,0.69817,0.70088,0.00000,0.00000,2.00000,2.00000,-4.90446,-4.88877,0.00000,0.00000
1.4800,148,240,0,0,0.01062,0.01053,0.02812,0.02764,0.69967,0.70378,0.69686,0.69932,0.00000,0.00000,2.00000,2.00000,-4.91286,-4.88153,0.00000,0.00000
1.4900,149,240,0,0,0.01039,0.01059,0.02693,0.02795,0.70298,0.69889,0.69717,0.69837,0.00000,0.00000,2.00000,2.00000,-4.90406,-4.89188,0.00000,0.00000
1.5000,150,240,0,0,0.01055,0.01065,0.02775,0.02823,0.70224,0.69880,0.69967,0.69865,0.00000,0.00000,2.00000,2.00000,-4.90777,-4.90003,0.00000,0.00000
1.5100,151,240,0,0,0.01061,0.01052,0.02806,0.02759,0.70183,0.69860,0.69862,0.69991,0.00000,0.00000,2.00000,2.00000,-4.91352,-4.90363,0.00000,0.00000
1.5200,152,240,0,0,0.01054,0.01048,0.02769,0.02742,0.70178,0.70136,0.69989,0.70121,0.00000,0.00000,2.00000,2.00000,-4.90381,-4.90943,0.00000,0.00000
1.5300,153,240,0,0,0.01017,0.01052,0.02586,0.02761,0.70219,0.70356,0.69841,0.70258,0.00000,0.00000,2.00000,2.00000,-4.91172,-4.91818,0.00000,0.00000
1.5400,154,240,0,0,0.01056,0.01073,0.02782,0.02865,0.70198,0.70347,0.69962,0.70285,0.00000,0.00000,2.00000,2.00000,-4.92553,-4.93197,0.00000,0.00000
1.5500,155,240,0,0,0.01071,0.01061,0.02857,0.02805,0.70237,0.70615,0.69688,0.70107,0.00000,0.00000,2.00000,2.00000,-4.94275,-4.94079,0.00000,0.00000
1.5600,156,240,0,0,0.01078,0.01027,0.02890,0.02633,0.70207,0.70579,0.69819,0.70213,0.00000,0.00000,2.00000,2.00000,-4.93874,-4.95397,0.00000,0.00000
1.5700,157,240,0,0,0.01070,0.01063,0.02849,0.02815,0.70286,0.70540,0.69992,0.70036,0.00000,0.00000,2.00000,2.00000,-4.93864,-4.95115,0.00000,0.00000
1.5800,158,240,0,0,0.01095,0.01076,0.02977,0.02880,0.69945,0.70305,0.69938,0.70044,0.00000,0.00000,2.00000,2.00000,-4.93907,-4.94952,0.00000,0.00000
1.5900,159,240,0,0,0.01076,0.01046,0.02881,0.02728,0.69959,0.70064,0.69717,0.70135,0.00000,0.00000,2.00000,2.00000,-4.92819,-4.95000,0.00000,0.00000
1.6000,160,240,0,0,0.01090,0.01055,0.02950,0.02773,0.69773,0.70199,0.69677,0.69971,0.00000,0.00000,2.00000,2.00000,-4.93390,-4.94327,0.00000,0.00000
1.6100,161,240,0,0,0.01091,0.01074,0.02957,0.02869,0.69679,0.70291,0.69703,0.69750,0.00000,0.00000,2.00000,2.00000,-4.94163,-4.95126,0.00000,0.00000
1.6200,162,240,0,0,0.01072,0.01048,0.02860,0.02742,0.69921,0.70000,0.69676,0.69604,0.00000,0.00000,2.00000,2.00000,-4.94469,-4.95074,0.00000,0.00000
1.6300,163,240,0,0,0.01082,0.01040,0.02912,0.02699,0.69860,0.69826,0.69480,0.69493,0.00000,0.00000,2.00000,2.00000,-4.94192,-4.96034,0.00000,0.00000
1.6400,164,240,0,0,0.01053,0.01046,0.02765,0.02730,0.70189,0.69912,0.69572,0.69748,0.00000,0.00000,2.00000,2.00000,-4.95327,-4.97445,0.00000,0.00000
1.6500,165,240,0,0,0.01066,0.01047,0.02830,0.02733,0.69948,0.69814,0.69507,0.69625,0.00000,0.00000,2.00000,2.00000,-4.95659,-4.97715,0.00000,0.00000
1.6600,166,240,0,0,0.01060,0.01013,0.02802,0.02566,0.70023,0.69587,0.69545,0.69452,0.00000,0.00000,2.00000,2.00000,-4.96198,-4.98410,0.00000,0.00000
1.6700,167,240,0,0,0.01077,0.00999,0.02887,0.02495,0.70288,0.69418,0.69639,0.69564,0.00000,0.00000,2.00000,2.00000,-4.96955,-4.98303,0.00000,0.00000
1.6800,168,240,0,0,0.01088,0.00989,0.02941,0.02443,0.70034,0.69619,0.69686,0.70042,0.00000,0.00000,2.00000,2.00000,-4.97530,-4.97779,0.00000,0.00000
1.6900,169,240,0,0,0.01084,0.01017,0.02921,0.02586,0.70019,0.69791,0.69506,0.69890,0.00000,0.00000,2.00000,2.00000,-4.97115,-4.98261,0.00000,0.00000
1.7000,170,240,0,0,0.01102,0.01007,0.03010,0.02533,0.69876,0.69854,0.69532,0.70082,0.00000,0.00000,2.00000,2.00000,-4.95854,-4.99254,0.00000,0.00000
1.7100,171,240,0,0,0.01070,0.01052,0.02849,0.02761,0.69853,0.69588,0.69677,0.69759,0.00000,0.00000,2.00000,2.00000,-4.94829,-5.01015,0.00000,0.00000
1.7200,172,240,0,0,0.01055,0.01003,0.02775,0.02515,0.70001,0.69467,0.69864,0.69626,0.00000,0.00000,2.00000,2.00000,-4.94834,-5.03396,0.00000,0.00000
1.7300,173,240,0,0,0.01079,0.01074,0.02896,0.02869,0.70201,0.69753,0.70031,0.70119,0.00000,0.00000,2.00000,2.00000,-4.94342,-5.05914,0.00000,0.00000
1.7400,174,240,0,0,0.01026,0.01058,0.02629,0.02790,0.70097,0.69692,0.70027,0.69744,0.00000,0.00000,2.00000,2.00000,-4.92719,-5.06782,0.00000,0.00000
1.7500,175,240,0,0,0.01038,0.01067,0.02688,0.02835,0.69992,0.69878,0.69466,0.69863,0.00000,0.00000,2.00000,2.00000,-4.92297,-5.08077,0.00000,0.00000
1.7600,176,240,0,0,0.01031,0.01059,0.02655,0.02796,0.70173,0.70064,0.69465,0.69847,0.00000,0.00000,2.00000,2.00000,-4.92412,-5.10248,0.00000,0.00000
1.7700,177,240,0,0,0.01041,0.01066,0.02704,0.02830,0.69759,0.69777,0.69758,0.69982,0.00000,0.00000,2.00000,2.00000,-4.92286,-5.11608,0.00000,0.00000
1.7800,178,240,0,0,0.01021,0.01053,0.02605,0.02763,0.70104,0.70058,0.69766,0.70249,0.00000,0.00000,2.00000,2.00000,-4.90170,-5.12983,0.00000,0.00000
1.7900,179,240,0,0,0.01055,0.01044,0.02774,0.02722,0.70040,0.70165,0.69774,0.70045,0.00000,0.00000,2.00000,2.00000,-4.89043,-5.12841,0.00000,0.00000
1.8000,180,240,0,0,0.01042,0.01035,0.02709,0.02676,0.70033,0.69999,0.69753,0.69777,0.00000,0.00000,2.00000,2.00000,-4.88948,-5.13042,0.00000,0.00000
1.8100,181,240,0,0,0.01080,0.01044,0.02898,0.02719,0.70105,0.70048,0.69667,0.69869,0.00000,0.00000,2.00000,2.00000,-4.87608,-5.11887,0.00000,0.00000
1.8200,182,240,0,0,0.01073,0.01034,0.02867,0.02672,0.70012,0.69979,0.69811,0.69811,0.00000,0.00000,2.00000,2.00000,-4.88022,-5.10837,0.00000,0.00000
1.8300,183,240,0,0,0.01071,0.01028,0.02854,0.02641,0.69922,0.70136,0.70065,0.69864,0.00000,0.00000,2.00000,2.00000,-4.87354,-5.10584,0.00000,0.00000
1.8400,184,240,0,0,0.01017,0.01029,0.02584,0.02646,0.70060,0.69968,0.70018,0.69892,0.00000,0.00000,2.00000,2.00000,-4.86320,-5.11175,0.00000,0.00000
1.8500,185,240,0,0,0.01052,0.00995,0.02762,0.02477,0.69896,0.70016,0.70132,0.69975,0.00000,0.00000,2.00000,2.00000,-4.86523,-5.11734,0.00000,0.00000
1.8600,186,240,0,0,0.01041,0.01036,0.02706,0.02678,0.70145,0.69822,0.70458,0.70054,0.00000,0.00000,2.00000,2.00000,-4.86314,-5.12134,0.00000,0.00000
1.8700,187,240,0,0,0.01025,0.01057,0.02624,0.02784,0.70532,0.70160,0.70434,0.69947,0.00000,0.00000,2.00000,2.00000,-4.85897,-5.11259,0.00000,0.00000
1.8800,188,240,0,0,0.00985,0.01056,0.02423,0.02780,0.70361,0.70072,0.70237,0.70247,0.00000,0.00000,2.00000,2.00000,-4.84284,-5.10252,0.00000,0.00000
1.8900,189,240,0,0,0.00963,0.01048,0.02313,0.02741,0.70008,0.70121,0.70094,0.70492,0.00000,0.00000,2.00000,2.00000,-4.82656,-5.09338,0.00000,0.00000
1.9000,190,240,0,0,0.01007,0.01045,0.02537,0.02723,0.70273,0.70277,0.69865,0.70447,0.00000,0.00000,2.00000,2.00000,-4.81674,-5.08954,0.00000,0.00000
1.9100,191,240,0,0,0.01038,0.01016,0.02689,0.02581,0.70079,0.70337,0.69756,0.70492,0.00000,0.00000,2.00000,2.00000,-4.80978,-5.07919,0.00000,0.00000
1.9200,192,240,0,0,0.01037,0.01008,0.02687,0.02538,0.69769,0.70095,0.69971,0.70538,0.00000,0.00000,2.00000,2.00000,-4.80763,-5.08053,0.00000,0.00000
1.9300,193,240,0,0,0.01066,0.01034,0.02828,0.02669,0.69935,0.69955,0.70354,0.70255,0.00000,0.00000,2.00000,2.00000,-4.81040,-5.08160,0.00000,0.00000
1.9400,194,240,0,0,0.01036,0.01040,0.02680,0.02701,0.69985,0.70098,0.70237,0.70416,0.00000,0.00000,2.00000,2.00000,-4.82336,-5.07453,0.00000,0.00000
1.9500,195,240,0,0,0.01028,0.01042,0.02638,0.02712,0.69902,0.70179,0.70237,0.70294,0.00000,0.00000,2.00000,2.00000,-4.83502,-5.07974,0.00000,0.00000
1.9600,196,240,0,0,0.01000,0.01032,0.02498,0.02661,0.70049,0.70042,0.70008,0.70310,0.00000,0.00000,2.00000,2.00000,-4.83892,-5.06969,0.00000,0.00000
1.9700,197,240,0,0,0.01013,0.01012,0.02567,0.02562,0.70312,0.69993,0.69851,0.70337,0.00000,0.00000,2.00000,2.00000,-4.84631,-5.07564,0.00000,0.00000
1.9800,198,240,0,0,0.01037,0.01051,0.02684,0.02755,0.70285,0.70161,0.70028,0.70066,0.00000,0.00000,2.00000,2.00000,-4.84720,-5.08508,0.00000,0.00000
1.9900,199,240,0,0,0.01051,0.01066,0.02756,0.02829,0.70026,0.70006,0.69857,0.70000,0.00000,0.00000,2.00000,2.00000,-4.85531,-5.09163,0.00000,0.00000
2.0000,200,240,0,0,0.01041,0.01086,0.02707,0.02928,0.69824,0.70236,0.69850,0.70009,0.00000,0.00000,2.00000,2.00000,-4.85485,-5.09242,0.00000,0.00000
2.0100,201,240,0,0,0.01057,0.01092,0.02787,0.02960,0.69678,0.70151,0.70050,0.69821,0.00000,0.00000,2.00000,2.00000,-4.87327,-5.10154,0.00000,0.00000
2.0200,202,240,0,0,0.01066,0.01069,0.02828,0.02846,0.70088,0.70090,0.70290,0.69961,0.00000,0.00000,2.00000,2.00000,-4.88150,-5.09696,0.00000,0.00000
2.0300,203,240,0,0,0.01042,0.01048,0.02709,0.02740,0.70197,0.70259,0.70225,0.69767,0.00000,0.00000,2.00000,2.00000,-4.87808,-5.10026,0.00000,0.00000
2.0400,204,240,0,0,0.01037,0.01050,0.02687,0.02748,0.70233,0.70517,0.70206,0.70111,0.00000,0.00000,2.00000,2.00000,-4.87710,-5.09448,0.00000,0.00000
2.0500,205,240,0,0,0.01039,0.01073,0.02697,0.02864,0.70088,0.70298,0.70131,0.70134,0.00000,0.00000,2.00000,2.00000,-4.87146,-5.08789,0.00000,0.00000
2.0600,206,240,0,0,0.01025,0.01071,0.02623,0.02856,0.70235,0.70473,0.70033,0.69969,0.00000,0.00000,2.00000,2.00000,-4.88772,-5.08458,0.00000,0.00000
2.0700,207,240,0,0,0.00988,0.01049,0.02439,0.02746,0.70290,0.70263,0.70141,0.69856,0.00000,0.00000,2.00000,2.00000,-4.90272,-5.07364,0.00000,0.00000
2.0800,208,240,0,0,0.01006,0.01054,0.02530,0.02769,0.70432,0.69876,0.70221,0.70145,0.00000,0.00000,2.00000,2.00000,-4.91237,-5.06075,0.00000,0.00000
2.0900,209,240,0,0,0.01015,0.01024,0.02577,0.02619,0.70440,0.69779,0.70021,0.70285,0.00000,0.00000,2.00000,2.00000,-4.91774,-5.07644,0.00000,0.00000
2.1000,210,240,0,0,0.01005,0.01049,0.02525,0.02746,0.70397,0.69895,0.69982,0.69986,0.00000,0.00000,2.00000,2.00000,-4.93320,-5.08499,0.00000,0.00000
2.1100,211,240,0,0,0.01022,0.01054,0.02608,0.02769,0.70195,0.69702,0.69995,0.70269,0.00000,0.00000,2.00000,2.00000,-4.94106,-5.09181,0.00000,0.00000
2.1200,212,240,0,0,0.01041,0.01049,0.02705,0.02747,0.70214,0.69842,0.70183,0.70182,0.00000,0.00000,2.00000,2.00000,-4.94121,-5.09240,0.00000,0.00000
2.1300,213,240,0,0,0.01043,0.01019,0.02717,0.02596,0.69907,0.69954,0.69995,0.70129,0.00000,0.00000,2.00000,2.00000,-4.93779,-5.08216,0.00000,0.00000
2.1400,214,240,0,0,0.01049,0.01042,0.02743,0.02712,0.69969,0.70241,0.70092,0.70074,0.00000,0.00000,2.00000,2.00000,-4.93583,-5.08096,0.00000,0.00000
2.1500,215,240,0,0,0.01040,0.01046,0.02701,0.02732,0.70121,0.70305,0.70348,0.69706,0.00000,0.00000,2.00000,2.00000,-4.93505,-5.08261,0.00000,0.00000
2.1600,216,240,0,0,0.01014,0.01036,0.02572,0.02680,0.69953,0.70241,0.70134,0.70088,0.00000,0.00000,2.00000,2.00000,-4.93790,-5.08771,0.00000,0.00000
2.1700,217,240,0,0,0.01040,0.01058,0.02700,0.02788,0.69706,0.69820,0.70152,0.70038,0.00000,0.00000,2.00000,2.00000,-4.93779,-5.08623,0.00000,0.00000
2.1800,218,240,0,0,0.01014,0.01053,0.02571,0.02766,0.70063,0.69655,0.70011,0.70071,0.00000,0.00000,2.00000,2.00000,-4.94758,-5.07258,0.00000,0.00000
2.1900,219,240,0,0,0.01037,0.01054,0.02687,0.02770,0.69957,0.69795,0.70167,0.70000,0.00000,0.00000,2.00000,2.00000,-4.95229,-5.07289,0.00000,0.00000
2.2000,220,240,0,0,0.01021,0.01052,0.02607,0.02761,0.70098,0.69819,0.70027,0.69754,0.00000,0.00000,2.00000,2.00000,-4.95172,-5.06575,0.00000,0.00000
2.2100,221,240,0,0,0.00998,0.01011,0.02491,0.02554,0.70278,0.69844,0.70014,0.69473,0.00000,0.00000,2.00000,2.00000,-4.94180,-5.05510,0.00000,0.00000
2.2200,222,240,0,0,0.01051,0.01041,0.02757,0.02705,0.70108,0.69892,0.70049,0.69424,0.00000,0.00000,2.00000,2.00000,-4.92210,-5.03960,0.00000,0.00000
2.2300,223,240,0,0,0.01044,0.01001,0.02722,0.02504,0.70133,0.69909,0.69847,0.69705,0.00000,0.00000,2.00000,2.00000,-4.91515,-5.02679,0.00000,0.00000
2.2400,224,240,0,0,0.01020,0.01016,0.02598,0.02582,0.69937,0.69976,0.69866,0.69646,0.00000,0.00000,2.00000,2.00000,-4.92145,-5.02333,0.00000,0.00000
2.2500,225,240,0,0,0.00984,0.01068,0.02418,0.02840,0.70075,0.69936,0.70044,0.69774,0.00000,0.00000,2.00000,2.00000,-4.91321,-5.00605,0.00000,0.00000
2.2600,226,240,0,0,0.00989,0.01051,0.02446,0.02754,0.70120,0.69855,0.69869,0.69722,0.00000,0.00000,2.00000,2.00000,-4.91243,-5.00934,0.00000,0.00000
2.2700,227,240,0,0,0.01024,0.01051,0.02622,0.02754,0.70096,0.70049,0.70281,0.69913,0.00000,0.00000,2.00000,2.00000,-4.89745,-5.01414,0.00000,0.00000
2.2800,228,240,0,0,0.01043,0.01073,0.02716,0.02863,0.70105,0.70273,0.70357,0.69771,0.00000,0.00000,2.00000,2.00000,-4.88794,-5.00744,0.00000,0.00000
2.2900,229,240,0,0,0.01036,0.01053,0.02679,0.02765,0.70272,0.70111,0.70290,0.69587,0.00000,0.00000,2.00000,2.00000,-4.87752,-4.99989,0.00000,0.00000
2.3000,230,240,0,0,0.01027,0.01033,0.02637,0.02663,0.70489,0.70204,0.70467,0.69489,0.00000,0.00000,2.00000,2.00000,-4.87084,-4.99376,0.00000,0.00000
2.3100,231,240,0,0,0.01018,0.01004,0.02588,0.02518,0.70483,0.69929,0.70450,0.69669,0.00000,0.00000,2.00000,2.00000,-4.86605,-5.00642,0.00000,0.00000
2.3200,232,240,0,0,0.01029,0.01023,0.02647,0.02614,0.70340,0.70048,0.70472,0.69972,0.00000,0.00000,2.00000,2.00000,-4.88162,-4.99875,0.00000,0.00000
2.3300,233,240,0,0,0.01022,0.01035,0.02610,0.02673,0.70579,0.69714,0.70750,0.69948,0.00000,0.00000,2.00000,2.00000,-4.89776,-4.99069,0.00000,0.00000
2.3400,234,240,0,0,0.01010,0.01050,0.02549,0.02751,0.70430,0.69773,0.70182,0.70143,0.00000,0.00000,2.00000,2.00000,-4.90214,-5.00117,0.00000,0.00000
2.3500,235,240,0,0,0.00987,0.01019,0.02434,0.02593,0.70163,0.69543,0.70053,0.69990,0.00000,0.00000,2.00000,2.00000,-4.91636,-5.00993,0.00000,0.00000
2.3600,236,240,0,0,0.01043,0.01046,0.02713,0.02729,0.70069,0.69595,0.70192,0.70284,0.00000,0.00000,2.00000,2.00000,-4.91041,-5.01403,0.00000,0.00000
2.3700,237,240,0,0,0.01005,0.01078,0.02524,0.02891,0.70004,0.69700,0.69804,0.70254,0.00000,0.00000,2.00000,2.00000,-4.92611,-5.01813,0.00000,0.00000
2.3800,238,240,0,0,0.01023,0.01082,0.02616,0.02911,0.69815,0.69810,0.69996,0.70121,0.00000,0.00000,2.00000,2.00000,-4.92220,-5.02934,0.00000,0.00000
2.3900,239,240,0,0,0.01044,0.01107,0.02720,0.03034,0.69533,0.69970,0.69987,0.70164,0.00000,0.00000,2.00000,2.00000,-4.92692,-5.03849,0.00000,0.00000
2.4000,240,240,0,0,0.01055,0.01068,0.02773,0.02838,0.69685,0.70105,0.69903,0.69836,0.00000,0.00000,2.00000,2.00000,-4.91840,-5.05003,0.00000,0.00000
2.4100,241,240,0,0,0.01071,0.01037,0.02854,0.02685,0.69785,0.70011,0.70128,0.69723,0.00000,0.00000,2.00000,2.00000,-4.92027,-5.04036,0.00000,0.00000
2.4200,242,240,0,0,0.01078,0.01050,0.02892,0.02749,0.69715,0.69777,0.70174,0.69558,0.00000,0.00000,2.00000,2.00000,-4.92706,-5.02848,0.00000,0.00000
2.4300,243,240,0,0,0.01061,0.01016,0.02805,0.02580,0.69615,0.70252,0.70215,0.69859,0.00000,0.00000,2.00000,2.00000,-4.92836,-5.01975,0.00000,0.00000
2.4400,244,240,0,0,0.01072,0.01030,0.02862,0.02650,0.69614,0.70157,0.70007,0.70041,0.00000,0.00000,2.00000,2.00000,-4.91697,-5.00265,0.00000,0.00000
2.4500,245,240,0,0,0.01065,0.01040,0.02827,0.02700,0.69546,0.69925,0.69814,0.69957,0.00000,0.00000,2.00000,2.00000,-4.91472,-4.98434,0.00000,0.00000
2.4600,246,240,0,0,0.01054,0.01057,0.02768,0.02784,0.69509,0.69946,0.69782,0.70079,0.00000,0.00000,2.00000,2.00000,-4.91265,-4.97291,0.00000,0.00000
2.4700,247,240,0,0,0.01006,0.01096,0.02530,0.02980,0.69570,0.70038,0.70230,0.70034,0.00000,0.00000,2.00000,2.00000,-4.92019,-4.96535,0.00000,0.00000
2.4800,248,240,0,0,0.00980,0.01061,0.02399,0.02804,0.69516,0.69944,0.70168,0.70034,0.00000,0.00000,2.00000,2.00000,-4.91932,-4.97095,0.00000,0.00000
2.4900,249,240,0,0,0.00973,0.01092,0.02364,0.02961,0.69773,0.69798,0.70213,0.70291,0.00000,0.00000,2.00000,2.00000,-4.91312,-4.95679,0.00000,0.00000
2.5000,250,240,0,0,0.01004,0.01044,0.02521,0.02719,0.69593,0.69784,0.70263,0.70123,0.00000,0.00000,2.00000,2.00000,-4.90868,-4.93761,0.00000,0.00000
2.5100,251,240,0,0,0.01042,0.01039,0.02710,0.02695,0.69481,0.69921,0.70161,0.69890,0.00000,0.00000,2.00000,2.00000,-4.89934,-4.92770,0.00000,0.00000
2.5200,252,240,0,0,0.01063,0.01031,0.02814,0.02654,0.69283,0.69986,0.70472,0.69746,0.00000,0.00000,2.00000,2.00000,-4.89641,-4.90707,0.00000,0.00000
2.5300,253,240,0,0,0.01057,0.01074,0.02787,0.02871,0.69478,0.69913,0.70326,0.70140,0.00000,0.00000,2.00000,2.00000,-4.90537,-4.87955,0.00000,0.00000
2.5400,254,240,0,0,0.01044,0.01062,0.02722,0.02812,0.69853,0.69773,0.70164,0.69862,0.00000,0.00000,2.00000,2.00000,-4.92673,-4.85978,0.00000,0.00000
2.5500,255,240,0,0,0.01042,0.01066,0.02711,0.02832,0.70231,0.69776,0.69972,0.69729,0.00000,0.00000,2.00000,2.00000,-4.94308,-4.84225,0.00000,0.00000
2.5600,256,240,0,0,0.01040,0.01052,0.02699,0.02762,0.70074,0.69902,0.70121,0.69783,0.00000,0.00000,2.00000,2.00000,-4.95710,-4.83006,0.00000,0.00000
2.5700,257,240,0,0,0.01034,0.01020,0.02669,0.02598,0.70148,0.69961,0.70166,0.69946,0.00000,0.00000,2.00000,2.00000,-4.97649,-4.82296,0.00000,0.00000
2.5800,258,240,0,0,0.01013,0.01011,0.02567,0.02557,0.70125,0.70017,0.70067,0.69589,0.00000,0.00000,2.00000,2.00000,-4.97574,-4.83274,0.00000,0.00000
2.5900,259,240,0,0,0.01009,0.01045,0.02543,0.02725,0.70106,0.70078,0.70265,0.69734,0.00000,0.00000,2.00000,2.00000,-4.98048,-4.83763,0.00000,0.00000
2.6000,260,240,0,0,0.01021,0.01054,0.02606,0.02771,0.69905,0.69849,0.70451,0.69699,0.00000,0.00000,2.00000,2.00000,-4.96671,-4.85644,0.00000,0.00000
2.6100,261,240,0,0,0.01039,0.01092,0.02695,0.02961,0.69719,0.69992,0.70302,0.69544,0.00000,0.00000,2.00000,2.00000,-4.95468,-4.87638,0.00000,0.00000
2.6200,262,240,0,0,0.01062,0.01089,0.02809,0.02947,0.69904,0.70014,0.70136,0.69631,0.00000,0.00000,2.00000,2.00000,-4.93649,-4.87297,0.00000,0.00000
2.6300,263,240,0,0,0.01050,0.01047,0.02749,0.02736,0.69734,0.69828,0.70060,0.69745,0.00000,0.00000,2.00000,2.00000,-4.92309,-4.88311,0.00000,0.00000
2.6400,264,240,0,0,0.01032,0.01004,0.02660,0.02518,0.69903,0.69666,0.70210,0.69592,0.00000,0.00000,2.00000,2.00000,-4.91315,-4.88541,0.00000,0.00000
2.6500,265,240,0,0,0.01020,0.01041,0.02601,0.02703,0.69717,0.69795,0.70131,0.69567,0.00000,0.00000,2.00000,2.00000,-4.90315,-4.87983,0.00000,0.00000
2.6600,266,240,0,0,0.01037,0.01047,0.02685,0.02736,0.69576,0.70051,0.70281,0.69701,0.00000,0.00000,2.00000,2.00000,-4.90448,-4.88684,0.00000,0.00000
2.6700,267,240,0,0,0.01025,0.01022,0.02627,0.02609,0.69506,0.70028,0.70065,0.69864,0.00000,0.00000,2.00000,2.00000,-4.88786,-4.89057,0.00000,0.00000
2.6800,268,240,0,0,0.01012,0.01042,0.02561,0.02710,0.69735,0.69787,0.70240,0.69537,0.00000,0.00000,2.00000,2.00000,-4.88726,-4.87820,0.00000,0.00000
2.6900,269,240,0,0,0.01028,0.01013,0.02638,0.02563,0.69716,0.69874,0.69794,0.69565,0.00000,0.00000,2.00000,2.00000,-4.89192,-4.86706,0.00000,0.00000
2.7000,270,240,0,0,0.01060,0.01013,0.02800,0.02565,0.69822,0.69899,0.69698,0.69379,0.00000,0.00000,2.00000,2.00000,-4.89454,-4.87259,0.00000,0.00000
2.7100,271,240,0,0,0.01085,0.01025,0.02926,0.02627,0.69878,0.69919,0.69895,0.69347,0.00000,0.00000,2.00000,2.00000,-4.89952,-4.88196,0.00000,0.00000
2.7200,272,240,0,0,0.01072,0.01054,0.02859,0.02769,0.69768,0.70037,0.70032,0.69813,0.00000,0.00000,2.00000,2.00000,-4.89303,-4.89367,0.00000,0.00000
2.7300,273,240,0,0,0.01070,0.01035,0.02850,0.02673,0.70003,0.69766,0.69957,0.69574,0.00000,0.00000,2.00000,2.00000,-4.88247,-4.90482,0.00000,0.00000
2.7400,274,240,0,0,0.01042,0.01035,0.02708,0.02673,0.69727,0.69817,0.69911,0.69707,0.00000,0.00000,2.00000,2.00000,-4.88041,-4.91072,0.00000,0.00000
2.7500,275,240,0,0,0.01007,0.01058,0.02536,0.02789,0.69896,0.70049,0.69727,0.69582,0.00000,0.00000,2.00000,2.00000,-4.88104,-4.92597,0.00000,0.00000
2.7600,276,240,0,0,0.01056,0.01047,0.02779,0.02735,0.70084,0.69944,0.69725,0.69784,0.00000,0.00000,2.00000,2.00000,-4.87555,-4.94311,0.00000,0.00000
2.7700,277,240,0,0,0.01060,0.01049,0.02801,0.02747,0.70122,0.69860,0.69960,0.69897,0.00000,0.00000,2.00000,2.00000,-4.88796,-4.93953,0.00000,0.00000
2.7800,278,240,0,0,0.01035,0.01010,0.02675,0.02552,0.70101,0.69971,0.69865,0.69839,0.00000,0.00000,2.00000,2.00000,-4.87300,-4.94794,0.00000,0.00000
2.7900,279,240,0,0,0.01034,0.01023,0.02670,0.02615,0.70137,0.70042,0.69791,0.69867,0.00000,0.00000,2.00000,2.00000,-4.86382,-4.94417,0.00000,0.00000
2.8000,280,240,0,0,0.01013,0.01020,0.02566,0.02598,0.70091,0.70154,0.69842,0.69926,0.00000,0.00000,2.00000,2.00000,-4.85475,-4.92898,0.00000,0.00000
2.8100,281,240,0,0,0.01012,0.01042,0.02562,0.02712,0.70055,0.70231,0.69941,0.69982,0.00000,0.00000,2.00000,2.00000,-4.84978,-4.92782,0.00000,0.00000
2.8200,282,240,0,0,0.01024,0.01075,0.02619,0.02873,0.69808,0.69979,0.70052,0.70195,0.00000,0.00000,2.00000,2.00000,-4.85163,-4.92053,0.00000,0.00000
2.8300,283,240,0,0,0.01017,0.01072,0.02587,0.02861,0.69794,0.69774,0.70197,0.70163,0.00000,0.00000,2.00000,2.00000,-4.86599,-4.92052,0.00000,0.00000
2.8400,284,240,0,0,0.01031,0.01065,0.02656,0.02826,0.69705,0.69881,0.70021,0.69834,0.00000,0.00000,2.00000,2.00000,-4.86909,-4.91583,0.00000,0.00000
2.8500,285,240,0,0,0.01040,0.01021,0.02699,0.02603,0.69796,0.69824,0.69772,0.69798,0.00000,0.00000,2.00000,2.00000,-4.87071,-4.90930,0.00000,0.00000
2.8600,286,240,0,0,0.01073,0.01014,0.02867,0.02570,0.70020,0.69824,0.69906,0.69590,0.00000,0.00000,2.00000,2.00000,-4.87093,-4.89574,0.00000,0.00000
2.8700,287,240,0,0,0.01025,0.01018,0.02624,0.02591,0.70024,0.69769,0.70210,0.69637,0.00000,0.00000,2.00000,2.00000,-4.87380,-4.88967,0.00000,0.00000
2.8800,288,240,0,0,0.01016,0.01004,0.02579,0.02521,0.70032,0.70006,0.70131,0.69888,0.00000,0.00000,2.00000,2.00000,-4.87503,-4.89167,0.00000,0.00000
2.8900,289,240,0,0,0.00993,0.01007,0.02464,0.02536,0.70192,0.70210,0.69833,0.70113,0.00000,0.00000,2.00000,2.00000,-4.89275,-4.88747,0.00000,0.00000
2.9000,290,240,0,0,0.00998,0.01014,0.02489,0.02572,0.70375,0.69882,0.69795,0.70123,0.00000,0.00000,2.00000,2.00000,-4.90086,-4.88368,0.00000,0.00000
2.9100,291,240,0,0,0.01021,0.01073,0.02605,0.02865,0.70283,0.69593,0.69824,0.70203,0.00000,0.00000,2.00000,2.00000,-4.91032,-4.85945,0.00000,0.00000
2.9200,292,240,0,0,0.01060,0.01073,0.02798,0.02866,0.69878,0.69867,0.69775,0.70140,0.00000,0.00000,2.00000,2.00000,-4.91266,-4.85294,0.00000,0.00000
2.9300,293,240,0,0,0.01051,0.01088,0.02757,0.02942,0.70041,0.69934,0.70065,0.70357,0.00000,0.00000,2.00000,2.00000,-4.91706,-4.85701,0.00000,0.00000
2.9400,294,240,0,0,0.01073,0.01041,0.02863,0.02706,0.70079,0.70267,0.69925,0.70518,0.00000,0.00000,2.00000,2.00000,-4.90769,-4.86236,0.00000,0.00000
2.9500,295,240,0,0,0.01060,0.01056,0.02801,0.02778,0.69949,0.70049,0.70084,0.70627,0.00000,0.00000,2.00000,2.00000,-4.89767,-4.86973,0.00000,0.00000
2.9600,296,240,0,0,0.01026,0.01058,0.02631,0.02790,0.70084,0.70008,0.70278,0.70404,0.00000,0.00000,2.00000,2.00000,-4.89198,-4.86066,0.00000,0.00000
2.9700,297,240,0,0,0.01045,0.01070,0.02727,0.02852,0.70044,0.70124,0.70046,0.70217,0.00000,0.00000,2.00000,2.00000,-4.90072,-4.86352,0.00000,0.00000
2.9800,298,240,0,0,0.01046,0.01056,0.02731,0.02778,0.70056,0.69873,0.69778,0.70318,0.00000,0.00000,2.00000,2.00000,-4.90238,-4.86823,0.00000,0.00000
2.9900,299,240,0,0,0.01014,0.01049,0.02571,0.02744,0.69961,0.70033,0.69615,0.70248,0.00000,0.00000,2.00000,2.00000,-4.89408,-4.88364,0.00000,0.00000
3.0000,300,240,0,0,0.01043,0.01078,0.02717,0.02892,0.69709,0.69918,0.69774,0.70197,0.00000,0.00000,2.00000,2.00000,-4.89530,-4.89264,0.00000,0.00000
3.0100,301,240,0,0,0.01085,0.01040,0.02923,0.02702,0.69712,0.69695,0.70088,0.70080,0.00000,0.00000,2.00000,2.00000,-4.90799,-4.88626,0.00000,0.00000
3.0200,302,240,0,0,0.01079,0.01015,0.02895,0.02575,0.69504,0.69399,0.70107,0.70048,0.00000,0.00000,2.00000,2.00000,-4.91970,-4.89876,0.00000,0.00000
3.0300,303,240,0,0,0.01109,0.01016,0.03045,0.02579,0.69655,0.69552,0.70323,0.70146,0.00000,0.00000,2.00000,2.00000,-4.90717,-4.88679,0.00000,0.00000
3.0400,304,240,0,0,0.01060,0.01009,0.02800,0.02546,0.69648,0.69718,0.70034,0.70426,0.00000,0.00000,2.00000,2.00000,-4.90850,-4.87986,0.00000,0.00000
3.0500,305,240,0,0,0.01045,0.00997,0.02727,0.02487,0.69666,0.69819,0.69990,0.70428,0.00000,0.00000,2.00000,2.00000,-4.92686,-4.87024,0.00000,0.00000
3.0600,306,240,0,0,0.01040,0.01002,0.02698,0.02509,0.69566,0.69847,0.70128,0.70360,0.00000,0.00000,2.00000,2.00000,-4.92977,-4.85942,0.00000,0.00000
3.0700,307,240,0,0,0.01032,0.01056,0.02661,0.02779,0.69720,0.69955,0.70118,0.70329,0.00000,0.00000,2.00000,2.00000,-4.93115,-4.85615,0.00000,0.00000
3.0800,308,240,0,0,0.01046,0.01075,0.02729,0.02873,0.69801,0.70241,0.70148,0.70135,0.00000,0.00000,2.00000,2.00000,-4.94762,-4.84339,0.00000,0.00000
3.0900,309,240,0,0,0.01042,0.01065,0.02710,0.02823,0.69686,0.70398,0.70088,0.69968,0.00000,0.00000,2.00000,2.00000,-4.94869,-4.85865,0.00000,0.00000
3.1000,310,240,0,0,0.01051,0.01092,0.02754,0.02962,0.69849,0.70279,0.69948,0.70217,0.00000,0.00000,2.00000,2.00000,-4.95411,-4.87577,0.00000,0.00000
3.1100,311,240,0,0,0.01041,0.01054,0.02705,0.02772,0.69942,0.70455,0.69928,0.70459,0.00000,0.00000,2.00000,2.00000,-4.96129,-4.89000,0.00000,0.00000
3.1200,312,240,0,0,0.01040,0.01013,0.02699,0.02563,0.69955,0.70417,0.70245,0.70382,0.00000,0.00000,2.00000,2.00000,-4.96516,-4.89864,0.00000,0.00000
3.1300,313,240,0,0,0.01046,0.01017,0.02729,0.02585,0.70224,0.70168,0.69831,0.70541,0.00000,0.00000,2.00000,2.00000,-4.98162,-4.88924,0.00000,0.00000
3.1400,314,240,0,0,0.01007,0.01002,0.02533,0.02511,0.70045,0.70194,0.69764,0.70460,0.00000,0.00000,2.00000,2.00000,-4.99681,-4.89326,0.00000,0.00000
3.1500,315,240,0,0,0.01039,0.01017,0.02693,0.02586,0.69666,0.70258,0.69862,0.70456,0.00000,0.00000,2.00000,2.00000,-4.99808,-4.89663,0.00000,0.00000
3.1600,316,240,0,0,0.01007,0.00997,0.02534,0.02487,0.69787,0.70377,0.69832,0.70228,0.00000,0.00000,2.00000,2.00000,-4.99213,-4.89458,0.00000,0.00000
3.1700,317,240,0,0,0.01022,0.01005,0.02610,0.02525,0.70038,0.70080,0.70070,0.70203,0.00000,0.00000,2.00000,2.00000,-4.98816,-4.90068,0.00000,0.00000
3.1800,318,240,0,0,0.01044,0.00993,0.02721,0.02463,0.69980,0.69831,0.70285,0.70206,0.00000,0.00000,2.00000,2.00000,-5.00166,-4.91985,0.00000,0.00000
3.1900,319,240,0,0,0.01045,0.01011,0.02724,0.02555,0.70121,0.69952,0.70166,0.70228,0.00000,0.00000,2.00000,2.00000,-4.99253,-4.93207,0.00000,0.00000
3.2000,320,240,0,0,0.01007,0.00988,0.02533,0.02441,0.69905,0.70025,0.69918,0.70322,0.00000,0.00000,2.00000,2.00000,-5.00034,-4.93285,0.00000,0.00000
3.2100,321,240,0,0,0.01028,0.01031,0.02638,0.02655,0.70217,0.69956,0.69905,0.70242,0.00000,0.00000,2.00000,2.00000,-5.00603,-4.93340,0.00000,0.00000
3.2200,322,240,0,0,0.01074,0.01036,0.02868,0.02679,0.70089,0.69965,0.70034,0.70215,0.00000,0.00000,2.00000,2.00000,-5.01101,-4.94005,0.00000,0.00000
3.2300,323,240,0,0,0.01058,0.01006,0.02790,0.02530,0.70123,0.69941,0.70003,0.70325,0.00000,0.00000,2.00000,2.00000,-5.00558,-4.93335,0.00000,0.00000
3.2400,324,240,0,0,0.01069,0.01046,0.02846,0.02731,0.70377,0.69837,0.69940,0.70411,0.00000,0.00000,2.00000,2.00000,-4.99108,-4.93071,0.00000,0.00000
3.2500,325,240,0,0,0.01071,0.01042,0.02857,0.02709,0.70498,0.69923,0.69719,0.70420,0.00000,0.00000,2.00000,2.00000,-4.99008,-4.92182,0.00000,0.00000
3.2600,326,240,0,0,0.01046,0.01004,0.02730,0.02521,0.70481,0.69766,0.70200,0.70476,0.00000,0.00000,2.00000,2.00000,-5.00683,-4.92424,0.00000,0.00000
3.2700,327,240,0,0,0.01015,0.01036,0.02573,0.02682,0.70462,0.69950,0.70166,0.70588,0.00000,0.00000,2.00000,2.00000,-5.02196,-4.90731,0.00000,0.00000
3.2800,328,240,0,0,0.01035,0.01013,0.02677,0.02567,0.70196,0.70074,0.70181,0.70657,0.00000,0.00000,2.00000,2.00000,-5.03101,-4.91130,0.00000,0.00000
3.2900,329,240,0,0,0.01036,0.01003,0.02680,0.02513,0.70164,0.69832,0.69940,0.70531,0.00000,0.00000,2.00000,2.00000,-5.04674,-4.90916,0.00000,0.00000
3.3000,330,240,0,0,0.01015,0.01019,0.02574,0.02597,0.70122,0.69825,0.70054,0.70373,0.00000,0.00000,2.00000,2.00000,-5.04342,-4.89657,0.00000,0.00000
3.3100,331,240,0,0,0.01052,0.01021,0.02760,0.02604,0.70243,0.69981,0.69771,0.70228,0.00000,0.00000,2.00000,2.00000,-5.03718,-4.90377,0.00000,0.00000
3.3200,332,240,0,0,0.01033,0.01032,0.02665,0.02658,0.70262,0.70018,0.69703,0.70309,0.00000,0.00000,2.00000,2.00000,-5.04706,-4.88672,0.00000,0.00000
3.3300,333,240,0,0,0.01037,0.01032,0.02686,0.02659,0.70183,0.69746,0.69863,0.70263,0.00000,0.00000,2.00000,2.00000,-5.05342,-4.86774,0.00000,0.00000
3.3400,334,240,0,0,0.01019,0.01012,0.02594,0.02561,0.70023,0.69692,0.69541,0.70285,0.00000,0.00000,2.00000,2.00000,-5.04751,-4.86365,0.00000,0.00000
3.3500,335,240,0,0,0.01043,0.01031,0.02717,0.02653,0.70066,0.69783,0.69499,0.70292,0.00000,0.00000,2.00000,2.00000,-5.04701,-4.84027,0.00000,0.00000
3.3600,336,240,0,0,0.01035,0.01042,0.02675,0.02709,0.69677,0.69853,0.69620,0.69991,0.00000,0.00000,2.00000,2.00000,-5.03689,-4.83246,0.00000,0.00000
3.3700,337,240,0,0,0.01026,0.01086,0.02630,0.02932,0.69662,0.69838,0.69596,0.69723,0.00000,0.00000,2.00000,2.00000,-5.01078,-4.82732,0.00000,0.00000
3.3800,338,240,0,0,0.01031,0.01079,0.02654,0.02897,0.69717,0.70040,0.69549,0.69912,0.00000,0.00000,2.00000,2.00000,-5.00822,-4.83221,0.00000,0.00000
3.3900,339,240,0,0,0.01019,0.01053,0.02597,0.02765,0.69781,0.70169,0.69781,0.69887,0.00000,0.00000,2.00000,2.00000,-5.00434,-4.84247,0.00000,0.00000
3.4000,340,240,0,0,0.01051,0.01029,0.02757,0.02643,0.69773,0.70151,0.69910,0.69826,0.00000,0.00000,2.00000,2.00000,-4.99010,-4.85935,0.00000,0.00000
3.4100,341,240,0,0,0.01059,0.00985,0.02797,0.02425,0.69685,0.70251,0.70081,0.69908,0.00000,0.00000,2.00000,2.00000,-4.98407,-4.86549,0.00000,0.00000
3.4200,342,240,0,0,0.01084,0.01001,0.02919,0.02504,0.70050,0.70136,0.69930,0.69896,0.00000,0.00000,2.00000,2.00000,-4.97072,-4.87784,0.00000,0.00000
3.4300,343,240,0,0,0.01109,0.01022,0.03044,0.02612,0.69954,0.69964,0.70049,0.69972,0.00000,0.00000,2.00000,2.00000,-4.96222,-4.87119,0.00000,0.00000
3.4400,344,240,0,0,0.01050,0.00998,0.02752,0.02489,0.69987,0.70074,0.69933,0.69961,0.00000,0.00000,2.00000,2.00000,-4.97694,-4.85829,0.00000,0.00000
3.4500,345,240,0,0,0.01036,0.00980,0.02680,0.02399,0.70223,0.70102,0.70070,0.69794,0.00000,0.00000,2.00000,2.00000,-4.97949,-4.84752,0.00000,0.00000
3.4600,346,240,0,0,0.01004,0.01022,0.02519,0.02611,0.70212,0.70244,0.69855,0.69707,0.00000,0.00000,2.00000,2.00000,-4.97431,-4.84182,0.00000,0.00000
3.4700,347,240,0,0,0.01019,0.00994,0.02593,0.02468,0.70008,0.70184,0.69920,0.69478,0.00000,0.00000,2.00000,2.00000,-4.97293,-4.82714,0.00000,0.00000
3.4800,348,240,0,0,0.01049,0.01015,0.02746,0.02574,0.69823,0.70006,0.69700,0.69788,0.00000,0.00000,2.00000,2.00000,-4.97481,-4.82319,0.00000,0.00000
3.4900,349,240,0,0,0.01064,0.00993,0.02820,0.02464,0.69794,0.69539,0.69776,0.69977,0.00000,0.00000,2.00000,2.00000,-4.97896,-4.82979,0.00000,0.00000
3.5000,350,240,0,0,0.01077,0.00999,0.02885,0.02493,0.69765,0.69452,0.69923,0.69880,0.00000,0.00000,2.00000,2.00000,-4.98976,-4.84306,0.00000,0.00000
3.5100,351,240,0,0,0.01085,0.00995,0.02927,0.02473,0.69992,0.69510,0.70195,0.69767,0.00000,0.00000,2.00000,2.00000,-4.99938,-4.86267,0.00000,0.00000
3.5200,352,240,0,0,0.01049,0.01047,0.02744,0.02733,0.69889,0.69499,0.70464,0.69922,0.00000,0.00000,2.00000,2.00000,-5.00504,-4.86545,0.00000,0.00000
3.5300,353,240,0,0,0.01065,0.01047,0.02826,0.02737,0.69850,0.69543,0.70499,0.70028,0.00000,0.00000,2.00000,2.00000,-4.99903,-4.85916,0.00000,0.00000
3.5400,354,240,0,0,0.01028,0.01037,0.02638,0.02683,0.70137,0.69694,0.70476,0.69827,0.00000,0.00000,2.00000,2.00000,-4.98325,-4.86517,0.00000,0.00000
3.5500,355,240,0,0,0.01009,0.01005,0.02543,0.02527,0.69885,0.70112,0.70571,0.69844,0.00000,0.00000,2.00000,2.00000,-4.96660,-4.85432,0.00000,0.00000
3.5600,356,240,0,0,0.01060,0.01005,0.02799,0.02527,0.69813,0.69997,0.70031,0.69812,0.00000,0.00000,2.00000,2.00000,-4.95201,-4.84679,0.00000,0.00000
3.5700,357,240,0,0,0.01048,0.00982,0.02739,0.02412,0.69828,0.70104,0.70230,0.69876,0.00000,0.00000,2.00000,2.00000,-4.93281,-4.84218,0.00000,0.00000
3.5800,358,240,0,0,0.01025,0.00994,0.02624,0.02468,0.69615,0.69905,0.70100,0.69830,0.00000,0.00000,2.00000,2.00000,-4.93057,-4.83004,0.00000,0.00000
3.5900,359,240,0,0,0.01008,0.01027,0.02538,0.02633,0.69794,0.69955,0.70395,0.69639,0.00000,0.00000,2.00000,2.00000,-4.93112,-4.82265,0.00000,0.00000
3.6000,360,240,0,0,0.01006,0.01043,0.02529,0.02713,0.69959,0.70061,0.70467,0.69853,0.00000,0.00000,2.00000,2.00000,-4.92682,-4.81285,0.00000,0.00000
3.6100,361,240,0,0,0.00992,0.01046,0.02458,0.02729,0.69884,0.70035,0.70168,0.70249,0.00000,0.00000,2.00000,2.00000,-4.93831,-4.81943,0.00000,0.00000
3.6200,362,240,0,0,0.00965,0.01006,0.02326,0.02531,0.69733,0.69969,0.70014,0.70048,0.00000,0.00000,2.00000,2.00000,-4.93418,-4.82331,0.00000,0.00000
3.6300,363,240,0,0,0.00973,0.00990,0.02366,0.02450,0.69852,0.70244,0.69809,0.69723,0.00000,0.00000,2.00000,2.00000,-4.94274,-4.81917,0.00000,0.00000
3.6400,364,240,0,0,0.00983,0.00984,0.02415,0.02419,0.69809,0.70094,0.69679,0.69935,0.00000,0.00000,2.00000,2.00000,-4.94017,-4.81208,0.00000,0.00000
3.6500,365,240,0,0,0.00986,0.00988,0.02431,0.02441,0.69904,0.70352,0.69722,0.69732,0.00000,0.00000,2.00000,2.00000,-4.95321,-4.82653,0.00000,0.00000
3.6600,366,240,0,0,0.01026,0.01042,0.02630,0.02711,0.69998,0.70059,0.69906,0.69833,0.00000,0.00000,2.00000,2.00000,-4.95942,-4.81700,0.00000,0.00000
3.6700,367,240,0,0,0.00996,0.01006,0.02479,0.02532,0.69915,0.70037,0.69889,0.70136,0.00000,0.00000,2.00000,2.00000,-4.96223,-4.81192,0.00000,0.00000
3.6800,368,240,0,0,0.01032,0.01042,0.02658,0.02708,0.69846,0.69797,0.69665,0.69979,0.00000,0.00000,2.00000,2.00000,-4.95380,-4.81804,0.00000,0.00000
3.6900,369,240,0,0,0.01017,0.01068,0.02587,0.02841,0.69734,0.69860,0.69920,0.69983,0.00000,0.00000,2.00000,2.00000,-4.95039,-4.82812,0.00000,0.00000
3.7000,370,240,0,0,0.01006,0.01065,0.02532,0.02827,0.70017,0.69720,0.69793,0.70086,0.00000,0.00000,2.00000,2.00000,-4.94919,-4.83421,0.00000,0.00000
3.7100,371,240,0,0,0.00999,0.01065,0.02497,0.02826,0.69949,0.69757,0.69849,0.70180,0.00000,0.00000,2.00000,2.00000,-4.94405,-4.84999,0.00000,0.00000
3.7200,372,240,0,0,0.01017,0.01043,0.02583,0.02716,0.69564,0.69506,0.69864,0.69893,0.00000,0.00000,2.00000,2.00000,-4.94642,-4.85249,0.00000,0.00000
3.7300,373,240,0,0,0.01056,0.01007,0.02778,0.02533,0.69574,0.69515,0.69885,0.70027,0.00000,0.00000,2.00000,2.00000,-4.94459,-4.85350,0.00000,0.00000
3.7400,374,240,0,0,0.01055,0.01005,0.02775,0.02526,0.69598,0.69620,0.70024,0.70355,0.00000,0.00000,2.00000,2.00000,-4.94903,-4.86139,0.00000,0.00000
3.7500,375,240,0,0,0.01052,0.01023,0.02758,0.02614,0.69790,0.69444,0.69907,0.70412,0.00000,0.00000,2.00000,2.00000,-4.96011,-4.87105,0.00000,0.00000
3.7600,376,240,0,0,0.01062,0.01033,0.02810,0.02667,0.69637,0.69625,0.70170,0.70572,0.00000,0.00000,2.00000,2.00000,-4.94860,-4.88229,0.00000,0.00000
3.7700,377,240,0,0,0.01066,0.01036,0.02829,0.02681,0.69722,0.69910,0.70255,0.70279,0.00000,0.00000,2.00000,2.00000,-4.95188,-4.88113,0.00000,0.00000
3.7800,378,240,0,0,0.01048,0.00989,0.02740,0.02447,0.69807,0.70128,0.70162,0.70371,0.00000,0.00000,2.00000,2.00000,-4.96887,-4.89262,0.00000,0.00000
3.7900,379,240,0,0,0.01052,0.01025,0.02762,0.02627,0.69357,0.69834,0.70363,0.70434,0.00000,0.00000,2.00000,2.00000,-4.96448,-4.90738,0.00000,0.00000
3.8000,380,240,0,0,0.01038,0.01058,0.02688,0.02792,0.69558,0.69830,0.70201,0.70552,0.00000,0.00000,2.00000,2.00000,-4.98260,-4.92565,0.00000,0.00000
3.8100,381,240,0,0,0.01034,0.01032,0.02670,0.02661,0.69724,0.70089,0.70283,0.70509,0.00000,0.00000,2.00000,2.00000,-4.97060,-4.93593,0.00000,0.00000
3.8200,382,240,0,0,0.01012,0.01036,0.02561,0.02681,0.69970,0.70196,0.70258,0.70282,0.00000,0.00000,2.00000,2.00000,-4.98216,-4.94393,0.00000,0.00000
3.8300,383,240,0,0,0.01025,0.01006,0.02627,0.02531,0.69990,0.70475,0.70197,0.70135,0.00000,0.00000,2.00000,2.00000,-4.98085,-4.95353,0.00000,0.00000
3.8400,384,240,0,0,0.01029,0.01067,0.02647,0.02837,0.69777,0.70039,0.70384,0.70056,0.00000,0.00000,2.00000,2.00000,-4.97347,-4.96469,0.00000,0.00000
3.8500,385,240,0,0,0.01014,0.01035,0.02571,0.02675,0.69558,0.69654,0.70546,0.70096,0.00000,0.00000,2.00000,2.00000,-4.96512,-4.96036,0.00000,0.00000
3.8600,386,240,0,0,0.01018,0.01066,0.02590,0.02832,0.69408,0.69769,0.70439,0.70051,0.00000,0.00000,2.00000,2.00000,-4.95231,-4.96557,0.00000,0.00000
3.8700,387,240,0,0,0.01000,0.01046,0.02501,0.02729,0.69526,0.69955,0.70372,0.69917,0.00000,0.00000,2.00000,2.00000,-4.94855,-4.96325,0.00000,0.00000
3.8800,388,240,0,0,0.00996,0.01088,0.02482,0.02942,0.69532,0.70042,0.70099,0.69855,0.00000,0.00000,2.00000,2.00000,-4.94481,-4.95475,0.00000,0.00000
3.8900,389,240,0,0,0.01036,0.01086,0.02680,0.02932,0.69400,0.70012,0.70335,0.70053,0.00000,0.00000,2.00000,2.00000,-4.95375,-4.95844,0.00000,0.00000
3.9000,390,240,0,0,0.01024,0.01097,0.02620,0.02983,0.69528,0.70544,0.70306,0.70225,0.00000,0.00000,2.00000,2.00000,-4.93408,-4.93992,0.00000,0.00000
3.9100,391,240,0,0,0.01056,0.01089,0.02779,0.02947,0.69933,0.70429,0.70231,0.70490,0.00000,0.00000,2.00000,2.00000,-4.91258,-4.93447,0.00000,0.00000
3.9200,392,240,0,0,0.01037,0.01009,0.02684,0.02544,0.70048,0.70359,0.70087,0.70174,0.00000,0.00000,2.00000,2.00000,-4.89872,-4.93672,0.00000,0.00000
3.9300,393,240,0,0,0.01033,0.01014,0.02667,0.02572,0.70411,0.70201,0.70018,0.70283,0.00000,0.00000,2.00000,2.00000,-4.88382,-4.94525,0.00000,0.00000
3.9400,394,240,0,0,0.00997,0.01031,0.02484,0.02655,0.70605,0.70207,0.69912,0.70329,0.00000,0.00000,2.00000,2.00000,-4.86317,-4.94637,0.00000,0.00000
3.9500,395,240,0,0,0.01019,0.01030,0.02596,0.02648,0.70435,0.70317,0.70177,0.69972,0.00000,0.00000,2.00000,2.00000,-4.85907,-4.94336,0.00000,0.00000
3.9600,396,240,0,0,0.01064,0.01018,0.02818,0.02590,0.70187,0.70297,0.70106,0.69935,0.00000,0.00000,2.00000,2.00000,-4.84439,-4.94309,0.00000,0.00000
3.9700,397,240,0,0,0.01040,0.00995,0.02698,0.02473,0.70141,0.70305,0.70053,0.69974,0.00000,0.00000,2.00000,2.00000,-4.82309,-4.94445,0.00000,0.00000
3.9800,398,240,0,0,0.01056,0.00994,0.02782,0.02472,0.69955,0.70049,0.70162,0.69999,0.00000,0.00000,2.00000,2.00000,-4.82663,-4.95262,0.00000,0.00000
3.9900,399,240,0,0,0.01061,0.01009,0.02803,0.02547,0.69869,0.70311,0.70153,0.69981,0.00000,0.00000,2.00000,2.00000,-4.81732,-4.96025,0.00000,0.00000
4.0000,400,240,0,0,0.01038,0.01024,0.02690,0.02619,0.70098,0.70391,0.69939,0.70019,0.00000,0.00000,2.00000,2.00000,-4.81289,-4.96111,0.00000,0.00000
4.0100,401,240,0,0,0.01063,0.01024,0.02817,0.02618,0.70271,0.70227,0.70156,0.69992,0.00000,0.00000,2.00000,2.00000,-4.81669,-4.97833,0.00000,0.00000
4.0200,402,240,0,0,0.01040,0.01047,0.02700,0.02737,0.70272,0.69927,0.70107,0.70211,0.00000,0.00000,2.00000,2.00000,-4.81244,-4.98453,0.00000,0.00000
4.0300,403,240,0,0,0.01024,0.01055,0.02619,0.02775,0.70127,0.70271,0.70280,0.69935,0.00000,0.00000,2.00000,2.00000,-4.81319,-4.98049,0.00000,0.00000
4.0400,404,240,0,0,0.01024,0.01032,0.02621,0.02658,0.70318,0.70118,0.70183,0.70050,0.00000,0.00000,2.00000,2.00000,-4.81292,-4.98277,0.00000,0.00000
4.0500,405,240,0,0,0.01046,0.01037,0.02728,0.02684,0.70415,0.70215,0.70032,0.70152,0.00000,0.00000,2.00000,2.00000,-4.81482,-4.98804,0.00000,0.00000
4.0600,406,240,0,0,0.01084,0.01043,0.02918,0.02715,0.70134,0.69938,0.69765,0.69886,0.00000,0.00000,2.00000,2.00000,-4.82123,-4.99100,0.00000,0.00000
4.0700,407,240,0,0,0.01071,0.01067,0.02857,0.02836,0.70329,0.69585,0.69954,0.69728,0.00000,0.00000,2.00000,2.00000,-4.81884,-5.00646,0.00000,0.00000
4.0800,408,240,0,0,0.01042,0.01051,0.02711,0.02755,0.70167,0.69888,0.70033,0.69532,0.00000,0.00000,2.00000,2.00000,-4.80698,-4.99759,0.00000,0.00000
4.0900,409,240,0,0,0.01025,0.01050,0.02627,0.02749,0.70193,0.70072,0.69995,0.69750,0.00000,0.00000,2.00000,2.00000,-4.80455,-4.99836,0.00000,0.00000
4.1000,410,240,0,0,0.01058,0.01084,0.02789,0.02921,0.70245,0.70082,0.69931,0.69886,0.00000,0.00000,2.00000,2.00000,-4.79890,-5.01031,0.00000,0.00000
4.1100,411,240,0,0,0.01057,0.01060,0.02783,0.02800,0.69977,0.70123,0.70061,0.70018,0.00000,0.00000,2.00000,2.00000,-4.79936,-5.00285,0.00000,0.00000
4.1200,412,240,0,0,0.01001,0.01041,0.02504,0.02706,0.70097,0.69900,0.70119,0.69742,0.00000,0.00000,2.00000,2.00000,-4.80608,-5.00510,0.00000,0.00000
4.1300,413,240,0,0,0.01053,0.01032,0.02767,0.02659,0.70098,0.70112,0.70075,0.69546,0.00000,0.00000,2.00000,2.00000,-4.81687,-5.01181,0.00000,0.00000
4.1400,414,240,0,0,0.01042,0.01045,0.02709,0.02727,0.69905,0.70176,0.69777,0.69725,0.00000,0.00000,2.00000,2.00000,-4.83045,-5.02053,0.00000,0.00000
4.1500,415,240,0,0,0.01010,0.01057,0.02552,0.02786,0.69868,0.70010,0.69714,0.69822,0.00000,0.00000,2.00000,2.00000,-4.83377,-5.02748,0.00000,0.00000
4.1600,416,240,0,0,0.01006,0.01056,0.02530,0.02780,0.69978,0.69849,0.69845,0.70009,0.00000,0.00000,2.00000,2.00000,-4.82959,-5.02900,0.00000,0.00000
4.1700,417,240,0,0,0.00996,0.01018,0.02482,0.02591,0.70073,0.70031,0.69844,0.69907,0.00000,0.00000,2.00000,2.00000,-4.83477,-5.03566,0.00000,0.00000
4.1800,418,240,0,0,0.01004,0.00995,0.02518,0.02477,0.70090,0.70163,0.69932,0.69781,0.00000,0.00000,2.00000,2.00000,-4.82510,-5.04572,0.00000,0.00000
4.1900,419,240,0,0,0.01000,0.01018,0.02500,0.02590,0.69948,0.70217,0.70218,0.69674,0.00000,0.00000,2.00000,2.00000,-4.82423,-5.05682,0.00000,0.00000
4.2000,420,240,0,0,0.00980,0.01050,0.02400,0.02748,0.70160,0.70077,0.70188,0.69672,0.00000,0.00000,2.00000,2.00000,-4.82285,-5.06700,0.00000,0.00000
4.2100,421,240,0,0,0.00993,0.01050,0.02463,0.02749,0.69846,0.70526,0.70271,0.69788,0.00000,0.00000,2.00000,2.00000,-4.82879,-5.05469,0.00000,0.00000
4.2200,422,240,0,0,0.01034,0.01059,0.02670,0.02793,0.69991,0.70532,0.70217,0.69818,0.00000,0.00000,2.00000,2.00000,-4.82234,-5.04796,0.00000,0.00000
4.2300,423,240,0,0,0.01007,0.01043,0.02537,0.02713,0.69809,0.70603,0.70281,0.70044,0.00000,0.00000,2.00000,2.00000,-4.83218,-5.05556,0.00000,0.00000
4.2400,424,240,0,0,0.01026,0.01050,0.02631,0.02752,0.69328,0.70517,0.70410,0.70045,0.00000,0.00000,2.00000,2.00000,-4.84729,-5.05537,0.00000,0.00000
4.2500,425,240,0,0,0.01028,0.01055,0.02638,0.02773,0.69527,0.70485,0.70215,0.70353,0.00000,0.00000,2.00000,2.00000,-4.85417,-5.06020,0.00000,0.00000
4.2600,426,240,0,0,0.01053,0.01035,0.02764,0.02673,0.69630,0.70428,0.70057,0.70054,0.00000,0.00000,2.00000,2.00000,-4.86176,-5.05880,0.00000,0.00000
4.2700,427,240,0,0,0.01034,0.01062,0.02671,0.02808,0.69795,0.70186,0.69889,0.70089,0.00000,0.00000,2.00000,2.00000,-4.86039,-5.05233,0.00000,0.00000
4.2800,428,240,0,0,0.01033,0.01066,0.02663,0.02828,0.69689,0.70266,0.70346,0.70144,0.00000,0.00000,2.00000,2.00000,-4.85108,-5.04298,0.00000,0.00000
4.2900,429,240,0,0,0.01042,0.01065,0.02710,0.02827,0.69789,0.70366,0.70212,0.70187,0.00000,0.00000,2.00000,2.00000,-4.84615,-5.03573,0.00000,0.00000
4.3000,430,240,0,0,0.01041,0.01026,0.02705,0.02631,0.69764,0.70472,0.70196,0.70378,0.00000,0.00000,2.00000,2.00000,-4.85237,-5.03446,0.00000,0.00000
4.3100,431,240,0,0,0.01064,0.01040,0.02819,0.02698,0.69988,0.70680,0.70383,0.70117,0.00000,0.00000,2.00000,2.00000,-4.84662,-5.03731,0.00000,0.00000
4.3200,432,240,0,0,0.01068,0.01050,0.02840,0.02752,0.70101,0.70271,0.70290,0.70141,0.00000,0.00000,2.00000,2.00000,-4.83635,-5.03337,0.00000,0.00000
4.3300,433,240,0,0,0.01082,0.01042,0.02911,0.02712,0.70291,0.70187,0.70207,0.70159,0.00000,0.00000,2.00000,2.00000,-4.84830,-5.03244,0.00000,0.00000
4.3400,434,240,0,0,0.01044,0.01049,0.02720,0.02744,0.69932,0.70049,0.70165,0.69946,0.00000,0.00000,2.00000,2.00000,-4.84473,-5.02430,0.00000,0.00000
4.3500,435,240,0,0,0.01055,0.01046,0.02775,0.02731,0.69781,0.69958,0.70145,0.70068,0.00000,0.00000,2.00000,2.00000,-4.85958,-5.00444,0.00000,0.00000
4.3600,436,240,0,0,0.01060,0.01081,0.02801,0.02903,0.69813,0.70074,0.70242,0.70148,0.00000,0.00000,2.00000,2.00000,-4.85751,-4.99181,0.00000,0.00000
4.3700,437,240,0,0,0.01075,0.01055,0.02873,0.02776,0.69890,0.70360,0.70317,0.70129,0.00000,0.00000,2.00000,2.00000,-4.86013,-4.99694,0.00000,0.00000
4.3800,438,240,0,0,0.01049,0.01055,0.02747,0.02775,0.70179,0.70043,0.70263,0.69930,0.00000,0.00000,2.00000,2.00000,-4.87172,-4.99795,0.00000,0.00000
4.3900,439,240,0,0,0.01025,0.01040,0.02625,0.02698,0.70119,0.70175,0.70351,0.69960,0.00000,0.00000,2.00000,2.00000,-4.86838,-5.00075,0.00000,0.00000
4.4000,440,240,0,0,0.01020,0.01045,0.02600,0.02723,0.69897,0.70267,0.70595,0.70081,0.00000,0.00000,2.00000,2.00000,-4.88630,-5.00756,0.00000,0.00000
4.4100,441,240,0,0,0.01058,0.01048,0.02791,0.02742,0.70086,0.70217,0.70430,0.70194,0.00000,0.00000,2.00000,2.00000,-4.90415,-5.00115,0.00000,0.00000
4.4200,442,240,0,0,0.01045,0.01071,0.02724,0.02855,0.70019,0.70417,0.70112,0.70270,0.00000,0.00000,2.00000,2.00000,-4.90892,-5.01333,0.00000,0.00000
4.4300,443,240,0,0,0.01031,0.01057,0.02656,0.02785,0.69700,0.70132,0.69693,0.70516,0.00000,0.00000,2.00000,2.00000,-4.90690,-5.01592,0.00000,0.00000
4.4400,444,240,0,0,0.01041,0.01049,0.02705,0.02745,0.69987,0.70049,0.69831,0.70251,0.00000,0.00000,2.00000,2.00000,-4.92249,-5.02114,0.00000,0.00000
4.4500,445,240,0,0,0.01024,0.01037,0.02622,0.02684,0.69700,0.70046,0.69765,0.70303,0.00000,0.00000,2.00000,2.00000,-4.93324,-5.01142,0.00000,0.00000
4.4600,446,240,0,0,0.01030,0.01015,0.02648,0.02575,0.69758,0.70024,0.69738,0.70489,0.00000,0.00000,2.00000,2.00000,-4.93055,-5.00389,0.00000,0.00000
4.4700,447,240,0,0,0.01075,0.00988,0.02877,0.02441,0.69770,0.69909,0.69744,0.70248,0.00000,0.00000,2.00000,2.00000,-4.92816,-5.01222,0.00000,0.00000
4.4800,448,240,0,0,0.01051,0.00998,0.02754,0.02488,0.69829,0.70145,0.69764,0.69915,0.00000,0.00000,2.00000,2.00000,-4.92713,-5.01514,0.00000,0.00000
4.4900,449,240,0,0,0.01017,0.01004,0.02583,0.02519,0.69817,0.70047,0.70016,0.69885,0.00000,0.00000,2.00000,2.00000,-4.90956,-5.00686,0.00000,0.00000
4.5000,450,240,0,0,0.00987,0.01019,0.02435,0.02594,0.69832,0.69860,0.69906,0.70140,0.00000,0.00000,2.00000,2.00000,-4.92078,-4.99278,0.00000,0.00000
4.5100,451,240,0,0,0.01023,0.01016,0.02617,0.02578,0.69848,0.69828,0.69801,0.69991,0.00000,0.00000,2.00000,2.00000,-4.92586,-5.00317,0.00000,0.00000
4.5200,452,240,0,0,0.01047,0.01047,0.02734,0.02734,0.70057,0.70104,0.69597,0.69979,0.00000,0.00000,2.00000,2.00000,-4.93000,-4.99668,0.00000,0.00000
4.5300,453,240,0,0,0.01022,0.01039,0.02610,0.02696,0.70066,0.70059,0.69917,0.69801,0.00000,0.00000,2.00000,2.00000,-4.92498,-4.99611,0.00000,0.00000
4.5400,454,240,0,0,0.01022,0.01054,0.02611,0.02768,0.69672,0.69954,0.70065,0.69836,0.00000,0.00000,2.00000,2.00000,-4.92321,-5.00638,0.00000,0.00000
4.5500,455,240,0,0,0.01045,0.01048,0.02727,0.02740,0.69538,0.69857,0.70145,0.69907,0.00000,0.00000,2.00000,2.00000,-4.92157,-4.99753,0.00000,0.00000
4.5600,456,240,0,0,0.01019,0.01023,0.02594,0.02613,0.69513,0.69705,0.69975,0.69847,0.00000,0.00000,2.00000,2.00000,-4.93259,-4.99428,0.00000,0.00000
4.5700,457,240,0,0,0.01004,0.01062,0.02522,0.02809,0.69731,0.69736,0.70010,0.70117,0.00000,0.00000,2.00000,2.00000,-4.93338,-4.98523,0.00000,0.00000
4.5800,458,240,0,0,0.00982,0.01061,0.02410,0.02803,0.69783,0.69996,0.70059,0.69726,0.00000,0.00000,2.00000,2.00000,-4.94258,-4.97696,0.00000,0.00000
4.5900,459,240,0,0,0.00998,0.01038,0.02491,0.02689,0.69837,0.70139,0.70210,0.69775,0.00000,0.00000,2.00000,2.00000,-4.92660,-4.97288,0.00000,0.00000
4.6000,460,240,0,0,0.01033,0.00989,0.02666,0.02443,0.69756,0.70117,0.70152,0.69953,0.00000,0.00000,2.00000,2.00000,-4.92881,-4.97130,0.00000,0.00000
4.6100,461,240,0,0,0.01040,0.01028,0.02701,0.02640,0.69824,0.70103,0.70226,0.70074,0.00000,0.00000,2.00000,2.00000,-4.91954,-4.98061,0.00000,0.00000
4.6200,462,240,0,0,0.01033,0.01057,0.02664,0.02783,0.69962,0.69950,0.70390,0.70077,0.00000,0.00000,2.00000,2.00000,-4.90545,-4.98044,0.00000,0.00000
4.6300,463,240,0,0,0.01065,0.01060,0.02823,0.02802,0.69679,0.69848,0.70477,0.70012,0.00000,0.00000,2.00000,2.00000,-4.89635,-4.98988,0.00000,0.00000
4.6400,464,240,0,0,0.01052,0.01061,0.02760,0.02806,0.69797,0.69801,0.70405,0.70159,0.00000,0.00000,2.00000,2.00000,-4.90594,-4.98879,0.00000,0.00000
4.6500,465,240,0,0,0.01048,0.01040,0.02742,0.02698,0.69948,0.69991,0.70305,0.70077,0.00000,0.00000,2.00000,2.00000,-4.90714,-4.98483,0.00000,0.00000
4.6600,466,240,0,0,0.01036,0.01066,0.02682,0.02830,0.69903,0.70156,0.70072,0.70188,0.00000,0.00000,2.00000,2.00000,-4.89904,-4.96971,0.00000,0.00000
4.6700,467,240,0,0,0.01044,0.01008,0.02722,0.02542,0.70008,0.70187,0.70207,0.70131,0.00000,0.00000,2.00000,2.00000,-4.91200,-4.96351,0.00000,0.00000
4.6800,468,240,0,0,0.01008,0.01043,0.02538,0.02713,0.69779,0.70234,0.70001,0.69928,0.00000,0.00000,2.00000,2.00000,-4.90775,-4.94746,0.00000,0.00000
4.6900,469,240,0,0,0.01064,0.01048,0.02819,0.02740,0.69767,0.70419,0.70013,0.69739,0.00000,0.00000,2.00000,2.00000,-4.90647,-4.95000,0.00000,0.00000
4.7000,470,240,0,0,0.01027,0.01068,0.02635,0.02842,0.69661,0.70270,0.69896,0.70032,0.00000,0.00000,2.00000,2.00000,-4.88928,-4.95971,0.00000,0.00000
4.7100,471,240,0,0,0.01051,0.01069,0.02754,0.02843,0.69728,0.70016,0.69708,0.70221,0.00000,0.00000,2.00000,2.00000,-4.88397,-4.96693,0.00000,0.00000
4.7200,472,240,0,0,0.01058,0.01039,0.02788,0.02696,0.69841,0.70117,0.69801,0.70246,0.00000,0.00000,2.00000,2.00000,-4.89904,-4.96730,0.00000,0.00000
4.7300,473,240,0,0,0.01095,0.01048,0.02976,0.02739,0.69615,0.70216,0.69703,0.70059,0.00000,0.00000,2.00000,2.00000,-4.91397,-4.96389,0.00000,0.00000
4.7400,474,240,0,0,0.01069,0.01051,0.02845,0.02753,0.69511,0.70350,0.69718,0.69732,0.00000,0.00000,2.00000,2.00000,-4.92525,-4.95640,0.00000,0.00000
4.7500,475,240,0,0,0.01041,0.01012,0.02707,0.02560,0.69767,0.70193,0.69996,0.69650,0.00000,0.00000,2.00000,2.00000,-4.93003,-4.95292,0.00000,0.00000
4.7600,476,240,0,0,0.01035,0.00995,0.02674,0.02475,0.69928,0.70147,0.70095,0.69744,0.00000,0.00000,2.00000,2.00000,-4.93593,-4.96605,0.00000,0.00000
4.7700,477,240,0,0,0.01027,0.01013,0.02634,0.02564,0.69925,0.70103,0.70040,0.69916,0.00000,0.00000,2.00000,2.00000,-4.93047,-4.96466,0.00000,0.00000
4.7800,478,240,0,0,0.01033,0.01020,0.02664,0.02602,0.69830,0.70344,0.70282,0.69878,0.00000,0.00000,2.00000,2.00000,-4.93174,-4.97109,0.00000,0.00000
4.7900,479,240,0,0,0.01022,0.01047,0.02611,0.02737,0.69684,0.70156,0.70228,0.69782,0.00000,0.00000,2.00000,2.00000,-4.94375,-4.97515,0.00000,0.00000
4.8000,480,240,0,0,0.01047,0.01017,0.02734,0.02584,0.70195,0.70156,0.70324,0.70002,0.00000,0.00000,2.00000,2.00000,-4.94958,-4.97902,0.00000,0.00000
4.8100,481,240,0,0,0.01012,0.00998,0.02559,0.02488,0.70214,0.70264,0.70389,0.70231,0.00000,0.00000,2.00000,2.00000,-4.95756,-4.98667,0.00000,0.00000
4.8200,482,240,0,0,0.01064,0.01009,0.02820,0.02546,0.70220,0.70168,0.70519,0.70321,0.00000,0.00000,2.00000,2.00000,-4.95792,-4.98866,0.00000,0.00000
4.8300,483,240,0,0,0.01060,0.01029,0.02802,0.02644,0.70386,0.69977,0.70184,0.70113,0.00000,0.00000,2.00000,2.00000,-4.94939,-4.97712,0.00000,0.00000
4.8400,484,240,0,0,0.01078,0.01005,0.02889,0.02524,0.70339,0.69550,0.70292,0.70254,0.00000,0.00000,2.00000,2.00000,-4.95540,-4.96857,0.00000,0.00000
4.8500,485,240,0,0,0.01073,0.01018,0.02865,0.02589,0.70162,0.69753,0.70301,0.70333,0.00000,0.00000,2.00000,2.00000,-4.95196,-4.96377,0.00000,0.00000
4.8600,486,240,0,0,0.01096,0.00994,0.02982,0.02471,0.70063,0.69671,0.70167,0.70329,0.00000,0.00000,2.00000,2.00000,-4.94781,-4.95828,0.00000,0.00000
4.8700,487,240,0,0,0.01061,0.01044,0.02803,0.02719,0.70023,0.69598,0.70149,0.70175,0.00000,0.00000,2.00000,2.00000,-4.94371,-4.94449,0.00000,0.00000
4.8800,488,240,0,0,0.01036,0.01055,0.02681,0.02773,0.69968,0.69586,0.69885,0.70137,0.00000,0.00000,2.00000,2.00000,-4.93834,-4.94325,0.00000,0.00000
4.8900,489,240,0,0,0.01032,0.01054,0.02658,0.02772,0.69778,0.69415,0.70227,0.69913,0.00000,0.00000,2.00000,2.00000,-4.95250,-4.95385,0.00000,0.00000
4.9000,490,240,0,0,0.01025,0.01002,0.02624,0.02509,0.69801,0.69255,0.70106,0.70008,0.00000,0.00000,2.00000,2.00000,-4.95860,-4.94425,0.00000,0.00000
4.9100,491,240,0,0,0.01010,0.01036,0.02550,0.02681,0.69867,0.69903,0.70354,0.69847,0.00000,0.00000,2.00000,2.00000,-4.96526,-4.95346,0.00000,0.00000
4.9200,492,240,0,0,0.01018,0.01058,0.02591,0.02788,0.70037,0.69949,0.70384,0.70052,0.00000,0.00000,2.00000,2.00000,-4.96975,-4.95834,0.00000,0.00000
4.9300,493,240,0,0,0.01039,0.01080,0.02696,0.02902,0.69988,0.70072,0.70190,0.70065,0.00000,0.00000,2.00000,2.00000,-4.96317,-4.95723,0.00000,0.00000
4.9400,494,240,0,0,0.01024,0.01086,0.02622,0.02928,0.69895,0.70287,0.69826,0.69886,0.00000,0.00000,2.00000,2.00000,-4.95515,-4.96611,0.00000,0.00000
4.9500,495,240,0,0,0.01063,0.01031,0.02813,0.02657,0.69714,0.70152,0.69949,0.70166,0.00000,0.00000,2.00000,2.00000,-4.96221,-4.97787,0.00000,0.00000
4.9600,496,240,0,0,0.01023,0.01026,0.02614,0.02629,0.69886,0.69815,0.70150,0.70366,0.00000,0.00000,2.00000,2.00000,-4.97110,-4.98686,0.00000,0.00000
4.9700,497,240,0,0,0.01038,0.01061,0.02691,0.02805,0.70039,0.69805,0.69858,0.70344,0.00000,0.00000,2.00000,2.00000,-4.97794,-4.99996,0.00000,0.00000
4.9800,498,240,0,0,0.01019,0.01022,0.02596,0.02612,0.69932,0.69899,0.69697,0.69869,0.00000,0.00000,2.00000,2.00000,-4.99180,-5.01621,0.00000,0.00000
4.9900,499,240,0,0,0.01031,0.01027,0.02657,0.02635,0.69857,0.69925,0.69653,0.70225,0.00000,0.00000,2.00000,2.00000,-4.98489,-5.02323,0.00000,0.00000
5.0000,500,240,0,0,0.01037,0.01048,0.02685,0.02738,0.70271,0.69707,0.69963,0.70404,0.00000,0.00000,2.00000,2.00000,-4.98315,-5.03745,0.00000,0.00000
5.0100,501,240,0,0,0.01022,0.01051,0.02608,0.02756,0.70206,0.69720,0.69993,0.70351,0.00000,0.00000,2.00000,2.00000,-4.96733,-5.04939,0.00000,0.00000
5.0200,502,240,0,0,0.01032,0.01059,0.02662,0.02794,0.70179,0.69798,0.69656,0.70260,0.00000,0.00000,2.00000,2.00000,-4.95776,-5.04903,0.00000,0.00000
5.0300,503,240,0,0,0.01007,0.01041,0.02533,0.02704,0.70209,0.69907,0.69454,0.70253,0.00000,0.00000,2.00000,2.00000,-4.94689,-5.04098,0.00000,0.00000
5.0400,504,240,0,0,0.01049,0.01067,0.02747,0.02834,0.70150,0.69799,0.69365,0.70412,0.00000,0.00000,2.00000,2.00000,-4.93866,-5.03818,0.00000,0.00000
5.0500,505,240,0,0,0.01046,0.01064,0.02728,0.02821,0.69655,0.70258,0.69297,0.70265,0.00000,0.00000,2.00000,2.00000,-4.92883,-5.03935,0.00000,0.00000
5.0600,506,240,0,0,0.01051,0.01053,0.02757,0.02765,0.69688,0.70185,0.69426,0.70326,0.00000,0.00000,2.00000,2.00000,-4.91968,-5.05035,0.00000,0.00000
5.0700,507,240,0,0,0.01024,0.01024,0.02620,0.02619,0.69906,0.70189,0.69518,0.70136,0.00000,0.00000,2.00000,2.00000,-4.92223,-5.04477,0.00000,0.00000
5.0800,508,240,0,0,0.01002,0.01039,0.02508,0.02696,0.70267,0.70212,0.69615,0.69883,0.00000,0.00000,2.00000,2.00000,-4.92335,-5.04588,0.00000,0.00000
5.0900,509,240,0,0,0.00976,0.01034,0.02380,0.02670,0.70251,0.69962,0.69935,0.69925,0.00000,0.00000,2.00000,2.00000,-4.91903,-5.04351,0.00000,0.00000
5.1000,510,240,0,0,0.00984,0.01020,0.02421,0.02601,0.70077,0.69883,0.69827,0.69748,0.00000,0.00000,2.00000,2.00000,-4.91256,-5.03533,0.00000,0.00000
5.1100,511,240,0,0,0.01021,0.01043,0.02603,0.02715,0.70535,0.70099,0.69815,0.69572,0.00000,0.00000,2.00000,2.00000,-4.91311,-5.01560,0.00000,0.00000
5.1200,512,240,0,0,0.01025,0.01051,0.02626,0.02757,0.70498,0.70036,0.69799,0.69599,0.00000,0.00000,2.00000,2.00000,-4.91182,-4.99285,0.00000,0.00000
5.1300,513,240,0,0,0.01010,0.01057,0.02550,0.02785,0.70474,0.70183,0.69834,0.69771,0.00000,0.00000,2.00000,2.00000,-4.91505,-4.98640,0.00000,0.00000
5.1400,514,240,0,0,0.01006,0.01047,0.02529,0.02736,0.70065,0.69822,0.69751,0.69747,0.00000,0.00000,2.00000,2.00000,-4.92399,-4.97519,0.00000,0.00000
5.1500,515,240,0,0,0.01030,0.01049,0.02651,0.02747,0.70054,0.70259,0.69942,0.69911,0.00000,0.00000,2.00000,2.00000,-4.92335,-4.96272,0.00000,0.00000
5.1600,516,240,0,0,0.01012,0.01040,0.02562,0.02701,0.69888,0.70230,0.69933,0.69956,0.00000,0.00000,2.00000,2.00000,-4.94053,-4.95299,0.00000,0.00000
5.1700,517,240,0,0,0.01031,0.01074,0.02653,0.02871,0.69945,0.70014,0.70052,0.70119,0.00000,0.00000,2.00000,2.00000,-4.95573,-4.96650,0.00000,0.00000
5.1800,518,240,0,0,0.01038,0.01055,0.02690,0.02775,0.70039,0.70094,0.69787,0.70341,0.00000,0.00000,2.00000,2.00000,-4.95808,-4.96662,0.00000,0.00000
5.1900,519,240,0,0,0.01049,0.01064,0.02743,0.02821,0.70116,0.69923,0.69747,0.70321,0.00000,0.00000,2.00000,2.00000,-4.97173,-4.99132,0.00000,0.00000
5.2000,520,240,0,0,0.01072,0.01060,0.02860,0.02799,0.69849,0.69841,0.69761,0.70216,0.00000,0.00000,2.00000,2.00000,-4.98005,-5.00078,0.00000,0.00000
5.2100,521,240,0,0,0.01043,0.01045,0.02717,0.02723,0.69860,0.69663,0.69706,0.70437,0.00000,0.00000,2.00000,2.00000,-4.99211,-4.99499,0.00000,0.00000
5.2200,522,240,0,0,0.00994,0.01059,0.02470,0.02793,0.69997,0.69955,0.70060,0.70763,0.00000,0.00000,2.00000,2.00000,-4.99644,-5.01890,0.00000,0.00000
5.2300,523,240,0,0,0.01036,0.01039,0.02678,0.02693,0.70211,0.69853,0.70308,0.70720,0.00000,0.00000,2.00000,2.00000,-5.01067,-5.01831,0.00000,0.00000
5.2400,524,240,0,0,0.01030,0.01005,0.02649,0.02526,0.70168,0.70197,0.70389,0.70586,0.00000,0.00000,2.00000,2.00000,-5.02309,-5.01556,0.00000,0.00000
5.2500,525,240,0,0,0.01003,0.01007,0.02515,0.02537,0.70002,0.70184,0.70318,0.70429,0.00000,0.00000,2.00000,2.00000,-5.02580,-5.02265,0.00000,0.00000
5.2600,526,240,0,0,0.01043,0.00985,0.02713,0.02426,0.70178,0.69888,0.70214,0.70187,0.00000,0.00000,2.00000,2.00000,-5.03745,-5.02071,0.00000,0.00000
5.2700,527,240,0,0,0.01077,0.00977,0.02886,0.02383,0.69863,0.69964,0.70265,0.70285,0.00000,0.00000,2.00000,2.00000,-5.05171,-5.02142,0.00000,0.00000
5.2800,528,240,0,0,0.01110,0.00991,0.03050,0.02456,0.69736,0.70005,0.70158,0.70297,0.00000,0.00000,2.00000,2.00000,-5.05102,-5.03391,0.00000,0.00000
5.2900,529,240,0,0,0.01115,0.00996,0.03076,0.02482,0.69685,0.70082,0.69735,0.70480,0.00000,0.00000,2.00000,2.00000,-5.04495,-5.04452,0.00000,0.00000
5.3000,530,240,0,0,0.01075,0.01017,0.02877,0.02585,0.69749,0.69986,0.69610,0.70288,0.00000,0.00000,2.00000,2.00000,-5.02530,-5.04490,0.00000,0.00000
5.3100,531,240,0,0,0.01056,0.01029,0.02782,0.02643,0.69722,0.70168,0.69549,0.70287,0.00000,0.00000,2.00000,2.00000,-5.01852,-5.05477,0.00000,0.00000
5.3200,532,240,0,0,0.01065,0.01020,0.02825,0.02598,0.69676,0.69764,0.69528,0.70408,0.00000,0.00000,2.00000,2.00000,-5.01460,-5.06874,0.00000,0.00000
5.3300,533,240,0,0,0.01096,0.01018,0.02979,0.02588,0.69663,0.70006,0.69726,0.70339,0.00000,0.00000,2.00000,2.00000,-5.00762,-5.06961,0.00000,0.00000
5.3400,534,240,0,0,0.01057,0.00998,0.02785,0.02489,0.69494,0.69823,0.69766,0.70089,0.00000,0.00000,2.00000,2.00000,-5.02332,-5.06816,0.00000,0.00000
5.3500,535,240,0,0,0.01055,0.00989,0.02777,0.02443,0.69446,0.69957,0.69784,0.70226,0.00000,0.00000,2.00000,2.00000,-5.02603,-5.06528,0.00000,0.00000
5.3600,536,240,0,0,0.01029,0.00993,0.02646,0.02464,0.69374,0.70133,0.70050,0.70136,0.00000,0.00000,2.00000,2.00000,-5.03484,-5.06653,0.00000,0.00000
5.3700,537,240,0,0,0.01015,0.00999,0.02573,0.02497,0.69503,0.70157,0.70271,0.69719,0.00000,0.00000,2.00000,2.00000,-5.04195,-5.06049,0.00000,0.00000
5.3800,538,240,0,0,0.01029,0.00995,0.02645,0.02475,0.69661,0.70252,0.70298,0.70082,0.00000,0.00000,2.00000,2.00000,-5.04707,-5.06560,0.00000,0.00000
5.3900,539,240,0,0,0.01048,0.01018,0.02739,0.02590,0.69818,0.70367,0.70336,0.70117,0.00000,0.00000,2.00000,2.00000,-5.04879,-5.06056,0.00000,0.00000
5.4000,540,240,0,0,0.01060,0.01038,0.02800,0.02688,0.69588,0.70281,0.70356,0.70245,0.00000,0.00000,2.00000,2.00000,-5.05296,-5.06722,0.00000,0.00000
5.4100,541,240,0,0,0.01080,0.01001,0.02898,0.02507,0.69342,0.70424,0.70376,0.70123,0.00000,0.00000,2.00000,2.00000,-5.06396,-5.07360,0.00000,0.00000
5.4200,542,240,0,0,0.01095,0.01003,0.02976,0.02513,0.69423,0.70264,0.70136,0.70084,0.00000,0.00000,2.00000,2.00000,-5.06637,-5.07995,0.00000,0.00000
5.4300,543,240,0,0,0.01079,0.00985,0.02895,0.02425,0.69667,0.69917,0.70218,0.70049,0.00000,0.00000,2.00000,2.00000,-5.05296,-5.08105,0.00000,0.00000
5.4400,544,240,0,0,0.01067,0.00977,0.02833,0.02386,0.69810,0.69904,0.69992,0.70095,0.00000,0.00000,2.00000,2.00000,-5.05451,-5.08803,0.00000,0.00000
5.4500,545,240,0,0,0.01089,0.00961,0.02944,0.02303,0.69836,0.69851,0.70207,0.70157,0.00000,0.00000,2.00000,2.00000,-5.05898,-5.07727,0.00000,0.00000
5.4600,546,240,0,0,0.01075,0.00985,0.02873,0.02427,0.69720,0.69848,0.70246,0.70136,0.00000,0.00000,2.00000,2.00000,-5.05108,-5.08695,0.00000,0.00000
5.4700,547,240,0,0,0.01087,0.00999,0.02933,0.02493,0.69936,0.70024,0.70295,0.70198,0.00000,0.00000,2.00000,2.00000,-5.06112,-5.09311,0.00000,0.00000
5.4800,548,240,0,0,0.01085,0.01032,0.02923,0.02660,0.69831,0.70147,0.70292,0.70340,0.00000,0.00000,2.00000,2.00000,-5.06954,-5.09546,0.00000,0.00000
5.4900,549,240,0,0,0.01089,0.01058,0.02947,0.02790,0.70229,0.70155,0.70143,0.70276,0.00000,0.00000,2.00000,2.00000,-5.08346,-5.10259,0.00000,0.00000
5.5000,550,240,0,0,0.01075,0.01047,0.02875,0.02736,0.70215,0.70246,0.70240,0.70352,0.00000,0.00000,2.00000,2.00000,-5.07953,-5.10347,0.00000,0.00000
5.5100,551,240,0,0,0.01110,0.01062,0.03050,0.02808,0.70458,0.69895,0.70247,0.70129,0.00000,0.00000,2.00000,2.00000,-5.08305,-5.10019,0.00000,0.00000
5.5200,552,240,0,0,0.01153,0.01029,0.03266,0.02647,0.70247,0.69867,0.70112,0.70016,0.00000,0.00000,2.00000,2.00000,-5.07378,-5.08758,0.00000,0.00000
5.5300,553,240,0,0,0.01125,0.00955,0.03123,0.02277,0.70172,0.69771,0.69973,0.70004,0.00000,0.00000,2.00000,2.00000,-5.06808,-5.09612,0.00000,0.00000
5.5400,554,240,0,0,0.01091,0.00972,0.02954,0.02358,0.70192,0.69771,0.69851,0.69885,0.00000,0.00000,2.00000,2.00000,-5.06645,-5.10746,0.00000,0.00000
5.5500,555,240,0,0,0.01077,0.01040,0.02885,0.02699,0.70042,0.69730,0.70124,0.69573,0.00000,0.00000,2.00000,2.00000,-5.06052,-5.11105,0.00000,0.00000
5.5600,556,240,0,0,0.01063,0.01035,0.02814,0.02677,0.70024,0.69746,0.70008,0.69704,0.00000,0.00000,2.00000,2.00000,-5.05588,-5.10843,0.00000,0.00000
5.5700,557,240,0,0,0.01070,0.01038,0.02851,0.02689,0.70305,0.69605,0.69837,0.69604,0.00000,0.00000,2.00000,2.00000,-5.04285,-5.10805,0.00000,0.00000
5.5800,558,240,0,0,0.01038,0.01056,0.02692,0.02778,0.70312,0.69986,0.70082,0.69414,0.00000,0.00000,2.00000,2.00000,-5.03734,-5.08432,0.00000,0.00000
5.5900,559,240,0,0,0.01068,0.01058,0.02840,0.02791,0.70228,0.69878,0.70159,0.69670,0.00000,0.00000,2.00000,2.00000,-5.04226,-5.07922,0.00000,0.00000
5.6000,560,240,0,0,0.01019,0.01024,0.02597,0.02622,0.70079,0.70175,0.70102,0.69569,0.00000,0.00000,2.00000,2.00000,-5.05094,-5.07242,0.00000,0.00000
5.6100,561,240,0,0,0.00986,0.01030,0.02432,0.02650,0.70090,0.69748,0.69917,0.69599,0.00000,0.00000,2.00000,2.00000,-5.05114,-5.06580,0.00000,0.00000
5.6200,562,240,0,0,0.00996,0.01043,0.02481,0.02717,0.69884,0.69932,0.70166,0.70065,0.00000,0.00000,2.00000,2.00000,-5.04606,-5.06380,0.00000,0.00000
5.6300,563,240,0,0,0.00988,0.01018,0.02440,0.02589,0.69720,0.69851,0.70170,0.70084,0.00000,0.00000,2.00000,2.00000,-5.04048,-5.05731,0.00000,0.00000
5.6400,564,240,0,0,0.01012,0.01004,0.02561,0.02520,0.69672,0.69627,0.69970,0.69866,0.00000,0.00000,2.00000,2.00000,-5.04069,-5.05264,0.00000,0.00000
5.6500,565,240,0,0,0.01018,0.00988,0.02592,0.02441,0.69760,0.69392,0.69978,0.69720,0.00000,0.00000,2.00000,2.00000,-5.03869,-5.03403,0.00000,0.00000
5.6600,566,240,0,0,0.01034,0.01019,0.02668,0.02595,0.69644,0.69574,0.69857,0.69751,0.00000,0.00000,2.00000,2.00000,-5.02718,-5.02054,0.00000,0.00000
5.6700,567,240,0,0,0.01045,0.01003,0.02723,0.02517,0.69522,0.69855,0.69811,0.70151,0.00000,0.00000,2.00000,2.00000,-5.01595,-5.02460,0.00000,0.00000
5.6800,568,240,0,0,0.01043,0.01046,0.02715,0.02729,0.69750,0.69753,0.69958,0.70144,0.00000,0.00000,2.00000,2.00000,-5.00750,-5.02497,0.00000,0.00000
5.6900,569,240,0,0,0.01053,0.01022,0.02763,0.02609,0.69508,0.69793,0.69971,0.70439,0.00000,0.00000,2.00000,2.00000,-4.99170,-5.02447,0.00000,0.00000
5.7000,570,240,0,0,0.00956,0.00990,0.02278,0.02449,0.50357,0.50880,0.69958,0.70388,0.60000,0.00000,2.00000,2.00000,-3.19895,-5.01716,0.00000,0.00000
5.7100,571,240,0,0,0.00877,0.00992,0.01886,0.02459,0.36557,0.37040,0.69874,0.70295,0.60578,0.00000,3.00000,2.00000,-1.73637,-4.99622,0.00000,0.00000
5.7200,572,240,0,0,0.00859,0.01004,0.01796,0.02519,0.26284,0.27211,0.70062,0.70272,0.61156,0.00000,3.00000,2.00000,-0.51411,-4.99545,0.00000,0.00000
5.7300,573,240,0,0,0.00815,0.01017,0.01575,0.02583,0.19304,0.19948,0.70098,0.70078,0.61734,0.00000,3.00000,2.00000,0.54530,-4.99153,0.00000,0.00000
5.7400,574,240,0,0,0.00827,0.01036,0.01637,0.02680,0.13983,0.14622,0.70110,0.70154,0.62312,0.00000,3.00000,2.00000,1.50392,-4.98907,0.00000,0.00000
5.7500,575,240,0,0,0.00793,0.01036,0.01463,0.02679,0.10501,0.10886,0.70121,0.70184,0.62890,0.00000,3.00000,2.00000,2.37376,-4.99975,0.00000,0.00000
5.7600,576,240,0,0,0.00758,0.01069,0.01290,0.02843,0.07812,0.07761,0.70156,0.70222,0.63468,0.00000,3.00000,2.00000,3.18188,-5.01265,0.00000,0.00000
5.7700,577,240,0,0,0.00743,0.01054,0.01213,0.02770,0.05589,0.05714,0.70290,0.70325,0.64046,0.00000,3.00000,2.00000,3.97389,-5.01022,0.00000,0.00000
5.7800,578,240,0,0,0.00734,0.01021,0.01169,0.02607,0.03820,0.04179,0.70042,0.70109,0.64624,0.00000,3.00000,2.00000,4.75671,-5.01836,0.00000,0.00000
5.7900,579,240,0,0,0.00741,0.01042,0.01203,0.02710,0.02593,0.03162,0.69764,0.69712,0.65202,0.00000,3.00000,2.00000,5.53609,-5.00614,0.00000,0.00000
5.8000,580,240,0,0,0.00728,0.01067,0.01140,0.02833,0.01762,0.02046,0.69870,0.69758,0.65780,0.00000,3.00000,2.00000,6.30791,-5.00774,0.00000,0.00000
5.8100,581,240,0,0,0.00761,0.01053,0.01306,0.02766,0.01242,0.01460,0.69930,0.69902,0.66358,0.00000,3.00000,2.00000,7.08510,-5.01449,0.00000,0.00000
5.8200,582,240,0,0,0.00719,0.00998,0.01096,0.02491,0.00980,0.01193,0.69698,0.70015,0.66936,0.00000,3.00000,2.00000,7.86468,-5.02246,0.00000,0.00000
5.8300,583,240,0,0,0.00716,0.00974,0.01078,0.02370,0.00898,0.01021,0.69918,0.69844,0.67514,0.00000,3.00000,2.00000,8.65621,-5.01852,0.00000,0.00000
5.8400,584,240,0,0,0.00699,0.00995,0.00996,0.02473,0.00286,0.00985,0.70178,0.69753,0.68092,0.00000,3.00000,2.00000,9.46724,-5.01160,0.00000,0.00000
5.8500,585,240,0,0,0.00696,0.01012,0.00979,0.02562,0.00473,0.00834,0.70298,0.70012,0.68670,0.00000,3.00000,2.00000,10.29230,-4.98798,0.00000,0.00000
5.8600,586,240,0,0,0.00671,0.00996,0.00853,0.02478,0.00507,0.00406,0.70274,0.69929,0.69248,0.00000,3.00000,2.00000,11.13792,-4.97774,0.00000,0.00000
5.8700,587,240,0,0,0.00703,0.00998,0.01013,0.02492,0.00249,0.00155,0.70015,0.69735,0.69826,0.00000,3.00000,2.00000,11.99537,-4.98943,0.00000,0.00000
5.8800,588,240,0,0,0.00708,0.01006,0.01040,0.02528,0.00244,0.00287,0.70239,0.69748,0.70404,0.00000,3.00000,2.00000,12.85839,-4.99155,0.00000,0.00000
5.8900,589,240,0,0,0.00719,0.00991,0.01096,0.02456,0.00202,0.00049,0.70452,0.70009,0.70982,0.00000,3.00000,2.00000,13.72376,-4.99502,0.00000,0.00000
5.9000,590,240,0,0,0.00725,0.01018,0.01125,0.02590,0.00000,0.00002,0.70355,0.70141,0.71560,0.00000,3.00000,2.00000,14.60243,-4.99048,0.00000,0.00000
5.9100,591,240,0,0,0.00744,0.01064,0.01219,0.02818,0.00000,0.00000,0.70486,0.69881,0.72138,0.00000,3.00000,2.00000,15.49144,-4.99172,0.00000,0.00000
5.9200,592,240,0,0,0.00773,0.01027,0.01363,0.02635,0.00000,0.00311,0.70189,0.69813,0.72716,0.00000,3.00000,2.00000,16.39575,-4.99778,0.00000,0.00000
5.9300,593,240,0,0,0.00825,0.01035,0.01625,0.02676,0.00000,0.00212,0.70182,0.69771,0.73294,0.00000,3.00000,2.00000,17.30187,-4.98702,0.00000,0.00000
5.9400,594,240,0,0,0.00780,0.00996,0.01401,0.02480,0.00000,0.00125,0.70007,0.69980,0.73872,0.00000,3.00000,2.00000,18.21134,-4.99071,0.00000,0.00000
5.9500,595,240,0,0,0.00779,0.00983,0.01395,0.02413,0.00000,0.00231,0.69840,0.70172,0.74450,0.00000,3.00000,2.00000,19.13154,-4.97768,0.00000,0.00000
5.9600,596,240,0,0,0.00799,0.00975,0.01496,0.02375,0.00000,0.00246,0.69787,0.70140,0.75028,0.00000,3.00000,2.00000,20.05985,-4.95816,0.00000,0.00000
5.9700,597,240,0,0,0.00763,0.01003,0.01316,0.02514,0.00000,0.00152,0.69939,0.69712,0.75606,0.00000,3.00000,2.00000,20.99776,-4.96091,0.00000,0.00000
5.9800,598,240,0,0,0.00761,0.01000,0.01303,0.02499,0.00000,0.00000,0.70233,0.69738,0.76184,0.00000,3.00000,2.00000,21.93505,-4.93973,0.00000,0.00000
5.9900,599,240,0,0,0.00760,0.00997,0.01300,0.02487,0.00000,0.00000,0.69957,0.69762,0.76762,0.00000,3.00000,2.00000,22.86561,-4.93255,0.00000,0.00000
6.0000,600,240,0,0,0.00783,0.01016,0.01415,0.02580,0.00000,0.00000,0.69795,0.69698,0.77340,0.00000,3.00000,2.00000,23.79027,-4.91753,0.00000,0.00000
6.0100,601,240,0,0,0.00769,0.01009,0.01345,0.02546,0.00014,0.00000,0.70079,0.70241,0.77918,0.00000,3.00000,2.00000,24.71436,-4.91462,0.00000,0.00000
6.0200,602,240,0,0,0.00787,0.00997,0.01437,0.02485,0.00000,0.00000,0.70391,0.70137,0.78496,0.00000,3.00000,2.00000,25.65178,-4.92376,0.00000,0.00000
6.0300,603,240,0,0,0.00823,0.00962,0.01615,0.02310,0.00000,0.00000,0.70420,0.70131,0.79074,0.00000,3.00000,2.00000,26.57460,-4.91627,0.00000,0.00000
6.0400,604,240,0,0,0.00841,0.00964,0.01705,0.02320,0.00027,0.00000,0.70432,0.70170,0.79652,0.00000,3.00000,2.00000,27.49581,-4.93023,0.00000,0.00000
6.0500,605,240,0,0,0.00886,0.00975,0.01928,0.02377,0.00000,0.00000,0.70441,0.70263,0.80230,0.00000,3.00000,2.00000,28.40570,-4.92107,0.00000,0.00000
6.0600,606,240,0,0,0.00976,0.00991,0.02381,0.02455,0.00032,0.00000,0.70209,0.70321,0.80808,0.00000,3.00000,2.00000,29.30680,-4.91293,0.00000,0.00000
6.0700,607,240,0,0,0.00999,0.01043,0.02493,0.02717,0.00032,0.00077,0.70305,0.70202,0.81386,0.00000,3.00000,2.00000,30.20495,-4.91192,0.00000,0.00000
6.0800,608,240,0,0,0.01055,0.01036,0.02775,0.02679,0.00098,0.00255,0.70031,0.70031,0.81964,0.00000,3.00000,2.00000,31.08720,-4.91503,0.00000,0.00000
6.0900,609,240,0,0,0.01091,0.01037,0.02956,0.02683,0.00069,0.00280,0.70067,0.69955,0.82542,0.00000,3.00000,2.00000,31.96244,-4.90639,0.00000,0.00000
6.1000,610,240,0,0,0.01147,0.01094,0.03233,0.02969,0.00000,0.00096,0.70070,0.69881,0.83120,0.00000,3.00000,2.00000,32.81088,-4.91512,0.00000,0.00000
6.1100,611,240,0,0,0.01181,0.01049,0.03405,0.02744,0.00206,0.00191,0.69917,0.69961,0.83698,0.00000,3.00000,2.00000,33.66166,-4.92620,0.00000,0.00000
6.1200,612,240,0,0,0.01234,0.01017,0.03668,0.02587,0.00517,0.00217,0.69889,0.69717,0.84276,0.00000,3.00000,2.00000,34.50979,-4.92894,0.00000,0.00000
6.1300,613,240,0,0,0.01255,0.01015,0.03773,0.02576,0.00590,0.00269,0.69847,0.70017,0.84854,0.00000,3.00000,2.00000,35.32192,-4.93667,0.00000,0.00000
6.1400,614,240,0,0,0.01288,0.01019,0.03939,0.02596,0.00654,0.00413,0.70045,0.69868,0.85432,0.00000,3.00000,2.00000,36.11773,-4.95206,0.00000,0.00000
6.1500,615,240,0,0,0.01377,0.01049,0.04387,0.02746,0.00257,0.00372,0.69966,0.69764,0.86010,0.00000,3.00000,2.00000,36.89084,-4.96062,0.00000,0.00000
6.1600,616,240,0,0,0.01432,0.01062,0.04659,0.02811,0.00243,0.00000,0.70009,0.69998,0.86588,0.00000,3.00000,2.00000,37.65559,-4.97640,0.00000,0.00000
6.1700,617,240,0,0,0.01459,0.01061,0.04794,0.02804,0.00227,0.00000,0.70096,0.70165,0.87166,0.00000,3.00000,2.00000,38.39119,-4.97110,0.00000,0.00000
6.1800,618,240,0,0,0.01451,0.01051,0.04753,0.02755,0.00259,0.00000,0.70231,0.70204,0.87744,0.00000,3.00000,2.00000,39.10942,-4.97863,0.00000,0.00000
6.1900,619,240,0,0,0.01500,0.01022,0.04998,0.02611,0.00346,0.00000,0.70164,0.70508,0.88322,0.00000,3.00000,2.00000,39.80730,-4.98155,0.00000,0.00000
6.2000,620,240,0,0,0.01546,0.01001,0.05229,0.02504,0.00103,0.00000,0.70264,0.70298,0.88900,0.00000,3.00000,2.00000,40.47790,-4.98221,0.00000,0.00000
6.2100,621,240,0,0,0.01571,0.01000,0.05354,0.02498,0.00000,0.00000,0.70330,0.70188,0.89478,0.00000,3.00000,2.00000,41.13636,-4.99344,0.00000,0.00000
6.2200,622,240,0,0,0.01543,0.01027,0.05215,0.02633,0.00000,0.00000,0.70248,0.70295,0.90056,0.00000,3.00000,2.00000,41.75628,-4.99566,0.00000,0.00000
6.2300,623,240,0,0,0.01496,0.01003,0.04978,0.02517,0.00000,0.00000,0.70108,0.70213,0.90634,0.00000,3.00000,2.00000,42.36710,-5.00547,0.00000,0.00000
6.2400,624,240,0,0,0.01490,0.01041,0.04949,0.02704,0.00000,0.00000,0.70100,0.69783,0.91212,0.00000,3.00000,2.00000,42.93729,-5.00626,0.00000,0.00000
6.2500,625,240,0,0,0.01427,0.01058,0.04637,0.02791,0.00000,0.00000,0.70060,0.69614,0.91790,0.00000,3.00000,2.00000,43.48582,-5.00911,0.00000,0.00000
6.2600,626,240,0,0,0.01432,0.01052,0.04661,0.02759,0.00000,0.00000,0.69984,0.69724,0.92368,0.00000,3.00000,2.00000,44.01203,-5.00144,0.00000,0.00000
6.2700,627,240,0,0,0.01399,0.01068,0.04496,0.02842,0.00000,0.00000,0.70013,0.69866,0.92946,0.00000,3.00000,2.00000,44.50305,-4.98862,0.00000,0.00000
6.2800,628,240,0,0,0.01311,0.01055,0.04055,0.02776,0.00000,0.00000,0.69848,0.70135,0.93524,0.00000,3.00000,2.00000,44.98087,-4.98645,0.00000,0.00000
6.2900,629,240,0,0,0.01284,0.01018,0.03922,0.02591,0.00000,0.00000,0.70088,0.70128,0.94102,0.00000,3.00000,2.00000,45.41516,-4.98629,0.00000,0.00000
6.3000,630,240,0,0,0.01207,0.01028,0.03534,0.02639,0.00000,0.00000,0.70198,0.70220,0.94680,0.00000,3.00000,2.00000,45.82264,-4.99247,0.00000,0.00000
6.3100,631,240,0,0,0.01156,0.01027,0.03278,0.02635,0.00000,0.00018,0.70274,0.69815,0.95258,0.00000,3.00000,2.00000,46.19574,-4.98794,0.00000,0.00000
6.3200,632,240,0,0,0.01103,0.01079,0.03017,0.02896,0.00000,0.00000,0.69952,0.70013,0.95836,0.00000,3.00000,2.00000,46.54187,-4.99198,0.00000,0.00000
6.3300,633,240,0,0,0.01041,0.01062,0.02707,0.02810,0.00000,0.00000,0.69874,0.69822,0.96414,0.00000,3.00000,2.00000,46.84697,-4.99943,0.00000,0.00000
6.3400,634,240,0,0,0.00999,0.01079,0.02493,0.02897,0.00000,0.00000,0.70140,0.69632,0.96992,0.00000,3.00000,2.00000,47.12648,-4.99559,0.00000,0.00000
6.3500,635,240,0,0,0.00958,0.01083,0.02288,0.02915,0.00000,0.00045,0.70125,0.69659,0.97570,0.00000,3.00000,2.00000,47.37379,-4.99604,0.00000,0.00000
6.3600,636,240,0,0,0.00926,0.01108,0.02132,0.03040,0.00000,0.00000,0.69651,0.69460,0.98148,0.00000,3.00000,2.00000,47.59321,-4.99057,0.00000,0.00000
6.3700,637,240,0,0,0.00919,0.01139,0.02093,0.03197,0.00039,0.00000,0.69804,0.69622,0.98726,0.00000,3.00000,2.00000,47.77393,-4.99630,0.00000,0.00000
6.3800,638,240,0,0,0.00878,0.01082,0.01888,0.02909,0.00514,0.00230,0.69588,0.69715,0.99304,0.00000,3.00000,2.00000,47.90911,-4.97362,0.00000,0.00000
6.3900,639,240,0,0,0.00818,0.01063,0.01589,0.02817,0.00323,0.00188,0.69847,0.69781,0.99882,0.00000,3.00000,2.00000,48.01534,-4.96664,0.00000,0.00000
6.4000,640,240,0,0,0.01075,0.01055,0.02876,0.02775,0.00258,0.04721,0.69826,0.69791,0.00452,0.00000,0.00000,2.00000,48.10207,-4.96756,0.00000,0.00000
6.4100,641,240,0,0,0.01271,0.01038,0.03854,0.02692,0.00346,0.12941,0.69676,0.69992,0.01020,0.00000,0.00000,2.00000,48.15310,-4.96442,0.00000,0.00000
6.4200,642,240,0,0,0.01445,0.01059,0.04726,0.02795,0.00091,0.24287,0.69579,0.69947,0.01588,0.00000,0.00000,2.00000,48.16486,-4.97132,0.00000,0.00000
6.4300,643,240,0,0,0.01651,0.01080,0.05754,0.02899,0.00000,0.38011,0.69734,0.69731,0.02156,0.00000,0.00000,2.00000,48.14168,-4.97707,0.00000,0.00000
6.4400,644,240,0,0,0.01830,0.01023,0.06652,0.02617,0.00000,0.52789,0.69667,0.69990,0.02725,0.00000,0.00000,2.00000,48.07593,-4.98603,0.00000,0.00000
6.4500,645,240,0,0,0.01993,0.01004,0.07465,0.02521,0.00000,0.68799,0.69578,0.70058,0.03293,0.00000,0.00000,2.00000,47.97425,-4.98180,0.00000,0.00000
6.4600,646,240,0,0,0.02198,0.01004,0.08489,0.02519,0.00075,0.85856,0.69771,0.69854,0.03861,0.00000,0.00000,2.00000,47.83325,-4.99411,0.00000,0.00000
6.4700,647,240,0,0,0.02345,0.01044,0.09227,0.02719,0.00027,1.03586,0.69975,0.69685,0.04429,0.00000,0.00000,2.00000,47.64898,-4.99693,0.00000,0.00000
6.4800,648,240,0,0,0.02499,0.01076,0.09994,0.02881,0.00000,1.16379,0.69983,0.69587,0.04998,0.00000,0.00000,2.00000,47.42419,-5.00357,0.00000,0.00000
6.4900,649,240,0,0,0.02666,0.01030,0.10832,0.02648,0.00000,1.25341,0.69878,0.69795,0.05566,0.00000,1.00000,2.00000,47.17331,-5.00392,0.00000,0.00000
6.5000,650,240,0,0,0.02863,0.01012,0.11815,0.02560,0.00029,1.32132,0.69959,0.69634,0.06134,0.00000,1.00000,2.00000,46.88345,-5.00203,0.00000,0.00000
6.5100,651,240,0,0,0.03018,0.01038,0.12589,0.02690,0.00000,1.36892,0.70035,0.69768,0.06702,0.00000,1.00000,2.00000,46.55458,-5.01855,0.00000,0.00000
6.5200,652,240,0,0,0.03147,0.01037,0.13235,0.02687,0.00016,1.40377,0.70367,0.69903,0.07270,0.00000,1.00000,2.00000,46.19177,-5.03178,0.00000,0.00000
6.5300,653,240,0,0,0.03271,0.01056,0.13853,0.02781,0.00000,1.43000,0.70351,0.70137,0.07839,0.00000,1.00000,2.00000,45.79519,-5.02753,0.00000,0.00000
6.5400,654,240,0,0,0.03370,0.01028,0.14350,0.02639,0.00219,1.44804,0.70309,0.69938,0.08407,0.00000,1.00000,2.00000,45.36590,-5.02760,0.00000,0.00000
6.5500,655,240,0,0,0.03506,0.01023,0.15028,0.02615,0.00091,1.46234,0.70419,0.69908,0.08975,0.00000,1.00000,2.00000,44.90104,-5.02616,0.00000,0.00000
6.5600,656,240,0,0,0.03646,0.01001,0.15731,0.02503,0.00013,1.47190,0.70331,0.69955,0.09543,0.00000,1.00000,2.00000,44.40570,-5.01589,0.00000,0.00000
6.5700,657,240,0,0,0.03691,0.00912,0.15957,0.02062,0.02985,1.47884,0.50866,0.83662,0.10112,0.60285,1.00000,3.00000,43.87087,-6.23898,0.00000,0.00000
6.5800,658,240,0,0,0.03797,0.00880,0.16483,0.01899,0.07902,1.48553,0.37073,0.91444,0.10680,0.60863,1.00000,3.00000,43.31849,-6.92734,0.00000,0.00000
6.5900,659,240,0,0,0.03848,0.00819,0.16742,0.01593,0.14300,1.49205,0.26790,0.94768,0.11248,0.61441,1.00000,3.00000,42.72569,-7.20685,0.00000,0.00000
6.6000,660,240,0,0,0.03876,0.00795,0.16882,0.01474,0.21972,1.49406,0.19593,0.94395,0.11816,0.62019,1.00000,3.00000,42.09195,-7.19119,0.00000,0.00000
6.6100,661,240,0,0,0.03897,0.00758,0.16986,0.01290,0.30481,1.49745,0.13805,0.91889,0.12384,0.62597,1.00000,3.00000,41.43288,-6.93934,0.00000,0.00000
6.6200,662,240,0,0,0.03906,0.00731,0.17028,0.01157,0.39692,1.49770,0.10228,0.86987,0.12953,0.63175,1.00000,3.00000,40.73946,-6.51807,0.00000,0.00000
6.6300,663,240,0,0,0.03934,0.00746,0.17172,0.01232,0.49045,1.49667,0.07316,0.81221,0.13521,0.63753,1.00000,3.00000,40.02436,-5.97784,0.00000,0.00000
6.6400,664,240,0,0,0.03911,0.00739,0.17054,0.01196,0.58581,1.49917,0.05106,0.74587,0.14089,0.64331,1.00000,3.00000,39.29444,-5.32186,0.00000,0.00000
6.6500,665,240,0,0,0.03889,0.00741,0.16944,0.01207,0.68675,1.49737,0.03723,0.67080,0.14657,0.64909,1.00000,3.00000,38.51803,-4.57905,0.00000,0.00000
6.6600,666,240,0,0,0.03795,0.00734,0.16475,0.01172,0.78961,1.49631,0.02771,0.58972,0.15226,0.65487,1.00000,3.00000,37.71404,-3.75986,0.00000,0.00000
6.6700,667,240,0,0,0.03729,0.00700,0.16147,0.01002,0.89022,1.49754,0.01943,0.50536,0.15794,0.66065,1.00000,3.00000,36.89199,-2.90101,0.00000,0.00000
6.6800,668,240,0,0,0.03636,0.00687,0.15682,0.00934,0.99502,1.49724,0.01380,0.42092,0.16362,0.66643,1.00000,3.00000,36.04852,-1.99491,0.00000,0.00000
6.6900,669,240,0,0,0.03510,0.00683,0.15052,0.00915,1.09716,1.50000,0.00890,0.33268,0.16930,0.67221,1.00000,3.00000,35.18561,-1.04035,0.00000,0.00000
6.7000,670,240,0,0,0.03384,0.00673,0.14420,0.00864,1.20580,1.50000,0.00869,0.24472,0.17498,0.67799,1.00000,3.00000,34.28812,-0.04032,0.00000,0.00000
6.7100,671,240,0,0,0.03274,0.00695,0.13870,0.00976,1.28606,1.49917,0.00638,0.17440,0.18067,0.68377,1.00000,3.00000,33.37297,0.99182,0.00000,0.00000
6.7200,672,240,0,0,0.03131,0.00736,0.13153,0.01178,1.34193,1.50000,0.00473,0.12428,0.18635,0.68955,1.00000,3.00000,32.44599,2.03929,0.00000,0.00000
6.7300,673,240,0,0,0.03004,0.00735,0.12521,0.01176,1.38545,1.50000,0.00305,0.08901,0.19203,0.69533,1.00000,3.00000,31.49452,3.11221,0.00000,0.00000
6.7400,674,240,0,0,0.02874,0.00713,0.11868,0.01065,1.41320,1.49785,0.00302,0.06798,0.19771,0.70111,1.00000,3.00000,30.54963,4.20766,0.00000,0.00000
6.7500,675,240,0,0,0.02727,0.00720,0.11135,0.01101,1.42709,1.49598,0.00330,0.04827,0.20340,0.70689,1.00000,3.00000,29.55174,5.31956,0.00000,0.00000
6.7600,676,240,0,0,0.02589,0.00707,0.10445,0.01035,1.43710,1.49530,0.00029,0.03714,0.20908,0.71267,1.00000,3.00000,28.55627,6.45790,0.00000,0.00000
6.7700,677,240,0,0,0.02455,0.00693,0.09775,0.00967,1.44086,1.49781,0.00050,0.02857,0.21476,0.71845,1.00000,3.00000,27.54757,7.61129,0.00000,0.00000
6.7800,678,240,0,0,0.02332,0.00731,0.09159,0.01157,1.44211,1.49577,0.00049,0.01953,0.22044,0.72423,1.00000,3.00000,26.52512,8.76145,0.00000,0.00000
6.7900,679,240,0,0,0.02188,0.00764,0.08440,0.01322,1.43845,1.49494,0.00097,0.01545,0.22612,0.73001,1.00000,3.00000,25.50161,9.93622,0.00000,0.00000
6.8000,680,240,0,0,0.02060,0.00807,0.07798,0.01536,1.43733,1.49984,0.00000,0.01351,0.23181,0.73579,1.00000,3.00000,24.46276,11.11589,0.00000,0.00000
6.8100,681,240,0,0,0.01944,0.00838,0.07220,0.01692,1.43204,1.50000,0.00000,0.00864,0.23749,0.74157,1.00000,3.00000,23.41658,12.30137,0.00000,0.00000
6.8200,682,240,0,0,0.01851,0.00853,0.06753,0.01764,1.42798,1.50000,0.00000,0.00217,0.24317,0.74735,1.00000,3.00000,22.37131,13.50382,0.00000,0.00000
6.8300,683,240,0,0,0.01720,0.00818,0.06098,0.01592,1.42185,1.50000,0.00000,0.00134,0.24885,0.75313,1.00000,3.00000,21.31420,14.70876,0.00000,0.00000
6.8400,684,240,0,0,0.01573,0.00841,0.05367,0.01705,1.41223,1.50000,0.00000,0.00122,0.25454,0.75891,1.00000,3.00000,20.25065,15.91459,0.00000,0.00000
6.8500,685,240,0,0,0.01480,0.00806,0.04899,0.01532,1.40332,1.50000,0.00000,0.00260,0.26022,0.76469,1.00000,3.00000,19.18086,17.11883,0.00000,0.00000
6.8600,686,240,0,0,0.01397,0.00801,0.04486,0.01503,1.39748,1.50000,0.00000,0.00109,0.26590,0.77047,1.00000,3.00000,18.12194,18.32550,0.00000,0.00000
6.8700,687,240,0,0,0.01315,0.00780,0.04073,0.01402,1.38575,1.49998,0.00000,0.00011,0.27158,0.77625,1.00000,3.00000,17.04926,19.53467,0.00000,0.00000
6.8800,688,240,0,0,0.01254,0.00817,0.03768,0.01585,1.37748,1.50000,0.00013,0.00000,0.27726,0.78203,1.00000,3.00000,15.99268,20.74623,0.00000,0.00000
6.8900,689,240,0,0,0.01159,0.00781,0.03294,0.01404,1.37104,1.50000,0.00000,0.00130,0.28295,0.78781,1.00000,3.00000,14.92684,21.95250,0.00000,0.00000
6.9000,690,240,0,0,0.01078,0.00825,0.02888,0.01623,1.36050,1.49837,0.00051,0.00058,0.28863,0.79359,1.00000,3.00000,13.88312,23.14085,0.00000,0.00000
6.9100,691,240,0,0,0.01017,0.00872,0.02586,0.01860,1.35063,1.49959,0.00000,0.00115,0.29431,0.79937,1.00000,3.00000,12.82985,24.32943,0.00000,0.00000
6.9200,692,240,0,0,0.00944,0.00895,0.02218,0.01973,1.33291,1.50000,0.00000,0.00118,0.29999,0.80515,1.00000,3.00000,11.78358,25.51507,0.00000,0.00000
6.9300,693,240,0,0,0.00895,0.00956,0.01976,0.02282,1.28941,1.50000,0.00000,0.00119,0.30568,0.81093,1.00000,3.00000,10.74462,26.66805,0.00000,0.00000
6.9400,694,240,0,0,0.00852,0.00999,0.01761,0.02497,1.22873,1.50000,0.00000,0.00115,0.31136,0.81671,1.00000,3.00000,9.71696,27.82002,0.00000,0.00000
6.9500,695,240,0,0,0.00862,0.01022,0.01809,0.02610,1.15634,1.49788,0.00000,0.00059,0.31704,0.82249,1.00000,3.00000,8.70555,28.95852,0.00000,0.00000
6.9600,696,240,0,0,0.00827,0.01086,0.01636,0.02930,1.07224,1.49713,0.00000,0.00000,0.32272,0.82827,1.00000,3.00000,7.69731,30.08099,0.00000,0.00000
6.9700,697,240,0,0,0.00773,0.01154,0.01367,0.03272,0.98075,1.49883,0.00000,0.00099,0.32840,0.83405,1.00000,3.00000,6.70388,31.19469,0.00000,0.00000
6.9800,698,240,0,0,0.00784,0.01222,0.01422,0.03609,0.88499,1.50000,0.00000,0.00157,0.33409,0.83983,1.00000,3.00000,5.72290,32.28243,0.00000,0.00000
6.9900,699,240,0,0,0.00791,0.01276,0.01455,0.03880,0.78840,1.50000,0.00000,0.00054,0.33977,0.84561,1.00000,3.00000,4.76938,33.35371,0.00000,0.00000
7.0000,700,240,0,0,0.00773,0.01321,0.01364,0.04106,0.69253,1.49805,0.00000,0.00000,0.34545,0.85139,1.00000,3.00000,3.82281,34.40114,0.00000,0.00000
7.0100,701,240,0,0,0.00748,0.01358,0.01239,0.04289,0.58842,1.49928,0.00000,0.00015,0.35113,0.85717,1.00000,3.00000,2.89633,35.43239,0.00000,0.00000
7.0200,702,240,0,0,0.00758,0.01405,0.01290,0.04523,0.48539,1.50000,0.00099,0.00000,0.35682,0.86295,1.00000,3.00000,2.00388,36.43745,0.00000,0.00000
7.0300,703,240,0,0,0.00722,0.01459,0.01112,0.04797,0.38011,1.50000,0.00271,0.00245,0.36250,0.86873,1.00000,3.00000,1.10924,37.42277,0.00000,0.00000
7.0400,704,240,0,0,0.00746,0.01488,0.01229,0.04942,0.27741,1.50000,0.00441,0.00077,0.36818,0.87451,1.00000,3.00000,0.23979,38.36697,0.00000,0.00000
7.0500,705,240,0,0,0.00746,0.01496,0.01231,0.04979,0.19894,1.49870,0.00452,0.00083,0.37386,0.88029,1.00000,3.00000,-0.59456,39.28767,0.00000,0.00000
7.0600,706,240,0,0,0.00771,0.01522,0.01353,0.05110,0.14221,1.49961,0.00529,0.00055,0.37954,0.88607,1.00000,3.00000,-1.40361,40.17155,0.00000,0.00000
7.0700,707,240,0,0,0.00765,0.01519,0.01323,0.05095,0.10161,1.49835,0.00370,0.00000,0.38523,0.89185,1.00000,3.00000,-2.18331,41.03031,0.00000,0.00000
7.0800,708,240,0,0,0.00788,0.01545,0.01439,0.05226,0.07578,1.49891,0.00298,0.00000,0.39091,0.89763,1.00000,3.00000,-2.94330,41.86632,0.00000,0.00000
7.0900,709,240,0,0,0.00784,0.01489,0.01418,0.04943,0.05345,1.49002,0.00000,0.00000,0.39659,0.90341,1.00000,3.00000,-3.67903,42.66794,0.00000,0.00000
7.1000,710,240,0,0,0.00764,0.01464,0.01321,0.04819,0.03923,1.45237,0.00087,0.00000,0.40227,0.90919,1.00000,3.00000,-4.38188,43.43508,0.00000,0.00000
7.1100,711,240,0,0,0.00783,0.01421,0.01415,0.04607,0.02427,1.40051,0.00178,0.00000,0.40796,0.91497,1.00000,3.00000,-5.07023,44.15978,0.00000,0.00000
7.1200,712,240,0,0,0.00755,0.01384,0.01273,0.04418,0.01786,1.33920,0.00162,0.00000,0.41364,0.92075,1.00000,3.00000,-5.72487,44.85272,0.00000,0.00000
7.1300,713,240,0,0,0.00736,0.01368,0.01178,0.04339,0.01240,1.27004,0.00017,0.00000,0.41932,0.92653,1.00000,3.00000,-6.34040,45.50827,0.00000,0.00000
7.1400,714,240,0,0,0.00707,0.01352,0.01037,0.04258,0.00788,1.19186,0.00000,0.00000,0.42500,0.93231,2.00000,3.00000,-6.91237,46.12685,0.00000,0.00000
7.1500,715,240,0,0,0.00704,0.01290,0.01019,0.03950,0.00547,1.11100,0.00000,0.00000,0.43068,0.93809,2.00000,3.00000,-7.47171,46.71145,0.00000,0.00000
7.1600,716,240,0,0,0.00716,0.01211,0.01081,0.03553,0.00298,1.02293,0.00000,0.00000,0.43637,0.94387,2.00000,3.00000,-7.99532,47.24991,0.00000,0.00000
7.1700,717,240,0,0,0.00734,0.01201,0.01172,0.03503,0.00217,0.93363,0.00000,0.00000,0.44205,0.94965,2.00000,3.00000,-8.48723,47.75757,0.00000,0.00000
7.1800,718,240,0,0,0.00712,0.01093,0.01058,0.02964,0.00015,0.84328,0.00000,0.00000,0.44773,0.95543,2.00000,3.00000,-8.94712,48.21880,0.00000,0.00000
7.1900,719,240,0,0,0.00729,0.01049,0.01147,0.02743,0.00000,0.75034,0.00000,0.00000,0.45341,0.96121,2.00000,3.00000,-9.37500,48.63542,0.00000,0.00000
7.2000,720,240,0,0,0.00703,0.00998,0.01016,0.02492,0.00000,0.66063,0.00000,0.00000,0.45910,0.96699,2.00000,3.00000,-9.75218,49.02303,0.00000,0.00000
7.2100,721,240,0,0,0.00692,0.00961,0.00961,0.02307,0.00000,0.56635,0.00000,0.00000,0.46478,0.97277,2.00000,3.00000,-10.09737,49.35983,0.00000,0.00000
7.2200,722,240,0,0,0.00719,0.00968,0.01095,0.02342,0.00000,0.47216,0.00000,0.00000,0.47046,0.97855,2.00000,3.00000,-10.41175,49.66229,0.00000,0.00000
7.2300,723,240,0,0,0.00716,0.00949,0.01079,0.02244,0.00003,0.37929,0.00000,0.00000,0.47614,0.98433,2.00000,3.00000,-10.68604,49.91365,0.00000,0.00000
7.2400,724,240,0,0,0.00701,0.00888,0.01004,0.01941,0.00126,0.28859,0.00000,0.00000,0.48182,0.99011,2.00000,3.00000,-10.92124,50.12154,0.00000,0.00000
7.2500,725,240,0,0,0.00712,0.00841,0.01059,0.01706,0.00126,0.21098,0.00000,0.00000,0.48751,0.99589,2.00000,3.00000,-11.12662,50.28868,0.00000,0.00000
7.2600,726,240,0,0,0.00709,0.00882,0.01046,0.01909,0.00000,0.15116,0.00000,0.17075,0.49319,0.00164,2.00000,0.00000,-11.29455,50.41084,0.00000,0.00000
7.2700,727,240,0,0,0.00708,0.00947,0.01038,0.02235,0.00000,0.10812,0.00092,0.34478,0.49887,0.00732,2.00000,0.00000,-11.42821,50.49703,0.00000,0.00000
7.2800,728,240,0,0,0.00746,0.01009,0.01228,0.02546,0.00000,0.07783,0.00109,0.51853,0.50455,0.01301,2.00000,0.00000,-11.51649,50.53715,0.00000,0.00000
7.2900,729,240,0,0,0.00739,0.01097,0.01194,0.02984,0.00000,0.05796,0.00189,0.69290,0.51024,0.01869,2.00000,0.00000,-11.55692,50.53595,0.00000,0.00000
7.3000,730,240,0,0,0.00726,0.01157,0.01129,0.03287,0.00153,0.04303,0.00254,0.86992,0.51592,0.02437,2.00000,0.00000,-11.57293,50.48968,0.00000,0.00000
7.3100,731,240,0,0,0.00721,0.01275,0.01105,0.03874,0.00239,0.03055,0.00000,1.04070,0.52160,0.03005,2.00000,0.00000,-11.54596,50.41254,0.00000,0.00000
7.3200,732,240,0,0,0.00750,0.01360,0.01249,0.04301,0.00256,0.01982,0.00000,1.16433,0.52728,0.03574,2.00000,0.00000,-11.47507,50.29304,0.00000,0.00000
7.3300,733,240,0,0,0.00733,0.01525,0.01167,0.05126,0.00249,0.01305,0.00128,1.25318,0.53296,0.04142,2.00000,0.00000,-11.36841,50.13306,0.00000,0.00000
7.3400,734,240,0,0,0.00724,0.01671,0.01122,0.05856,0.00081,0.00846,0.00055,1.32047,0.53865,0.04710,2.00000,0.00000,-11.22238,49.92601,0.00000,0.00000
7.3500,735,240,0,0,0.00716,0.01841,0.01079,0.06706,0.00044,0.00286,0.00000,1.36970,0.54433,0.05278,2.00000,1.00000,-11.03779,49.67964,0.00000,0.00000
7.3600,736,240,0,0,0.00747,0.02023,0.01237,0.07617,0.00059,0.00199,0.00147,1.40471,0.55001,0.05846,2.00000,1.00000,-10.81478,49.40031,0.00000,0.00000
7.3700,737,240,0,0,0.00769,0.02251,0.01347,0.08753,0.00000,0.00000,0.00058,1.43270,0.55569,0.06415,2.00000,1.00000,-10.55828,49.08074,0.00000,0.00000
7.3800,738,240,0,0,0.00780,0.02437,0.01398,0.09683,0.00000,0.00041,0.00000,1.45199,0.56138,0.06983,2.00000,1.00000,-10.26293,48.72683,0.00000,0.00000
7.3900,739,240,0,0,0.00796,0.02680,0.01482,0.10902,0.00000,0.00127,0.00113,1.46507,0.56706,0.07551,2.00000,1.00000,-9.92078,48.33197,0.00000,0.00000
7.4000,740,240,0,0,0.00786,0.02949,0.01428,0.12247,0.00046,0.00048,0.01384,1.47568,0.57274,0.08119,2.00000,1.00000,-9.55403,47.89679,0.00000,0.00000
7.4100,741,240,0,0,0.00832,0.03240,0.01661,0.13698,0.00230,0.00009,0.04318,1.48282,0.57842,0.08688,2.00000,1.00000,-9.14577,47.42172,0.00000,0.00000
7.4200,742,240,0,0,0.00790,0.03537,0.01451,0.15185,0.00000,0.00155,0.09081,1.48766,0.58410,0.09256,2.00000,1.00000,-8.70952,46.91472,0.00000,0.00000
7.4300,743,240,0,0,0.00770,0.03809,0.01352,0.16546,0.00000,0.00000,0.14984,1.49020,0.58979,0.09824,2.00000,1.00000,-8.22680,46.37137,0.00000,0.00000
7.4400,744,240,0,0,0.00775,0.04092,0.01376,0.17962,0.00000,0.00183,0.21579,1.49476,0.59547,0.10392,2.00000,1.00000,-7.70890,45.81040,0.00000,0.00000
7.4500,745,240,0,0,0.00745,0.04348,0.01224,0.19238,0.00000,0.00235,0.28822,1.49495,0.60115,0.10960,3.00000,1.00000,-7.16294,45.20301,0.00000,0.00000
7.4600,746,240,0,0,0.00750,0.04628,0.01251,0.20642,0.00000,0.00127,0.36216,1.49396,0.60683,0.11529,3.00000,1.00000,-6.58200,44.56815,0.00000,0.00000
7.4700,747,240,0,0,0.00752,0.04921,0.01261,0.22107,0.00012,0.00096,0.44115,1.49662,0.61252,0.12097,3.00000,1.00000,-5.97336,43.88907,0.00000,0.00000
7.4800,748,240,0,0,0.00750,0.05232,0.01249,0.23660,0.00009,0.00364,0.52093,1.49614,0.61820,0.12665,3.00000,1.00000,-5.33105,43.18251,0.00000,0.00000
7.4900,749,240,0,0,0.00778,0.05468,0.01388,0.24838,0.00000,0.00315,0.60550,1.49549,0.62388,0.13233,3.00000,1.00000,-4.65206,42.43876,0.00000,0.00000
7.5000,750,240,0,0,0.00777,0.05705,0.01386,0.26024,0.00000,0.00007,0.68895,1.49648,0.62956,0.13802,3.00000,1.00000,-3.93559,41.67375,0.00000,0.00000
7.5100,751,240,0,0,0.00777,0.05849,0.01385,0.26746,0.00000,0.00198,0.77628,1.49829,0.63524,0.14370,3.00000,1.00000,-3.20400,40.87442,0.00000,0.00000
7.5200,752,240,0,0,0.00739,0.06019,0.01193,0.27593,0.00000,0.00121,0.86113,1.49711,0.64093,0.14938,3.00000,1.00000,-2.42919,40.05887,0.00000,0.00000
7.5300,753,240,0,0,0.00796,0.06153,0.01482,0.28267,0.00000,0.00155,0.94672,1.50000,0.64661,0.15506,3.00000,1.00000,-1.63490,39.20345,0.00000,0.00000
7.5400,754,240,0,0,0.00817,0.06288,0.01584,0.28940,0.00000,0.00051,1.02868,1.50000,0.65229,0.16074,3.00000,1.00000,-0.81832,38.33309,0.00000,0.00000
7.5500,755,240,0,0,0.00759,0.06354,0.01293,0.29268,0.00238,0.00264,1.08749,1.50000,0.65797,0.16643,3.00000,1.00000,0.01955,37.43870,0.00000,0.00000
7.5600,756,240,0,0,0.00783,0.06371,0.01417,0.29355,0.00143,0.00086,1.12927,1.49803,0.66366,0.17211,3.00000,1.00000,0.89762,36.51898,0.00000,0.00000
7.5700,757,240,0,0,0.00750,0.06304,0.01250,0.29022,0.00331,0.00205,1.15717,1.50000,0.66934,0.17779,3.00000,1.00000,1.78980,35.58269,0.00000,0.00000
7.5800,758,240,0,0,0.00717,0.06251,0.01086,0.28757,0.00460,0.00345,1.17581,1.50000,0.67502,0.18347,3.00000,1.00000,2.70477,34.60934,0.00000,0.00000
7.5900,759,240,0,0,0.00710,0.06117,0.01052,0.28086,0.00294,0.00215,1.18820,1.50000,0.68070,0.18916,3.00000,1.00000,3.64547,33.62265,0.00000,0.00000
7.6000,760,240,0,0,0.00715,0.05924,0.01075,0.27122,0.00106,0.00416,1.19484,1.50000,0.68638,0.19484,3.00000,1.00000,4.59637,32.61032,0.00000,0.00000
7.6100,761,240,0,0,0.00727,0.05771,0.01136,0.26355,0.00475,0.00118,1.19432,1.50000,0.69207,0.20052,3.00000,1.00000,5.56018,31.58667,0.00000,0.00000
7.6200,762,240,0,0,0.00731,0.05552,0.01157,0.25258,0.00308,0.00214,1.18849,1.50000,0.69775,0.20620,3.00000,1.00000,6.55806,30.54716,0.00000,0.00000
7.6300,763,240,0,0,0.00717,0.05307,0.01087,0.24037,0.00327,0.00174,1.17908,1.50000,0.70343,0.21188,3.00000,1.00000,7.55481,29.49761,0.00000,0.00000
7.6400,764,240,0,0,0.00751,0.05007,0.01256,0.22535,0.00304,0.00026,1.16974,1.50000,0.70911,0.21757,3.00000,1.00000,8.57208,28.44310,0.00000,0.00000
7.6500,765,240,0,0,0.00716,0.04759,0.01081,0.21294,0.00374,0.00000,1.15826,1.50000,0.71480,0.22325,3.00000,1.00000,9.60821,27.37405,0.00000,0.00000
7.6600,766,240,0,0,0.00725,0.04458,0.01123,0.19790,0.00339,0.00000,1.14765,1.50000,0.72048,0.22893,3.00000,1.00000,10.66287,26.28154,0.00000,0.00000
7.6700,767,240,0,0,0.00755,0.04158,0.01273,0.18291,0.00047,0.00000,1.13298,1.50000,0.72616,0.23461,3.00000,1.00000,11.72000,25.18514,0.00000,0.00000
7.6800,768,240,0,0,0.00799,0.03870,0.01497,0.16848,0.00008,0.00000,1.12078,1.50000,0.73184,0.24030,3.00000,1.00000,12.79798,24.09664,0.00000,0.00000
7.6900,769,240,0,0,0.00785,0.03601,0.01425,0.15503,0.00000,0.00008,1.10682,1.50000,0.73752,0.24598,3.00000,1.00000,13.86693,22.99021,0.00000,0.00000
7.7000,770,240,0,0,0.00777,0.03309,0.01383,0.14046,0.00243,0.00134,1.09357,1.50000,0.74321,0.25166,3.00000,1.00000,14.95774,21.88152,0.00000,0.00000
7.7100,771,240,0,0,0.00775,0.03022,0.01376,0.12608,0.00293,0.00068,1.08254,1.50000,0.74889,0.25734,3.00000,1.00000,16.04965,20.75827,0.00000,0.00000
7.7200,772,240,0,0,0.00765,0.02764,0.01325,0.11322,0.00000,0.00178,1.06739,1.50000,0.75457,0.26302,3.00000,1.00000,17.13700,19.64352,0.00000,0.00000
7.7300,773,240,0,0,0.00786,0.02527,0.01432,0.10134,0.00000,0.00273,1.05381,1.50000,0.76025,0.26871,3.00000,1.00000,18.22559,18.54117,0.00000,0.00000
7.7400,774,240,0,0,0.00788,0.02269,0.01439,0.08845,0.00000,0.00245,1.03782,1.50000,0.76594,0.27439,3.00000,1.00000,19.31891,17.41999,0.00000,0.00000
7.7500,775,240,0,0,0.00844,0.02077,0.01718,0.07886,0.00000,0.00245,1.02461,1.50000,0.77162,0.28007,3.00000,1.00000,20.41083,16.30455,0.00000,0.00000
7.7600,776,240,0,0,0.00839,0.01911,0.01695,0.07055,0.00000,0.00259,1.01056,1.50000,0.77730,0.28575,3.00000,1.00000,21.51569,15.19166,0.00000,0.00000
7.7700,777,240,0,0,0.00821,0.01767,0.01604,0.06333,0.00036,0.00255,0.99469,1.50000,0.78298,0.29144,3.00000,1.00000,22.60403,14.08803,0.00000,0.00000
7.7800,778,240,0,0,0.00809,0.01608,0.01544,0.05541,0.00082,0.00000,0.98096,1.50000,0.78866,0.29712,3.00000,1.00000,23.68625,12.98568,0.00000,0.00000
7.7900,779,240,0,0,0.00874,0.01454,0.01869,0.04768,0.00036,0.00297,0.96758,1.50000,0.79435,0.30280,3.00000,1.00000,24.77139,11.88737,0.00000,0.00000
7.8000,780,240,0,0,0.00899,0.01329,0.01996,0.04147,0.00132,0.00362,0.96187,1.50000,0.80003,0.30848,3.00000,1.00000,25.84093,10.81469,0.00000,0.00000
7.8100,781,240,0,0,0.00896,0.01255,0.01980,0.03774,0.00156,0.00299,0.95382,1.50000,0.80571,0.31416,3.00000,1.00000,26.89741,9.74804,0.00000,0.00000
7.8200,782,240,0,0,0.00932,0.01180,0.02161,0.03399,0.00020,0.00474,0.94686,1.50000,0.81139,0.31985,3.00000,1.00000,27.95729,8.68153,0.00000,0.00000
7.8300,783,240,0,0,0.00957,0.01118,0.02286,0.03091,0.00054,0.00568,0.94384,1.50000,0.81708,0.32553,3.00000,1.00000,29.00064,7.64297,0.00000,0.00000
7.8400,784,240,0,0,0.01003,0.01060,0.02517,0.02799,0.00133,0.00513,0.94291,1.50000,0.82276,0.33121,3.00000,1.00000,30.04143,6.61835,0.00000,0.00000
7.8500,785,240,0,0,0.01032,0.00977,0.02658,0.02383,0.00226,0.00345,0.93894,1.50000,0.82844,0.33689,3.00000,1.00000,31.06881,5.60689,0.00000,0.00000
7.8600,786,240,0,0,0.01091,0.00922,0.02954,0.02109,0.00099,0.00261,0.93761,1.50000,0.83412,0.34258,3.00000,1.00000,32.07074,4.61294,0.00000,0.00000
7.8700,787,240,0,0,0.01124,0.00890,0.03121,0.01948,0.00000,0.00228,0.93582,1.50000,0.83980,0.34826,3.00000,1.00000,33.05310,3.64322,0.00000,0.00000
7.8800,788,240,0,0,0.01236,0.00894,0.03679,0.01968,0.00000,0.00000,0.93410,1.50000,0.84549,0.35394,3.00000,1.00000,34.02527,2.67470,0.00000,0.00000
7.8900,789,240,0,0,0.01300,0.00857,0.03998,0.01786,0.00000,0.00236,0.93691,1.50000,0.85117,0.35962,3.00000,1.00000,34.97334,1.72921,0.00000,0.00000
7.9000,790,240,0,0,0.01352,0.00809,0.04259,0.01545,0.00000,0.00000,0.93723,1.50000,0.85685,0.36530,3.00000,1.00000,35.89096,0.81170,0.00000,0.00000
7.9100,791,240,0,0,0.01401,0.00828,0.04505,0.01640,0.00000,0.00000,0.93836,1.50000,0.86253,0.37099,3.00000,1.00000,36.79828,-0.07527,0.00000,0.00000
7.9200,792,240,0,0,0.01453,0.00821,0.04764,0.01604,0.00000,0.00000,0.93951,1.50000,0.86822,0.37667,3.00000,1.00000,37.67949,-0.93780,0.00000,0.00000
7.9300,793,240,0,0,0.01470,0.00787,0.04852,0.01436,0.00000,0.00000,0.93832,1.50000,0.87390,0.38235,3.00000,1.00000,38.54303,-1.78138,0.00000,0.00000
7.9400,794,240,0,0,0.01470,0.00789,0.04850,0.01445,0.00000,0.00000,0.93838,1.50000,0.87958,0.38803,3.00000,1.00000,39.37219,-2.59014,0.00000,0.00000
7.9500,795,240,0,0,0.01468,0.00756,0.04839,0.01280,0.00000,0.00000,0.92911,1.50000,0.88526,0.39372,3.00000,1.00000,40.19837,-3.38482,0.00000,0.00000
7.9600,796,240,0,0,0.01482,0.00728,0.04911,0.01138,0.00000,0.00000,0.89751,1.50000,0.89094,0.39940,3.00000,1.00000,40.98113,-4.14035,0.00000,0.00000
7.9700,797,240,0,0,0.01483,0.00713,0.04914,0.01065,0.00000,0.00000,0.85243,1.50000,0.89663,0.40508,3.00000,1.00000,41.73846,-4.87034,0.00000,0.00000
7.9800,798,240,0,0,0.01538,0.00719,0.05192,0.01093,0.00000,0.00000,0.79315,1.50000,0.90231,0.41076,3.00000,1.00000,42.46297,-5.57311,0.00000,0.00000
7.9900,799,240,0,0,0.01562,0.00765,0.05312,0.01324,0.00000,0.00005,0.72637,1.50000,0.90799,0.41644,3.00000,1.00000,43.16758,-6.24402,0.00000,0.00000
8.0000,800,240,0,0,0.01550,0.00739,0.05251,0.01194,0.00175,0.00000,0.65571,1.49774,0.91367,0.42213,3.00000,2.00000,43.83243,-6.86880,0.00000,0.00000
8.0100,801,240,0,0,0.01499,0.00712,0.04996,0.01062,0.00000,0.00000,0.57863,1.50000,0.91936,0.42781,3.00000,2.00000,44.46301,-7.46698,0.00000,0.00000
8.0200,802,240,0,0,0.01468,0.00707,0.04841,0.01033,0.00000,0.00000,0.50041,1.50000,0.92504,0.43349,3.00000,2.00000,45.05763,-8.02826,0.00000,0.00000
8.0300,803,240,0,0,0.01403,0.00736,0.04517,0.01178,0.00200,0.00000,0.41998,1.50000,0.93072,0.43917,3.00000,2.00000,45.63899,-8.55786,0.00000,0.00000
8.0400,804,240,0,0,0.01341,0.00764,0.04204,0.01318,0.00002,0.00000,0.33589,1.50000,0.93640,0.44486,3.00000,2.00000,46.16983,-9.04073,0.00000,0.00000
8.0500,805,240,0,0,0.01302,0.00812,0.04009,0.01562,0.00000,0.00000,0.25216,1.50000,0.94208,0.45054,3.00000,2.00000,46.68185,-9.49592,0.00000,0.00000
8.0600,806,240,0,0,0.01219,0.00806,0.03594,0.01530,0.00000,0.00130,0.18402,1.49873,0.94777,0.45622,3.00000,2.00000,47.15898,-9.92479,0.00000,0.00000
8.0700,807,240,0,0,0.01174,0.00797,0.03370,0.01486,0.00000,0.00000,0.13035,1.49813,0.95345,0.46190,3.00000,2.00000,47.58513,-10.30144,0.00000,0.00000
8.0800,808,240,0,0,0.01120,0.00771,0.03101,0.01354,0.00073,0.00000,0.09299,1.49775,0.95913,0.46758,3.00000,2.00000,47.97368,-10.65278,0.00000,0.00000
8.0900,809,240,0,0,0.01074,0.00758,0.02872,0.01290,0.00000,0.00000,0.06761,1.49713,0.96481,0.47327,3.00000,2.00000,48.34110,-10.96583,0.00000,0.00000
8.1000,810,240,0,0,0.01037,0.00756,0.02684,0.01281,0.00000,0.00000,0.05256,1.49552,0.97050,0.47895,3.00000,2.00000,48.65627,-11.23300,0.00000,0.00000
8.1100,811,240,0,0,0.00981,0.00716,0.02403,0.01081,0.00000,0.00000,0.04144,1.48083,0.97618,0.48463,3.00000,2.00000,48.94153,-11.46444,0.00000,0.00000
8.1200,812,240,0,0,0.00901,0.00729,0.02005,0.01147,0.00067,0.00000,0.03007,1.44653,0.98186,0.49031,3.00000,2.00000,49.17032,-11.65827,0.00000,0.00000
8.1300,813,240,0,0,0.00891,0.00757,0.01956,0.01285,0.00225,0.00000,0.02257,1.39447,0.98754,0.49600,3.00000,2.00000,49.37413,-11.81989,0.00000,0.00000
8.1400,814,240,0,0,0.00877,0.00715,0.01884,0.01077,0.00069,0.00000,0.01535,1.33145,0.99322,0.50168,3.00000,2.00000,49.55008,-11.92820,0.00000,0.00000
8.1500,815,240,0,0,0.00837,0.00709,0.01685,0.01044,0.00000,0.00000,0.01374,1.26279,0.99891,0.50736,3.00000,2.00000,49.68991,-12.00467,0.00000,0.00000
8.1600,816,240,0,0,0.01283,0.00760,0.03914,0.01298,0.00000,0.12212,0.00998,1.18658,0.00474,0.51304,0.00000,2.00000,49.77811,-12.04890,0.00000,0.00000
8.1700,817,240,0,0,0.01633,0.00726,0.05666,0.01130,0.00000,0.26531,0.00541,1.10850,0.01062,0.51872,0.00000,2.00000,49.84006,-12.04834,0.00000,0.00000
8.1800,818,240,0,0,0.01954,0.00706,0.07272,0.01029,0.00049,0.41821,0.00225,1.02945,0.01649,0.52441,0.00000,2.00000,49.86342,-12.01869,0.00000,0.00000
8.1900,819,240,0,0,0.02261,0.00746,0.08804,0.01229,0.00094,0.57734,0.00081,0.94871,0.02236,0.53009,0.00000,2.00000,49.84326,-11.93523,0.00000,0.00000
8.2000,820,240,0,0,0.02512,0.00763,0.10062,0.01315,0.00000,0.74773,0.00184,0.86320,0.02824,0.53577,0.00000,2.00000,49.79306,-11.81324,0.00000,0.00000
8.2100,821,240,0,0,0.02774,0.00754,0.11372,0.01269,0.00000,0.92226,0.00052,0.77606,0.03411,0.54145,0.00000,2.00000,49.69410,-11.65689,0.00000,0.00000
8.2200,822,240,0,0,0.02978,0.00792,0.12388,0.01461,0.00000,1.08211,0.00175,0.68929,0.03998,0.54714,0.00000,2.00000,49.57054,-11.46491,0.00000,0.00000
8.2300,823,240,0,0,0.03185,0.00769,0.13426,0.01345,0.00006,1.19690,0.00149,0.60334,0.04586,0.55282,0.00000,2.00000,49.42076,-11.24185,0.00000,0.00000
8.2400,824,240,0,0,0.03324,0.00735,0.14119,0.01173,0.00000,1.28274,0.00000,0.51649,0.05173,0.55850,1.00000,2.00000,49.21539,-10.96640,0.00000,0.00000
8.2500,825,240,0,0,0.03547,0.00713,0.15234,0.01065,0.00000,1.34290,0.00000,0.42663,0.05760,0.56418,1.00000,2.00000,48.99190,-10.65499,0.00000,0.00000
8.2600,826,240,0,0,0.03753,0.00704,0.16263,0.01022,0.00000,1.38616,0.00000,0.33753,0.06348,0.56986,1.00000,2.00000,48.73248,-10.32036,0.00000,0.00000
8.2700,827,240,0,0,0.03906,0.00723,0.17029,0.01113,0.00000,1.41951,0.00000,0.24860,0.06935,0.57555,1.00000,2.00000,48.43357,-9.94790,0.00000,0.00000
8.2800,828,240,0,0,0.04087,0.00730,0.17934,0.01152,0.00000,1.44548,0.00192,0.18023,0.07522,0.58123,1.00000,2.00000,48.09944,-9.54036,0.00000,0.00000
8.2900,829,240,0,0,0.04237,0.00713,0.18687,0.01063,0.00000,1.46104,0.00327,0.13224,0.08110,0.58691,1.00000,2.00000,47.73592,-9.08749,0.00000,0.00000
8.3000,830,240,0,0,0.04400,0.00686,0.19498,0.00932,0.00000,1.47391,0.00141,0.09772,0.08697,0.59259,1.00000,2.00000,47.34386,-8.61179,0.00000,0.00000
8.3100,831,240,0,0,0.04566,0.00704,0.20328,0.01018,0.00000,1.47862,0.00193,0.06888,0.09284,0.59828,1.00000,2.00000,46.92390,-8.11025,0.00000,0.00000
8.3200,832,240,0,0,0.04665,0.00757,0.20826,0.01285,0.00000,1.48472,0.00072,0.05211,0.09872,0.60396,1.00000,3.00000,46.47553,-7.56716,0.00000,0.00000
8.3300,833,240,0,0,0.04792,0.00709,0.21462,0.01043,0.00000,1.48846,0.00000,0.03887,0.10459,0.60964,1.00000,3.00000,45.99937,-6.99800,0.00000,0.00000
8.3400,834,240,0,0,0.04856,0.00731,0.21780,0.01154,0.00070,1.49179,0.00015,0.02689,0.11047,0.61532,1.00000,3.00000,45.49768,-6.40400,0.00000,0.00000
8.3500,835,240,0,0,0.04944,0.00712,0.22220,0.01060,0.00024,1.49053,0.00277,0.01812,0.11634,0.62100,1.00000,3.00000,44.95956,-5.77046,0.00000,0.00000
8.3600,836,240,0,0,0.04983,0.00711,0.22413,0.01054,0.00000,1.49140,0.00092,0.01397,0.12221,0.62669,1.00000,3.00000,44.39112,-5.11693,0.00000,0.00000
8.3700,837,240,0,0,0.05031,0.00746,0.22656,0.01232,0.00000,1.49349,0.00000,0.01249,0.12809,0.63237,1.00000,3.00000,43.78794,-4.41599,0.00000,0.00000
8.3800,838,240,0,0,0.05021,0.00750,0.22607,0.01249,0.00000,1.49297,0.00107,0.01104,0.13396,0.63805,1.00000,3.00000,43.17000,-3.70438,0.00000,0.00000
8.3900,839,240,0,0,0.04992,0.00712,0.22460,0.01060,0.00000,1.49447,0.00408,0.00732,0.13983,0.64373,1.00000,3.00000,42.51853,-2.94519,0.00000,0.00000
8.4000,840,240,0,0,0.04980,0.00722,0.22401,0.01111,0.01379,1.49712,0.00263,0.00340,0.14571,0.64942,1.00000,3.00000,41.85313,-2.17805,0.00000,0.00000
8.4100,841,240,0,0,0.04968,0.00747,0.22340,0.01233,0.05981,1.49629,0.00223,0.00000,0.15158,0.65510,1.00000,3.00000,41.16190,-1.38578,0.00000,0.00000
8.4200,842,240,0,0,0.04920,0.00732,0.22102,0.01158,0.12841,1.50000,0.00211,0.00000,0.15745,0.66078,1.00000,3.00000,40.45248,-0.56571,0.00000,0.00000
8.4300,843,240,0,0,0.04873,0.00708,0.21863,0.01042,0.21183,1.50000,0.00000,0.00241,0.16333,0.66646,1.00000,3.00000,39.71111,0.26672,0.00000,0.00000
8.4400,844,240,0,0,0.04781,0.00716,0.21405,0.01082,0.30760,1.50000,0.00000,0.00231,0.16920,0.67214,1.00000,3.00000,38.95134,1.14130,0.00000,0.00000
8.4500,845,240,0,0,0.04664,0.00732,0.20818,0.01159,0.41306,1.49969,0.00049,0.00055,0.17507,0.67783,1.00000,3.00000,38.17228,2.02518,0.00000,0.00000
8.4600,846,240,0,0,0.04530,0.00749,0.20149,0.01243,0.52617,1.50000,0.00000,0.00000,0.18095,0.68351,1.00000,3.00000,37.37767,2.92901,0.00000,0.00000
8.4700,847,240,0,0,0.04338,0.00774,0.19189,0.01369,0.64224,1.49829,0.00021,0.00033,0.18682,0.68919,1.00000,3.00000,36.56218,3.84143,0.00000,0.00000
8.4800,848,240,0,0,0.04203,0.00732,0.18514,0.01158,0.76197,1.49950,0.00000,0.00364,0.19269,0.69487,1.00000,3.00000,35.74261,4.77904,0.00000,0.00000
8.4900,849,240,0,0,0.04009,0.00752,0.17543,0.01259,0.88425,1.49834,0.00000,0.00127,0.19857,0.70056,1.00000,3.00000,34.89375,5.73995,0.00000,0.00000
8.5000,850,240,0,0,0.03832,0.00752,0.16661,0.01260,1.01197,1.49995,0.00000,0.00000,0.20444,0.70624,1.00000,3.00000,34.04390,6.70392,0.00000,0.00000
8.5100,851,240,0,0,0.03627,0.00721,0.15634,0.01105,1.13325,1.49863,0.00000,0.00000,0.21031,0.71192,1.00000,3.00000,33.16325,7.69508,0.00000,0.00000
8.5200,852,240,0,0,0.03448,0.00740,0.14739,0.01201,1.23210,1.49644,0.00000,0.00017,0.21619,0.71760,1.00000,3.00000,32.28184,8.68742,0.00000,0.00000
8.5300,853,240,0,0,0.03300,0.00709,0.13999,0.01045,1.30445,1.50000,0.00000,0.00147,0.22206,0.72328,1.00000,3.00000,31.37926,9.69366,0.00000,0.00000
8.5400,854,240,0,0,0.03115,0.00709,0.13074,0.01045,1.35928,1.49738,0.00008,0.00373,0.22793,0.72897,1.00000,3.00000,30.48293,10.71206,0.00000,0.00000
8.5500,855,240,0,0,0.02914,0.00705,0.12071,0.01023,1.39817,1.49519,0.00175,0.00239,0.23381,0.73465,1.00000,3.00000,29.57373,11.74088,0.00000,0.00000
8.5600,856,240,0,0,0.02707,0.00711,0.11035,0.01056,1.42493,1.49583,0.00143,0.00000,0.23968,0.74033,1.00000,3.00000,28.66034,12.77084,0.00000,0.00000
8.5700,857,240,0,0,0.02571,0.00723,0.10355,0.01113,1.44722,1.49797,0.00192,0.00027,0.24555,0.74601,1.00000,3.00000,27.74519,13.81148,0.00000,0.00000
8.5800,858,240,0,0,0.02415,0.00727,0.09573,0.01136,1.46212,1.49517,0.00000,0.00094,0.25143,0.75170,1.00000,3.00000,26.82093,14.86352,0.00000,0.00000
8.5900,859,240,0,0,0.02267,0.00782,0.08836,0.01410,1.47122,1.49506,0.00000,0.00235,0.25730,0.75738,1.00000,3.00000,25.88767,15.90578,0.00000,0.00000
8.6000,860,240,0,0,0.02116,0.00795,0.08081,0.01476,1.47870,1.49562,0.00000,0.00000,0.26317,0.76306,1.00000,3.00000,24.95408,16.96235,0.00000,0.00000
8.6100,861,240,0,0,0.01992,0.00807,0.07462,0.01536,1.48464,1.49269,0.00000,0.00000,0.26905,0.76874,1.00000,3.00000,24.01583,17.99969,0.00000,0.00000
8.6200,862,240,0,0,0.01848,0.00834,0.06739,0.01672,1.49045,1.49240,0.00000,0.00000,0.27492,0.77442,1.00000,3.00000,23.08532,19.04806,0.00000,0.00000
8.6300,863,240,0,0,0.01743,0.00842,0.06215,0.01711,1.49375,1.49678,0.00000,0.00000,0.28079,0.78011,1.00000,3.00000,22.14222,20.10082,0.00000,0.00000
8.6400,864,240,0,0,0.01636,0.00858,0.05678,0.01789,1.49798,1.49905,0.00000,0.00000,0.28667,0.78579,1.00000,3.00000,21.21905,21.13847,0.00000,0.00000
8.6500,865,240,0,0,0.01531,0.00889,0.05153,0.01945,1.49912,1.50000,0.00056,0.00000,0.29254,0.79147,1.00000,3.00000,20.28591,22.17650,0.00000,0.00000
8.6600,866,240,0,0,0.01467,0.00908,0.04833,0.02038,1.49774,1.50000,0.00000,0.00000,0.29841,0.79715,1.00000,3.00000,19.36762,23.20840,0.00000,0.00000
8.6700,867,240,0,0,0.01379,0.00956,0.04396,0.02278,1.49751,1.50000,0.00000,0.00079,0.30429,0.80284,1.00000,3.00000,18.46570,24.23841,0.00000,0.00000
8.6800,868,240,0,0,0.01266,0.00985,0.03830,0.02424,1.49992,1.50000,0.00373,0.00336,0.31016,0.80852,1.00000,3.00000,17.56187,25.26015,0.00000,0.00000
8.6900,869,240,0,0,0.01233,0.01047,0.03663,0.02733,1.49884,1.50000,0.00090,0.00376,0.31603,0.81420,1.00000,3.00000,16.66886,26.26354,0.00000,0.00000
8.7000,870,240,0,0,0.01190,0.01079,0.03448,0.02896,1.50000,1.49960,0.00117,0.00257,0.32191,0.81988,1.00000,3.00000,15.78563,27.24871,0.00000,0.00000
8.7100,871,240,0,0,0.01121,0.01127,0.03103,0.03136,1.49632,1.49964,0.00041,0.00042,0.32778,0.82556,1.00000,3.00000,14.91962,28.23962,0.00000,0.00000
8.7200,872,240,0,0,0.01091,0.01132,0.02954,0.03160,1.48938,1.49597,0.00164,0.00147,0.33365,0.83125,1.00000,3.00000,14.05579,29.20463,0.00000,0.00000
8.7300,873,240,0,0,0.01031,0.01185,0.02657,0.03427,1.48128,1.49608,0.00211,0.00271,0.33953,0.83693,1.00000,3.00000,13.21702,30.15402,0.00000,0.00000
8.7400,874,240,0,0,0.00987,0.01265,0.02433,0.03825,1.47114,1.49654,0.00143,0.00560,0.34540,0.84261,1.00000,3.00000,12.40036,31.08523,0.00000,0.00000
8.7500,875,240,0,0,0.00903,0.01293,0.02014,0.03967,1.46183,1.49761,0.00002,0.00219,0.35128,0.84829,1.00000,3.00000,11.58724,32.00381,0.00000,0.00000
8.7600,876,240,0,0,0.00907,0.01372,0.02034,0.04359,1.45247,1.49686,0.00000,0.00179,0.35715,0.85398,1.00000,3.00000,10.79581,32.90065,0.00000,0.00000
8.7700,877,240,0,0,0.00864,0.01411,0.01820,0.04555,1.43526,1.49998,0.00090,0.00273,0.36302,0.85966,1.00000,3.00000,10.02356,33.78003,0.00000,0.00000
8.7800,878,240,0,0,0.00842,0.01446,0.01711,0.04732,1.42866,1.49947,0.00000,0.00126,0.36890,0.86534,1.00000,3.00000,9.27045,34.63932,0.00000,0.00000
8.7900,879,240,0,0,0.00832,0.01502,0.01660,0.05008,1.41816,1.49838,0.00000,0.00280,0.37477,0.87102,1.00000,3.00000,8.53557,35.48322,0.00000,0.00000
8.8000,880,240,0,0,0.00816,0.01511,0.01581,0.05055,1.41084,1.49764,0.00096,0.00172,0.38064,0.87670,1.00000,3.00000,7.81626,36.29109,0.00000,0.00000
8.8100,881,240,0,0,0.00807,0.01546,0.01536,0.05232,1.41148,1.49972,0.00078,0.00102,0.38652,0.88239,1.00000,3.00000,7.12751,37.06699,0.00000,0.00000
8.8200,882,240,0,0,0.00806,0.01569,0.01532,0.05345,1.40807,1.49954,0.00103,0.00071,0.39239,0.88807,1.00000,3.00000,6.45851,37.82595,0.00000,0.00000
8.8300,883,240,0,0,0.00810,0.01570,0.01552,0.05349,1.40736,1.49662,0.00052,0.00000,0.39826,0.89375,1.00000,3.00000,5.82625,38.56629,0.00000,0.00000
8.8400,884,240,0,0,0.00787,0.01581,0.01437,0.05405,1.40890,1.49644,0.00000,0.00000,0.40414,0.89943,1.00000,3.00000,5.21328,39.27749,0.00000,0.00000
8.8500,885,240,0,0,0.00725,0.01565,0.01123,0.05325,1.40913,1.49677,0.00000,0.00000,0.41001,0.90512,1.00000,3.00000,4.62009,39.96224,0.00000,0.00000
8.8600,886,240,0,0,0.00734,0.01538,0.01168,0.05191,1.40215,1.49537,0.00000,0.00479,0.41588,0.91080,1.00000,3.00000,4.07051,40.62576,0.00000,0.00000
8.8700,887,240,0,0,0.00756,0.01470,0.01282,0.04849,1.40286,1.49714,0.00053,0.00447,0.42176,0.91648,2.00000,3.00000,3.52833,41.25677,0.00000,0.00000
8.8800,888,240,0,0,0.00753,0.01438,0.01266,0.04692,1.40304,1.49882,0.00000,0.00328,0.42763,0.92216,2.00000,3.00000,3.02223,41.84594,0.00000,0.00000
8.8900,889,240,0,0,0.00738,0.01402,0.01191,0.04512,1.40036,1.49847,0.00000,0.00219,0.43350,0.92784,2.00000,3.00000,2.56104,42.40243,0.00000,0.00000
8.9000,890,240,0,0,0.00777,0.01367,0.01383,0.04336,1.39986,1.49814,0.00200,0.00115,0.43938,0.93353,2.00000,3.00000,2.10657,42.93724,0.00000,0.00000
8.9100,891,240,0,0,0.00753,0.01304,0.01265,0.04021,1.39631,1.49938,0.00000,0.00136,0.44525,0.93921,2.00000,3.00000,1.68378,43.43062,0.00000,0.00000
8.9200,892,240,0,0,0.00740,0.01266,0.01199,0.03832,1.37867,1.50000,0.00000,0.00446,0.45112,0.94489,2.00000,3.00000,1.30219,43.89343,0.00000,0.00000
8.9300,893,240,0,0,0.00727,0.01189,0.01134,0.03447,1.33270,1.50000,0.00037,0.00379,0.45700,0.95057,2.00000,3.00000,0.95097,44.33629,0.00000,0.00000
8.9400,894,240,0,0,0.00749,0.01132,0.01245,0.03162,1.26093,1.50000,0.00365,0.00452,0.46287,0.95626,2.00000,3.00000,0.62501,44.72159,0.00000,0.00000
8.9500,895,240,0,0,0.00720,0.01105,0.01098,0.03027,1.17795,1.49842,0.00322,0.00519,0.46874,0.96194,2.00000,3.00000,0.35314,45.08174,0.00000,0.00000
8.9600,896,240,0,0,0.00714,0.01065,0.01071,0.02825,1.08181,1.49772,0.00433,0.00634,0.47462,0.96762,2.00000,3.00000,0.10850,45.40906,0.00000,0.00000
8.9700,897,240,0,0,0.00722,0.01023,0.01109,0.02614,0.97475,1.49982,0.00145,0.00292,0.48049,0.97330,2.00000,3.00000,-0.11305,45.69626,0.00000,0.00000
8.9800,898,240,0,0,0.00749,0.00954,0.01244,0.02271,0.86251,1.50000,0.00143,0.00215,0.48636,0.97898,2.00000,3.00000,-0.31064,45.94960,0.00000,0.00000
8.9900,899,240,0,0,0.00798,0.00919,0.01491,0.02097,0.74673,1.50000,0.00000,0.00366,0.49224,0.98467,2.00000,3.00000,-0.46742,46.16042,0.00000,0.00000
9.0000,900,240,0,0,0.00808,0.00830,0.01541,0.01652,0.63043,1.50000,0.00000,0.00262,0.49811,0.99035,2.00000,3.00000,-0.56903,46.34269,0.00000,0.00000
9.0100,901,240,0,0,0.00792,0.00810,0.01458,0.01551,0.50893,1.50000,0.00050,0.00494,0.50398,0.99603,2.00000,3.00000,-0.65265,46.48488,0.00000,0.00000
9.0200,902,240,0,0,0.00795,0.00766,0.01476,0.01328,0.38631,1.50000,0.00028,0.00424,0.50986,0.00177,2.00000,0.00000,-0.70509,46.58743,0.00000,0.00000
9.0300,903,240,0,0,0.00779,0.00781,0.01393,0.01406,0.27928,1.49781,0.00000,0.02646,0.51573,0.00764,2.00000,0.00000,-0.73455,46.65533,0.00000,0.00000
9.0400,904,240,0,0,0.00774,0.00794,0.01369,0.01468,0.20642,1.50000,0.00000,0.09844,0.52160,0.01352,2.00000,0.00000,-0.72021,46.68827,0.00000,0.00000
9.0500,905,240,0,0,0.00757,0.00804,0.01287,0.01522,0.14723,1.49903,0.00052,0.20721,0.52748,0.01939,2.00000,0.00000,-0.67407,46.67929,0.00000,0.00000
9.0600,906,240,0,0,0.00750,0.00820,0.01251,0.01601,0.10525,1.50000,0.00170,0.33980,0.53335,0.02526,2.00000,0.00000,-0.60768,46.63074,0.00000,0.00000
9.0700,907,240,0,0,0.00735,0.00857,0.01176,0.01785,0.07493,1.50000,0.00211,0.49007,0.53922,0.03114,2.00000,0.00000,-0.51349,46.55311,0.00000,0.00000
9.0800,908,240,0,0,0.00771,0.00862,0.01356,0.01810,0.05499,1.50000,0.00008,0.65864,0.54510,0.03701,2.00000,0.00000,-0.38057,46.43366,0.00000,0.00000
9.0900,909,240,0,0,0.00767,0.00895,0.01335,0.01973,0.03968,1.50000,0.00101,0.83248,0.55097,0.04288,2.00000,0.00000,-0.23090,46.27026,0.00000,0.00000
9.1000,910,240,0,0,0.00788,0.00957,0.01439,0.02285,0.03020,1.50000,0.00283,1.01481,0.55684,0.04876,2.00000,0.00000,-0.04516,46.07165,0.00000,0.00000
9.1100,911,240,0,0,0.00761,0.00971,0.01307,0.02356,0.02205,1.50000,0.00143,1.14709,0.56272,0.05463,2.00000,1.00000,0.18287,45.83916,0.00000,0.00000
9.1200,912,240,0,0,0.00776,0.01024,0.01379,0.02622,0.01408,1.49737,0.00000,1.24332,0.56859,0.06050,2.00000,1.00000,0.43150,45.55752,0.00000,0.00000
9.1300,913,240,0,0,0.00755,0.01085,0.01275,0.02927,0.00473,1.47532,0.00000,1.31421,0.57447,0.06638,2.00000,1.00000,0.70422,45.24377,0.00000,0.00000
9.1400,914,240,0,0,0.00764,0.01120,0.01319,0.03100,0.00164,1.43469,0.00001,1.36384,0.58034,0.07225,2.00000,1.00000,1.00549,44.89646,0.00000,0.00000
9.1500,915,240,0,0,0.00745,0.01219,0.01226,0.03595,0.00000,1.37793,0.00000,1.39990,0.58621,0.07813,2.00000,1.00000,1.32190,44.50350,0.00000,0.00000
9.1600,916,240,0,0,0.00739,0.01313,0.01197,0.04067,0.00000,1.31099,0.00286,1.42652,0.59209,0.08400,2.00000,1.00000,1.67943,44.08539,0.00000,0.00000
9.1700,917,240,0,0,0.00727,0.01399,0.01134,0.04497,0.00000,1.23795,0.02659,1.44652,0.59796,0.08987,2.00000,1.00000,2.06610,43.62390,0.00000,0.00000
9.1800,918,240,0,0,0.00721,0.01529,0.01105,0.05146,0.00000,1.16083,0.06679,1.46176,0.60383,0.09575,3.00000,1.00000,2.47742,43.13743,0.00000,0.00000
9.1900,919,240,0,0,0.00734,0.01600,0.01171,0.05498,0.00000,1.07790,0.11880,1.47289,0.60971,0.10162,3.00000,1.00000,2.89951,42.60655,0.00000,0.00000
9.2000,920,240,0,0,0.00681,0.01721,0.00907,0.06105,0.00000,0.99384,0.18257,1.47926,0.61558,0.10749,3.00000,1.00000,3.34832,42.05852,0.00000,0.00000
9.2100,921,240,0,0,0.00732,0.01862,0.01159,0.06811,0.00000,0.90986,0.25031,1.48555,0.62145,0.11337,3.00000,1.00000,3.81698,41.46343,0.00000,0.00000
9.2200,922,240,0,0,0.00750,0.02025,0.01250,0.07627,0.00000,0.81841,0.32205,1.48864,0.62733,0.11924,3.00000,1.00000,4.31911,40.84353,0.00000,0.00000
9.2300,923,240,0,0,0.00740,0.02129,0.01199,0.08146,0.00000,0.72923,0.40000,1.49470,0.63320,0.12511,3.00000,1.00000,4.84359,40.19145,0.00000,0.00000
9.2400,924,240,0,0,0.00794,0.02276,0.01469,0.08881,0.00000,0.63919,0.48043,1.49292,0.63907,0.13099,3.00000,1.00000,5.38723,39.51756,0.00000,0.00000
9.2500,925,240,0,0,0.00772,0.02427,0.01362,0.09635,0.00000,0.54999,0.56276,1.49194,0.64495,0.13686,3.00000,1.00000,5.94422,38.80594,0.00000,0.00000
9.2600,926,240,0,0,0.00768,0.02559,0.01342,0.10293,0.00000,0.45862,0.64498,1.49465,0.65082,0.14273,3.00000,1.00000,6.52162,38.05694,0.00000,0.00000
9.2700,927,240,0,0,0.00807,0.02712,0.01534,0.11058,0.00000,0.36768,0.72577,1.49684,0.65669,0.14861,3.00000,1.00000,7.13499,37.28065,0.00000,0.00000
9.2800,928,240,0,0,0.00833,0.02855,0.01664,0.11776,0.00000,0.27604,0.81502,1.49970,0.66257,0.15448,3.00000,1.00000,7.75472,36.48635,0.00000,0.00000
9.2900,929,240,0,0,0.00794,0.02997,0.01468,0.12483,0.00000,0.19920,0.90165,1.49598,0.66844,0.16035,3.00000,1.00000,8.39588,35.66227,0.00000,0.00000
9.3000,930,240,0,0,0.00792,0.03117,0.01458,0.13083,0.00000,0.14519,0.97890,1.49679,0.67431,0.16623,3.00000,1.00000,9.04443,34.82692,0.00000,0.00000
9.3100,931,240,0,0,0.00773,0.03253,0.01364,0.13766,0.00066,0.10420,1.03793,1.49624,0.68019,0.17210,3.00000,1.00000,9.70463,33.96328,0.00000,0.00000
9.3200,932,240,0,0,0.00793,0.03374,0.01466,0.14369,0.00274,0.07454,1.08150,1.49361,0.68606,0.17797,3.00000,1.00000,10.39314,33.08745,0.00000,0.00000
9.3300,933,240,0,0,0.00759,0.03455,0.01295,0.14775,0.00193,0.05228,1.11023,1.49855,0.69193,0.18385,3.00000,1.00000,11.09641,32.17664,0.00000,0.00000
9.3400,934,240,0,0,0.00779,0.03566,0.01395,0.15328,0.00176,0.03842,1.12774,1.49884,0.69781,0.18972,3.00000,1.00000,11.79868,31.25210,0.00000,0.00000
9.3500,935,240,0,0,0.00773,0.03635,0.01366,0.15677,0.00254,0.02813,1.13356,1.49915,0.70368,0.19559,3.00000,1.00000,12.51742,30.31557,0.00000,0.00000
9.3600,936,240,0,0,0.00748,0.03703,0.01241,0.16014,0.00389,0.02114,1.13305,1.49745,0.70955,0.20147,3.00000,1.00000,13.25433,29.35680,0.00000,0.00000
9.3700,937,240,0,0,0.00747,0.03738,0.01234,0.16188,0.00083,0.01442,1.12527,1.49679,0.71543,0.20734,3.00000,1.00000,14.00570,28.37852,0.00000,0.00000
9.3800,938,240,0,0,0.00729,0.03758,0.01145,0.16288,0.00114,0.01077,1.11644,1.49621,0.72130,0.21321,3.00000,1.00000,14.75949,27.39753,0.00000,0.00000
9.3900,939,240,0,0,0.00717,0.03746,0.01084,0.16229,0.00066,0.00814,1.10463,1.49765,0.72717,0.21909,3.00000,1.00000,15.52070,26.38919,0.00000,0.00000
9.4000,940,240,0,0,0.00714,0.03657,0.01070,0.15786,0.00000,0.00767,1.08879,1.49846,0.73305,0.22496,3.00000,1.00000,16.28269,25.37752,0.00000,0.00000
9.4100,941,240,0,0,0.00749,0.03596,0.01244,0.15479,0.00159,0.00751,1.07243,1.49905,0.73892,0.23083,3.00000,1.00000,17.05440,24.35662,0.00000,0.00000
9.4200,942,240,0,0,0.00760,0.03529,0.01298,0.15146,0.00000,0.00460,1.05410,1.49984,0.74479,0.23671,3.00000,1.00000,17.83831,23.33026,0.00000,0.00000
9.4300,943,240,0,0,0.00770,0.03409,0.01352,0.14546,0.00000,0.00256,1.03830,1.49965,0.75067,0.24258,3.00000,1.00000,18.62475,22.30089,0.00000,0.00000
9.4400,944,240,0,0,0.00778,0.03342,0.01390,0.14211,0.00000,0.00109,1.02275,1.49959,0.75654,0.24845,3.00000,1.00000,19.41131,21.25522,0.00000,0.00000
9.4500,945,240,0,0,0.00800,0.03215,0.01498,0.13575,0.00000,0.00000,1.00270,1.49796,0.76241,0.25433,3.00000,1.00000,20.19902,20.20475,0.00000,0.00000
9.4600,946,240,0,0,0.00819,0.03091,0.01595,0.12957,0.00000,0.00000,0.98172,1.50000,0.76829,0.26020,3.00000,1.00000,20.98974,19.15206,0.00000,0.00000
9.4700,947,240,0,0,0.00839,0.02945,0.01695,0.12223,0.00000,0.00016,0.96132,1.50000,0.77416,0.26607,3.00000,1.00000,21.77173,18.10506,0.00000,0.00000
9.4800,948,240,0,0,0.00858,0.02791,0.01791,0.11453,0.00000,0.00000,0.94178,1.50000,0.78003,0.27195,3.00000,1.00000,22.56932,17.05209,0.00000,0.00000
9.4900,949,240,0,0,0.00881,0.02628,0.01903,0.10640,0.00000,0.00005,0.92495,1.50000,0.78591,0.27782,3.00000,1.00000,23.36148,15.99793,0.00000,0.00000
9.5000,950,240,0,0,0.00891,0.02467,0.01955,0.09837,0.00000,0.00117,0.90315,1.50000,0.79178,0.28369,3.00000,1.00000,24.13655,14.95516,0.00000,0.00000
9.5100,951,240,0,0,0.00942,0.02314,0.02208,0.09072,0.00174,0.00108,0.88372,1.50000,0.79765,0.28957,3.00000,1.00000,24.90699,13.91481,0.00000,0.00000
9.5200,952,240,0,0,0.00973,0.02189,0.02365,0.08447,0.00136,0.00000,0.86571,1.49882,0.80353,0.29544,3.00000,1.00000,25.67446,12.87622,0.00000,0.00000
9.5300,953,240,0,0,0.00958,0.02044,0.02290,0.07722,0.00138,0.00000,0.84977,1.50000,0.80940,0.30131,3.00000,1.00000,26.44021,11.85015,0.00000,0.00000
9.5400,954,240,0,0,0.01037,0.01930,0.02686,0.07148,0.00008,0.00117,0.83334,1.50000,0.81528,0.30719,3.00000,1.00000,27.18945,10.82545,0.00000,0.00000
9.5500,955,240,0,0,0.01081,0.01774,0.02905,0.06368,0.00049,0.00290,0.82027,1.50000,0.82115,0.31306,3.00000,1.00000,27.93852,9.80969,0.00000,0.00000
9.5600,956,240,0,0,0.01134,0.01638,0.03171,0.05690,0.00000,0.00323,0.80991,1.50000,0.82702,0.31894,3.00000,1.00000,28.67679,8.81168,0.00000,0.00000
9.5700,957,240,0,0,0.01165,0.01515,0.03327,0.05075,0.00000,0.00000,0.80653,1.50000,0.83290,0.32481,3.00000,1.00000,29.40511,7.81960,0.00000,0.00000
9.5800,958,240,0,0,0.01205,0.01398,0.03527,0.04488,0.00137,0.00000,0.80046,1.50000,0.83877,0.33068,3.00000,1.00000,30.12365,6.84563,0.00000,0.00000
9.5900,959,240,0,0,0.01251,0.01276,0.03753,0.03878,0.00188,0.00000,0.79866,1.50000,0.84464,0.33656,3.00000,1.00000,30.82176,5.90463,0.00000,0.00000
9.6000,960,240,0,0,0.01300,0.01204,0.03998,0.03519,0.00032,0.00000,0.79314,1.50000,0.85052,0.34243,3.00000,1.00000,31.50208,4.96829,0.00000,0.00000
9.6100,961,240,0,0,0.01347,0.01158,0.04237,0.03288,0.00000,0.00000,0.79010,1.50000,0.85639,0.34830,3.00000,1.00000,32.18514,4.05480,0.00000,0.00000
9.6200,962,240,0,0,0.01373,0.01111,0.04365,0.03054,0.00000,0.00000,0.79006,1.49857,0.86226,0.35418,3.00000,1.00000,32.84331,3.14105,0.00000,0.00000
9.6300,963,240,0,0,0.01418,0.01070,0.04588,0.02849,0.00000,0.00000,0.78838,1.50000,0.86814,0.36005,3.00000,1.00000,33.47858,2.25798,0.00000,0.00000
9.6400,964,240,0,0,0.01458,0.01011,0.04790,0.02556,0.00000,0.00000,0.78770,1.50000,0.87401,0.36592,3.00000,1.00000,34.09958,1.39434,0.00000,0.00000
9.6500,965,240,0,0,0.01458,0.00968,0.04788,0.02338,0.00000,0.00000,0.78627,1.50000,0.87988,0.37180,3.00000,1.00000,34.69093,0.56028,0.00000,0.00000
9.6600,966,240,0,0,0.01497,0.00927,0.04983,0.02133,0.00000,0.00082,0.78976,1.49930,0.88576,0.37767,3.00000,1.00000,35.27080,-0.25226,0.00000,0.00000
9.6700,967,240,0,0,0.01513,0.00909,0.05063,0.02046,0.00000,0.00000,0.78743,1.49620,0.89163,0.38354,3.00000,1.00000,35.83549,-1.04159,0.00000,0.00000
9.6800,968,240,0,0,0.01523,0.00876,0.05115,0.01880,0.00094,0.00025,0.78726,1.49881,0.89750,0.38942,3.00000,1.00000,36.38096,-1.80169,0.00000,0.00000
9.6900,969,240,0,0,0.01491,0.00855,0.04957,0.01773,0.00000,0.00000,0.78961,1.49914,0.90338,0.39529,3.00000,1.00000,36.90486,-2.53757,0.00000,0.00000
9.7000,970,240,0,0,0.01497,0.00833,0.04987,0.01665,0.00000,0.00000,0.78991,1.50000,0.90925,0.40116,3.00000,1.00000,37.40775,-3.24906,0.00000,0.00000
9.7100,971,240,0,0,0.01496,0.00807,0.04982,0.01537,0.00095,0.00200,0.78940,1.50000,0.91512,0.40704,3.00000,1.00000,37.88213,-3.92791,0.00000,0.00000
9.7200,972,240,0,0,0.01465,0.00795,0.04824,0.01476,0.00421,0.00000,0.79092,1.50000,0.92100,0.41291,3.00000,1.00000,38.32123,-4.57412,0.00000,0.00000
9.7300,973,240,0,0,0.01450,0.00825,0.04748,0.01624,0.00077,0.00000,0.78881,1.50000,0.92687,0.41878,3.00000,1.00000,38.75421,-5.18505,0.00000,0.00000
9.7400,974,240,0,0,0.01363,0.00788,0.04313,0.01442,0.00000,0.00000,0.78866,1.50000,0.93274,0.42466,3.00000,2.00000,39.16419,-5.76066,0.00000,0.00000
9.7500,975,240,0,0,0.01303,0.00778,0.04016,0.01392,0.00000,0.00000,0.79031,1.50000,0.93862,0.43053,3.00000,2.00000,39.54018,-6.31097,0.00000,0.00000
9.7600,976,240,0,0,0.01251,0.00783,0.03757,0.01416,0.00000,0.00000,0.79230,1.50000,0.94449,0.43640,3.00000,2.00000,39.89570,-6.83048,0.00000,0.00000
9.7700,977,240,0,0,0.01192,0.00778,0.03460,0.01390,0.00119,0.00000,0.78977,1.50000,0.95036,0.44228,3.00000,2.00000,40.23164,-7.30991,0.00000,0.00000
9.7800,978,240,0,0,0.01140,0.00763,0.03201,0.01316,0.00188,0.00000,0.78995,1.49994,0.95624,0.44815,3.00000,2.00000,40.53235,-7.76859,0.00000,0.00000
9.7900,979,240,0,0,0.01043,0.00722,0.02717,0.01111,0.00000,0.00000,0.79159,1.50000,0.96211,0.45402,3.00000,2.00000,40.80736,-8.18553,0.00000,0.00000
9.8000,980,240,0,0,0.01005,0.00736,0.02525,0.01178,0.00118,0.00005,0.78780,1.50000,0.96798,0.45990,3.00000,2.00000,41.04038,-8.56508,0.00000,0.00000
9.8100,981,240,0,0,0.01006,0.00739,0.02528,0.01196,0.00183,0.00300,0.79248,1.50000,0.97386,0.46577,3.00000,2.00000,41.26513,-8.91334,0.00000,0.00000
9.8200,982,240,0,0,0.00948,0.00711,0.02238,0.01057,0.00120,0.00203,0.78774,1.50000,0.97973,0.47164,3.00000,2.00000,41.44972,-9.21313,0.00000,0.00000
9.8300,983,240,0,0,0.00919,0.00743,0.02097,0.01216,0.00110,0.00364,0.78937,1.49816,0.98560,0.47752,3.00000,2.00000,41.62133,-9.47883,0.00000,0.00000
9.8400,984,240,0,0,0.00883,0.00726,0.01913,0.01132,0.00070,0.00120,0.78936,1.49916,0.99148,0.48339,3.00000,2.00000,41.74521,-9.70623,0.00000,0.00000
9.8500,985,240,0,0,0.00874,0.00721,0.01868,0.01103,0.00144,0.00049,0.78864,1.50000,0.99735,0.48926,3.00000,2.00000,41.84632,-9.90429,0.00000,0.00000
9.8600,986,240,0,0,0.00964,0.00684,0.02318,0.00918,0.00245,0.13900,0.78403,1.50000,0.00335,0.49514,0.00000,2.00000,41.91884,-10.05818,0.00000,0.00000
9.8700,987,240,0,0,0.01017,0.00701,0.02584,0.01007,0.00121,0.29776,0.75404,1.50000,0.00944,0.50101,0.00000,2.00000,41.97015,-10.17257,0.00000,0.00000
9.8800,988,240,0,0,0.01076,0.00733,0.02878,0.01166,0.00000,0.46477,0.70984,1.50000,0.01553,0.50688,0.00000,2.00000,41.99417,-10.25364,0.00000,0.00000
9.8900,989,240,0,0,0.01110,0.00734,0.03048,0.01171,0.00000,0.64144,0.65315,1.50000,0.02163,0.51276,0.00000,2.00000,41.98063,-10.28463,0.00000,0.00000
9.9000,990,240,0,0,0.01174,0.00737,0.03371,0.01185,0.00000,0.82557,0.59150,1.50000,0.02772,0.51863,0.00000,2.00000,41.93220,-10.27609,0.00000,0.00000
9.9100,991,240,0,0,0.01241,0.00754,0.03703,0.01272,0.00000,1.01069,0.52002,1.50000,0.03382,0.52450,0.00000,2.00000,41.85106,-10.22968,0.00000,0.00000
9.9200,992,240,0,0,0.01357,0.00731,0.04286,0.01153,0.00234,1.14472,0.44466,1.50000,0.03991,0.53038,0.00000,2.00000,41.73430,-10.14703,0.00000,0.00000
9.9300,993,240,0,0,0.01478,0.00745,0.04888,0.01227,0.00193,1.24196,0.36411,1.50000,0.04600,0.53625,0.00000,2.00000,41.58398,-10.02672,0.00000,0.00000
9.9400,994,240,0,0,0.01593,0.00788,0.05463,0.01439,0.00398,1.31506,0.28447,1.49962,0.05210,0.54213,1.00000,2.00000,41.40372,-9.85830,0.00000,0.00000
9.9500,995,240,0,0,0.01682,0.00802,0.05912,0.01508,0.00059,1.36360,0.20477,1.49778,0.05819,0.54800,1.00000,2.00000,41.19994,-9.64984,0.00000,0.00000
9.9600,996,240,0,0,0.01821,0.00770,0.06607,0.01349,0.00000,1.40029,0.14825,1.49072,0.06429,0.55387,1.00000,2.00000,40.96725,-9.40764,0.00000,0.00000
9.9700,997,240,0,0,0.01968,0.00752,0.07339,0.01258,0.00052,1.42889,0.10611,1.45822,0.07038,0.55975,1.00000,2.00000,40.69095,-9.12164,0.00000,0.00000
9.9800,998,240,0,0,0.02071,0.00760,0.07854,0.01299,0.00283,1.44707,0.07870,1.40693,0.07647,0.56562,1.00000,2.00000,40.38792,-8.79363,0.00000,0.00000
9.9900,999,240,0,0,0.02235,0.00748,0.08675,0.01242,0.00486,1.46303,0.05587,1.34442,0.08257,0.57149,1.00000,2.00000,40.04727,-8.43014,0.00000,0.00000
10.0000,1000,240,0,0,0.02391,0.00706,0.09455,0.01030,0.00584,1.47111,0.03875,1.26997,0.08866,0.57737,1.00000,2.00000,39.68019,-8.03157,0.00000,0.00000
10.0100,1001,240,0,0,0.02535,0.00720,0.10175,0.01099,0.00651,1.47794,0.02797,1.18614,0.09476,0.58324,1.00000,2.00000,39.28557,-7.60293,0.00000,0.00000
10.0200,1002,240,0,0,0.02743,0.00721,0.11215,0.01107,0.00563,1.48579,0.02002,1.09900,0.10085,0.58911,1.00000,2.00000,38.86395,-7.12812,0.00000,0.00000
10.0300,1003,240,0,0,0.02887,0.00719,0.11937,0.01093,0.00374,1.48675,0.01508,1.00779,0.10694,0.59499,1.00000,2.00000,38.41602,-6.60943,0.00000,0.00000
10.0400,1004,240,0,0,0.03038,0.00718,0.12689,0.01089,0.00395,1.48850,0.00982,0.91578,0.11304,0.60086,1.00000,3.00000,37.93857,-6.05295,0.00000,0.00000
10.0500,1005,240,0,0,0.03139,0.00717,0.13197,0.01087,0.00062,1.49134,0.00753,0.82358,0.11913,0.60673,1.00000,3.00000,37.43380,-5.46624,0.00000,0.00000
10.0600,1006,240,0,0,0.03277,0.00738,0.13883,0.01192,0.00118,1.49413,0.00829,0.72566,0.12523,0.61261,1.00000,3.00000,36.89252,-4.83768,0.00000,0.00000
10.0700,1007,240,0,0,0.03429,0.00747,0.14646,0.01236,0.00304,1.49430,0.00800,0.62921,0.13132,0.61848,1.00000,3.00000,36.32696,-4.18989,0.00000,0.00000
10.0800,1008,240,0,0,0.03540,0.00714,0.15201,0.01071,0.00101,1.49238,0.00470,0.53217,0.13742,0.62435,1.00000,3.00000,35.74053,-3.49941,0.00000,0.00000
10.0900,1009,240,0,0,0.03668,0.00710,0.15841,0.01051,0.00161,1.49308,0.00253,0.43255,0.14351,0.63023,1.00000,3.00000,35.13899,-2.78107,0.00000,0.00000
10.1000,1010,240,0,0,0.03790,0.00714,0.16450,0.01069,0.00002,1.49562,0.00337,0.33553,0.14960,0.63610,1.00000,3.00000,34.51400,-2.02833,0.00000,0.00000
10.1100,1011,240,0,0,0.03869,0.00707,0.16843,0.01037,0.00000,1.49514,0.00263,0.24475,0.15570,0.64197,1.00000,3.00000,33.86601,-1.25112,0.00000,0.00000
10.1200,1012,240,0,0,0.03897,0.00678,0.16986,0.00892,0.00347,1.49670,0.00300,0.17532,0.16179,0.64785,1.00000,3.00000,33.19808,-0.44248,0.00000,0.00000
10.1300,1013,240,0,0,0.03868,0.00666,0.16842,0.00828,0.04224,1.49984,0.00000,0.12861,0.16789,0.65372,1.00000,3.00000,32.50973,0.40244,0.00000,0.00000
10.1400,1014,240,0,0,0.03887,0.00690,0.16935,0.00949,0.09911,1.49865,0.00000,0.09364,0.17398,0.65959,1.00000,3.00000,31.79393,1.26484,0.00000,0.00000
10.1500,1015,240,0,0,0.03852,0.00677,0.16759,0.00884,0.17295,1.49996,0.00213,0.06864,0.18007,0.66547,1.00000,3.00000,31.05938,2.15979,0.00000,0.00000
10.1600,1016,240,0,0,0.03786,0.00700,0.16432,0.01001,0.25486,1.50000,0.00221,0.04918,0.18617,0.67134,1.00000,3.00000,30.31882,3.06389,0.00000,0.00000
10.1700,1017,240,0,0,0.03753,0.00702,0.16263,0.01012,0.34552,1.50000,0.00142,0.03624,0.19226,0.67721,1.00000,3.00000,29.56358,3.99906,0.00000,0.00000
10.1800,1018,240,0,0,0.03691,0.00729,0.15957,0.01144,0.43943,1.50000,0.00062,0.02936,0.19836,0.68309,1.00000,3.00000,28.78558,4.94825,0.00000,0.00000
10.1900,1019,240,0,0,0.03603,0.00714,0.15517,0.01072,0.53624,1.50000,0.00285,0.02045,0.20445,0.68896,1.00000,3.00000,27.98185,5.92092,0.00000,0.00000
10.2000,1020,240,0,0,0.03510,0.00709,0.15050,0.01046,0.63549,1.50000,0.00000,0.01654,0.21054,0.69483,1.00000,3.00000,27.17263,6.91466,0.00000,0.00000
10.2100,1021,240,0,0,0.03402,0.00733,0.14510,0.01165,0.73776,1.50000,0.00000,0.01208,0.21664,0.70071,1.00000,3.00000,26.35102,7.92257,0.00000,0.00000
10.2200,1022,240,0,0,0.03244,0.00713,0.13722,0.01063,0.84212,1.49979,0.00000,0.00822,0.22273,0.70658,1.00000,3.00000,25.52558,8.95531,0.00000,0.00000
10.2300,1023,240,0,0,0.03052,0.00715,0.12758,0.01075,0.94898,1.49740,0.00000,0.00719,0.22883,0.71245,1.00000,3.00000,24.68304,10.00650,0.00000,0.00000
10.2400,1024,240,0,0,0.02932,0.00709,0.12158,0.01043,1.05407,1.50000,0.00000,0.00426,0.23492,0.71833,1.00000,3.00000,23.84973,11.07114,0.00000,0.00000
10.2500,1025,240,0,0,0.02761,0.00739,0.11306,0.01196,1.15695,1.49965,0.00000,0.00228,0.24101,0.72420,1.00000,3.00000,23.00461,12.14959,0.00000,0.00000
10.2600,1026,240,0,0,0.02585,0.00716,0.10425,0.01081,1.22948,1.49836,0.00000,0.00206,0.24711,0.73007,1.00000,3.00000,22.14891,13.22781,0.00000,0.00000
10.2700,1027,240,0,0,0.02397,0.00723,0.09484,0.01114,1.28749,1.49758,0.00135,0.00298,0.25320,0.73595,1.00000,3.00000,21.29888,14.32298,0.00000,0.00000
10.2800,1028,240,0,0,0.02205,0.00701,0.08527,0.01004,1.32492,1.49721,0.00303,0.00209,0.25930,0.74182,1.00000,3.00000,20.43788,15.42860,0.00000,0.00000
10.2900,1029,240,0,0,0.02079,0.00693,0.07897,0.00967,1.34900,1.49538,0.00000,0.00419,0.26539,0.74769,1.00000,3.00000,19.57647,16.53556,0.00000,0.00000
10.3000,1030,240,0,0,0.01965,0.00749,0.07327,0.01245,1.35896,1.49987,0.00000,0.00394,0.27148,0.75357,1.00000,3.00000,18.71524,17.64026,0.00000,0.00000
10.3100,1031,240,0,0,0.01824,0.00727,0.06618,0.01134,1.36715,1.49853,0.00000,0.00455,0.27758,0.75944,1.00000,3.00000,17.85131,18.74876,0.00000,0.00000
10.3200,1032,240,0,0,0.01675,0.00755,0.05876,0.01276,1.36640,1.50000,0.00000,0.00498,0.28367,0.76531,1.00000,3.00000,16.98581,19.86197,0.00000,0.00000
10.3300,1033,240,0,0,0.01548,0.00818,0.05240,0.01590,1.36002,1.50000,0.00090,0.00353,0.28977,0.77119,1.00000,3.00000,16.13506,20.97016,0.00000,0.00000
10.3400,1034,240,0,0,0.01504,0.00837,0.05018,0.01686,1.35108,1.50000,0.00208,0.00385,0.29586,0.77706,1.00000,3.00000,15.28531,22.08184,0.00000,0.00000
10.3500,1035,240,0,0,0.01378,0.00843,0.04391,0.01716,1.34158,1.50000,0.00372,0.00653,0.30195,0.78294,1.00000,3.00000,14.43177,23.19247,0.00000,0.00000
10.3600,1036,240,0,0,0.01322,0.00884,0.04112,0.01921,1.32559,1.50000,0.00057,0.00614,0.30805,0.78881,1.00000,3.00000,13.59564,24.29719,0.00000,0.00000
10.3700,1037,240,0,0,0.01239,0.00860,0.03697,0.01801,1.31461,1.50000,0.00092,0.00283,0.31414,0.79468,1.00000,3.00000,12.76913,25.39976,0.00000,0.00000
10.3800,1038,240,0,0,0.01151,0.00881,0.03254,0.01903,1.29907,1.50000,0.00300,0.00170,0.32024,0.80056,1.00000,3.00000,11.95779,26.49603,0.00000,0.00000
10.3900,1039,240,0,0,0.01059,0.00909,0.02795,0.02045,1.28275,1.50000,0.00350,0.00000,0.32633,0.80643,1.00000,3.00000,11.15319,27.56915,0.00000,0.00000
10.4000,1040,240,0,0,0.01005,0.00953,0.02526,0.02264,1.26886,1.50000,0.00125,0.00000,0.33243,0.81230,1.00000,3.00000,10.36406,28.63883,0.00000,0.00000
10.4100,1041,240,0,0,0.00954,0.01050,0.02270,0.02748,1.25395,1.50000,0.00357,0.00000,0.33852,0.81818,1.00000,3.00000,9.58501,29.70399,0.00000,0.00000
10.4200,1042,240,0,0,0.00917,0.01075,0.02086,0.02877,1.23684,1.49989,0.00245,0.00000,0.34461,0.82405,1.00000,3.00000,8.81597,30.74420,0.00000,0.00000
10.4300,1043,240,0,0,0.00886,0.01131,0.01932,0.03155,1.22200,1.49868,0.00000,0.00000,0.35071,0.82992,1.00000,3.00000,8.05635,31.77392,0.00000,0.00000
10.4400,1044,240,0,0,0.00892,0.01191,0.01962,0.03456,1.20617,1.50000,0.00000,0.00000,0.35680,0.83580,1.00000,3.00000,7.32953,32.78063,0.00000,0.00000
10.4500,1045,240,0,0,0.00905,0.01260,0.02027,0.03801,1.19117,1.49894,0.00000,0.00189,0.36290,0.84167,1.00000,3.00000,6.60851,33.76810,0.00000,0.00000
10.4600,1046,240,0,0,0.00901,0.01327,0.02005,0.04134,1.17721,1.49736,0.00000,0.00171,0.36899,0.84754,1.00000,3.00000,5.91502,34.74986,0.00000,0.00000
10.4700,1047,240,0,0,0.00892,0.01320,0.01960,0.04101,1.15839,1.49860,0.00000,0.00336,0.37508,0.85342,1.00000,3.00000,5.24159,35.71493,0.00000,0.00000
10.4800,1048,240,0,0,0.00830,0.01423,0.01650,0.04613,1.14099,1.50000,0.00000,0.00081,0.38118,0.85929,1.00000,3.00000,4.57949,36.66155,0.00000,0.00000
10.4900,1049,240,0,0,0.00807,0.01419,0.01537,0.04597,1.13127,1.49984,0.00000,0.00030,0.38727,0.86516,1.00000,3.00000,3.93954,37.56946,0.00000,0.00000
10.5000,1050,240,0,0,0.00778,0.01440,0.01392,0.04701,1.12333,1.50000,0.00000,0.00086,0.39337,0.87104,1.00000,3.00000,3.32971,38.46710,0.00000,0.00000
10.5100,1051,240,0,0,0.00776,0.01462,0.01379,0.04811,1.11600,1.50000,0.00000,0.00050,0.39946,0.87691,1.00000,3.00000,2.74055,39.33905,0.00000,0.00000
10.5200,1052,240,0,0,0.00774,0.01463,0.01372,0.04813,1.11159,1.50000,0.00000,0.00000,0.40555,0.88278,1.00000,3.00000,2.17996,40.17321,0.00000,0.00000
10.5300,1053,240,0,0,0.00742,0.01484,0.01212,0.04920,1.11138,1.49977,0.00000,0.00000,0.41165,0.88866,1.00000,3.00000,1.64679,40.98391,0.00000,0.00000
10.5400,1054,240,0,0,0.00740,0.01512,0.01198,0.05058,1.11033,1.50000,0.00000,0.00000,0.41774,0.89453,1.00000,3.00000,1.12677,41.75681,0.00000,0.00000
10.5500,1055,240,0,0,0.00743,0.01503,0.01217,0.05014,1.10612,1.49859,0.00048,0.00000,0.42384,0.90040,2.00000,3.00000,0.63797,42.51149,0.00000,0.00000
10.5600,1056,240,0,0,0.00756,0.01476,0.01278,0.04881,1.10712,1.49614,0.00000,0.00000,0.42993,0.90628,2.00000,3.00000,0.19531,43.23062,0.00000,0.00000
10.5700,1057,240,0,0,0.00742,0.01485,0.01209,0.04926,1.10675,1.49545,0.00000,0.00065,0.43602,0.91215,2.00000,3.00000,-0.23872,43.91654,0.00000,0.00000
10.5800,1058,240,0,0,0.00712,0.01399,0.01059,0.04497,1.10280,1.50000,0.00000,0.00124,0.44212,0.91802,2.00000,3.00000,-0.63322,44.56897,0.00000,0.00000
10.5900,1059,240,0,0,0.00723,0.01375,0.01115,0.04376,1.10224,1.50000,0.00000,0.00357,0.44821,0.92390,2.00000,3.00000,-1.00656,45.20079,0.00000,0.00000
10.6000,1060,240,0,0,0.00731,0.01346,0.01154,0.04229,1.10470,1.50000,0.00000,0.00212,0.45431,0.92977,2.00000,3.00000,-1.35783,45.78380,0.00000,0.00000
10.6100,1061,240,0,0,0.00724,0.01280,0.01120,0.03901,1.10573,1.50000,0.00000,0.00061,0.46040,0.93564,2.00000,3.00000,-1.67161,46.34084,0.00000,0.00000
10.6200,1062,240,0,0,0.00736,0.01242,0.01181,0.03712,1.10536,1.50000,0.00000,0.00112,0.46649,0.94152,2.00000,3.00000,-1.94713,46.85869,0.00000,0.00000
10.6300,1063,240,0,0,0.00711,0.01166,0.01056,0.03329,1.10578,1.50000,0.00000,0.00142,0.47259,0.94739,2.00000,3.00000,-2.20053,47.34133,0.00000,0.00000
10.6400,1064,240,0,0,0.00713,0.01147,0.01065,0.03233,1.10630,1.50000,0.00000,0.00131,0.47868,0.95326,2.00000,3.00000,-2.41183,47.79706,0.00000,0.00000
10.6500,1065,240,0,0,0.00669,0.01087,0.00843,0.02936,1.10352,1.50000,0.00000,0.00181,0.48478,0.95914,2.00000,3.00000,-2.59397,48.20023,0.00000,0.00000
10.6600,1066,240,0,0,0.00694,0.01055,0.00970,0.02773,1.10027,1.50000,0.00000,0.00020,0.49087,0.96501,2.00000,3.00000,-2.75099,48.55619,0.00000,0.00000
10.6700,1067,240,0,0,0.00729,0.01015,0.01146,0.02574,1.09954,1.50000,0.00000,0.00069,0.49696,0.97088,2.00000,3.00000,-2.87226,48.88669,0.00000,0.00000
10.6800,1068,240,0,0,0.00707,0.00971,0.01036,0.02353,1.09996,1.50000,0.00000,0.00041,0.50306,0.97676,2.00000,3.00000,-2.96164,49.17140,0.00000,0.00000
10.6900,1069,240,0,0,0.00760,0.00907,0.01298,0.02033,1.10142,1.50000,0.00000,0.00047,0.50915,0.98263,2.00000,3.00000,-3.01097,49.42776,0.00000,0.00000
10.7000,1070,240,0,0,0.00774,0.00905,0.01371,0.02024,1.10144,1.49982,0.00000,0.00000,0.51525,0.98850,2.00000,3.00000,-3.01373,49.64131,0.00000,0.00000
10.7100,1071,240,0,0,0.00770,0.00855,0.01351,0.01775,1.10216,1.50000,0.00000,0.00000,0.52134,0.99438,2.00000,3.00000,-2.99233,49.80509,0.00000,0.00000
10.7200,1072,240,0,0,0.00738,0.00829,0.01190,0.01646,1.10071,1.50000,0.00000,0.00000,0.52744,0.00026,2.00000,0.00000,-2.93444,49.94146,0.00000,0.00000
10.7300,1073,240,0,0,0.00765,0.00812,0.01323,0.01560,1.10178,1.50000,0.00000,0.00047,0.53353,0.00636,2.00000,0.00000,-2.83740,50.00995,0.00000,0.00000
10.7400,1074,240,0,0,0.00757,0.00782,0.01284,0.01409,1.09740,1.50000,0.00000,0.00886,0.53962,0.01245,2.00000,0.00000,-2.71101,50.05039,0.00000,0.00000
10.7500,1075,240,0,0,0.00764,0.00754,0.01322,0.01268,1.09731,1.49915,0.00000,0.07312,0.54572,0.01854,2.00000,0.00000,-2.54570,50.05676,0.00000,0.00000
10.7600,1076,240,0,0,0.00781,0.00749,0.01406,0.01244,1.09605,1.49957,0.00000,0.17565,0.55181,0.02464,2.00000,0.00000,-2.32447,50.02032,0.00000,0.00000
10.7700,1077,240,0,0,0.00769,0.00761,0.01344,0.01304,1.09984,1.50000,0.00000,0.30759,0.55791,0.03073,2.00000,0.00000,-2.08039,49.94327,0.00000,0.00000
10.7800,1078,240,0,0,0.00749,0.00783,0.01244,0.01416,1.10061,1.50000,0.00000,0.46193,0.56400,0.03683,2.00000,0.00000,-1.79420,49.82109,0.00000,0.00000
10.7900,1079,240,0,0,0.00741,0.00790,0.01207,0.01449,1.09924,1.50000,0.00000,0.63104,0.57009,0.04292,2.00000,0.00000,-1.46474,49.65971,0.00000,0.00000
10.8000,1080,240,0,0,0.00714,0.00788,0.01071,0.01438,1.10118,1.49688,0.00000,0.81079,0.57619,0.04901,2.00000,0.00000,-1.11046,49.45463,0.00000,0.00000
10.8100,1081,240,0,0,0.00710,0.00809,0.01048,0.01547,1.10155,1.49966,0.00073,0.99517,0.58228,0.05511,2.00000,1.00000,-0.71108,49.21529,0.00000,0.00000
10.8200,1082,240,0,0,0.00734,0.00867,0.01170,0.01833,1.10271,1.49919,0.00303,1.13443,0.58838,0.06120,2.00000,1.00000,-0.27752,48.93112,0.00000,0.00000
10.8300,1083,240,0,0,0.00719,0.00878,0.01095,0.01890,1.10420,1.50000,0.00342,1.23664,0.59447,0.06730,2.00000,1.00000,0.18665,48.60978,0.00000,0.00000
10.8400,1084,240,0,0,0.00709,0.00913,0.01043,0.02066,1.10436,1.49451,0.03630,1.30838,0.60056,0.07339,3.00000,1.00000,0.69118,48.24498,0.00000,0.00000
10.8500,1085,240,0,0,0.00718,0.00960,0.01092,0.02301,1.10277,1.49567,0.10209,1.36076,0.60666,0.07948,3.00000,1.00000,1.21688,47.84403,0.00000,0.00000
10.8600,1086,240,0,0,0.00729,0.00980,0.01147,0.02401,1.10286,1.49446,0.18792,1.39758,0.61275,0.08558,3.00000,1.00000,1.78543,47.40115,0.00000,0.00000
10.8700,1087,240,0,0,0.00724,0.01031,0.01120,0.02655,1.10103,1.49604,0.28422,1.42349,0.61885,0.09167,3.00000,1.00000,2.40148,46.93503,0.00000,0.00000
10.8800,1088,240,0,0,0.00745,0.01064,0.01227,0.02818,1.10377,1.49671,0.39466,1.44534,0.62494,0.09777,3.00000,1.00000,3.02858,46.41675,0.00000,0.00000
10.8900,1089,240,0,0,0.00758,0.01091,0.01292,0.02953,1.10604,1.49739,0.51111,1.46221,0.63103,0.10386,3.00000,1.00000,3.69437,45.87573,0.00000,0.00000
10.9000,1090,240,0,0,0.00764,0.01099,0.01318,0.02993,1.10457,1.49980,0.63701,1.47332,0.63713,0.10995,3.00000,1.00000,4.39003,45.29897,0.00000,0.00000
10.9100,1091,240,0,0,0.00758,0.01128,0.01291,0.03142,1.08107,1.49717,0.76789,1.47994,0.64322,0.11605,3.00000,1.00000,5.12027,44.67643,0.00000,0.00000
10.9200,1092,240,0,0,0.00751,0.01217,0.01253,0.03583,1.03352,1.49826,0.89985,1.48777,0.64932,0.12214,3.00000,1.00000,5.86616,44.02558,0.00000,0.00000
10.9300,1093,240,0,0,0.00746,0.01290,0.01232,0.03949,0.96766,1.49897,1.03562,1.49100,0.65541,0.12824,3.00000,1.00000,6.64418,43.34819,0.00000,0.00000
10.9400,1094,240,0,0,0.00724,0.01318,0.01120,0.04089,0.88854,1.50000,1.16323,1.49337,0.66150,0.13433,3.00000,1.00000,7.44798,42.62709,0.00000,0.00000
10.9500,1095,240,0,0,0.00722,0.01408,0.01109,0.04538,0.80251,1.50000,1.25566,1.49281,0.66760,0.14042,3.00000,1.00000,8.27122,41.87510,0.00000,0.00000
10.9600,1096,240,0,0,0.00731,0.01466,0.01157,0.04830,0.70883,1.50000,1.32181,1.49575,0.67369,0.14652,3.00000,1.00000,9.11507,41.10383,0.00000,0.00000
10.9700,1097,240,0,0,0.00735,0.01506,0.01173,0.05028,0.61238,1.50000,1.36964,1.49673,0.67979,0.15261,3.00000,1.00000,9.99785,40.29708,0.00000,0.00000
10.9800,1098,240,0,0,0.00781,0.01562,0.01406,0.05311,0.51285,1.50000,1.40098,1.49722,0.68588,0.15871,3.00000,1.00000,10.88466,39.45905,0.00000,0.00000
10.9900,1099,240,0,0,0.00794,0.01655,0.01471,0.05774,0.41100,1.50000,1.42869,1.49900,0.69198,0.16480,3.00000,1.00000,11.79208,38.60077,0.00000,0.00000
11.0000,1100,240,0,0,0.00779,0.01727,0.01396,0.06134,0.30782,1.50000,1.44940,1.49736,0.69807,0.17089,3.00000,1.00000,12.72206,37.71776,0.00000,0.00000
11.0100,1101,240,0,0,0.00759,0.01766,0.01295,0.06332,0.22168,1.49899,1.46247,1.49652,0.70416,0.17699,3.00000,1.00000,13.65164,36.83357,0.00000,0.00000
11.0200,1102,240,0,0,0.00751,0.01860,0.01257,0.06799,0.15701,1.49762,1.47411,1.49409,0.71026,0.18308,3.00000,1.00000,14.60979,35.89967,0.00000,0.00000
11.0300,1103,240,0,0,0.00726,0.01854,0.01131,0.06771,0.11346,1.49762,1.48200,1.49414,0.71635,0.18918,3.00000,1.00000,15.58823,34.95290,0.00000,0.00000
11.0400,1104,240,0,0,0.00731,0.01881,0.01153,0.06904,0.08240,1.49785,1.48782,1.49662,0.72245,0.19527,3.00000,1.00000,16.57393,33.98037,0.00000,0.00000
11.0500,1105,240,0,0,0.00756,0.01911,0.01280,0.07054,0.06079,1.49855,1.48744,1.49992,0.72854,0.20137,3.00000,1.00000,17.55510,32.99597,0.00000,0.00000
11.0600,1106,240,0,0,0.00755,0.01948,0.01276,0.07239,0.04440,1.49921,1.49026,1.50000,0.73463,0.20746,3.00000,1.00000,18.56275,31.98674,0.00000,0.00000
11.0700,1107,240,0,0,0.00799,0.01952,0.01494,0.07262,0.02959,1.50000,1.49410,1.49930,0.74073,0.21355,3.00000,1.00000,19.57946,30.97624,0.00000,0.00000
11.0800,1108,240,0,0,0.00787,0.01998,0.01434,0.07489,0.02297,1.50000,1.49726,1.49984,0.74682,0.21965,3.00000,1.00000,20.58576,29.94429,0.00000,0.00000
11.0900,1109,240,0,0,0.00791,0.02028,0.01453,0.07642,0.01684,1.50000,1.49740,1.49941,0.75292,0.22574,3.00000,1.00000,21.60672,28.90746,0.00000,0.00000
11.1000,1110,240,0,0,0.00803,0.01995,0.01516,0.07477,0.01154,1.50000,1.49653,1.49766,0.75901,0.23184,3.00000,1.00000,22.62612,27.86876,0.00000,0.00000
11.1100,1111,240,0,0,0.00812,0.01976,0.01561,0.07378,0.00720,1.50000,1.48433,1.49800,0.76510,0.23793,3.00000,1.00000,23.65448,26.79478,0.00000,0.00000
11.1200,1112,240,0,0,0.00832,0.01998,0.01660,0.07492,0.00453,1.50000,1.46731,1.49317,0.77120,0.24402,3.00000,1.00000,24.69107,25.72742,0.00000,0.00000
11.1300,1113,240,0,0,0.00860,0.01991,0.01800,0.07457,0.00573,1.50000,1.44606,1.49714,0.77729,0.25012,3.00000,1.00000,25.71543,24.65001,0.00000,0.00000
11.1400,1114,240,0,0,0.00838,0.01974,0.01690,0.07370,0.00429,1.50000,1.41994,1.49854,0.78339,0.25621,3.00000,1.00000,26.73671,23.56430,0.00000,0.00000
11.1500,1115,240,0,0,0.00848,0.01974,0.01738,0.07371,0.00402,1.49442,1.39181,1.49937,0.78948,0.26231,3.00000,1.00000,27.75583,22.48255,0.00000,0.00000
11.1600,1116,240,0,0,0.00861,0.01944,0.01804,0.07222,0.00142,1.46339,1.36337,1.49956,0.79557,0.26840,3.00000,1.00000,28.76468,21.40241,0.00000,0.00000
11.1700,1117,240,0,0,0.00915,0.01891,0.02076,0.06953,0.00371,1.41602,1.33205,1.50000,0.80167,0.27449,3.00000,1.00000,29.77127,20.32126,0.00000,0.00000
11.1800,1118,240,0,0,0.00948,0.01830,0.02239,0.06648,0.00214,1.35270,1.30141,1.49894,0.80776,0.28059,3.00000,1.00000,30.76144,19.24338,0.00000,0.00000
11.1900,1119,240,0,0,0.01004,0.01777,0.02518,0.06387,0.00216,1.27874,1.27016,1.49731,0.81386,0.28668,3.00000,1.00000,31.74354,18.17236,0.00000,0.00000
11.2000,1120,240,0,0,0.01054,0.01710,0.02772,0.06048,0.00371,1.20091,1.24283,1.49716,0.81995,0.29278,3.00000,1.00000,32.72877,17.10331,0.00000,0.00000
11.2100,1121,240,0,0,0.01090,0.01651,0.02951,0.05753,0.00274,1.11433,1.22696,1.49867,0.82604,0.29887,3.00000,1.00000,33.70028,16.03994,0.00000,0.00000
11.2200,1122,240,0,0,0.01135,0.01588,0.03175,0.05438,0.00052,1.02716,1.21538,1.49808,0.83214,0.30496,3.00000,1.00000,34.66145,14.98346,0.00000,0.00000
11.2300,1123,240,0,0,0.01165,0.01553,0.03326,0.05263,0.00048,0.93646,1.20556,1.49772,0.83823,0.31106,3.00000,1.00000,35.58498,13.93486,0.00000,0.00000
11.2400,1124,240,0,0,0.01224,0.01484,0.03622,0.04922,0.00095,0.84208,1.19854,1.49753,0.84433,0.31715,3.00000,1.00000,36.49850,12.90482,0.00000,0.00000
11.2500,1125,240,0,0,0.01305,0.01476,0.04027,0.04878,0.00417,0.74664,1.19172,1.50000,0.85042,0.32325,3.00000,1.00000,37.38930,11.88711,0.00000,0.00000
11.2600,1126,240,0,0,0.01391,0.01404,0.04453,0.04520,0.00279,0.65060,1.18990,1.50000,0.85651,0.32934,3.00000,1.00000,38.27138,10.88256,0.00000,0.00000
11.2700,1127,240,0,0,0.01414,0.01367,0.04572,0.04335,0.00381,0.55066,1.18779,1.50000,0.86261,0.33543,3.00000,1.00000,39.12001,9.88907,0.00000,0.00000
11.2800,1128,240,0,0,0.01426,0.01345,0.04628,0.04227,0.00148,0.45226,1.18694,1.50000,0.86870,0.34153,3.00000,1.00000,39.93887,8.92014,0.00000,0.00000
11.2900,1129,240,0,0,0.01439,0.01302,0.04697,0.04009,0.00298,0.35606,1.18579,1.50000,0.87480,0.34762,3.00000,1.00000,40.75046,7.97054,0.00000,0.00000
11.3000,1130,240,0,0,0.01466,0.01193,0.04831,0.03463,0.00007,0.25697,1.18513,1.50000,0.88089,0.35372,3.00000,1.00000,41.52761,7.04265,0.00000,0.00000
11.3100,1131,240,0,0,0.01508,0.01127,0.05040,0.03135,0.00000,0.18400,1.18276,1.50000,0.88699,0.35981,3.00000,1.00000,42.29319,6.13152,0.00000,0.00000
11.3200,1132,240,0,0,0.01491,0.01073,0.04956,0.02864,0.00105,0.13426,1.18119,1.50000,0.89308,0.36591,3.00000,1.00000,43.03014,5.24423,0.00000,0.00000
11.3300,1133,240,0,0,0.01473,0.01035,0.04866,0.02673,0.00110,0.09837,1.18321,1.50000,0.89917,0.37200,3.00000,1.00000,43.73033,4.36915,0.00000,0.00000
11.3400,1134,240,0,0,0.01474,0.01029,0.04872,0.02644,0.00160,0.07164,1.18395,1.50000,0.90527,0.37809,3.00000,1.00000,44.40673,3.53395,0.00000,0.00000
11.3500,1135,240,0,0,0.01451,0.00983,0.04756,0.02415,0.00045,0.05065,1.18310,1.50000,0.91136,0.38419,3.00000,1.00000,45.05291,2.72927,0.00000,0.00000
11.3600,1136,240,0,0,0.01452,0.00955,0.04760,0.02273,0.00040,0.03822,1.17874,1.50000,0.91746,0.39028,3.00000,1.00000,45.65951,1.94244,0.00000,0.00000
11.3700,1137,240,0,0,0.01384,0.00943,0.04422,0.02216,0.00091,0.02854,1.17728,1.50000,0.92355,0.39638,3.00000,1.00000,46.24117,1.18810,0.00000,0.00000
11.3800,1138,240,0,0,0.01353,0.00892,0.04266,0.01961,0.00284,0.02072,1.17675,1.50000,0.92964,0.40247,3.00000,1.00000,46.79695,0.46784,0.00000,0.00000
11.3900,1139,240,0,0,0.01297,0.00855,0.03987,0.01773,0.00000,0.01770,1.17657,1.50000,0.93574,0.40856,3.00000,1.00000,47.31178,-0.23454,0.00000,0.00000
11.4000,1140,240,0,0,0.01234,0.00845,0.03668,0.01724,0.00000,0.01145,1.17730,1.49749,0.94183,0.41466,3.00000,1.00000,47.77856,-0.88948,0.00000,0.00000
11.4100,1141,240,0,0,0.01155,0.00816,0.03275,0.01581,0.00000,0.00578,1.17723,1.49949,0.94793,0.42075,3.00000,2.00000,48.21572,-1.51697,0.00000,0.00000
11.4200,1142,240,0,0,0.01170,0.00765,0.03350,0.01324,0.00000,0.00427,1.17527,1.50000,0.95402,0.42685,3.00000,2.00000,48.62385,-2.11198,0.00000,0.00000
11.4300,1143,240,0,0,0.01122,0.00730,0.03111,0.01148,0.00114,0.00427,1.17735,1.49936,0.96011,0.43294,3.00000,2.00000,48.99509,-2.67858,0.00000,0.00000
11.4400,1144,240,0,0,0.01066,0.00725,0.02830,0.01124,0.00239,0.00224,1.17769,1.50000,0.96621,0.43903,3.00000,2.00000,49.34436,-3.20540,0.00000,0.00000
11.4500,1145,240,0,0,0.01020,0.00739,0.02600,0.01196,0.00459,0.00224,1.17198,1.50000,0.97230,0.44513,3.00000,2.00000,49.63750,-3.69234,0.00000,0.00000
11.4600,1146,240,0,0,0.00980,0.00741,0.02400,0.01203,0.00144,0.00095,1.12657,1.50000,0.97840,0.45122,3.00000,2.00000,49.89837,-4.13526,0.00000,0.00000
11.4700,1147,240,0,0,0.00969,0.00752,0.02345,0.01260,0.00060,0.00000,1.05400,1.50000,0.98449,0.45732,3.00000,2.00000,50.11823,-4.54828,0.00000,0.00000
11.4800,1148,240,0,0,0.00925,0.00792,0.02123,0.01460,0.00051,0.00000,0.96630,1.50000,0.99058,0.46341,3.00000,2.00000,50.29612,-4.91209,0.00000,0.00000
11.4900,1149,240,0,0,0.00919,0.00762,0.02094,0.01310,0.00124,0.00000,0.86325,1.50000,0.99668,0.46950,3.00000,2.00000,50.43667,-5.24131,0.00000,0.00000
11.5000,1150,240,0,0,0.00930,0.00760,0.02152,0.01300,0.00106,0.00786,0.75300,1.50000,0.00270,0.47560,0.00000,2.00000,50.54234,-5.53387,0.00000,0.00000
11.5100,1151,240,0,0,0.00920,0.00774,0.02098,0.01368,0.00018,0.06691,0.63299,1.50000,0.00864,0.48169,0.00000,2.00000,50.60297,-5.79233,0.00000,0.00000
11.5200,1152,240,0,0,0.00954,0.00712,0.02269,0.01062,0.00216,0.15903,0.50621,1.49911,0.01457,0.48779,0.00000,2.00000,50.62506,-6.00742,0.00000,0.00000
11.5300,1153,240,0,0,0.00963,0.00764,0.02317,0.01322,0.00219,0.27948,0.37673,1.49977,0.02051,0.49388,0.00000,2.00000,50.60495,-6.16472,0.00000,0.00000
11.5400,1154,240,0,0,0.01023,0.00765,0.02616,0.01325,0.00049,0.41500,0.27475,1.49978,0.02645,0.49997,0.00000,2.00000,50.54995,-6.28201,0.00000,0.00000
11.5500,1155,240,0,0,0.01037,0.00765,0.02686,0.01326,0.00260,0.56792,0.20105,1.50000,0.03238,0.50607,0.00000,2.00000,50.45778,-6.36805,0.00000,0.00000
11.5600,1156,240,0,0,0.01062,0.00752,0.02810,0.01259,0.00201,0.72927,0.14399,1.50000,0.03832,0.51216,0.00000,2.00000,50.32307,-6.41820,0.00000,0.00000
11.5700,1157,240,0,0,0.01152,0.00742,0.03262,0.01210,0.00423,0.89525,0.10511,1.49959,0.04426,0.51826,0.00000,2.00000,50.14215,-6.43966,0.00000,0.00000
11.5800,1158,240,0,0,0.01208,0.00758,0.03541,0.01290,0.00376,1.06098,0.07714,1.50000,0.05019,0.52435,1.00000,2.00000,49.91980,-6.40686,0.00000,0.00000
11.5900,1159,240,0,0,0.01270,0.00751,0.03850,0.01254,0.00465,1.18285,0.05431,1.50000,0.05613,0.53044,1.00000,2.00000,49.65669,-6.35124,0.00000,0.00000
11.6000,1160,240,0,0,0.01351,0.00724,0.04256,0.01120,0.00197,1.26756,0.03838,1.50000,0.06206,0.53654,1.00000,2.00000,49.35520,-6.25172,0.00000,0.00000
11.6100,1161,240,0,0,0.01438,0.00699,0.04689,0.00994,0.00000,1.33009,0.02947,1.48333,0.06800,0.54263,1.00000,2.00000,49.01842,-6.10316,0.00000,0.00000
11.6200,1162,240,0,0,0.01561,0.00667,0.05303,0.00833,0.00033,1.37785,0.01898,1.44228,0.07394,0.54873,1.00000,2.00000,48.62039,-5.92729,0.00000,0.00000
11.6300,1163,240,0,0,0.01665,0.00695,0.05824,0.00973,0.00215,1.41120,0.01583,1.38579,0.07987,0.55482,1.00000,2.00000,48.19363,-5.71211,0.00000,0.00000
11.6400,1164,240,0,0,0.01757,0.00708,0.06283,0.01038,0.00161,1.43875,0.01179,1.31524,0.08581,0.56092,1.00000,2.00000,47.72481,-5.47927,0.00000,0.00000
11.6500,1165,240,0,0,0.01860,0.00729,0.06798,0.01147,0.00000,1.45310,0.00884,1.23404,0.09175,0.56701,1.00000,2.00000,47.21662,-5.19278,0.00000,0.00000
11.6600,1166,240,0,0,0.01990,0.00763,0.07449,0.01315,0.00000,1.46267,0.00686,1.14658,0.09768,0.57310,1.00000,2.00000,46.68604,-4.87020,0.00000,0.00000
11.6700,1167,240,0,0,0.02174,0.00769,0.08372,0.01345,0.00000,1.47562,0.00727,1.05284,0.10362,0.57920,1.00000,2.00000,46.10843,-4.51409,0.00000,0.00000
11.6800,1168,240,0,0,0.02315,0.00776,0.09076,0.01382,0.00000,1.48376,0.00329,0.95662,0.10956,0.58529,1.00000,2.00000,45.49750,-4.12163,0.00000,0.00000
11.6900,1169,240,0,0,0.02437,0.00747,0.09684,0.01236,0.01793,1.48629,0.00121,0.85769,0.11549,0.59139,1.00000,2.00000,44.85439,-3.70030,0.00000,0.00000
11.7000,1170,240,0,0,0.02560,0.00760,0.10299,0.01299,0.06923,1.48839,0.00000,0.76018,0.12143,0.59748,1.00000,2.00000,44.17270,-3.24714,0.00000,0.00000
11.7100,1171,240,0,0,0.02719,0.00783,0.11093,0.01416,0.14154,1.49243,0.00000,0.65765,0.12736,0.60357,1.00000,3.00000,43.44548,-2.76025,0.00000,0.00000
11.7200,1172,240,0,0,0.02879,0.00769,0.11894,0.01343,0.22529,1.49577,0.00000,0.55735,0.13330,0.60967,1.00000,3.00000,42.70026,-2.24582,0.00000,0.00000
11.7300,1173,240,0,0,0.03062,0.00774,0.12808,0.01370,0.31943,1.49965,0.00000,0.45272,0.13924,0.61576,1.00000,3.00000,41.92394,-1.69931,0.00000,0.00000
11.7400,1174,240,0,0,0.03237,0.00771,0.13685,0.01355,0.41868,1.49586,0.00117,0.35214,0.14517,0.62186,1.00000,3.00000,41.12030,-1.12446,0.00000,0.00000
11.7500,1175,240,0,0,0.03404,0.00776,0.14520,0.01379,0.53122,1.49724,0.00190,0.25637,0.15111,0.62795,1.00000,3.00000,40.27887,-0.51930,0.00000,0.00000
11.7600,1176,240,0,0,0.03533,0.00796,0.15166,0.01482,0.64308,1.49809,0.00200,0.18453,0.15705,0.63404,1.00000,3.00000,39.40854,0.10868,0.00000,0.00000
11.7700,1177,240,0,0,0.03693,0.00778,0.15963,0.01388,0.75808,1.49722,0.00349,0.13406,0.16298,0.64014,1.00000,3.00000,38.51714,0.77284,0.00000,0.00000
11.7800,1178,240,0,0,0.03828,0.00742,0.16642,0.01212,0.87777,1.50000,0.00104,0.09740,0.16892,0.64623,1.00000,3.00000,37.60440,1.44790,0.00000,0.00000
11.7900,1179,240,0,0,0.03971,0.00781,0.17355,0.01405,1.00153,1.49916,0.00110,0.06894,0.17486,0.65233,1.00000,3.00000,36.66013,2.16426,0.00000,0.00000
11.8000,1180,240,0,0,0.04076,0.00751,0.17879,0.01253,1.12237,1.50000,0.00086,0.04959,0.18079,0.65842,1.00000,3.00000,35.68737,2.90977,0.00000,0.00000
11.8100,1181,240,0,0,0.04181,0.00791,0.18403,0.01457,1.23408,1.50000,0.00278,0.03824,0.18673,0.66451,1.00000,3.00000,34.69280,3.67030,0.00000,0.00000
11.8200,1182,240,0,0,0.04275,0.00782,0.18873,0.01409,1.30445,1.49920,0.00162,0.02769,0.19266,0.67061,1.00000,3.00000,33.69334,4.44586,0.00000,0.00000
11.8300,1183,240,0,0,0.04376,0.00748,0.19379,0.01242,1.35902,1.50000,0.00100,0.01812,0.19860,0.67670,1.00000,3.00000,32.66604,5.23896,0.00000,0.00000
11.8400,1184,240,0,0,0.04409,0.00777,0.19543,0.01384,1.39839,1.50000,0.00000,0.01241,0.20454,0.68280,1.00000,3.00000,31.61991,6.05805,0.00000,0.00000
11.8500,1185,240,0,0,0.04447,0.00761,0.19735,0.01305,1.42802,1.50000,0.00104,0.00858,0.21047,0.68889,1.00000,3.00000,30.55676,6.89320,0.00000,0.00000
11.8600,1186,240,0,0,0.04489,0.00735,0.19947,0.01175,1.44618,1.50000,0.00001,0.00806,0.21641,0.69498,1.00000,3.00000,29.47918,7.75082,0.00000,0.00000
11.8700,1187,240,0,0,0.04502,0.00746,0.20010,0.01229,1.46306,1.50000,0.00000,0.00509,0.22235,0.70108,1.00000,3.00000,28.40196,8.62408,0.00000,0.00000
11.8800,1188,240,0,0,0.04500,0.00744,0.19998,0.01219,1.47452,1.50000,0.00000,0.00257,0.22828,0.70717,1.00000,3.00000,27.31305,9.50187,0.00000,0.00000
11.8900,1189,240,0,0,0.04407,0.00724,0.19534,0.01118,1.48236,1.50000,0.00000,0.00303,0.23422,0.71327,1.00000,3.00000,26.20331,10.40517,0.00000,0.00000
11.9000,1190,240,0,0,0.04327,0.00743,0.19133,0.01213,1.48629,1.50000,0.00000,0.00123,0.24016,0.71936,1.00000,3.00000,25.07922,11.32092,0.00000,0.00000
11.9100,1191,240,0,0,0.04279,0.00728,0.18895,0.01138,1.48819,1.50000,0.00000,0.00179,0.24609,0.72545,1.00000,3.00000,23.95270,12.24084,0.00000,0.00000
11.9200,1192,240,0,0,0.04166,0.00721,0.18330,0.01103,1.47927,1.50000,0.00000,0.00039,0.25203,0.73155,1.00000,3.00000,22.82164,13.16604,0.00000,0.00000
11.9300,1193,240,0,0,0.04040,0.00674,0.17702,0.00870,1.46524,1.50000,0.00000,0.00159,0.25796,0.73764,1.00000,3.00000,21.68586,14.09476,0.00000,0.00000
11.9400,1194,240,0,0,0.03918,0.00675,0.17089,0.00877,1.45266,1.50000,0.00000,0.00005,0.26390,0.74374,1.00000,3.00000,20.55182,15.04639,0.00000,0.00000
11.9500,1195,240,0,0,0.03824,0.00681,0.16622,0.00903,1.43345,1.50000,0.00000,0.00000,0.26984,0.74983,1.00000,3.00000,19.40734,16.00595,0.00000,0.00000
11.9600,1196,240,0,0,0.03643,0.00706,0.15714,0.01031,1.41021,1.50000,0.00000,0.00193,0.27577,0.75593,1.00000,3.00000,18.28023,16.96331,0.00000,0.00000
11.9700,1197,240,0,0,0.03505,0.00745,0.15023,0.01224,1.38364,1.50000,0.00176,0.00371,0.28171,0.76202,1.00000,3.00000,17.14203,17.91709,0.00000,0.00000
11.9800,1198,240,0,0,0.03400,0.00766,0.14499,0.01328,1.35694,1.50000,0.00000,0.00396,0.28765,0.76811,1.00000,3.00000,16.01759,18.87816,0.00000,0.00000
11.9900,1199,240,0,0,0.03216,0.00761,0.13578,0.01303,1.33126,1.50000,0.00211,0.00243,0.29358,0.77421,1.00000,3.00000,14.90724,19.83388,0.00000,0.00000
12.0000,1200,240,0,0,0.03075,0.00790,0.12873,0.01450,1.30247,1.49801,0.00114,0.00036,0.29952,0.78030,1.00000,3.00000,13.80096,20.78843,0.00000,0.00000
12.0100,1201,240,0,0,0.02889,0.00860,0.11943,0.01800,1.27555,1.49835,0.00000,0.00222,0.30546,0.78640,1.00000,3.00000,12.69994,21.73740,0.00000,0.00000
12.0200,1202,240,0,0,0.02722,0.00887,0.11110,0.01934,1.24687,1.49952,0.00028,0.00232,0.31139,0.79249,1.00000,3.00000,11.60410,22.69466,0.00000,0.00000
12.0300,1203,240,0,0,0.02527,0.00892,0.10137,0.01960,1.21810,1.49963,0.00334,0.00103,0.31733,0.79858,1.00000,3.00000,10.52825,23.62406,0.00000,0.00000
12.0400,1204,240,0,0,0.02381,0.00952,0.09403,0.02260,1.18855,1.49888,0.00284,0.00000,0.32326,0.80468,1.00000,3.00000,9.46112,24.55665,0.00000,0.00000
12.0500,1205,240,0,0,0.02215,0.00977,0.08575,0.02385,1.15882,1.49950,0.00360,0.00000,0.32920,0.81077,1.00000,3.00000,8.40635,25.48986,0.00000,0.00000
12.0600,1206,240,0,0,0.02084,0.01004,0.07922,0.02521,1.13198,1.49861,0.00326,0.00000,0.33514,0.81687,1.00000,3.00000,7.35748,26.40937,0.00000,0.00000
12.0700,1207,240,0,0,0.01952,0.01018,0.07258,0.02591,1.11531,1.49793,0.00629,0.00000,0.34107,0.82296,1.00000,3.00000,6.34326,27.32256,0.00000,0.00000
12.0800,1208,240,0,0,0.01848,0.01061,0.06741,0.02804,1.10264,1.49567,0.00481,0.00000,0.34701,0.82905,1.00000,3.00000,5.32863,28.21150,0.00000,0.00000
12.0900,1209,240,0,0,0.01746,0.01148,0.06228,0.03241,1.09019,1.49384,0.00199,0.00015,0.35295,0.83515,1.00000,3.00000,4.35692,29.07755,0.00000,0.00000
12.1000,1210,240,0,0,0.01661,0.01229,0.05807,0.03643,1.08532,1.49282,0.00050,0.00020,0.35888,0.84124,1.00000,3.00000,3.41001,29.93283,0.00000,0.00000
12.1100,1211,240,0,0,0.01503,0.01283,0.05015,0.03916,1.08097,1.49737,0.00037,0.00030,0.36482,0.84734,1.00000,3.00000,2.46735,30.78189,0.00000,0.00000
12.1200,1212,240,0,0,0.01431,0.01334,0.04653,0.04170,1.07597,1.50000,0.00000,0.00000,0.37076,0.85343,1.00000,3.00000,1.56463,31.61202,0.00000,0.00000
12.1300,1213,240,0,0,0.01318,0.01366,0.04090,0.04329,1.07436,1.50000,0.00000,0.00000,0.37669,0.85952,1.00000,3.00000,0.68291,32.42053,0.00000,0.00000
12.1400,1214,240,0,0,0.01239,0.01413,0.03695,0.04563,1.07426,1.50000,0.00054,0.00031,0.38263,0.86562,1.00000,3.00000,-0.17260,33.20645,0.00000,0.00000
12.1500,1215,240,0,0,0.01186,0.01467,0.03429,0.04835,1.07145,1.50000,0.00120,0.00096,0.38856,0.87171,1.00000,3.00000,-0.99699,33.96601,0.00000,0.00000
12.1600,1216,240,0,0,0.01111,0.01476,0.03053,0.04881,1.06975,1.50000,0.00180,0.00106,0.39450,0.87781,1.00000,3.00000,-1.80391,34.70153,0.00000,0.00000
12.1700,1217,240,0,0,0.01056,0.01529,0.02779,0.05147,1.06757,1.49752,0.00000,0.00032,0.40044,0.88390,1.00000,3.00000,-2.57281,35.41802,0.00000,0.00000
12.1800,1218,240,0,0,0.01031,0.01532,0.02655,0.05159,1.06692,1.50000,0.00068,0.00255,0.40637,0.88999,1.00000,3.00000,-3.30530,36.12121,0.00000,0.00000
12.1900,1219,240,0,0,0.01013,0.01540,0.02564,0.05200,1.06612,1.50000,0.00000,0.00244,0.41231,0.89609,1.00000,3.00000,-4.00587,36.79188,0.00000,0.00000
12.2000,1220,240,0,0,0.00968,0.01503,0.02341,0.05015,1.06833,1.50000,0.00000,0.00140,0.41825,0.90218,1.00000,3.00000,-4.68344,37.42814,0.00000,0.00000
12.2100,1221,240,0,0,0.00985,0.01491,0.02423,0.04955,1.06705,1.50000,0.00000,0.00143,0.42418,0.90828,2.00000,3.00000,-5.31163,38.04995,0.00000,0.00000
12.2200,1222,240,0,0,0.00941,0.01484,0.02204,0.04922,1.06428,1.50000,0.00055,0.00174,0.43012,0.91437,2.00000,3.00000,-5.90309,38.62345,0.00000,0.00000
12.2300,1223,240,0,0,0.00911,0.01431,0.02055,0.04656,1.06381,1.49932,0.00000,0.00164,0.43606,0.92046,2.00000,3.00000,-6.46356,39.18516,0.00000,0.00000
12.2400,1224,240,0,0,0.00875,0.01367,0.01876,0.04335,1.06274,1.50000,0.00000,0.00000,0.44199,0.92656,2.00000,3.00000,-6.99380,39.70883,0.00000,0.00000
12.2500,1225,240,0,0,0.00887,0.01290,0.01934,0.03948,1.06095,1.50000,0.00000,0.00393,0.44793,0.93265,2.00000,3.00000,-7.48325,40.20591,0.00000,0.00000
12.2600,1226,240,0,0,0.00902,0.01239,0.02008,0.03694,1.06081,1.50000,0.00000,0.00611,0.45386,0.93875,2.00000,3.00000,-7.93411,40.67676,0.00000,0.00000
12.2700,1227,240,0,0,0.00860,0.01193,0.01800,0.03467,1.06311,1.50000,0.00000,0.00404,0.45980,0.94484,2.00000,3.00000,-8.34793,41.11031,0.00000,0.00000
12.2800,1228,240,0,0,0.00824,0.01154,0.01619,0.03270,1.06359,1.50000,0.00089,0.00240,0.46574,0.95094,2.00000,3.00000,-8.72432,41.50622,0.00000,0.00000
12.2900,1229,240,0,0,0.00752,0.01121,0.01261,0.03107,1.05989,1.49981,0.00035,0.00285,0.47167,0.95703,2.00000,3.00000,-9.04764,41.87422,0.00000,0.00000
12.3000,1230,240,0,0,0.00724,0.01095,0.01118,0.02973,1.06219,1.50000,0.00000,0.00000,0.47761,0.96312,2.00000,3.00000,-9.33359,42.20616,0.00000,0.00000
12.3100,1231,240,0,0,0.00758,0.01031,0.01292,0.02657,1.06171,1.50000,0.00024,0.00023,0.48355,0.96922,2.00000,3.00000,-9.58291,42.49930,0.00000,0.00000
12.3200,1232,240,0,0,0.00794,0.00974,0.01469,0.02371,1.05972,1.50000,0.00000,0.00144,0.48948,0.97531,2.00000,3.00000,-9.78189,42.75489,0.00000,0.00000
12.3300,1233,240,0,0,0.00778,0.00924,0.01392,0.02121,1.05613,1.49980,0.00000,0.00000,0.49542,0.98141,2.00000,3.00000,-9.95338,42.98573,0.00000,0.00000
12.3400,1234,240,0,0,0.00761,0.00885,0.01304,0.01926,1.05978,1.50000,0.00000,0.00245,0.50136,0.98750,2.00000,3.00000,-10.07845,43.16885,0.00000,0.00000
12.3500,1235,240,0,0,0.00805,0.00875,0.01526,0.01876,1.05962,1.49795,0.00000,0.00459,0.50729,0.99359,2.00000,3.00000,-10.15815,43.33449,0.00000,0.00000
12.3600,1236,240,0,0,0.00795,0.00834,0.01474,0.01671,1.06358,1.49991,0.00000,0.00274,0.51323,0.99969,2.00000,3.00000,-10.18506,43.44974,0.00000,0.00000
12.3700,1237,240,0,0,0.00786,0.00782,0.01432,0.01410,1.06596,1.49927,0.00000,0.05327,0.51916,0.00563,2.00000,0.00000,-10.19058,43.53082,0.00000,0.00000
12.3800,1238,240,0,0,0.00825,0.00768,0.01623,0.01340,1.06681,1.49920,0.00000,0.14499,0.52510,0.01157,2.00000,0.00000,-10.14376,43.57741,0.00000,0.00000
12.3900,1239,240,0,0,0.00811,0.00766,0.01553,0.01332,1.06521,1.50000,0.00000,0.26087,0.53104,0.01750,2.00000,0.00000,-10.05589,43.58347,0.00000,0.00000
12.4000,1240,240,0,0,0.00823,0.00754,0.01617,0.01270,1.06483,1.50000,0.00000,0.39820,0.53697,0.02344,2.00000,0.00000,-9.93486,43.56763,0.00000,0.00000
12.4100,1241,240,0,0,0.00770,0.00757,0.01351,0.01283,1.02857,1.50000,0.00000,0.54600,0.54291,0.02938,2.00000,0.00000,-9.77608,43.50696,0.00000,0.00000
12.4200,1242,240,0,0,0.00801,0.00742,0.01505,0.01212,0.96986,1.50000,0.00000,0.70459,0.54885,0.03531,2.00000,0.00000,-9.57383,43.41553,0.00000,0.00000
12.4300,1243,240,0,0,0.00760,0.00757,0.01301,0.01285,0.88983,1.50000,0.00247,0.87433,0.55478,0.04125,2.00000,0.00000,-9.32627,43.28329,0.00000,0.00000
12.4400,1244,240,0,0,0.00741,0.00820,0.01206,0.01598,0.79976,1.50000,0.00520,1.04684,0.56072,0.04719,2.00000,0.00000,-9.05741,43.14763,0.00000,0.00000
12.4500,1245,240,0,0,0.00730,0.00835,0.01150,0.01675,0.69961,1.50000,0.00370,1.17106,0.56666,0.05312,2.00000,1.00000,-8.72190,42.95781,0.00000,0.00000
12.4600,1246,240,0,0,0.00698,0.00867,0.00990,0.01833,0.59006,1.49900,0.00483,1.26287,0.57259,0.05906,2.00000,1.00000,-8.35964,42.74803,0.00000,0.00000
12.4700,1247,240,0,0,0.00681,0.00856,0.00904,0.01780,0.48198,1.50000,0.00074,1.32779,0.57853,0.06500,2.00000,1.00000,-7.95469,42.50011,0.00000,0.00000
12.4800,1248,240,0,0,0.00706,0.00902,0.01031,0.02012,0.36679,1.50000,0.00076,1.37393,0.58446,0.07093,2.00000,1.00000,-7.52374,42.22187,0.00000,0.00000
12.4900,1249,240,0,0,0.00707,0.00963,0.01036,0.02316,0.26785,1.50000,0.00247,1.40719,0.59040,0.07687,2.00000,1.00000,-7.04299,41.91711,0.00000,0.00000
12.5000,1250,240,0,0,0.00742,0.01052,0.01208,0.02761,0.19517,1.50000,0.00261,1.43015,0.59634,0.08280,2.00000,1.00000,-6.54035,41.56769,0.00000,0.00000
12.5100,1251,240,0,0,0.00746,0.01196,0.01228,0.03482,0.14167,1.49872,0.00195,1.45085,0.60227,0.08874,3.00000,1.00000,-6.00151,41.20230,0.00000,0.00000
12.5200,1252,240,0,0,0.00737,0.01328,0.01184,0.04142,0.10061,1.49842,0.00341,1.46080,0.60821,0.09468,3.00000,1.00000,-5.41961,40.79989,0.00000,0.00000
12.5300,1253,240,0,0,0.00774,0.01552,0.01369,0.05260,0.07474,1.49636,0.00135,1.46925,0.61415,0.10061,3.00000,1.00000,-4.79396,40.38105,0.00000,0.00000
12.5400,1254,240,0,0,0.00769,0.01803,0.01347,0.06513,0.05403,1.49842,0.00107,1.47723,0.62008,0.10655,3.00000,1.00000,-4.14298,39.93065,0.00000,0.00000
12.5500,1255,240,0,0,0.00760,0.02091,0.01299,0.07957,0.03804,1.49867,0.00122,1.48169,0.62602,0.11249,3.00000,1.00000,-3.46513,39.44899,0.00000,0.00000
12.5600,1256,240,0,0,0.00738,0.02435,0.01190,0.09674,0.02816,1.50000,0.00115,1.48721,0.63196,0.11842,3.00000,1.00000,-2.76473,38.95139,0.00000,0.00000
12.5700,1257,240,0,0,0.00751,0.02878,0.01255,0.11892,0.01868,1.50000,0.00052,1.49138,0.63789,0.12436,3.00000,1.00000,-2.01952,38.41893,0.00000,0.00000
12.5800,1258,240,0,0,0.00751,0.03379,0.01256,0.14396,0.01252,1.50000,0.00116,1.49206,0.64383,0.13030,3.00000,1.00000,-1.25138,37.86629,0.00000,0.00000
12.5900,1259,240,0,0,0.00776,0.03872,0.01380,0.16860,0.00812,1.50000,0.01620,1.49388,0.64976,0.13623,3.00000,1.00000,-0.46433,37.29353,0.00000,0.00000
12.6000,1260,240,0,0,0.00738,0.04435,0.01192,0.19676,0.00670,1.49194,0.05094,1.49617,0.65570,0.14217,3.00000,1.00000,0.35279,36.69426,0.00000,0.00000
12.6100,1261,240,0,0,0.00658,0.05050,0.00790,0.22749,0.00274,1.46304,0.10251,1.49964,0.66164,0.14810,3.00000,1.00000,1.20806,36.06735,0.00000,0.00000
12.6200,1262,240,0,0,0.00687,0.05667,0.00937,0.25836,0.00308,1.40987,0.16959,1.49855,0.66757,0.15404,3.00000,1.00000,2.08526,35.41351,0.00000,0.00000
12.6300,1263,240,0,0,0.00739,0.06303,0.01194,0.29015,0.00326,1.35145,0.24406,1.49758,0.67351,0.15998,3.00000,1.00000,2.98628,34.75452,0.00000,0.00000
12.6400,1264,240,0,0,0.00737,0.06971,0.01186,0.32357,0.00189,1.28278,0.32531,1.49350,0.67945,0.16591,3.00000,1.00000,3.90724,34.05667,0.00000,0.00000
12.6500,1265,240,0,0,0.00769,0.07579,0.01347,0.35395,0.00285,1.20736,0.41216,1.49512,0.68538,0.17185,3.00000,1.00000,4.85035,33.35068,0.00000,0.00000
12.6600,1266,240,0,0,0.00745,0.08155,0.01225,0.38275,0.00319,1.12558,0.49712,1.49574,0.69132,0.17779,3.00000,1.00000,5.80467,32.63513,0.00000,0.00000
12.6700,1267,240,0,0,0.00716,0.08662,0.01078,0.40811,0.00139,1.04089,0.58954,1.49908,0.69726,0.18372,3.00000,1.00000,6.78687,31.89221,0.00000,0.00000
12.6800,1268,240,0,0,0.00751,0.09054,0.01255,0.42770,0.00247,0.95284,0.68070,1.49617,0.70319,0.18966,3.00000,1.00000,7.78730,31.13198,0.00000,0.00000
12.6900,1269,240,0,0,0.00763,0.09333,0.01316,0.44167,0.00037,0.86369,0.77663,1.49965,0.70913,0.19560,3.00000,1.00000,8.80590,30.36142,0.00000,0.00000
12.7000,1270,240,0,0,0.00758,0.09472,0.01288,0.44862,0.00093,0.76911,0.86868,1.50000,0.71506,0.20153,3.00000,1.00000,9.83339,29.57708,0.00000,0.00000
12.7100,1271,240,0,0,0.00753,0.09486,0.01264,0.44929,0.00344,0.67882,0.96348,1.50000,0.72100,0.20747,3.00000,1.00000,10.87165,28.77462,0.00000,0.00000
12.7200,1272,240,0,0,0.00724,0.09364,0.01118,0.44319,0.00336,0.58857,1.05792,1.50000,0.72694,0.21340,3.00000,1.00000,11.91953,27.96829,0.00000,0.00000
12.7300,1273,240,0,0,0.00734,0.09099,0.01168,0.42997,0.00121,0.49667,1.12427,1.50000,0.73287,0.21934,3.00000,1.00000,12.98036,27.14540,0.00000,0.00000
12.7400,1274,240,0,0,0.00749,0.08774,0.01246,0.41372,0.00339,0.40573,1.17246,1.50000,0.73881,0.22528,3.00000,1.00000,14.04274,26.32269,0.00000,0.00000
12.7500,1275,240,0,0,0.00732,0.08338,0.01161,0.39190,0.00337,0.31548,1.20979,1.50000,0.74475,0.23121,3.00000,1.00000,15.11721,25.48665,0.00000,0.00000
12.7600,1276,240,0,0,0.00760,0.07853,0.01301,0.36763,0.00294,0.22958,1.23045,1.49931,0.75068,0.23715,3.00000,1.00000,16.19559,24.63291,0.00000,0.00000
12.7700,1277,240,0,0,0.00780,0.07309,0.01399,0.34045,0.00300,0.16660,1.23875,1.50000,0.75662,0.24309,3.00000,1.00000,17.27783,23.78080,0.00000,0.00000
12.7800,1278,240,0,0,0.00788,0.06679,0.01439,0.30895,0.00371,0.11861,1.24149,1.50000,0.76256,0.24902,3.00000,1.00000,18.36857,22.93097,0.00000,0.00000
12.7900,1279,240,0,0,0.00748,0.06066,0.01238,0.27829,0.00200,0.08658,1.23713,1.50000,0.76849,0.25496,3.00000,1.00000,19.45120,22.07982,0.00000,0.00000
12.8000,1280,240,0,0,0.00764,0.05430,0.01321,0.24648,0.00000,0.05764,1.22840,1.50000,0.77443,0.26090,3.00000,1.00000,20.54336,21.21042,0.00000,0.00000
12.8100,1281,240,0,0,0.00782,0.04816,0.01408,0.21579,0.00211,0.04032,1.20903,1.50000,0.78036,0.26683,3.00000,1.00000,21.62383,20.34955,0.00000,0.00000
12.8200,1282,240,0,0,0.00796,0.04219,0.01482,0.18593,0.00078,0.02951,1.19213,1.50000,0.78630,0.27277,3.00000,1.00000,22.69788,19.49170,0.00000,0.00000
12.8300,1283,240,0,0,0.00832,0.03710,0.01658,0.16049,0.00000,0.02023,1.17603,1.49883,0.79224,0.27870,3.00000,1.00000,23.77633,18.64173,0.00000,0.00000
12.8400,1284,240,0,0,0.00880,0.03266,0.01898,0.13831,0.00000,0.02044,1.15528,1.49847,0.79817,0.28464,3.00000,1.00000,24.85293,17.77643,0.00000,0.00000
12.8500,1285,240,0,0,0.00917,0.02800,0.02084,0.11499,0.00179,0.01440,1.13527,1.49756,0.80411,0.29058,3.00000,1.00000,25.91938,16.92637,0.00000,0.00000
12.8600,1286,240,0,0,0.00963,0.02450,0.02316,0.09750,0.00119,0.01179,1.11404,1.49662,0.81005,0.29651,3.00000,1.00000,26.96126,16.08383,0.00000,0.00000
12.8700,1287,240,0,0,0.01017,0.02117,0.02585,0.08084,0.00096,0.01036,1.09294,1.49797,0.81598,0.30245,3.00000,1.00000,27.99711,15.24206,0.00000,0.00000
12.8800,1288,240,0,0,0.01053,0.01827,0.02765,0.06636,0.00036,0.00919,1.06934,1.49750,0.82192,0.30839,3.00000,1.00000,29.01972,14.41311,0.00000,0.00000
12.8900,1289,240,0,0,0.01076,0.01590,0.02881,0.05452,0.00005,0.00491,1.04756,1.49932,0.82786,0.31432,3.00000,1.00000,30.03439,13.57947,0.00000,0.00000
12.9000,1290,240,0,0,0.01091,0.01374,0.02956,0.04372,0.00283,0.00422,1.02579,1.49775,0.83379,0.32026,3.00000,1.00000,31.04388,12.75631,0.00000,0.00000
12.9100,1291,240,0,0,0.01176,0.01221,0.03380,0.03606,0.00108,0.00240,1.00188,1.49607,0.83973,0.32620,3.00000,1.00000,32.01448,11.94925,0.00000,0.00000
12.9200,1292,240,0,0,0.01228,0.01126,0.03641,0.03131,0.00311,0.00329,0.97731,1.49729,0.84566,0.33213,3.00000,1.00000,32.97306,11.16589,0.00000,0.00000
12.9300,1293,240,0,0,0.01256,0.00979,0.03782,0.02397,0.00374,0.00288,0.95616,1.49900,0.85160,0.33807,3.00000,1.00000,33.92636,10.38790,0.00000,0.00000
12.9400,1294,240,0,0,0.01313,0.00901,0.04066,0.02003,0.00220,0.00185,0.93317,1.49801,0.85754,0.34400,3.00000,1.00000,34.83429,9.63178,0.00000,0.00000
12.9500,1295,240,0,0,0.01417,0.00869,0.04584,0.01843,0.00115,0.00150,0.90618,1.49919,0.86347,0.34994,3.00000,1.00000,35.74812,8.87976,0.00000,0.00000
12.9600,1296,240,0,0,0.01461,0.00880,0.04807,0.01899,0.00241,0.00050,0.88616,1.49963,0.86941,0.35588,3.00000,1.00000,36.61648,8.13898,0.00000,0.00000
12.9700,1297,240,0,0,0.01486,0.00878,0.04931,0.01890,0.00509,0.00000,0.87525,1.49835,0.87535,0.36181,3.00000,1.00000,37.46359,7.42563,0.00000,0.00000
12.9800,1298,240,0,0,0.01548,0.00856,0.05240,0.01782,0.00375,0.00000,0.86481,1.49897,0.88128,0.36775,3.00000,1.00000,38.29610,6.72967,0.00000,0.00000
12.9900,1299,240,0,0,0.01555,0.00821,0.05274,0.01607,0.00043,0.00000,0.86041,1.49879,0.88722,0.37369,3.00000,1.00000,39.09716,6.04640,0.00000,0.00000
13.0000,1300,240,0,0,0.01569,0.00790,0.05346,0.01452,0.00000,0.00000,0.85163,1.49942,0.89316,0.37962,3.00000,1.00000,39.86378,5.38005,0.00000,0.00000
13.0100,1301,240,0,0,0.01532,0.00779,0.05161,0.01394,0.00000,0.00000,0.84979,1.50000,0.89909,0.38556,3.00000,1.00000,40.58998,4.73631,0.00000,0.00000
13.0200,1302,240,0,0,0.01522,0.00777,0.05111,0.01383,0.00000,0.00000,0.84548,1.49783,0.90503,0.39150,3.00000,1.00000,41.30442,4.11824,0.00000,0.00000
13.0300,1303,240,0,0,0.01514,0.00758,0.05068,0.01291,0.00013,0.00000,0.84304,1.50000,0.91096,0.39743,3.00000,1.00000,41.98519,3.52621,0.00000,0.00000
13.0400,1304,240,0,0,0.01483,0.00775,0.04917,0.01375,0.00000,0.00203,0.84097,1.49785,0.91690,0.40337,3.00000,1.00000,42.63200,2.96196,0.00000,0.00000
13.0500,1305,240,0,0,0.01455,0.00791,0.04773,0.01456,0.00000,0.00028,0.83794,1.49821,0.92284,0.40930,3.00000,1.00000,43.24830,2.41916,0.00000,0.00000
13.0600,1306,240,0,0,0.01407,0.00782,0.04533,0.01410,0.00167,0.00000,0.83836,1.49553,0.92877,0.41524,3.00000,1.00000,43.82328,1.90438,0.00000,0.00000
13.0700,1307,240,0,0,0.01310,0.00786,0.04050,0.01432,0.00265,0.00000,0.83657,1.49538,0.93471,0.42118,3.00000,2.00000,44.36996,1.40231,0.00000,0.00000
13.0800,1308,240,0,0,0.01263,0.00756,0.03815,0.01282,0.00491,0.00087,0.83879,1.49707,0.94065,0.42711,3.00000,2.00000,44.88159,0.93109,0.00000,0.00000
13.0900,1309,240,0,0,0.01207,0.00766,0.03533,0.01328,0.00429,0.00171,0.83965,1.49806,0.94658,0.43305,3.00000,2.00000,45.35709,0.49636,0.00000,0.00000
13.1000,1310,240,0,0,0.01133,0.00776,0.03165,0.01379,0.00345,0.00078,0.83999,1.49778,0.95252,0.43899,3.00000,2.00000,45.79995,0.08760,0.00000,0.00000
13.1100,1311,240,0,0,0.01088,0.00791,0.02940,0.01454,0.00488,0.00019,0.83988,1.49851,0.95846,0.44492,3.00000,2.00000,46.20502,-0.29547,0.00000,0.00000
13.1200,1312,240,0,0,0.01037,0.00782,0.02686,0.01411,0.00366,0.00068,0.84153,1.50000,0.96439,0.45086,3.00000,2.00000,46.56439,-0.64889,0.00000,0.00000
13.1300,1313,240,0,0,0.01001,0.00753,0.02506,0.01266,0.00282,0.00000,0.83438,1.49888,0.97033,0.45680,3.00000,2.00000,46.89382,-0.98112,0.00000,0.00000
13.1400,1314,240,0,0,0.00950,0.00814,0.02250,0.01569,0.00399,0.00069,0.80243,1.49991,0.97626,0.46273,3.00000,2.00000,47.17879,-1.28416,0.00000,0.00000
13.1500,1315,240,0,0,0.00936,0.00819,0.02180,0.01594,0.00434,0.00000,0.75076,1.50000,0.98220,0.46867,3.00000,2.00000,47.41957,-1.54974,0.00000,0.00000
13.1600,1316,240,0,0,0.00937,0.00794,0.02183,0.01468,0.00264,0.00067,0.68976,1.50000,0.98814,0.47460,3.00000,2.00000,47.63112,-1.77196,0.00000,0.00000
13.1700,1317,240,0,0,0.00897,0.00806,0.01986,0.01529,0.00000,0.00089,0.61684,1.50000,0.99407,0.48054,3.00000,2.00000,47.80709,-1.97367,0.00000,0.00000
13.1800,1318,240,0,0,0.00882,0.00761,0.01911,0.01307,0.00000,0.04463,0.54025,1.50000,0.00001,0.48648,0.00000,2.00000,47.93160,-2.15059,0.00000,0.00000
13.1900,1319,240,0,0,0.00929,0.00754,0.02143,0.01269,0.00000,0.13181,0.45503,1.49954,0.00614,0.49241,0.00000,2.00000,48.02105,-2.28144,0.00000,0.00000
13.2000,1320,240,0,0,0.00939,0.00728,0.02196,0.01140,0.00000,0.24980,0.36798,1.49687,0.01227,0.49835,0.00000,2.00000,48.06364,-2.40097,0.00000,0.00000
13.2100,1321,240,0,0,0.00948,0.00707,0.02238,0.01035,0.00000,0.38940,0.27601,1.49596,0.01841,0.50429,0.00000,2.00000,48.06507,-2.47765,0.00000,0.00000
13.2200,1322,240,0,0,0.00995,0.00729,0.02474,0.01147,0.00000,0.54457,0.20101,1.49523,0.02454,0.51022,0.00000,2.00000,48.03388,-2.52016,0.00000,0.00000
13.2300,1323,240,0,0,0.01055,0.00769,0.02774,0.01343,0.00000,0.71751,0.14481,1.49573,0.03067,0.51616,0.00000,2.00000,47.94997,-2.53379,0.00000,0.00000
13.2400,1324,240,0,0,0.01154,0.00778,0.03269,0.01391,0.00000,0.89158,0.10465,1.49841,0.03680,0.52210,0.00000,2.00000,47.84310,-2.51607,0.00000,0.00000
13.2500,1325,240,0,0,0.01229,0.00788,0.03646,0.01439,0.00023,1.05622,0.07269,1.50000,0.04293,0.52803,0.00000,2.00000,47.69450,-2.47308,0.00000,0.00000
13.2600,1326,240,0,0,0.01306,0.00765,0.04028,0.01323,0.00000,1.17750,0.05282,1.49990,0.04906,0.53397,0.00000,2.00000,47.50809,-2.39592,0.00000,0.00000
13.2700,1327,240,0,0,0.01410,0.00739,0.04548,0.01193,0.00000,1.26521,0.03999,1.49942,0.05520,0.53990,1.00000,2.00000,47.28477,-2.29594,0.00000,0.00000
13.2800,1328,240,0,0,0.01491,0.00702,0.04957,0.01010,0.00000,1.32879,0.02805,1.49958,0.06133,0.54584,1.00000,2.00000,47.01711,-2.15700,0.00000,0.00000
13.2900,1329,240,0,0,0.01664,0.00683,0.05818,0.00913,0.00000,1.37258,0.01949,1.50000,0.06746,0.55178,1.00000,2.00000,46.72523,-1.98592,0.00000,0.00000
13.3000,1330,240,0,0,0.01806,0.00719,0.06529,0.01094,0.00000,1.40633,0.01357,1.50000,0.07359,0.55771,1.00000,2.00000,46.37104,-1.78681,0.00000,0.00000
13.3100,1331,240,0,0,0.01984,0.00733,0.07422,0.01166,0.00023,1.43275,0.01097,1.50000,0.07972,0.56365,1.00000,2.00000,45.99589,-1.55709,0.00000,0.00000
13.3200,1332,240,0,0,0.02163,0.00753,0.08313,0.01264,0.00151,1.45015,0.00849,1.50000,0.08586,0.56959,1.00000,2.00000,45.57131,-1.31383,0.00000,0.00000
13.3300,1333,240,0,0,0.02368,0.00769,0.09340,0.01346,0.00124,1.46526,0.00935,1.50000,0.09199,0.57552,1.00000,2.00000,45.11620,-1.03598,0.00000,0.00000
13.3400,1334,240,0,0,0.02492,0.00775,0.09960,0.01374,0.00082,1.47384,0.00610,1.50000,0.09812,0.58146,1.00000,2.00000,44.63287,-0.72979,0.00000,0.00000
13.3500,1335,240,0,0,0.02707,0.00752,0.11034,0.01260,0.00485,1.48057,0.00238,1.50000,0.10425,0.58740,1.00000,2.00000,44.11608,-0.38554,0.00000,0.00000
13.3600,1336,240,0,0,0.02931,0.00741,0.12156,0.01204,0.00409,1.48525,0.00055,1.50000,0.11038,0.59333,1.00000,2.00000,43.55718,-0.02794,0.00000,0.00000
13.3700,1337,240,0,0,0.03199,0.00759,0.13494,0.01295,0.00546,1.49033,0.00340,1.50000,0.11651,0.59927,1.00000,2.00000,42.97182,0.36527,0.00000,0.00000
13.3800,1338,240,0,0,0.03446,0.00764,0.14732,0.01320,0.00206,1.49035,0.00154,1.50000,0.12265,0.60520,1.00000,3.00000,42.33840,0.78784,0.00000,0.00000
13.3900,1339,240,0,0,0.03716,0.00738,0.16078,0.01189,0.00049,1.49308,0.00342,1.50000,0.12878,0.61114,1.00000,3.00000,41.69107,1.24323,0.00000,0.00000
13.4000,1340,240,0,0,0.03965,0.00729,0.17323,0.01143,0.00021,1.49435,0.00288,1.50000,0.13491,0.61708,1.00000,3.00000,41.00075,1.71546,0.00000,0.00000
13.4100,1341,240,0,0,0.04260,0.00743,0.18800,0.01215,0.00151,1.49982,0.00133,1.49863,0.14104,0.62301,1.00000,3.00000,40.28977,2.20330,0.00000,0.00000
13.4200,1342,240,0,0,0.04516,0.00746,0.20078,0.01229,0.00000,1.50000,0.00213,1.48972,0.14717,0.62895,1.00000,3.00000,39.55269,2.71384,0.00000,0.00000
13.4300,1343,240,0,0,0.04775,0.00767,0.21375,0.01337,0.00000,1.50000,0.00299,1.45605,0.15331,0.63489,1.00000,3.00000,38.78708,3.25062,0.00000,0.00000
13.4400,1344,240,0,0,0.04995,0.00743,0.22477,0.01214,0.00000,1.50000,0.00111,1.40609,0.15944,0.64082,1.00000,3.00000,38.00226,3.81080,0.00000,0.00000
13.4500,1345,240,0,0,0.05177,0.00759,0.23387,0.01297,0.00000,1.50000,0.00019,1.34127,0.16557,0.64676,1.00000,3.00000,37.19176,4.39681,0.00000,0.00000
13.4600,1346,240,0,0,0.05379,0.00759,0.24395,0.01294,0.00000,1.50000,0.00097,1.27133,0.17170,0.65270,1.00000,3.00000,36.35939,5.01196,0.00000,0.00000
13.4700,1347,240,0,0,0.05561,0.00764,0.25305,0.01320,0.02198,1.50000,0.00284,1.19412,0.17783,0.65863,1.00000,3.00000,35.50119,5.63555,0.00000,0.00000
13.4800,1348,240,0,0,0.05724,0.00750,0.26118,0.01250,0.06299,1.49952,0.00092,1.11406,0.18396,0.66457,1.00000,3.00000,34.61697,6.27732,0.00000,0.00000
13.4900,1349,240,0,0,0.05833,0.00733,0.26665,0.01165,0.11957,1.49681,0.00281,1.03096,0.19010,0.67050,1.00000,3.00000,33.70284,6.93700,0.00000,0.00000
13.5000,1350,240,0,0,0.05958,0.00764,0.27292,0.01322,0.18695,1.49829,0.00000,0.94138,0.19623,0.67644,1.00000,3.00000,32.78560,7.61467,0.00000,0.00000
13.5100,1351,240,0,0,0.06015,0.00760,0.27573,0.01299,0.25680,1.49812,0.00000,0.84975,0.20236,0.68238,1.00000,3.00000,31.84730,8.30974,0.00000,0.00000
13.5200,1352,240,0,0,0.06046,0.00765,0.27730,0.01324,0.33406,1.49942,0.00000,0.75766,0.20849,0.68831,1.00000,3.00000,30.88735,9.02033,0.00000,0.00000
13.5300,1353,240,0,0,0.06025,0.00728,0.27625,0.01139,0.41481,1.50000,0.00000,0.66504,0.21462,0.69425,1.00000,3.00000,29.93690,9.75099,0.00000,0.00000
13.5400,1354,240,0,0,0.05922,0.00724,0.27110,0.01120,0.49915,1.49901,0.00000,0.57819,0.22076,0.70019,1.00000,3.00000,28.95786,10.49189,0.00000,0.00000
13.5500,1355,240,0,0,0.05860,0.00750,0.26802,0.01252,0.58849,1.50000,0.00000,0.48416,0.22689,0.70612,1.00000,3.00000,27.95900,11.23298,0.00000,0.00000
13.5600,1356,240,0,0,0.05811,0.00737,0.26557,0.01183,0.68014,1.50000,0.00000,0.38930,0.23302,0.71206,1.00000,3.00000,26.95142,11.98978,0.00000,0.00000
13.5700,1357,240,0,0,0.05672,0.00766,0.25860,0.01330,0.76934,1.50000,0.00000,0.29844,0.23915,0.71800,1.00000,3.00000,25.94150,12.76106,0.00000,0.00000
13.5800,1358,240,0,0,0.05497,0.00754,0.24985,0.01272,0.85775,1.49756,0.00000,0.21444,0.24528,0.72393,1.00000,3.00000,24.92803,13.54516,0.00000,0.00000
13.5900,1359,240,0,0,0.05284,0.00756,0.23919,0.01280,0.94583,1.49903,0.00084,0.15614,0.25141,0.72987,1.00000,3.00000,23.91208,14.32525,0.00000,0.00000
13.6000,1360,240,0,0,0.05109,0.00773,0.23043,0.01367,1.01429,1.49724,0.00000,0.11334,0.25755,0.73580,1.00000,3.00000,22.88514,15.11719,0.00000,0.00000
13.6100,1361,240,0,0,0.04889,0.00797,0.21945,0.01484,1.06430,1.49554,0.00000,0.08155,0.26368,0.74174,1.00000,3.00000,21.86354,15.90771,0.00000,0.00000
13.6200,1362,240,0,0,0.04685,0.00773,0.20927,0.01363,1.10094,1.49640,0.00169,0.05805,0.26981,0.74768,1.00000,3.00000,20.84079,16.70474,0.00000,0.00000
13.6300,1363,240,0,0,0.04428,0.00751,0.19638,0.01256,1.12388,1.49461,0.00196,0.04292,0.27594,0.75361,1.00000,3.00000,19.82875,17.50995,0.00000,0.00000
13.6400,1364,240,0,0,0.04166,0.00737,0.18329,0.01185,1.13397,1.49521,0.00125,0.03062,0.28207,0.75955,1.00000,3.00000,18.80392,18.31744,0.00000,0.00000
13.6500,1365,240,0,0,0.03903,0.00753,0.17013,0.01266,1.13525,1.49711,0.00047,0.02313,0.28821,0.76549,1.00000,3.00000,17.78028,19.12611,0.00000,0.00000
13.6600,1366,240,0,0,0.03686,0.00718,0.15932,0.01089,1.13386,1.50000,0.00034,0.01668,0.29434,0.77142,1.00000,3.00000,16.76997,19.94186,0.00000,0.00000
13.6700,1367,240,0,0,0.03410,0.00745,0.14550,0.01226,1.12674,1.50000,0.00269,0.01256,0.30047,0.77736,1.00000,3.00000,15.76582,20.75399,0.00000,0.00000
13.6800,1368,240,0,0,0.03176,0.00778,0.13378,0.01390,1.11500,1.50000,0.00074,0.00758,0.30660,0.78330,1.00000,3.00000,14.76641,21.55626,0.00000,0.00000
13.6900,1369,240,0,0,0.02922,0.00876,0.12108,0.01881,1.10050,1.49899,0.00000,0.00417,0.31273,0.78923,1.00000,3.00000,13.77947,22.36905,0.00000,0.00000
13.7000,1370,240,0,0,0.02682,0.00882,0.10911,0.01912,1.08584,1.49664,0.00000,0.00000,0.31886,0.79517,1.00000,3.00000,12.80398,23.16187,0.00000,0.00000
13.7100,1371,240,0,0,0.02461,0.00913,0.09807,0.02067,1.06738,1.49561,0.00000,0.00000,0.32500,0.80110,1.00000,3.00000,11.84194,23.95285,0.00000,0.00000
13.7200,1372,240,0,0,0.02283,0.00955,0.08917,0.02276,1.05052,1.49610,0.00000,0.00000,0.33113,0.80704,1.00000,3.00000,10.90810,24.74233,0.00000,0.00000
13.7300,1373,240,0,0,0.02116,0.01015,0.08082,0.02573,1.03246,1.49985,0.00000,0.00000,0.33726,0.81298,1.00000,3.00000,9.96610,25.52054,0.00000,0.00000
13.7400,1374,240,0,0,0.01966,0.01055,0.07332,0.02773,1.01514,1.49878,0.00000,0.00000,0.34339,0.81891,1.00000,3.00000,9.04775,26.28733,0.00000,0.00000
13.7500,1375,240,0,0,0.01839,0.01102,0.06697,0.03009,0.99545,1.49855,0.00000,0.00000,0.34952,0.82485,1.00000,3.00000,8.13891,27.04697,0.00000,0.00000
13.7600,1376,240,0,0,0.01696,0.01139,0.05980,0.03193,0.97749,1.50000,0.00000,0.00000,0.35566,0.83079,1.00000,3.00000,7.26289,27.78610,0.00000,0.00000
13.7700,1377,240,0,0,0.01543,0.01219,0.05213,0.03597,0.95847,1.49915,0.00269,0.00000,0.36179,0.83672,1.00000,3.00000,6.41505,28.52038,0.00000,0.00000
13.7800,1378,240,0,0,0.01460,0.01276,0.04802,0.03882,0.94008,1.50000,0.00119,0.00000,0.36792,0.84266,1.00000,3.00000,5.58949,29.25994,0.00000,0.00000
13.7900,1379,240,0,0,0.01381,0.01269,0.04404,0.03843,0.91946,1.50000,0.00218,0.00000,0.37405,0.84860,1.00000,3.00000,4.77628,29.96971,0.00000,0.00000
13.8000,1380,240,0,0,0.01263,0.01302,0.03815,0.04012,0.89889,1.50000,0.00100,0.00000,0.38018,0.85453,1.00000,3.00000,3.98336,30.66818,0.00000,0.00000
13.8100,1381,240,0,0,0.01183,0.01369,0.03414,0.04345,0.87797,1.50000,0.00179,0.00053,0.38632,0.86047,1.00000,3.00000,3.22032,31.35094,0.00000,0.00000
13.8200,1382,240,0,0,0.01100,0.01427,0.03001,0.04635,0.85689,1.50000,0.00010,0.00033,0.39245,0.86640,1.00000,3.00000,2.48861,32.00287,0.00000,0.00000
13.8300,1383,240,0,0,0.01032,0.01458,0.02658,0.04789,0.83961,1.50000,0.00042,0.00064,0.39858,0.87234,1.00000,3.00000,1.78765,32.64587,0.00000,0.00000
13.8400,1384,240,0,0,0.01001,0.01488,0.02505,0.04939,0.83012,1.50000,0.00000,0.00114,0.40471,0.87828,1.00000,3.00000,1.10809,33.26498,0.00000,0.00000
13.8500,1385,240,0,0,0.00960,0.01550,0.02299,0.05249,0.82295,1.50000,0.00000,0.00000,0.41084,0.88421,1.00000,3.00000,0.45702,33.85749,0.00000,0.00000
13.8600,1386,240,0,0,0.00933,0.01549,0.02164,0.05247,0.81687,1.50000,0.00000,0.00000,0.41697,0.89015,1.00000,3.00000,-0.15996,34.44730,0.00000,0.00000
13.8700,1387,240,0,0,0.00890,0.01546,0.01949,0.05232,0.81197,1.50000,0.00000,0.00000,0.42311,0.89609,2.00000,3.00000,-0.75661,35.00984,0.00000,0.00000
13.8800,1388,240,0,0,0.00900,0.01492,0.02002,0.04958,0.80850,1.50000,0.00000,0.00000,0.42924,0.90202,2.00000,3.00000,-1.31150,35.55414,0.00000,0.00000
13.8900,1389,240,0,0,0.00867,0.01498,0.01834,0.04990,0.80345,1.50000,0.00000,0.00088,0.43537,0.90796,2.00000,3.00000,-1.81821,36.07011,0.00000,0.00000
13.9000,1390,240,0,0,0.00835,0.01485,0.01677,0.04923,0.80385,1.49915,0.00000,0.00142,0.44150,0.91390,2.00000,3.00000,-2.28977,36.57112,0.00000,0.00000
13.9100,1391,240,0,0,0.00835,0.01478,0.01673,0.04888,0.80446,1.49769,0.00000,0.00192,0.44763,0.91983,2.00000,3.00000,-2.72912,37.04539,0.00000,0.00000
13.9200,1392,240,0,0,0.00819,0.01433,0.01594,0.04667,0.80563,1.50000,0.00000,0.00016,0.45377,0.92577,2.00000,3.00000,-3.13717,37.49416,0.00000,0.00000
13.9300,1393,240,0,0,0.00835,0.01354,0.01675,0.04269,0.80040,1.50000,0.00000,0.00230,0.45990,0.93170,2.00000,3.00000,-3.51797,37.90642,0.00000,0.00000
13.9400,1394,240,0,0,0.00846,0.01303,0.01732,0.04013,0.80442,1.49964,0.00135,0.00000,0.46603,0.93764,2.00000,3.00000,-3.86025,38.29460,0.00000,0.00000
13.9500,1395,240,0,0,0.00872,0.01225,0.01862,0.03623,0.80251,1.49751,0.00148,0.00000,0.47216,0.94358,2.00000,3.00000,-4.16189,38.66788,0.00000,0.00000
13.9600,1396,240,0,0,0.00893,0.01156,0.01966,0.03280,0.80281,1.49839,0.00116,0.00000,0.47829,0.94951,2.00000,3.00000,-4.42477,39.01134,0.00000,0.00000
13.9700,1397,240,0,0,0.00854,0.01137,0.01768,0.03185,0.80261,1.50000,0.00371,0.00000,0.48442,0.95545,2.00000,3.00000,-4.64844,39.32152,0.00000,0.00000
13.9800,1398,240,0,0,0.00785,0.01050,0.01426,0.02752,0.80261,1.50000,0.00076,0.00000,0.49056,0.96139,2.00000,3.00000,-4.83060,39.61331,0.00000,0.00000
13.9900,1399,240,0,0,0.00772,0.01020,0.01358,0.02598,0.80030,1.50000,0.00000,0.00039,0.49669,0.96732,2.00000,3.00000,-4.97772,39.85732,0.00000,0.00000
14.0000,1400,240,0,0,0.00774,0.00957,0.01368,0.02283,0.80075,1.50000,0.00000,0.00068,0.50282,0.97326,2.00000,3.00000,-5.07934,40.07678,0.00000,0.00000
14.0100,1401,240,0,0,0.00774,0.00918,0.01368,0.02088,0.79875,1.50000,0.00052,0.00210,0.50895,0.97920,2.00000,3.00000,-5.14812,40.28589,0.00000,0.00000
14.0200,1402,240,0,0,0.00754,0.00898,0.01271,0.01988,0.80134,1.50000,0.00288,0.00000,0.51508,0.98513,2.00000,3.00000,-5.16861,40.45407,0.00000,0.00000
14.0300,1403,240,0,0,0.00729,0.00849,0.01146,0.01743,0.79713,1.49761,0.00290,0.00009,0.52122,0.99107,2.00000,3.00000,-5.16144,40.59227,0.00000,0.00000
14.0400,1404,240,0,0,0.00745,0.00861,0.01227,0.01805,0.79984,1.49848,0.00100,0.00000,0.52735,0.99700,2.00000,3.00000,-5.09170,40.70469,0.00000,0.00000
14.0500,1405,240,0,0,0.00743,0.00871,0.01216,0.01853,0.79956,1.49759,0.00000,0.00368,0.53348,0.00304,2.00000,0.00000,-4.99560,40.78664,0.00000,0.00000
14.0600,1406,240,0,0,0.00737,0.00897,0.01183,0.01983,0.80278,1.49969,0.00000,0.05547,0.53961,0.00917,2.00000,0.00000,-4.85181,40.82575,0.00000,0.00000
14.0700,1407,240,0,0,0.00751,0.00939,0.01254,0.02196,0.80081,1.49819,0.00008,0.14536,0.54574,0.01530,2.00000,0.00000,-4.67270,40.84717,0.00000,0.00000
14.0800,1408,240,0,0,0.00771,0.01001,0.01357,0.02503,0.79990,1.49905,0.00154,0.26419,0.55187,0.02143,2.00000,0.00000,-4.45013,40.82856,0.00000,0.00000
14.0900,1409,240,0,0,0.00772,0.01057,0.01362,0.02785,0.77675,1.50000,0.00038,0.39914,0.55801,0.02757,2.00000,0.00000,-4.19123,40.77968,0.00000,0.00000
14.1000,1410,240,0,0,0.00741,0.01151,0.01206,0.03255,0.73599,1.50000,0.00234,0.55254,0.56414,0.03370,2.00000,0.00000,-3.89416,40.69144,0.00000,0.00000
14.1100,1411,240,0,0,0.00782,0.01233,0.01409,0.03663,0.68089,1.50000,0.00309,0.71266,0.57027,0.03983,2.00000,0.00000,-3.55281,40.57781,0.00000,0.00000
14.1200,1412,240,0,0,0.00791,0.01329,0.01454,0.04143,0.61652,1.50000,0.00214,0.88004,0.57640,0.04596,2.00000,0.00000,-3.16795,40.42892,0.00000,0.00000
14.1300,1413,240,0,0,0.00801,0.01505,0.01506,0.05025,0.54453,1.49956,0.00333,1.05152,0.58253,0.05209,2.00000,1.00000,-2.75421,40.24306,0.00000,0.00000
14.1400,1414,240,0,0,0.00764,0.01669,0.01320,0.05845,0.46573,1.49893,0.00213,1.17516,0.58867,0.05822,2.00000,1.00000,-2.30094,40.02072,0.00000,0.00000
14.1500,1415,240,0,0,0.00727,0.01811,0.01135,0.06555,0.38265,1.50000,0.00022,1.26370,0.59480,0.06436,2.00000,1.00000,-1.81852,39.76789,0.00000,0.00000
14.1600,1416,240,0,0,0.00747,0.01989,0.01235,0.07444,0.29928,1.50000,0.00000,1.32889,0.60093,0.07049,3.00000,1.00000,-1.28673,39.47759,0.00000,0.00000
14.1700,1417,240,0,0,0.00755,0.02200,0.01276,0.08500,0.21774,1.50000,0.00000,1.37689,0.60706,0.07662,3.00000,1.00000,-0.71631,39.14707,0.00000,0.00000
14.1800,1418,240,0,0,0.00776,0.02433,0.01378,0.09665,0.15831,1.49832,0.00000,1.41036,0.61319,0.08275,3.00000,1.00000,-0.11832,38.79831,0.00000,0.00000
14.1900,1419,240,0,0,0.00773,0.02685,0.01367,0.10923,0.11609,1.49780,0.00000,1.43629,0.61932,0.08888,3.00000,1.00000,0.51992,38.40912,0.00000,0.00000
14.2000,1420,240,0,0,0.00824,0.02934,0.01621,0.12172,0.08081,1.50000,0.00000,1.45552,0.62546,0.09502,3.00000,1.00000,1.18835,37.98335,0.00000,0.00000
14.2100,1421,240,0,0,0.00838,0.03171,0.01690,0.13356,0.05923,1.49882,0.00000,1.46728,0.63159,0.10115,3.00000,1.00000,1.88339,37.53171,0.00000,0.00000
14.2200,1422,240,0,0,0.00781,0.03409,0.01404,0.14547,0.04286,1.49867,0.00000,1.47587,0.63772,0.10728,3.00000,1.00000,2.60779,37.06468,0.00000,0.00000
14.2300,1423,240,0,0,0.00775,0.03644,0.01376,0.15721,0.03352,1.49796,0.00000,1.48035,0.64385,0.11341,3.00000,1.00000,3.36254,36.56139,0.00000,0.00000
14.2400,1424,240,0,0,0.00739,0.03901,0.01194,0.17005,0.02458,1.49917,0.00000,1.48505,0.64998,0.11954,3.00000,1.00000,4.14582,36.02100,0.00000,0.00000
14.2500,1425,240,0,0,0.00756,0.04105,0.01278,0.18023,0.01825,1.49832,0.00145,1.48698,0.65612,0.12567,3.00000,1.00000,4.96098,35.44723,0.00000,0.00000
14.2600,1426,240,0,0,0.00746,0.04272,0.01228,0.18860,0.01604,1.49946,0.00199,1.49023,0.66225,0.13181,3.00000,1.00000,5.80642,34.85598,0.00000,0.00000
14.2700,1427,240,0,0,0.00732,0.04464,0.01159,0.19822,0.01010,1.50000,0.02049,1.49109,0.66838,0.13794,3.00000,1.00000,6.67151,34.21978,0.00000,0.00000
14.2800,1428,240,0,0,0.00767,0.04591,0.01334,0.20457,0.00972,1.50000,0.05929,1.49468,0.67451,0.14407,3.00000,1.00000,7.57399,33.57326,0.00000,0.00000
14.2900,1429,240,0,0,0.00779,0.04693,0.01393,0.20966,0.00757,1.50000,0.12130,1.49346,0.68064,0.15020,3.00000,1.00000,8.48509,32.91821,0.00000,0.00000
14.3000,1430,240,0,0,0.00764,0.04752,0.01322,0.21259,0.00220,1.50000,0.19620,1.49697,0.68677,0.15633,3.00000,1.00000,9.42055,32.22382,0.00000,0.00000
14.3100,1431,240,0,0,0.00725,0.04776,0.01125,0.21382,0.00018,1.50000,0.28041,1.49962,0.69291,0.16247,3.00000,1.00000,10.37218,31.50084,0.00000,0.00000
14.3200,1432,240,0,0,0.00738,0.04788,0.01189,0.21440,0.00000,1.48359,0.37433,1.49946,0.69904,0.16860,3.00000,1.00000,11.33850,30.76877,0.00000,0.00000
14.3300,1433,240,0,0,0.00727,0.04753,0.01137,0.21263,0.00000,1.44168,0.47237,1.49844,0.70517,0.17473,3.00000,1.00000,12.33188,30.02642,0.00000,0.00000
14.3400,1434,240,0,0,0.00740,0.04677,0.01199,0.20883,0.00000,1.38096,0.56983,1.49845,0.71130,0.18086,3.00000,1.00000,13.33817,29.23960,0.00000,0.00000
14.3500,1435,240,0,0,0.00723,0.04485,0.01116,0.19925,0.00000,1.31129,0.67385,1.50000,0.71743,0.18699,3.00000,1.00000,14.35973,28.44358,0.00000,0.00000
14.3600,1436,240,0,0,0.00725,0.04369,0.01127,0.19347,0.00000,1.22997,0.78263,1.49930,0.72357,0.19312,3.00000,1.00000,15.39848,27.63407,0.00000,0.00000
14.3700,1437,240,0,0,0.00719,0.04118,0.01095,0.18089,0.00000,1.14777,0.89274,1.49752,0.72970,0.19926,3.00000,1.00000,16.43363,26.79527,0.00000,0.00000
14.3800,1438,240,0,0,0.00703,0.03972,0.01017,0.17362,0.00000,1.05831,0.99834,1.49895,0.73583,0.20539,3.00000,1.00000,17.48860,25.95552,0.00000,0.00000
14.3900,1439,240,0,0,0.00720,0.03698,0.01102,0.15991,0.00000,0.96547,1.11017,1.49727,0.74196,0.21152,3.00000,1.00000,18.55819,25.09764,0.00000,0.00000
14.4000,1440,240,0,0,0.00780,0.03475,0.01402,0.14873,0.00000,0.87150,1.20289,1.49739,0.74809,0.21765,3.00000,1.00000,19.62823,24.22688,0.00000,0.00000
14.4100,1441,240,0,0,0.00812,0.03206,0.01559,0.13529,0.00000,0.77881,1.26950,1.49847,0.75422,0.22378,3.00000,1.00000,20.69965,23.35123,0.00000,0.00000
14.4200,1442,240,0,0,0.00800,0.02972,0.01499,0.12361,0.00000,0.68242,1.32041,1.50000,0.76036,0.22992,3.00000,1.00000,21.77635,22.46307,0.00000,0.00000
14.4300,1443,240,0,0,0.00810,0.02763,0.01551,0.11314,0.00000,0.58634,1.35176,1.50000,0.76649,0.23605,3.00000,1.00000,22.84480,21.56593,0.00000,0.00000
14.4400,1444,240,0,0,0.00796,0.02566,0.01480,0.10331,0.00000,0.48792,1.37408,1.49876,0.77262,0.24218,3.00000,1.00000,23.91252,20.66270,0.00000,0.00000
14.4500,1445,240,0,0,0.00811,0.02319,0.01555,0.09093,0.00000,0.38815,1.38285,1.49861,0.77875,0.24831,3.00000,1.00000,24.99286,19.76142,0.00000,0.00000
14.4600,1446,240,0,0,0.00870,0.02111,0.01850,0.08056,0.00000,0.29258,1.38632,1.49774,0.78488,0.25444,3.00000,1.00000,26.06163,18.85370,0.00000,0.00000
14.4700,1447,240,0,0,0.00863,0.01942,0.01815,0.07208,0.00000,0.21154,1.38424,1.49833,0.79102,0.26057,3.00000,1.00000,27.12770,17.93424,0.00000,0.00000
14.4800,1448,240,0,0,0.00899,0.01786,0.01995,0.06432,0.00000,0.15696,1.37710,1.49678,0.79715,0.26671,3.00000,1.00000,28.18252,17.02886,0.00000,0.00000
14.4900,1449,240,0,0,0.00943,0.01636,0.02216,0.05680,0.00000,0.11314,1.37118,1.49524,0.80328,0.27284,3.00000,1.00000,29.23634,16.11339,0.00000,0.00000
14.5000,1450,240,0,0,0.00953,0.01467,0.02265,0.04836,0.00000,0.08096,1.36216,1.49759,0.80941,0.27897,3.00000,1.00000,30.26675,15.20897,0.00000,0.00000
14.5100,1451,240,0,0,0.00980,0.01341,0.02399,0.04207,0.00000,0.06117,1.35108,1.49392,0.81554,0.28510,3.00000,1.00000,31.29273,14.30277,0.00000,0.00000
14.5200,1452,240,0,0,0.01026,0.01256,0.02628,0.03781,0.00169,0.04311,1.31908,1.49592,0.82167,0.29123,3.00000,1.00000,32.31169,13.38935,0.00000,0.00000
14.5300,1453,240,0,0,0.01098,0.01152,0.02989,0.03258,0.00275,0.03233,1.26621,1.49703,0.82781,0.29737,3.00000,1.00000,33.30782,12.48624,0.00000,0.00000
14.5400,1454,240,0,0,0.01113,0.01089,0.03065,0.02946,0.00172,0.02231,1.19956,1.49727,0.83394,0.30350,3.00000,1.00000,34.30165,11.59399,0.00000,0.00000
14.5500,1455,240,0,0,0.01184,0.01045,0.03420,0.02723,0.00262,0.01801,1.12121,1.49961,0.84007,0.30963,3.00000,1.00000,35.27212,10.71247,0.00000,0.00000
14.5600,1456,240,0,0,0.01261,0.00926,0.03806,0.02132,0.00383,0.01418,1.03339,1.50000,0.84620,0.31576,3.00000,1.00000,36.22570,9.83665,0.00000,0.00000
14.5700,1457,240,0,0,0.01298,0.00908,0.03988,0.02042,0.00126,0.01112,0.93924,1.50000,0.85233,0.32189,3.00000,1.00000,37.16261,8.97749,0.00000,0.00000
14.5800,1458,240,0,0,0.01364,0.00894,0.04321,0.01971,0.00000,0.00670,0.84148,1.50000,0.85847,0.32803,3.00000,1.00000,38.08036,8.12277,0.00000,0.00000
14.5900,1459,240,0,0,0.01402,0.00859,0.04510,0.01793,0.00008,0.00388,0.73751,1.50000,0.86460,0.33416,3.00000,1.00000,38.96723,7.28878,0.00000,0.00000
14.6000,1460,240,0,0,0.01442,0.00817,0.04711,0.01587,0.00039,0.00412,0.63435,1.50000,0.87073,0.34029,3.00000,1.00000,39.83234,6.46421,0.00000,0.00000
14.6100,1461,240,0,0,0.01464,0.00789,0.04820,0.01443,0.00000,0.00407,0.52551,1.50000,0.87686,0.34642,3.00000,1.00000,40.68026,5.66076,0.00000,0.00000
14.6200,1462,240,0,0,0.01492,0.00784,0.04962,0.01421,0.00028,0.00324,0.41475,1.49703,0.88299,0.35255,3.00000,1.00000,41.48433,4.87572,0.00000,0.00000
14.6300,1463,240,0,0,0.01516,0.00824,0.05081,0.01619,0.00000,0.00174,0.30871,1.49739,0.88912,0.35868,3.00000,1.00000,42.26700,4.10376,0.00000,0.00000
14.6400,1464,240,0,0,0.01532,0.00785,0.05160,0.01425,0.00000,0.00225,0.22434,1.49783,0.89526,0.36482,3.00000,1.00000,43.03521,3.35030,0.00000,0.00000
14.6500,1465,240,0,0,0.01517,0.00761,0.05085,0.01306,0.00000,0.00000,0.16216,1.49730,0.90139,0.37095,3.00000,1.00000,43.75635,2.61465,0.00000,0.00000
14.6600,1466,240,0,0,0.01483,0.00755,0.04914,0.01276,0.00000,0.00080,0.11846,1.49856,0.90752,0.37708,3.00000,1.00000,44.45100,1.90964,0.00000,0.00000
14.6700,1467,240,0,0,0.01471,0.00741,0.04856,0.01205,0.00000,0.00089,0.08575,1.50000,0.91365,0.38321,3.00000,1.00000,45.10822,1.22616,0.00000,0.00000
14.6800,1468,240,0,0,0.01413,0.00760,0.04564,0.01298,0.00000,0.00232,0.06233,1.50000,0.91978,0.38934,3.00000,1.00000,45.74069,0.56311,0.00000,0.00000
14.6900,1469,240,0,0,0.01354,0.00737,0.04269,0.01186,0.00000,0.00165,0.04927,1.50000,0.92592,0.39548,3.00000,1.00000,46.33565,-0.08529,0.00000,0.00000
14.7000,1470,240,0,0,0.01291,0.00746,0.03957,0.01232,0.00000,0.00000,0.03757,1.47730,0.93205,0.40161,3.00000,1.00000,46.90197,-0.70833,0.00000,0.00000
14.7100,1471,240,0,0,0.01238,0.00729,0.03691,0.01145,0.00000,0.00006,0.02821,1.42802,0.93818,0.40774,3.00000,1.00000,47.41975,-1.29271,0.00000,0.00000
14.7200,1472,240,0,0,0.01207,0.00725,0.03537,0.01124,0.00000,0.00188,0.02074,1.36972,0.94431,0.41387,3.00000,1.00000,47.91967,-1.85652,0.00000,0.00000
14.7300,1473,240,0,0,0.01172,0.00724,0.03359,0.01120,0.00000,0.00324,0.01684,1.29840,0.95044,0.42000,3.00000,2.00000,48.36938,-2.39196,0.00000,0.00000
14.7400,1474,240,0,0,0.01148,0.00710,0.03242,0.01050,0.00000,0.00416,0.01185,1.22460,0.95657,0.42613,3.00000,2.00000,48.78241,-2.89554,0.00000,0.00000
14.7500,1475,240,0,0,0.01075,0.00729,0.02873,0.01147,0.00000,0.00152,0.00937,1.14297,0.96271,0.43227,3.00000,2.00000,49.16435,-3.37317,0.00000,0.00000
14.7600,1476,240,0,0,0.01035,0.00718,0.02677,0.01090,0.00000,0.00023,0.00713,1.05944,0.96884,0.43840,3.00000,2.00000,49.49830,-3.83064,0.00000,0.00000
14.7700,1477,240,0,0,0.00955,0.00706,0.02275,0.01031,0.00128,0.00000,0.00602,0.97140,0.97497,0.44453,3.00000,2.00000,49.80584,-4.24304,0.00000,0.00000
14.7800,1478,240,0,0,0.00946,0.00708,0.02230,0.01040,0.00118,0.00000,0.00321,0.88595,0.98110,0.45066,3.00000,2.00000,50.05015,-4.61768,0.00000,0.00000
14.7900,1479,240,0,0,0.00913,0.00729,0.02065,0.01144,0.00089,0.00000,0.00124,0.79650,0.98723,0.45679,3.00000,2.00000,50.26150,-4.97001,0.00000,0.00000
14.8000,1480,240,0,0,0.00895,0.00734,0.01974,0.01168,0.00096,0.00123,0.00296,0.70773,0.99337,0.46293,3.00000,2.00000,50.43577,-5.28186,0.00000,0.00000
14.8100,1481,240,0,0,0.00849,0.00729,0.01744,0.01146,0.00038,0.00272,0.00122,0.61599,0.99950,0.46906,3.00000,2.00000,50.57452,-5.57290,0.00000,0.00000
14.8200,1482,240,0,0,0.01314,0.00734,0.04072,0.01170,0.00150,0.04471,0.00090,0.52527,0.00529,0.47519,0.00000,2.00000,50.65926,-5.81437,0.00000,0.00000
14.8300,1483,240,0,0,0.01695,0.00763,0.05977,0.01316,0.00143,0.12501,0.00150,0.42700,0.01105,0.48132,0.00000,2.00000,50.71358,-6.03163,0.00000,0.00000
14.8400,1484,240,0,0,0.01993,0.00735,0.07463,0.01175,0.00398,0.22788,0.00000,0.33282,0.01681,0.48745,0.00000,2.00000,50.73051,-6.20835,0.00000,0.00000
14.8500,1485,240,0,0,0.02226,0.00721,0.08630,0.01105,0.00374,0.35402,0.00052,0.23923,0.02257,0.49358,0.00000,2.00000,50.70987,-6.35267,0.00000,0.00000
14.8600,1486,240,0,0,0.02464,0.00719,0.09818,0.01094,0.00521,0.49075,0.00257,0.17221,0.02833,0.49972,0.00000,2.00000,50.64468,-6.46525,0.00000,0.00000
14.8700,1487,240,0,0,0.02748,0.00752,0.11240,0.01260,0.00378,0.63954,0.00267,0.12574,0.03409,0.50585,0.00000,2.00000,50.54105,-6.54532,0.00000,0.00000
14.8800,1488,240,0,0,0.02932,0.00740,0.12161,0.01198,0.00314,0.79903,0.00221,0.09175,0.03985,0.51198,0.00000,2.00000,50.40262,-6.57373,0.00000,0.00000
14.8900,1489,240,0,0,0.03138,0.00713,0.13191,0.01067,0.00539,0.96203,0.00000,0.06668,0.04561,0.51811,0.00000,2.00000,50.22226,-6.57259,0.00000,0.00000
14.9000,1490,240,0,0,0.03374,0.00699,0.14370,0.00997,0.00424,1.11019,0.00000,0.04470,0.05137,0.52424,1.00000,2.00000,50.01996,-6.52830,0.00000,0.00000
14.9100,1491,240,0,0,0.03609,0.00734,0.15544,0.01168,0.00674,1.21657,0.00183,0.03009,0.05713,0.53038,1.00000,2.00000,49.76137,-6.44314,0.00000,0.00000
14.9200,1492,240,0,0,0.03831,0.00739,0.16654,0.01194,0.00454,1.29605,0.00298,0.02413,0.06289,0.53651,1.00000,2.00000,49.47703,-6.30222,0.00000,0.00000
14.9300,1493,240,0,0,0.04015,0.00723,0.17577,0.01113,0.00552,1.35305,0.00190,0.01723,0.06865,0.54264,1.00000,2.00000,49.15702,-6.13041,0.00000,0.00000
14.9400,1494,240,0,0,0.04223,0.00730,0.18615,0.01152,0.00612,1.39416,0.00257,0.01258,0.07441,0.54877,1.00000,2.00000,48.79509,-5.90345,0.00000,0.00000
14.9500,1495,240,0,0,0.04426,0.00726,0.19630,0.01130,0.00635,1.42253,0.00507,0.00991,0.08017,0.55490,1.00000,2.00000,48.39035,-5.63397,0.00000,0.00000
14.9600,1496,240,0,0,0.04639,0.00725,0.20695,0.01126,0.00207,1.44438,0.00544,0.00649,0.08593,0.56103,1.00000,2.00000,47.96818,-5.32240,0.00000,0.00000
14.9700,1497,240,0,0,0.04855,0.00720,0.21777,0.01098,0.00170,1.46190,0.00276,0.00492,0.09169,0.56717,1.00000,2.00000,47.51433,-4.96291,0.00000,0.00000
14.9800,1498,240,0,0,0.05093,0.00698,0.22965,0.00992,0.00180,1.46961,0.00410,0.00278,0.09745,0.57330,1.00000,2.00000,47.02115,-4.57635,0.00000,0.00000
14.9900,1499,240,0,0,0.05236,0.00707,0.23682,0.01036,0.00000,1.47737,0.00350,0.00278,0.10321,0.57943,1.00000,2.00000,46.50375,-4.14807,0.00000,0.00000
15.0000,1500,240,0,0,0.05375,0.00709,0.24373,0.01044,0.00000,1.48399,0.00314,0.00113,0.10897,0.58556,1.00000,2.00000,45.94725,-3.66150,0.00000,0.00000
15.0100,1501,240,0,0,0.05526,0.00731,0.25132,0.01157,0.00016,1.48615,0.00085,0.00277,0.11473,0.59169,1.00000,2.00000,45.35658,-3.14474,0.00000,0.00000
15.0200,1502,240,0,0,0.05660,0.00716,0.25802,0.01078,0.00193,1.48936,0.00000,0.00000,0.12049,0.59783,1.00000,2.00000,44.74307,-2.58635,0.00000,0.00000
15.0300,1503,240,0,0,0.05754,0.00683,0.26268,0.00913,0.00301,1.49203,0.00052,0.00000,0.12626,0.60396,1.00000,3.00000,44.10620,-1.98449,0.00000,0.00000
15.0400,1504,240,0,0,0.05874,0.00689,0.26870,0.00945,0.00208,1.49391,0.00084,0.00000,0.13202,0.61009,1.00000,3.00000,43.43341,-1.33893,0.00000,0.00000
15.0500,1505,240,0,0,0.05950,0.00728,0.27250,0.01139,0.00154,1.49642,0.00175,0.00000,0.13778,0.61622,1.00000,3.00000,42.72489,-0.65602,0.00000,0.00000
15.0600,1506,240,0,0,0.06051,0.00752,0.27754,0.01262,0.00041,1.49738,0.00461,0.00000,0.14354,0.62235,1.00000,3.00000,42.00049,0.06093,0.00000,0.00000
15.0700,1507,240,0,0,0.06100,0.00713,0.28002,0.01067,0.00000,1.49989,0.00436,0.00000,0.14930,0.62848,1.00000,3.00000,41.24602,0.82239,0.00000,0.00000
15.0800,1508,240,0,0,0.06127,0.00698,0.28137,0.00990,0.00479,1.50000,0.00544,0.00000,0.15506,0.63462,1.00000,3.00000,40.46945,1.61046,0.00000,0.00000
15.0900,1509,240,0,0,0.06168,0.00736,0.28338,0.01182,0.00475,1.49875,0.00175,0.00000,0.16082,0.64075,1.00000,3.00000,39.66308,2.42779,0.00000,0.00000
15.1000,1510,240,0,0,0.06111,0.00737,0.28053,0.01183,0.00025,1.49667,0.00341,0.00000,0.16658,0.64688,1.00000,3.00000,38.83552,3.28822,0.00000,0.00000
15.1100,1511,240,0,0,0.06105,0.00729,0.28024,0.01144,0.00000,1.49704,0.00000,0.00000,0.17234,0.65301,1.00000,3.00000,37.98731,4.16357,0.00000,0.00000
15.1200,1512,240,0,0,0.06031,0.00733,0.27655,0.01163,0.00000,1.49611,0.00000,0.00043,0.17810,0.65914,1.00000,3.00000,37.12162,5.07981,0.00000,0.00000
15.1300,1513,240,0,0,0.05973,0.00734,0.27365,0.01168,0.00811,1.49829,0.00000,0.00162,0.18386,0.66528,1.00000,3.00000,36.23422,6.02462,0.00000,0.00000
15.1400,1514,240,0,0,0.05890,0.00742,0.26952,0.01210,0.04210,1.49795,0.00000,0.00103,0.18962,0.67141,1.00000,3.00000,35.32895,7.00011,0.00000,0.00000
15.1500,1515,240,0,0,0.05784,0.00734,0.26419,0.01171,0.08830,1.49913,0.00000,0.00234,0.19538,0.67754,1.00000,3.00000,34.40223,7.99612,0.00000,0.00000
15.1600,1516,240,0,0,0.05662,0.00771,0.25811,0.01355,0.14496,1.49814,0.00000,0.00171,0.20114,0.68367,1.00000,3.00000,33.47097,9.01355,0.00000,0.00000
15.1700,1517,240,0,0,0.05518,0.00770,0.25092,0.01349,0.20984,1.49812,0.00000,0.00143,0.20690,0.68980,1.00000,3.00000,32.52116,10.06847,0.00000,0.00000
15.1800,1518,240,0,0,0.05393,0.00790,0.24466,0.01448,0.28035,1.49568,0.00000,0.00000,0.21266,0.69593,1.00000,3.00000,31.56122,11.13132,0.00000,0.00000
15.1900,1519,240,0,0,0.05228,0.00793,0.23640,0.01464,0.35493,1.49819,0.00063,0.00043,0.21842,0.70207,1.00000,3.00000,30.57813,12.21407,0.00000,0.00000
15.2000,1520,240,0,0,0.05066,0.00767,0.22830,0.01333,0.42995,1.49825,0.00068,0.00000,0.22418,0.70820,1.00000,3.00000,29.59598,13.31547,0.00000,0.00000
15.2100,1521,240,0,0,0.04890,0.00784,0.21948,0.01422,0.51101,1.49719,0.00000,0.00000,0.22994,0.71433,1.00000,3.00000,28.59036,14.44258,0.00000,0.00000
15.2200,1522,240,0,0,0.04727,0.00757,0.21137,0.01285,0.59338,1.49739,0.00000,0.00000,0.23570,0.72046,1.00000,3.00000,27.58624,15.57027,0.00000,0.00000
15.2300,1523,240,0,0,0.04537,0.00770,0.20183,0.01350,0.67345,1.49812,0.00000,0.00000,0.24146,0.72659,1.00000,3.00000,26.56288,16.71197,0.00000,0.00000
15.2400,1524,240,0,0,0.04333,0.00757,0.19164,0.01285,0.75580,1.49899,0.00055,0.00000,0.24722,0.73273,1.00000,3.00000,25.54396,17.87203,0.00000,0.00000
15.2500,1525,240,0,0,0.04128,0.00748,0.18142,0.01239,0.83889,1.50000,0.00154,0.00000,0.25298,0.73886,1.00000,3.00000,24.51861,19.04098,0.00000,0.00000
15.2600,1526,240,0,0,0.03895,0.00745,0.16977,0.01227,0.92260,1.49783,0.00084,0.00000,0.25874,0.74499,1.00000,3.00000,23.49001,20.21601,0.00000,0.00000
15.2700,1527,240,0,0,0.03649,0.00746,0.15744,0.01231,0.99243,1.49959,0.00000,0.00000,0.26450,0.75112,1.00000,3.00000,22.46456,21.39568,0.00000,0.00000
15.2800,1528,240,0,0,0.03404,0.00745,0.14520,0.01223,1.04084,1.49908,0.00000,0.00000,0.27026,0.75725,1.00000,3.00000,21.44068,22.58477,0.00000,0.00000
15.2900,1529,240,0,0,0.03220,0.00706,0.13602,0.01029,1.07876,1.49862,0.00000,0.00000,0.27602,0.76338,1.00000,3.00000,20.41253,23.76974,0.00000,0.00000
15.3000,1530,240,0,0,0.03041,0.00750,0.12707,0.01250,1.10723,1.49802,0.00000,0.00000,0.28178,0.76952,1.00000,3.00000,19.39163,24.95583,0.00000,0.00000
15.3100,1531,240,0,0,0.02899,0.00744,0.11994,0.01219,1.11877,1.49940,0.00000,0.00000,0.28754,0.77565,1.00000,3.00000,18.37412,26.16203,0.00000,0.00000
15.3200,1532,240,0,0,0.02719,0.00755,0.11094,0.01276,1.12259,1.50000,0.00000,0.00365,0.29330,0.78178,1.00000,3.00000,17.35595,27.34310,0.00000,0.00000
15.3300,1533,240,0,0,0.02540,0.00717,0.10199,0.01086,1.12110,1.50000,0.00089,0.00206,0.29906,0.78791,1.00000,3.00000,16.34571,28.51593,0.00000,0.00000
15.3400,1534,240,0,0,0.02369,0.00825,0.09346,0.01624,1.11499,1.50000,0.00141,0.00407,0.30483,0.79404,1.00000,3.00000,15.35190,29.70085,0.00000,0.00000
15.3500,1535,240,0,0,0.02255,0.00859,0.08773,0.01793,1.10621,1.50000,0.00000,0.00416,0.31059,0.80018,1.00000,3.00000,14.36432,30.86194,0.00000,0.00000
15.3600,1536,240,0,0,0.02124,0.00864,0.08118,0.01819,1.09221,1.50000,0.00000,0.00294,0.31635,0.80631,1.00000,3.00000,13.38306,32.01480,0.00000,0.00000
15.3700,1537,240,0,0,0.01938,0.00848,0.07188,0.01741,1.07615,1.50000,0.00000,0.00141,0.32211,0.81244,1.00000,3.00000,12.41486,33.16337,0.00000,0.00000
15.3800,1538,240,0,0,0.01865,0.00918,0.06824,0.02089,1.06149,1.50000,0.00000,0.00191,0.32787,0.81857,1.00000,3.00000,11.45797,34.30766,0.00000,0.00000
15.3900,1539,240,0,0,0.01726,0.00965,0.06128,0.02326,1.04570,1.50000,0.00000,0.00168,0.33363,0.82470,1.00000,3.00000,10.51108,35.42501,0.00000,0.00000
15.4000,1540,240,0,0,0.01619,0.01059,0.05594,0.02794,1.02610,1.50000,0.00000,0.00177,0.33939,0.83083,1.00000,3.00000,9.57562,36.51725,0.00000,0.00000
15.4100,1541,240,0,0,0.01559,0.01127,0.05294,0.03135,1.00923,1.50000,0.00000,0.00192,0.34515,0.83697,1.00000,3.00000,8.67108,37.58989,0.00000,0.00000
15.4200,1542,240,0,0,0.01425,0.01180,0.04623,0.03398,0.99064,1.50000,0.00000,0.00112,0.35091,0.84310,1.00000,3.00000,7.78978,38.65833,0.00000,0.00000
15.4300,1543,240,0,0,0.01359,0.01259,0.04293,0.03795,0.97501,1.50000,0.00000,0.00000,0.35667,0.84923,1.00000,3.00000,6.92178,39.70228,0.00000,0.00000
15.4400,1544,240,0,0,0.01283,0.01304,0.03915,0.04022,0.95875,1.50000,0.00004,0.00000,0.36243,0.85536,1.00000,3.00000,6.07719,40.72454,0.00000,0.00000
15.4500,1545,240,0,0,0.01226,0.01324,0.03632,0.04119,0.94205,1.50000,0.00092,0.00000,0.36819,0.86149,1.00000,3.00000,5.24335,41.72037,0.00000,0.00000
15.4600,1546,240,0,0,0.01142,0.01404,0.03209,0.04520,0.92054,1.50000,0.00124,0.00000,0.37395,0.86763,1.00000,3.00000,4.43129,42.69425,0.00000,0.00000
15.4700,1547,240,0,0,0.01091,0.01424,0.02956,0.04622,0.90401,1.49924,0.00000,0.00000,0.37971,0.87376,1.00000,3.00000,3.63483,43.63185,0.00000,0.00000
15.4800,1548,240,0,0,0.01032,0.01459,0.02661,0.04797,0.88551,1.49955,0.00000,0.00000,0.38547,0.87989,1.00000,3.00000,2.87036,44.53601,0.00000,0.00000
15.4900,1549,240,0,0,0.00990,0.01515,0.02451,0.05073,0.86818,1.49975,0.00000,0.00000,0.39123,0.88602,1.00000,3.00000,2.14460,45.40705,0.00000,0.00000
15.5000,1550,240,0,0,0.00944,0.01497,0.02220,0.04984,0.85075,1.49978,0.00000,0.00000,0.39699,0.89215,1.00000,3.00000,1.43898,46.25594,0.00000,0.00000
15.5100,1551,240,0,0,0.00944,0.01512,0.02219,0.05060,0.83084,1.50000,0.00000,0.00161,0.40275,0.89828,1.00000,3.00000,0.75833,47.07138,0.00000,0.00000
15.5200,1552,240,0,0,0.00938,0.01514,0.02188,0.05069,0.82130,1.50000,0.00000,0.00216,0.40851,0.90442,1.00000,3.00000,0.10105,47.85426,0.00000,0.00000
15.5300,1553,240,0,0,0.00914,0.01491,0.02069,0.04956,0.81178,1.49953,0.00000,0.00000,0.41427,0.91055,1.00000,3.00000,-0.52335,48.60749,0.00000,0.00000
15.5400,1554,240,0,0,0.00896,0.01509,0.01982,0.05045,0.80587,1.49687,0.00000,0.00211,0.42003,0.91668,2.00000,3.00000,-1.11539,49.32717,0.00000,0.00000
15.5500,1555,240,0,0,0.00854,0.01454,0.01770,0.04771,0.80230,1.50000,0.00000,0.00286,0.42579,0.92281,2.00000,3.00000,-1.68485,50.00478,0.00000,0.00000
15.5600,1556,240,0,0,0.00857,0.01426,0.01786,0.04629,0.80225,1.50000,0.00000,0.00205,0.43155,0.92894,2.00000,3.00000,-2.21108,50.64874,0.00000,0.00000
15.5700,1557,240,0,0,0.00871,0.01341,0.01856,0.04206,0.79713,1.49899,0.00000,0.00087,0.43731,0.93508,2.00000,3.00000,-2.70219,51.26113,0.00000,0.00000
15.5800,1558,240,0,0,0.00876,0.01293,0.01879,0.03966,0.79695,1.49643,0.00000,0.00143,0.44307,0.94121,2.00000,3.00000,-3.16719,51.82067,0.00000,0.00000
15.5900,1559,240,0,0,0.00883,0.01258,0.01915,0.03788,0.79159,1.49932,0.00000,0.00000,0.44883,0.94734,2.00000,3.00000,-3.60389,52.32261,0.00000,0.00000
15.6000,1560,240,0,0,0.00845,0.01196,0.01727,0.03479,0.77701,1.49813,0.00000,0.00000,0.45459,0.95347,2.00000,3.00000,-3.99343,52.80100,0.00000,0.00000
15.6100,1561,240,0,0,0.00832,0.01159,0.01659,0.03293,0.74325,1.49905,0.00000,0.00000,0.46035,0.95960,2.00000,3.00000,-4.35167,53.23881,0.00000,0.00000
15.6200,1562,240,0,0,0.00811,0.01087,0.01557,0.02933,0.69532,1.49834,0.00267,0.00000,0.46611,0.96574,2.00000,3.00000,-4.70770,53.62518,0.00000,0.00000
15.6300,1563,240,0,0,0.00805,0.01039,0.01525,0.02693,0.63814,1.49950,0.00271,0.00000,0.47187,0.97187,2.00000,3.00000,-5.00538,53.97971,0.00000,0.00000
15.6400,1564,240,0,0,0.00797,0.00963,0.01487,0.02315,0.56939,1.49883,0.00006,0.00062,0.47763,0.97800,2.00000,3.00000,-5.26154,54.28188,0.00000,0.00000
15.6500,1565,240,0,0,0.00806,0.00927,0.01529,0.02136,0.50250,1.50000,0.00092,0.00266,0.48340,0.98413,2.00000,3.00000,-5.47160,54.53473,0.00000,0.00000
15.6600,1566,240,0,0,0.00784,0.00902,0.01421,0.02009,0.42657,1.49711,0.00000,0.00323,0.48916,0.99026,2.00000,3.00000,-5.65489,54.75721,0.00000,0.00000
15.6700,1567,240,0,0,0.00740,0.00863,0.01201,0.01815,0.35079,1.49832,0.00000,0.00310,0.49492,0.99639,2.00000,3.00000,-5.80126,54.93330,0.00000,0.00000
15.6800,1568,240,0,0,0.00739,0.00830,0.01196,0.01651,0.26785,1.49930,0.00040,0.02311,0.50068,0.00237,2.00000,0.00000,-5.91570,55.05203,0.00000,0.00000
15.6900,1569,240,0,0,0.00795,0.00813,0.01473,0.01565,0.19311,1.49732,0.00186,0.08944,0.50644,0.00813,2.00000,0.00000,-6.00203,55.13650,0.00000,0.00000
15.7000,1570,240,0,0,0.00792,0.00762,0.01458,0.01310,0.14039,1.49617,0.00271,0.18700,0.51220,0.01389,2.00000,0.00000,-6.03250,55.16837,0.00000,0.00000
15.7100,1571,240,0,0,0.00771,0.00739,0.01357,0.01197,0.10435,1.49696,0.00054,0.30814,0.51796,0.01965,2.00000,0.00000,-6.03253,55.15232,0.00000,0.00000
15.7200,1572,240,0,0,0.00778,0.00722,0.01388,0.01108,0.07462,1.49720,0.00184,0.44929,0.52372,0.02541,2.00000,0.00000,-6.00188,55.10135,0.00000,0.00000
15.7300,1573,240,0,0,0.00795,0.00708,0.01474,0.01041,0.05631,1.49738,0.00289,0.60092,0.52948,0.03117,2.00000,0.00000,-5.92883,55.02294,0.00000,0.00000
15.7400,1574,240,0,0,0.00753,0.00729,0.01263,0.01147,0.04226,1.49750,0.00151,0.76087,0.53524,0.03693,2.00000,0.00000,-5.82364,54.88567,0.00000,0.00000
15.7500,1575,240,0,0,0.00740,0.00736,0.01201,0.01180,0.03510,1.49834,0.00158,0.92772,0.54100,0.04270,2.00000,0.00000,-5.69522,54.71013,0.00000,0.00000
15.7600,1576,240,0,0,0.00686,0.00743,0.00928,0.01215,0.02757,1.49872,0.00256,1.08115,0.54676,0.04846,2.00000,0.00000,-5.51854,54.49560,0.00000,0.00000
15.7700,1577,240,0,0,0.00702,0.00760,0.01010,0.01301,0.02293,1.48766,0.00240,1.19744,0.55252,0.05422,2.00000,1.00000,-5.30686,54.22433,0.00000,0.00000
15.7800,1578,240,0,0,0.00735,0.00726,0.01173,0.01131,0.01757,1.45368,0.00310,1.27935,0.55828,0.05998,2.00000,1.00000,-5.06796,53.91894,0.00000,0.00000
15.7900,1579,240,0,0,0.00744,0.00802,0.01219,0.01509,0.01183,1.40718,0.00265,1.33575,0.56404,0.06574,2.00000,1.00000,-4.78959,53.57316,0.00000,0.00000
15.8000,1580,240,0,0,0.00741,0.00803,0.01204,0.01513,0.00797,1.34868,0.00221,1.38017,0.56980,0.07150,2.00000,1.00000,-4.47722,53.19052,0.00000,0.00000
15.8100,1581,240,0,0,0.00707,0.00841,0.01035,0.01704,0.00667,1.28055,0.00495,1.41236,0.57556,0.07726,2.00000,1.00000,-4.12720,52.75928,0.00000,0.00000
15.8200,1582,240,0,0,0.00687,0.00842,0.00933,0.01708,0.00404,1.20808,0.00344,1.43740,0.58132,0.08302,2.00000,1.00000,-3.74603,52.29470,0.00000,0.00000
15.8300,1583,240,0,0,0.00715,0.00843,0.01074,0.01715,0.00074,1.12991,0.00545,1.45519,0.58708,0.08878,2.00000,1.00000,-3.33205,51.79478,0.00000,0.00000
15.8400,1584,240,0,0,0.00721,0.00868,0.01103,0.01839,0.00124,1.04866,0.00064,1.46566,0.59284,0.09454,2.00000,1.00000,-2.88781,51.26166,0.00000,0.00000
15.8500,1585,240,0,0,0.00727,0.00983,0.01137,0.02415,0.00173,0.96501,0.00332,1.47490,0.59860,0.10030,2.00000,1.00000,-2.41374,50.67962,0.00000,0.00000
15.8600,1586,240,0,0,0.00734,0.01023,0.01169,0.02613,0.00117,0.88044,0.00373,1.48254,0.60436,0.10606,3.00000,1.00000,-1.91339,50.07576,0.00000,0.00000
15.8700,1587,240,0,0,0.00740,0.01079,0.01201,0.02893,0.00000,0.79496,0.00319,1.48792,0.61012,0.11182,3.00000,1.00000,-1.36886,49.41068,0.00000,0.00000
15.8800,1588,240,0,0,0.00751,0.01139,0.01254,0.03195,0.00000,0.70848,0.00382,1.48931,0.61588,0.11758,3.00000,1.00000,-0.80903,48.73308,0.00000,0.00000
15.8900,1589,240,0,0,0.00772,0.01178,0.01361,0.03391,0.00000,0.62210,0.01158,1.49265,0.62164,0.12334,3.00000,1.00000,-0.20757,48.01220,0.00000,0.00000
15.9000,1590,240,0,0,0.00752,0.01247,0.01261,0.03734,0.00000,0.53716,0.05626,1.49261,0.62740,0.12910,3.00000,1.00000,0.41674,47.26022,0.00000,0.00000
15.9100,1591,240,0,0,0.00789,0.01350,0.01443,0.04249,0.00000,0.44923,0.12526,1.49493,0.63316,0.13486,3.00000,1.00000,1.04996,46.47506,0.00000,0.00000
15.9200,1592,240,0,0,0.00794,0.01495,0.01468,0.04974,0.00206,0.36220,0.21363,1.49590,0.63892,0.14062,3.00000,1.00000,1.73063,45.65671,0.00000,0.00000
15.9300,1593,240,0,0,0.00787,0.01587,0.01437,0.05433,0.00379,0.27320,0.31265,1.49588,0.64468,0.14638,3.00000,1.00000,2.43464,44.80849,0.00000,0.00000
15.9400,1594,240,0,0,0.00753,0.01733,0.01263,0.06167,0.00384,0.19916,0.42249,1.49393,0.65044,0.15214,3.00000,1.00000,3.16611,43.93741,0.00000,0.00000
15.9500,1595,240,0,0,0.00741,0.01890,0.01205,0.06952,0.00392,0.14269,0.53624,1.49315,0.65620,0.15790,3.00000,1.00000,3.91232,43.03787,0.00000,0.00000
15.9600,1596,240,0,0,0.00714,0.02059,0.01071,0.07797,0.00418,0.10523,0.65827,1.49554,0.66197,0.16366,3.00000,1.00000,4.68573,42.09873,0.00000,0.00000
15.9700,1597,240,0,0,0.00689,0.02236,0.00945,0.08678,0.00239,0.07757,0.78295,1.49671,0.66773,0.16942,3.00000,1.00000,5.47750,41.13763,0.00000,0.00000
15.9800,1598,240,0,0,0.00687,0.02408,0.00934,0.09538,0.00014,0.05291,0.90830,1.49904,0.67349,0.17518,3.00000,1.00000,6.29709,40.16150,0.00000,0.00000
15.9900,1599,240,0,0,0.00703,0.02568,0.01014,0.10339,0.00311,0.04212,1.03657,1.49843,0.67925,0.18094,3.00000,1.00000,7.13590,39.17148,0.00000,0.00000
16.0000,1600,240,0,0,0.00735,0.02710,0.01177,0.11049,0.00557,0.03007,1.16496,1.49852,0.68501,0.18670,3.00000,1.00000,7.98913,38.15079,0.00000,0.00000
16.0100,1601,240,0,0,0.00711,0.02908,0.01056,0.12040,0.00426,0.02183,1.25703,1.49724,0.69077,0.19246,3.00000,1.00000,8.85656,37.10243,0.00000,0.00000
16.0200,1602,240,0,0,0.00711,0.03125,0.01056,0.13123,0.00201,0.01504,1.32291,1.50000,0.69653,0.19822,3.00000,1.00000,9.73867,36.03734,0.00000,0.00000
16.0300,1603,240,0,0,0.00718,0.03384,0.01088,0.14421,0.00133,0.01140,1.37297,1.50000,0.70229,0.20398,3.00000,1.00000,10.62987,34.95189,0.00000,0.00000
16.0400,1604,240,0,0,0.00734,0.03621,0.01171,0.15604,0.00216,0.01134,1.40606,1.50000,0.70805,0.20974,3.00000,1.00000,11.54793,33.87138,0.00000,0.00000
16.0500,1605,240,0,0,0.00742,0.03849,0.01208,0.16744,0.00205,0.01023,1.43306,1.50000,0.71381,0.21550,3.00000,1.00000,12.47373,32.77779,0.00000,0.00000
16.0600,1606,240,0,0,0.00738,0.04141,0.01189,0.18205,0.00396,0.01117,1.45130,1.50000,0.71957,0.22127,3.00000,1.00000,13.40798,31.65529,0.00000,0.00000
16.0700,1607,240,0,0,0.00719,0.04414,0.01097,0.19572,0.00340,0.00663,1.46425,1.50000,0.72533,0.22703,3.00000,1.00000,14.35606,30.53373,0.00000,0.00000
16.0800,1608,240,0,0,0.00732,0.04662,0.01161,0.20811,0.00023,0.00565,1.47375,1.50000,0.73109,0.23279,3.00000,1.00000,15.30536,29.39489,0.00000,0.00000
16.0900,1609,240,0,0,0.00722,0.04887,0.01109,0.21934,0.00062,0.00215,1.47927,1.50000,0.73685,0.23855,3.00000,1.00000,16.27555,28.23953,0.00000,0.00000
16.1000,1610,240,0,0,0.00733,0.05094,0.01166,0.22971,0.00048,0.00000,1.48552,1.50000,0.74261,0.24431,3.00000,1.00000,17.24486,27.07974,0.00000,0.00000
16.1100,1611,240,0,0,0.00740,0.05303,0.01202,0.24014,0.00000,0.00000,1.48736,1.49971,0.74837,0.25007,3.00000,1.00000,18.22382,25.90590,0.00000,0.00000
16.1200,1612,240,0,0,0.00718,0.05465,0.01091,0.24825,0.00216,0.00000,1.49160,1.49807,0.75413,0.25583,3.00000,1.00000,19.18851,24.73596,0.00000,0.00000
16.1300,1613,240,0,0,0.00747,0.05700,0.01235,0.26002,0.00107,0.00000,1.49431,1.49757,0.75989,0.26159,3.00000,1.00000,20.16718,23.56392,0.00000,0.00000
16.1400,1614,240,0,0,0.00741,0.05837,0.01205,0.26686,0.00000,0.00000,1.49629,1.49793,0.76565,0.26735,3.00000,1.00000,21.14606,22.39890,0.00000,0.00000
16.1500,1615,240,0,0,0.00789,0.05910,0.01445,0.27048,0.00000,0.00000,1.49862,1.49888,0.77141,0.27311,3.00000,1.00000,22.13327,21.22311,0.00000,0.00000
16.1600,1616,240,0,0,0.00790,0.05978,0.01450,0.27391,0.00000,0.00108,1.49785,1.50000,0.77717,0.27887,3.00000,1.00000,23.10924,20.05743,0.00000,0.00000
16.1700,1617,240,0,0,0.00824,0.06072,0.01619,0.27859,0.00002,0.00219,1.49698,1.50000,0.78293,0.28463,3.00000,1.00000,24.08985,18.88990,0.00000,0.00000
16.1800,1618,240,0,0,0.00869,0.06140,0.01843,0.28200,0.00000,0.00189,1.49730,1.50000,0.78869,0.29039,3.00000,1.00000,25.07206,17.73591,0.00000,0.00000
16.1900,1619,240,0,0,0.00881,0.06168,0.01903,0.28339,0.00295,0.00214,1.50000,1.49952,0.79445,0.29615,3.00000,1.00000,26.03282,16.58821,0.00000,0.00000
16.2000,1620,240,0,0,0.00913,0.06182,0.02066,0.28412,0.00487,0.00142,1.49805,1.49889,0.80021,0.30191,3.00000,1.00000,26.99354,15.43186,0.00000,0.00000
16.2100,1621,240,0,0,0.00950,0.06127,0.02252,0.28136,0.00313,0.00000,1.49636,1.50000,0.80597,0.30767,3.00000,1.00000,27.95810,14.28669,0.00000,0.00000
16.2200,1622,240,0,0,0.00987,0.06056,0.02436,0.27781,0.00399,0.00171,1.49210,1.50000,0.81173,0.31343,3.00000,1.00000,28.89713,13.17743,0.00000,0.00000
16.2300,1623,240,0,0,0.01026,0.05994,0.02631,0.27468,0.00284,0.00067,1.48281,1.49868,0.81749,0.31919,3.00000,1.00000,29.82981,12.05771,0.00000,0.00000
16.2400,1624,240,0,0,0.01053,0.05841,0.02765,0.26705,0.00492,0.00387,1.46761,1.49650,0.82325,0.32495,3.00000,1.00000,30.74517,10.96310,0.00000,0.00000
16.2500,1625,240,0,0,0.01082,0.05668,0.02910,0.25838,0.00114,0.00030,1.45224,1.49587,0.82901,0.33071,3.00000,1.00000,31.65118,9.87885,0.00000,0.00000
16.2600,1626,240,0,0,0.01163,0.05487,0.03316,0.24934,0.00067,0.00000,1.43439,1.49554,0.83477,0.33647,3.00000,1.00000,32.56054,8.81714,0.00000,0.00000
16.2700,1627,240,0,0,0.01217,0.05280,0.03587,0.23898,0.00000,0.00000,1.41568,1.49670,0.84054,0.34223,3.00000,1.00000,33.44385,7.76179,0.00000,0.00000
16.2800,1628,240,0,0,0.01255,0.05061,0.03775,0.22805,0.00000,0.00000,1.39971,1.49572,0.84630,0.34799,3.00000,1.00000,34.30188,6.74656,0.00000,0.00000
16.2900,1629,240,0,0,0.01306,0.04856,0.04032,0.21781,0.00000,0.00000,1.38950,1.49477,0.85206,0.35375,3.00000,1.00000,35.14683,5.74378,0.00000,0.00000
16.3000,1630,240,0,0,0.01361,0.04593,0.04304,0.20463,0.00000,0.00000,1.38160,1.49622,0.85782,0.35951,3.00000,1.00000,35.97268,4.77366,0.00000,0.00000
16.3100,1631,240,0,0,0.01403,0.04382,0.04516,0.19411,0.00000,0.00000,1.37843,1.49737,0.86358,0.36527,3.00000,1.00000,36.78108,3.80742,0.00000,0.00000
16.3200,1632,240,0,0,0.01428,0.04137,0.04640,0.18187,0.00000,0.00015,1.37212,1.49975,0.86934,0.37103,3.00000,1.00000,37.56455,2.87230,0.00000,0.00000
16.3300,1633,240,0,0,0.01471,0.03898,0.04853,0.16990,0.00000,0.00090,1.36884,1.49815,0.87510,0.37679,3.00000,1.00000,38.32873,1.95872,0.00000,0.00000
16.3400,1634,240,0,0,0.01494,0.03700,0.04969,0.16001,0.00000,0.00000,1.36599,1.49886,0.88086,0.38255,3.00000,1.00000,39.08363,1.07679,0.00000,0.00000
16.3500,1635,240,0,0,0.01509,0.03458,0.05044,0.14788,0.00000,0.00154,1.36659,1.49880,0.88662,0.38831,3.00000,1.00000,39.81259,0.21299,0.00000,0.00000
16.3600,1636,240,0,0,0.01557,0.03244,0.05287,0.13722,0.00000,0.00000,1.36410,1.49908,0.89238,0.39407,3.00000,1.00000,40.50293,-0.61136,0.00000,0.00000
16.3700,1637,240,0,0,0.01536,0.03015,0.05178,0.12577,0.00053,0.00190,1.36478,1.49912,0.89814,0.39984,3.00000,1.00000,41.18343,-1.39660,0.00000,0.00000
16.3800,1638,240,0,0,0.01533,0.02781,0.05164,0.11403,0.00000,0.00167,1.36499,1.49939,0.90390,0.40560,3.00000,1.00000,41.83486,-2.15693,0.00000,0.00000
16.3900,1639,240,0,0,0.01515,0.02589,0.05073,0.10445,0.00000,0.00000,1.36172,1.50000,0.90966,0.41136,3.00000,1.00000,42.44913,-2.88672,0.00000,0.00000
16.4000,1640,240,0,0,0.01487,0.02389,0.04934,0.09446,0.00051,0.00000,1.34650,1.49998,0.91542,0.41712,3.00000,1.00000,43.03854,-3.57939,0.00000,0.00000
16.4100,1641,240,0,0,0.01393,0.02220,0.04463,0.08600,0.00000,0.00066,1.29556,1.49986,0.92118,0.42288,3.00000,2.00000,43.59305,-4.23659,0.00000,0.00000
16.4200,1642,240,0,0,0.01400,0.02020,0.04499,0.07602,0.00162,0.00010,1.22127,1.49930,0.92694,0.42864,3.00000,2.00000,44.12745,-4.84992,0.00000,0.00000
16.4300,1643,240,0,0,0.01323,0.01851,0.04114,0.06757,0.00388,0.00000,1.13431,1.50000,0.93270,0.43440,3.00000,2.00000,44.62856,-5.43688,0.00000,0.00000
16.4400,1644,240,0,0,0.01281,0.01730,0.03906,0.06152,0.00184,0.00000,1.03365,1.50000,0.93846,0.44016,3.00000,2.00000,45.09944,-5.99512,0.00000,0.00000
16.4500,1645,240,0,0,0.01192,0.01645,0.03461,0.05725,0.00017,0.00150,0.92266,1.50000,0.94422,0.44592,3.00000,2.00000,45.54647,-6.51150,0.00000,0.00000
16.4600,1646,240,0,0,0.01126,0.01566,0.03131,0.05331,0.00000,0.00212,0.80406,1.50000,0.94998,0.45168,3.00000,2.00000,45.95352,-6.98938,0.00000,0.00000
16.4700,1647,240,0,0,0.01084,0.01437,0.02921,0.04686,0.00000,0.00296,0.68506,1.50000,0.95574,0.45744,3.00000,2.00000,46.32352,-7.42707,0.00000,0.00000
16.4800,1648,240,0,0,0.01081,0.01344,0.02906,0.04220,0.00000,0.00319,0.56012,1.49913,0.96150,0.46320,3.00000,2.00000,46.66449,-7.82706,0.00000,0.00000
16.4900,1649,240,0,0,0.01083,0.01224,0.02913,0.03621,0.00000,0.00395,0.43253,1.49982,0.96726,0.46896,3.00000,2.00000,46.97825,-8.18341,0.00000,0.00000
16.5000,1650,240,0,0,0.01024,0.01141,0.02619,0.03204,0.00000,0.00274,0.31583,1.50000,0.97302,0.47472,3.00000,2.00000,47.24303,-8.50373,0.00000,0.00000
16.5100,1651,240,0,0,0.00948,0.01084,0.02239,0.02922,0.00000,0.00450,0.22692,1.50000,0.97878,0.48048,3.00000,2.00000,47.48107,-8.76412,0.00000,0.00000
16.5200,1652,240,0,0,0.00920,0.01037,0.02100,0.02683,0.00000,0.00296,0.16273,1.50000,0.98454,0.48624,3.00000,2.00000,47.68264,-8.98964,0.00000,0.00000
16.5300,1653,240,0,0,0.00848,0.01026,0.01741,0.02631,0.00167,0.00158,0.11546,1.50000,0.99030,0.49200,3.00000,2.00000,47.85651,-9.18866,0.00000,0.00000
16.5400,1654,240,0,0,0.00812,0.00969,0.01558,0.02345,0.00421,0.00365,0.08121,1.49953,0.99606,0.49776,3.00000,2.00000,48.00074,-9.33216,0.00000,0.00000
16.5500,1655,240,0,0,0.00762,0.00915,0.01310,0.02076,0.00337,0.07458,0.05812,1.49939,0.00170,0.50352,0.00000,2.00000,48.09981,-9.44628,0.00000,0.00000
16.5600,1656,240,0,0,0.00746,0.00854,0.01229,0.01768,0.00100,0.17265,0.04262,1.49859,0.00706,0.50928,0.00000,2.00000,48.16371,-9.51072,0.00000,0.00000
16.5700,1657,240,0,0,0.00717,0.00832,0.01087,0.01662,0.00000,0.29135,0.03222,1.50000,0.01243,0.51504,0.00000,2.00000,48.19242,-9.52625,0.00000,0.00000
16.5800,1658,240,0,0,0.00743,0.00833,0.01213,0.01666,0.00000,0.42546,0.02415,1.50000,0.01779,0.52080,0.00000,2.00000,48.19022,-9.52047,0.00000,0.00000
16.5900,1659,240,0,0,0.00733,0.00838,0.01166,0.01691,0.00000,0.56906,0.01944,1.50000,0.02316,0.52656,0.00000,2.00000,48.14653,-9.47241,0.00000,0.00000
16.6000,1660,240,0,0,0.00735,0.00799,0.01175,0.01494,0.00000,0.72175,0.01401,1.50000,0.02852,0.53232,0.00000,2.00000,48.06589,-9.37319,0.00000,0.00000
16.6100,1661,240,0,0,0.00783,0.00817,0.01413,0.01585,0.00000,0.88282,0.01071,1.50000,0.03389,0.53808,0.00000,2.00000,47.94969,-9.24074,0.00000,0.00000
16.6200,1662,240,0,0,0.00749,0.00830,0.01243,0.01649,0.00000,1.04281,0.00851,1.50000,0.03925,0.54384,0.00000,2.00000,47.79414,-9.07506,0.00000,0.00000
16.6300,1663,240,0,0,0.00743,0.00815,0.01215,0.01574,0.00000,1.16823,0.00770,1.50000,0.04462,0.54960,0.00000,2.00000,47.61879,-8.86456,0.00000,0.00000
16.6400,1664,240,0,0,0.00765,0.00806,0.01324,0.01528,0.00000,1.25560,0.00726,1.49957,0.04998,0.55536,0.00000,2.00000,47.39587,-8.61741,0.00000,0.00000
16.6500,1665,240,0,0,0.00778,0.00775,0.01391,0.01376,0.00000,1.32083,0.00673,1.49820,0.05535,0.56112,1.00000,2.00000,47.13964,-8.33679,0.00000,0.00000
16.6600,1666,240,0,0,0.00833,0.00732,0.01667,0.01159,0.00000,1.36615,0.00693,1.49859,0.06071,0.56688,1.00000,2.00000,46.85448,-8.01523,0.00000,0.00000
16.6700,1667,240,0,0,0.00812,0.00707,0.01558,0.01036,0.00000,1.40271,0.00600,1.49928,0.06608,0.57264,1.00000,2.00000,46.53495,-7.64842,0.00000,0.00000
16.6800,1668,240,0,0,0.00828,0.00757,0.01638,0.01286,0.00051,1.43096,0.00177,1.49856,0.07144,0.57841,1.00000,2.00000,46.17927,-7.26084,0.00000,0.00000
16.6900,1669,240,0,0,0.00860,0.00770,0.01799,0.01348,0.00000,1.45309,0.00000,1.48272,0.07681,0.58417,1.00000,2.00000,45.78862,-6.83065,0.00000,0.00000
16.7000,1670,240,0,0,0.00823,0.00763,0.01615,0.01315,0.00000,1.46694,0.00002,1.44476,0.08217,0.58993,1.00000,2.00000,45.35991,-6.37003,0.00000,0.00000
16.7100,1671,240,0,0,0.00907,0.00767,0.02033,0.01337,0.00000,1.47769,0.00000,1.39102,0.08753,0.59569,1.00000,2.00000,44.91171,-5.88307,0.00000,0.00000
16.7200,1672,240,0,0,0.00952,0.00791,0.02258,0.01453,0.00000,1.48429,0.00000,1.33074,0.09290,0.60145,1.00000,3.00000,44.42262,-5.34444,0.00000,0.00000
16.7300,1673,240,0,0,0.00994,0.00776,0.02472,0.01379,0.00000,1.48966,0.00000,1.25808,0.09826,0.60721,1.00000,3.00000,43.89924,-4.78024,0.00000,0.00000
16.7400,1674,240,0,0,0.01045,0.00773,0.02724,0.01363,0.00156,1.49157,0.00000,1.18060,0.10363,0.61297,1.00000,3.00000,43.34838,-4.18224,0.00000,0.00000
16.7500,1675,240,0,0,0.01056,0.00782,0.02782,0.01408,0.00307,1.49468,0.00000,1.09989,0.10899,0.61873,1.00000,3.00000,42.76823,-3.55769,0.00000,0.00000
16.7600,1676,240,0,0,0.01121,0.00742,0.03105,0.01212,0.00119,1.49723,0.00053,1.01521,0.11436,0.62449,1.00000,3.00000,42.16381,-2.90330,0.00000,0.00000
16.7700,1677,240,0,0,0.01154,0.00736,0.03271,0.01182,0.00000,1.50000,0.00000,0.92773,0.11972,0.63025,1.00000,3.00000,41.52999,-2.21972,0.00000,0.00000
16.7800,1678,240,0,0,0.01185,0.00760,0.03424,0.01300,0.00095,1.49961,0.00000,0.84061,0.12509,0.63601,1.00000,3.00000,40.85561,-1.49524,0.00000,0.00000
16.7900,1679,240,0,0,0.01207,0.00771,0.03533,0.01357,0.00268,1.49955,0.00000,0.75205,0.13045,0.64177,1.00000,3.00000,40.14420,-0.75009,0.00000,0.00000
16.8000,1680,240,0,0,0.01213,0.00733,0.03565,0.01166,0.01605,1.50000,0.00000,0.66259,0.13582,0.64753,1.00000,3.00000,39.42407,0.02791,0.00000,0.00000
16.8100,1681,240,0,0,0.01272,0.00736,0.03858,0.01182,0.04716,1.50000,0.00000,0.57406,0.14118,0.65329,1.00000,3.00000,38.67147,0.82552,0.00000,0.00000
16.8200,1682,240,0,0,0.01309,0.00795,0.04044,0.01474,0.09243,1.49913,0.00000,0.48170,0.14655,0.65905,1.00000,3.00000,37.90075,1.66133,0.00000,0.00000
16.8300,1683,240,0,0,0.01314,0.00804,0.04072,0.01522,0.15277,1.50000,0.00000,0.38642,0.15191,0.66481,1.00000,3.00000,37.11391,2.51297,0.00000,0.00000
16.8400,1684,240,0,0,0.01329,0.00779,0.04147,0.01393,0.21857,1.49766,0.00000,0.29541,0.15728,0.67057,1.00000,3.00000,36.29838,3.38285,0.00000,0.00000
16.8500,1685,240,0,0,0.01316,0.00774,0.04078,0.01372,0.29515,1.49983,0.00107,0.21385,0.16264,0.67633,1.00000,3.00000,35.44465,4.27240,0.00000,0.00000
16.8600,1686,240,0,0,0.01304,0.00747,0.04021,0.01233,0.37141,1.49990,0.00000,0.15355,0.16801,0.68209,1.00000,3.00000,34.57565,5.18505,0.00000,0.00000
16.8700,1687,240,0,0,0.01267,0.00726,0.03837,0.01128,0.44970,1.50000,0.00000,0.11058,0.17337,0.68785,1.00000,3.00000,33.69213,6.11315,0.00000,0.00000
16.8800,1688,240,0,0,0.01219,0.00712,0.03594,0.01060,0.53646,1.50000,0.00000,0.08009,0.17874,0.69361,1.00000,3.00000,32.78699,7.06431,0.00000,0.00000
16.8900,1689,240,0,0,0.01181,0.00732,0.03407,0.01161,0.62319,1.50000,0.00068,0.05832,0.18410,0.69937,1.00000,3.00000,31.86335,8.03123,0.00000,0.00000
16.9000,1690,240,0,0,0.01087,0.00700,0.02935,0.00998,0.71285,1.50000,0.00000,0.04433,0.18946,0.70513,1.00000,3.00000,30.92323,9.00594,0.00000,0.00000
16.9100,1691,240,0,0,0.01099,0.00746,0.02997,0.01229,0.79859,1.50000,0.00107,0.03178,0.19483,0.71089,1.00000,3.00000,29.96072,9.99562,0.00000,0.00000
16.9200,1692,240,0,0,0.01066,0.00720,0.02829,0.01098,0.88447,1.50000,0.00000,0.02401,0.20019,0.71665,1.00000,3.00000,29.00631,10.99854,0.00000,0.00000
16.9300,1693,240,0,0,0.01053,0.00747,0.02764,0.01236,0.97195,1.50000,0.00000,0.01720,0.20556,0.72241,1.00000,3.00000,28.02125,12.01723,0.00000,0.00000
16.9400,1694,240,0,0,0.00981,0.00767,0.02406,0.01335,1.05933,1.50000,0.00000,0.01255,0.21092,0.72817,1.00000,3.00000,27.02670,13.04590,0.00000,0.00000
16.9500,1695,240,0,0,0.00981,0.00779,0.02406,0.01394,1.13425,1.50000,0.00062,0.00787,0.21629,0.73393,1.00000,3.00000,26.01805,14.08284,0.00000,0.00000
16.9600,1696,240,0,0,0.00969,0.00766,0.02346,0.01329,1.18921,1.49872,0.00000,0.00544,0.22165,0.73969,1.00000,3.00000,25.00690,15.12847,0.00000,0.00000
16.9700,1697,240,0,0,0.00930,0.00750,0.02152,0.01248,1.22990,1.49729,0.00000,0.00106,0.22702,0.74545,1.00000,3.00000,23.98882,16.18522,0.00000,0.00000
16.9800,1698,240,0,0,0.00890,0.00755,0.01949,0.01275,1.25706,1.49631,0.00000,0.00229,0.23238,0.75121,1.00000,3.00000,22.94983,17.24568,0.00000,0.00000
16.9900,1699,240,0,0,0.00877,0.00829,0.01885,0.01644,1.27531,1.49670,0.00000,0.00000,0.23775,0.75697,1.00000,3.00000,21.90267,18.30212,0.00000,0.00000
17.0000,1700,240,0,0,0.00849,0.00831,0.01744,0.01655,1.28256,1.49708,0.00000,0.00000,0.24311,0.76274,1.00000,3.00000,20.85187,19.36333,0.00000,0.00000
17.0100,1701,240,0,0,0.00840,0.00842,0.01701,0.01709,1.27894,1.49756,0.00000,0.00000,0.24848,0.76850,1.00000,3.00000,19.78240,20.42356,0.00000,0.00000
17.0200,1702,240,0,0,0.00838,0.00810,0.01691,0.01550,1.27614,1.49927,0.00000,0.00000,0.25384,0.77426,1.00000,3.00000,18.71826,21.48506,0.00000,0.00000
17.0300,1703,240,0,0,0.00788,0.00837,0.01440,0.01683,1.26601,1.49748,0.00000,0.00000,0.25921,0.78002,1.00000,3.00000,17.65170,22.55067,0.00000,0.00000
17.0400,1704,240,0,0,0.00788,0.00844,0.01440,0.01722,1.25196,1.49498,0.00000,0.00000,0.26457,0.78578,1.00000,3.00000,16.60641,23.60727,0.00000,0.00000
17.0500,1705,240,0,0,0.00783,0.00858,0.01416,0.01790,1.24057,1.49530,0.00000,0.00000,0.26994,0.79154,1.00000,3.00000,15.54958,24.65121,0.00000,0.00000
17.0600,1706,240,0,0,0.00792,0.00890,0.01462,0.01952,1.22674,1.49805,0.00122,0.00000,0.27530,0.79730,1.00000,3.00000,14.49621,25.70079,0.00000,0.00000
17.0700,1707,240,0,0,0.00802,0.00926,0.01512,0.02131,1.21059,1.49662,0.00000,0.00000,0.28067,0.80306,1.00000,3.00000,13.44242,26.74469,0.00000,0.00000
17.0800,1708,240,0,0,0.00801,0.00940,0.01507,0.02198,1.19300,1.49660,0.00000,0.00000,0.28603,0.80882,1.00000,3.00000,12.39033,27.77476,0.00000,0.00000
17.0900,1709,240,0,0,0.00742,0.00973,0.01208,0.02365,1.17729,1.49727,0.00000,0.00000,0.29140,0.81458,1.00000,3.00000,11.32851,28.80120,0.00000,0.00000
17.1000,1710,240,0,0,0.00775,0.01011,0.01377,0.02553,1.15982,1.49424,0.00000,0.00000,0.29676,0.82034,1.00000,3.00000,10.28655,29.82344,0.00000,0.00000
17.1100,1711,240,0,0,0.00754,0.01051,0.01271,0.02754,1.14076,1.49658,0.00000,0.00000,0.30212,0.82610,1.00000,3.00000,9.25334,30.81319,0.00000,0.00000
17.1200,1712,240,0,0,0.00717,0.01121,0.01083,0.03104,1.12102,1.49598,0.00000,0.00128,0.30749,0.83186,1.00000,3.00000,8.22503,31.78005,0.00000,0.00000
17.1300,1713,240,0,0,0.00735,0.01196,0.01176,0.03478,1.10238,1.49808,0.00000,0.00138,0.31285,0.83762,1.00000,3.00000,7.21186,32.73948,0.00000,0.00000
17.1400,1714,240,0,0,0.00731,0.01263,0.01157,0.03814,1.08367,1.49509,0.00000,0.00108,0.31822,0.84338,1.00000,3.00000,6.21081,33.68039,0.00000,0.00000
17.1500,1715,240,0,0,0.00746,0.01301,0.01230,0.04004,1.06465,1.49728,0.00000,0.00220,0.32358,0.84914,1.00000,3.00000,5.21215,34.60656,0.00000,0.00000
17.1600,1716,240,0,0,0.00734,0.01378,0.01170,0.04388,1.04568,1.49898,0.00000,0.00292,0.32895,0.85490,1.00000,3.00000,4.22408,35.51749,0.00000,0.00000
17.1700,1717,240,0,0,0.00732,0.01411,0.01160,0.04554,1.02460,1.49671,0.00000,0.00061,0.33431,0.86066,1.00000,3.00000,3.26151,36.39744,0.00000,0.00000
17.1800,1718,240,0,0,0.00739,0.01432,0.01193,0.04661,1.00767,1.49607,0.00000,0.00000,0.33968,0.86642,1.00000,3.00000,2.30128,37.26754,0.00000,0.00000
17.1900,1719,240,0,0,0.00766,0.01476,0.01331,0.04882,0.98957,1.49857,0.00276,0.00000,0.34504,0.87218,1.00000,3.00000,1.36059,38.10794,0.00000,0.00000
17.2000,1720,240,0,0,0.00762,0.01480,0.01308,0.04900,0.96992,1.49881,0.00060,0.00000,0.35041,0.87794,1.00000,3.00000,0.44889,38.93128,0.00000,0.00000
17.2100,1721,240,0,0,0.00769,0.01504,0.01345,0.05022,0.95421,1.49812,0.00126,0.00000,0.35577,0.88370,1.00000,3.00000,-0.45352,39.73096,0.00000,0.00000
17.2200,1722,240,0,0,0.00759,0.01540,0.01297,0.05198,0.93917,1.49667,0.00000,0.00000,0.36114,0.88946,1.00000,3.00000,-1.33522,40.50065,0.00000,0.00000
17.2300,1723,240,0,0,0.00765,0.01522,0.01324,0.05110,0.93103,1.49725,0.00000,0.00000,0.36650,0.89522,1.00000,3.00000,-2.19218,41.25407,0.00000,0.00000
17.2400,1724,240,0,0,0.00783,0.01500,0.01417,0.05002,0.92329,1.49747,0.00000,0.00000,0.37187,0.90098,1.00000,3.00000,-3.02898,41.96403,0.00000,0.00000
17.2500,1725,240,0,0,0.00734,0.01482,0.01170,0.04909,0.91969,1.49761,0.00000,0.00000,0.37723,0.90674,1.00000,3.00000,-3.82626,42.65022,0.00000,0.00000
17.2600,1726,240,0,0,0.00712,0.01480,0.01059,0.04901,0.91869,1.49941,0.00000,0.00000,0.38260,0.91250,1.00000,3.00000,-4.62658,43.30833,0.00000,0.00000
17.2700,1727,240,0,0,0.00713,0.01433,0.01063,0.04667,0.91766,1.49983,0.00000,0.00000,0.38796,0.91826,1.00000,3.00000,-5.39636,43.93316,0.00000,0.00000
17.2800,1728,240,0,0,0.00669,0.01388,0.00844,0.04439,0.91621,1.50000,0.00096,0.00012,0.39333,0.92402,1.00000,3.00000,-6.15578,44.52761,0.00000,0.00000
17.2900,1729,240,0,0,0.00653,0.01318,0.00766,0.04091,0.91323,1.50000,0.00116,0.00230,0.39869,0.92978,1.00000,3.00000,-6.87242,45.08379,0.00000,0.00000
17.3000,1730,240,0,0,0.00641,0.01302,0.00703,0.04011,0.89830,1.49773,0.00000,0.00185,0.40405,0.93554,1.00000,3.00000,-7.56575,45.61147,0.00000,0.00000
17.3100,1731,240,0,0,0.00633,0.01266,0.00663,0.03831,0.86364,1.49913,0.00245,0.00292,0.40942,0.94131,1.00000,3.00000,-8.22289,46.09514,0.00000,0.00000
17.3200,1732,240,0,0,0.00642,0.01194,0.00712,0.03471,0.81297,1.49905,0.00000,0.00372,0.41478,0.94707,1.00000,3.00000,-8.87043,46.55091,0.00000,0.00000
17.3300,1733,240,0,0,0.00703,0.01113,0.01017,0.03066,0.75148,1.49967,0.00000,0.00269,0.42015,0.95283,2.00000,3.00000,-9.46305,46.97602,0.00000,0.00000
17.3400,1734,240,0,0,0.00696,0.01061,0.00981,0.02806,0.68095,1.50000,0.00063,0.00473,0.42551,0.95859,2.00000,3.00000,-10.04882,47.37009,0.00000,0.00000
17.3500,1735,240,0,0,0.00720,0.01031,0.01100,0.02654,0.60773,1.50000,0.00029,0.00497,0.43088,0.96435,2.00000,3.00000,-10.58742,47.71721,0.00000,0.00000
17.3600,1736,240,0,0,0.00752,0.01005,0.01259,0.02525,0.53089,1.50000,0.00000,0.00397,0.43624,0.97011,2.00000,3.00000,-11.10725,48.04205,0.00000,0.00000
17.3700,1737,240,0,0,0.00759,0.00989,0.01297,0.02443,0.45015,1.50000,0.00000,0.00278,0.44161,0.97587,2.00000,3.00000,-11.59318,48.31833,0.00000,0.00000
17.3800,1738,240,0,0,0.00741,0.00935,0.01203,0.02176,0.36731,1.49944,0.00000,0.00133,0.44697,0.98163,2.00000,3.00000,-12.03999,48.54787,0.00000,0.00000
17.3900,1739,240,0,0,0.00748,0.00932,0.01238,0.02161,0.28419,1.50000,0.00000,0.00256,0.45234,0.98739,2.00000,3.00000,-12.46597,48.75996,0.00000,0.00000
17.4000,1740,240,0,0,0.00765,0.00868,0.01324,0.01842,0.20796,1.49935,0.00000,0.00300,0.45770,0.99315,2.00000,3.00000,-12.85193,48.93227,0.00000,0.00000
17.4100,1741,240,0,0,0.00750,0.00853,0.01252,0.01766,0.15038,1.50000,0.00000,0.00140,0.46307,0.99891,2.00000,3.00000,-13.20977,49.06057,0.00000,0.00000
17.4200,1742,240,0,0,0.00715,0.00977,0.01076,0.02387,0.10801,1.50000,0.00000,0.11188,0.46843,0.00435,2.00000,0.00000,-13.53229,49.14540,0.00000,0.00000
17.4300,1743,240,0,0,0.00722,0.01100,0.01112,0.02998,0.07832,1.50000,0.00000,0.24412,0.47380,0.00971,2.00000,0.00000,-13.81121,49.19653,0.00000,0.00000
17.4400,1744,240,0,0,0.00758,0.01176,0.01291,0.03380,0.05671,1.49926,0.00269,0.38961,0.47916,0.01508,2.00000,0.00000,-14.05218,49.21438,0.00000,0.00000
17.4500,1745,240,0,0,0.00703,0.01253,0.01015,0.03766,0.03986,1.50000,0.00317,0.54684,0.48453,0.02044,2.00000,0.00000,-14.26988,49.20519,0.00000,0.00000
17.4600,1746,240,0,0,0.00741,0.01311,0.01206,0.04057,0.02996,1.50000,0.00239,0.70996,0.48989,0.02581,2.00000,0.00000,-14.45212,49.15645,0.00000,0.00000
17.4700,1747,240,0,0,0.00742,0.01389,0.01209,0.04447,0.02406,1.50000,0.00213,0.88138,0.49526,0.03117,2.00000,0.00000,-14.59425,49.06477,0.00000,0.00000
17.4800,1748,240,0,0,0.00753,0.01451,0.01266,0.04753,0.01788,1.49946,0.00305,1.05368,0.50062,0.03654,2.00000,0.00000,-14.71452,48.95005,0.00000,0.00000
17.4900,1749,240,0,0,0.00728,0.01526,0.01140,0.05130,0.01206,1.49928,0.00427,1.17717,0.50598,0.04190,2.00000,0.00000,-14.78632,48.80838,0.00000,0.00000
17.5000,1750,240,0,0,0.00737,0.01611,0.01185,0.05553,0.00682,1.50000,0.00394,1.26793,0.51135,0.04727,2.00000,0.00000,-14.81060,48.62746,0.00000,0.00000
17.5100,1751,240,0,0,0.00712,0.01698,0.01061,0.05991,0.00604,1.49981,0.00248,1.33192,0.51671,0.05263,2.00000,1.00000,-14.80884,48.42194,0.00000,0.00000
17.5200,1752,240,0,0,0.00730,0.01802,0.01148,0.06508,0.00444,1.50000,0.00000,1.37807,0.52208,0.05800,2.00000,1.00000,-14.77936,48.19633,0.00000,0.00000
17.5300,1753,240,0,0,0.00708,0.01875,0.01039,0.06876,0.00686,1.50000,0.00000,1.40991,0.52744,0.06336,2.00000,1.00000,-14.70307,47.93180,0.00000,0.00000
17.5400,1754,240,0,0,0.00748,0.01961,0.01242,0.07306,0.00443,1.50000,0.00000,1.43506,0.53281,0.06873,2.00000,1.00000,-14.59082,47.63332,0.00000,0.00000
17.5500,1755,240,0,0,0.00768,0.02024,0.01338,0.07620,0.00367,1.50000,0.00000,1.45184,0.53817,0.07409,2.00000,1.00000,-14.45232,47.31017,0.00000,0.00000
17.5600,1756,240,0,0,0.00803,0.02123,0.01514,0.08113,0.00326,1.50000,0.00000,1.46636,0.54354,0.07945,2.00000,1.00000,-14.27335,46.95190,0.00000,0.00000
17.5700,1757,240,0,0,0.00769,0.02229,0.01343,0.08647,0.00297,1.48967,0.00000,1.47328,0.54890,0.08482,2.00000,1.00000,-14.04824,46.57101,0.00000,0.00000
17.5800,1758,240,0,0,0.00737,0.02297,0.01185,0.08987,0.00317,1.45571,0.00000,1.48124,0.55427,0.09018,2.00000,1.00000,-13.80267,46.15854,0.00000,0.00000
17.5900,1759,240,0,0,0.00760,0.02366,0.01302,0.09328,0.00163,1.40865,0.00000,1.48746,0.55963,0.09555,2.00000,1.00000,-13.52816,45.70861,0.00000,0.00000
17.6000,1760,240,0,0,0.00728,0.02496,0.01140,0.09981,0.00415,1.35295,0.00000,1.49431,0.56500,0.10091,2.00000,1.00000,-13.22022,45.25294,0.00000,0.00000
17.6100,1761,240,0,0,0.00717,0.02589,0.01086,0.10443,0.00227,1.28823,0.00000,1.49673,0.57036,0.10628,2.00000,1.00000,-12.86497,44.74610,0.00000,0.00000
17.6200,1762,240,0,0,0.00711,0.02701,0.01057,0.11004,0.00069,1.21996,0.00000,1.49949,0.57573,0.11164,2.00000,1.00000,-12.47072,44.22183,0.00000,0.00000
17.6300,1763,240,0,0,0.00703,0.02838,0.01017,0.11691,0.00129,1.14803,0.00000,1.49949,0.58109,0.11701,2.00000,1.00000,-12.05478,43.67245,0.00000,0.00000
17.6400,1764,240,0,0,0.00699,0.02962,0.00997,0.12312,0.00108,1.06800,0.00000,1.49908,0.58646,0.12237,2.00000,1.00000,-11.59791,43.09322,0.00000,0.00000
17.6500,1765,240,0,0,0.00700,0.03040,0.01002,0.12701,0.00000,0.98853,0.00000,1.49799,0.59182,0.12774,2.00000,1.00000,-11.13007,42.49192,0.00000,0.00000
17.6600,1766,240,0,0,0.00754,0.03105,0.01272,0.13025,0.00000,0.90360,0.00084,1.50000,0.59719,0.13310,2.00000,1.00000,-10.61487,41.87580,0.00000,0.00000
17.6700,1767,240,0,0,0.00751,0.03203,0.01257,0.13514,0.00000,0.81933,0.03224,1.50000,0.60255,0.13847,3.00000,1.00000,-10.07006,41.22538,0.00000,0.00000
17.6800,1768,240,0,0,0.00771,0.03248,0.01356,0.13740,0.00000,0.73737,0.08383,1.50000,0.60791,0.14383,3.00000,1.00000,-9.49190,40.55590,0.00000,0.00000
17.6900,1769,240,0,0,0.00757,0.03363,0.01285,0.14315,0.00000,0.65361,0.14802,1.50000,0.61328,0.14920,3.00000,1.00000,-8.88221,39.87339,0.00000,0.00000
17.7000,1770,240,0,0,0.00757,0.03451,0.01287,0.14753,0.00000,0.56446,0.22644,1.50000,0.61864,0.15456,3.00000,1.00000,-8.25682,39.16567,0.00000,0.00000
17.7100,1771,240,0,0,0.00756,0.03533,0.01280,0.15166,0.00000,0.47873,0.31162,1.50000,0.62401,0.15993,3.00000,1.00000,-7.60214,38.44028,0.00000,0.00000
17.7200,1772,240,0,0,0.00763,0.03618,0.01316,0.15588,0.00000,0.39230,0.39826,1.50000,0.62937,0.16529,3.00000,1.00000,-6.91102,37.69230,0.00000,0.00000
17.7300,1773,240,0,0,0.00699,0.03644,0.00994,0.15722,0.00000,0.30389,0.49278,1.50000,0.63474,0.17066,3.00000,1.00000,-6.19485,36.92361,0.00000,0.00000
17.7400,1774,240,0,0,0.00722,0.03667,0.01110,0.15835,0.00000,0.21865,0.59315,1.50000,0.64010,0.17602,3.00000,1.00000,-5.46312,36.14754,0.00000,0.00000
17.7500,1775,240,0,0,0.00755,0.03760,0.01275,0.16300,0.00000,0.16023,0.69221,1.49818,0.64547,0.18138,3.00000,1.00000,-4.69869,35.35027,0.00000,0.00000
17.7600,1776,240,0,0,0.00757,0.03827,0.01283,0.16636,0.00000,0.11883,0.79204,1.49976,0.65083,0.18675,3.00000,1.00000,-3.89626,34.53668,0.00000,0.00000
17.7700,1777,240,0,0,0.00752,0.03919,0.01261,0.17096,0.00000,0.08748,0.89385,1.49678,0.65620,0.19211,3.00000,1.00000,-3.07787,33.71293,0.00000,0.00000
17.7800,1778,240,0,0,0.00725,0.03940,0.01123,0.17200,0.00000,0.06616,0.99403,1.49751,0.66156,0.19748,3.00000,1.00000,-2.24265,32.85638,0.00000,0.00000
17.7900,1779,240,0,0,0.00733,0.03999,0.01163,0.17493,0.00000,0.04825,1.09814,1.49751,0.66693,0.20284,3.00000,1.00000,-1.38319,32.00567,0.00000,0.00000
17.8000,1780,240,0,0,0.00749,0.03991,0.01246,0.17455,0.00000,0.03300,1.20133,1.49577,0.67229,0.20821,3.00000,1.00000,-0.49873,31.14369,0.00000,0.00000
17.8100,1781,240,0,0,0.00764,0.04008,0.01320,0.17541,0.00000,0.02052,1.28500,1.49579,0.67766,0.21357,3.00000,1.00000,0.40456,30.26884,0.00000,0.00000
17.8200,1782,240,0,0,0.00748,0.03982,0.01242,0.17410,0.00000,0.01468,1.34509,1.49544,0.68302,0.21894,3.00000,1.00000,1.31443,29.38634,0.00000,0.00000
17.8300,1783,240,0,0,0.00770,0.03982,0.01350,0.17410,0.00000,0.01011,1.38694,1.49728,0.68839,0.22430,3.00000,1.00000,2.24934,28.49372,0.00000,0.00000
17.8400,1784,240,0,0,0.00802,0.03951,0.01510,0.17257,0.00000,0.00794,1.41775,1.49620,0.69375,0.22967,3.00000,1.00000,3.21667,27.58448,0.00000,0.00000
17.8500,1785,240,0,0,0.00789,0.03932,0.01444,0.17160,0.00000,0.00468,1.43801,1.49859,0.69912,0.23503,3.00000,1.00000,4.17968,26.67072,0.00000,0.00000
17.8600,1786,240,0,0,0.00776,0.03930,0.01378,0.17150,0.00000,0.00638,1.45668,1.49797,0.70448,0.24040,3.00000,1.00000,5.15796,25.74078,0.00000,0.00000
17.8700,1787,240,0,0,0.00755,0.03868,0.01276,0.16841,0.00000,0.00258,1.46973,1.49868,0.70985,0.24576,3.00000,1.00000,6.13664,24.82103,0.00000,0.00000
17.8800,1788,240,0,0,0.00796,0.03821,0.01481,0.16603,0.00000,0.00189,1.47413,1.49941,0.71521,0.25113,3.00000,1.00000,7.14405,23.88997,0.00000,0.00000
17.8900,1789,240,0,0,0.00764,0.03743,0.01319,0.16216,0.00000,0.00049,1.47900,1.50000,0.72057,0.25649,3.00000,1.00000,8.14959,22.96292,0.00000,0.00000
17.9000,1790,240,0,0,0.00744,0.03699,0.01220,0.15997,0.00000,0.00210,1.48225,1.49958,0.72594,0.26186,3.00000,1.00000,9.18215,22.02701,0.00000,0.00000
17.9100,1791,240,0,0,0.00735,0.03640,0.01177,0.15702,0.00000,0.00383,1.48005,1.50000,0.73130,0.26722,3.00000,1.00000,10.21757,21.09020,0.00000,0.00000
17.9200,1792,240,0,0,0.00766,0.03582,0.01332,0.15409,0.00000,0.00021,1.47647,1.49915,0.73667,0.27259,3.00000,1.00000,11.26295,20.16457,0.00000,0.00000
17.9300,1793,240,0,0,0.00763,0.03529,0.01313,0.15146,0.00000,0.00073,1.46987,1.49970,0.74203,0.27795,3.00000,1.00000,12.31082,19.23327,0.00000,0.00000
17.9400,1794,240,0,0,0.00755,0.03469,0.01273,0.14844,0.00000,0.00109,1.45996,1.50000,0.74740,0.28331,3.00000,1.00000,13.37044,18.30721,0.00000,0.00000
17.9500,1795,240,0,0,0.00748,0.03339,0.01241,0.14194,0.00000,0.00245,1.44740,1.50000,0.75276,0.28868,3.00000,1.00000,14.43295,17.38127,0.00000,0.00000
17.9600,1796,240,0,0,0.00777,0.03294,0.01384,0.13969,0.00000,0.00210,1.43326,1.49940,0.75813,0.29404,3.00000,1.00000,15.50268,16.47086,0.00000,0.00000
17.9700,1797,240,0,0,0.00781,0.03199,0.01407,0.13497,0.00000,0.00221,1.41822,1.49943,0.76349,0.29941,3.00000,1.00000,16.55302,15.55891,0.00000,0.00000
17.9800,1798,240,0,0,0.00777,0.03095,0.01384,0.12975,0.00000,0.00226,1.40288,1.50000,0.76886,0.30477,3.00000,1.00000,17.61602,14.66703,0.00000,0.00000
17.9900,1799,240,0,0,0.00819,0.02981,0.01596,0.12405,0.00043,0.00000,1.39183,1.50000,0.77422,0.31014,3.00000,1.00000,18.68366,13.76062,0.00000,0.00000
