pc_time_s,seq_id,module_id,status,tx_drops,EMG R env,EMG L env,EMG R act,EMG L act,FSR RH,FSR RT,FSR LH,FSR LT,Phase R,Phase L,Gait R,Gait L,Thigh R,Thigh L,Tau R,Tau L
0.0000,8666,240,0,0,0.001327,0.008933,0.000000,0.000000,1.500000,1.500000,1.249503,1.500000,0.033683,0.591753,1.000000,2.000000,5.932617,-17.402344,0.000000,0.000000
0.0100,8667,240,0,0,0.001386,0.008833,0.000000,0.000000,1.500000,1.500000,1.250071,1.500000,0.040417,0.594253,1.000000,2.000000,5.932617,-17.402344,0.000000,0.000000
0.0200,8668,240,0,0,0.001928,0.009082,0.000000,0.000000,1.500000,1.500000,1.249928,1.500000,0.047151,0.596752,1.000000,2.000000,5.932617,-17.402344,0.000000,0.000000
0.0300,8669,240,0,0,0.001835,0.009284,0.000000,0.000000,1.500000,1.500000,1.250330,1.500000,0.053885,0.599252,1.000000,2.000000,5.932617,-17.380371,0.000000,0.000000
0.0400,8670,240,0,0,0.001911,0.009816,0.000000,0.000000,1.500000,1.500000,1.251337,1.500000,0.060619,0.601752,1.000000,2.000000,5.932617,-17.380371,0.000000,0.000000
0.0500,8671,240,0,0,0.002163,0.010267,0.000000,0.000000,1.500000,1.500000,1.251447,1.500000,0.067353,0.604252,1.000000,2.000000,5.954590,-17.358398,0.000000,0.000000
0.0600,8672,240,0,0,0.001907,0.010249,0.000000,0.000000,1.500000,1.500000,1.250113,1.500000,0.074087,0.606752,1.000000,2.000000,5.976562,-17.336426,0.000000,0.000000
0.0700,8673,240,0,0,0.001885,0.009658,0.000000,0.000000,1.500000,1.500000,1.250498,1.500000,0.080821,0.609251,1.000000,2.000000,5.998535,-17.314453,0.000000,0.000000
0.0800,8674,240,0,0,0.001979,0.009950,0.000000,0.000000,1.500000,1.500000,1.250662,1.500000,0.087555,0.611751,1.000000,2.000000,6.020508,-17.292480,0.000000,0.000000
0.0900,8675,240,0,0,0.001810,0.010084,0.000000,0.000000,1.500000,1.500000,1.250349,1.500000,0.094289,0.614251,1.000000,2.000000,6.042480,-17.270508,0.000000,0.000000
0.1000,8676,240,0,0,0.001851,0.010068,0.000000,0.000000,1.500000,1.500000,1.251384,1.500000,0.101023,0.616751,1.000000,2.000000,6.086426,-17.226562,0.000000,0.000000
0.1100,8677,240,0,0,0.002053,0.010136,0.000000,0.000000,1.500000,1.500000,1.253947,1.500000,0.107757,0.619251,1.000000,2.000000,6.130371,-17.182617,0.000000,0.000000
0.1200,8678,240,0,0,0.002257,0.010248,0.000000,0.000000,1.500000,1.500000,1.255165,1.500000,0.114491,0.621751,1.000000,2.000000,6.174316,-17.138672,0.000000,0.000000
0.1300,8679,240,0,0,0.002024,0.010436,0.000000,0.000000,1.500000,1.500000,1.257808,1.500000,0.121225,0.624250,1.000000,2.000000,6.218262,-17.072754,0.000000,0.000000
0.1400,8680,240,0,0,0.001771,0.010417,0.000000,0.000000,1.500000,1.500000,1.260041,1.500000,0.127959,0.626750,1.000000,2.000000,6.284180,-17.006836,0.000000,0.000000
0.1500,8681,240,0,0,0.001960,0.010604,0.000000,0.000000,1.500000,1.500000,1.263604,1.500000,0.134693,0.629250,1.000000,2.000000,6.328125,-16.962891,0.000000,0.000000
0.1600,8682,240,0,0,0.001864,0.010250,0.000000,0.000000,1.500000,1.500000,1.267688,1.500000,0.141427,0.631750,1.000000,2.000000,6.416016,-16.875000,0.000000,0.000000
0.1700,8683,240,0,0,0.001570,0.010092,0.000000,0.000000,1.500000,1.500000,1.270111,1.500000,0.148161,0.634250,1.000000,2.000000,6.503906,-16.787109,0.000000,0.000000
0.1800,8684,240,0,0,0.001522,0.009893,0.000000,0.000000,1.500000,1.500000,1.272510,1.500000,0.154895,0.636749,1.000000,2.000000,6.569824,-16.721191,0.000000,0.000000
0.1900,8685,240,0,0,0.001657,0.009744,0.000000,0.000000,1.500000,1.500000,1.275827,1.500000,0.161629,0.639249,1.000000,2.000000,6.657715,-16.633301,0.000000,0.000000
0.2000,8687,240,0,0,0.001832,0.010022,0.000000,0.000000,1.500000,1.500000,1.279971,1.500000,0.175097,0.644249,1.000000,2.000000,6.789551,-16.479492,0.000000,0.000000
0.2100,8688,240,0,0,0.001563,0.009897,0.000000,0.000000,1.500000,1.500000,1.282434,1.500000,0.181831,0.646749,1.000000,2.000000,6.855469,-16.413574,0.000000,0.000000
0.2200,8689,240,0,0,0.001470,0.009840,0.000000,0.000000,1.500000,1.500000,1.283773,1.500000,0.188565,0.649249,1.000000,2.000000,6.921387,-16.347656,0.000000,0.000000
0.2300,8690,240,0,0,0.001747,0.010084,0.000000,0.000000,1.500000,1.500000,1.286068,1.500000,0.195299,0.651748,1.000000,2.000000,6.987305,-16.281738,0.000000,0.000000
0.2400,8691,240,0,0,0.001652,0.009792,0.000000,0.000000,1.500000,1.500000,1.288005,1.500000,0.202033,0.654248,1.000000,2.000000,7.053223,-16.215820,0.000000,0.000000
0.2500,8692,240,0,0,0.001524,0.009367,0.000000,0.000000,1.500000,1.500000,1.288957,1.500000,0.208767,0.656748,1.000000,2.000000,7.119141,-16.171875,0.000000,0.000000
0.2600,8693,240,0,0,0.001356,0.009004,0.000000,0.000000,1.500000,1.500000,1.290122,1.500000,0.215501,0.659248,1.000000,2.000000,7.163086,-16.105957,0.000000,0.000000
0.2700,8694,240,0,0,0.001277,0.008868,0.000000,0.000000,1.500000,1.500000,1.291317,1.500000,0.222235,0.661748,1.000000,2.000000,7.207031,-16.083984,0.000000,0.000000
0.2800,8695,240,0,0,0.001094,0.008840,0.000000,0.000000,1.500000,1.500000,1.292678,1.500000,0.228969,0.664247,1.000000,2.000000,7.229004,-16.062012,0.000000,0.000000
0.2900,8696,240,0,0,0.001302,0.009310,0.000000,0.000000,1.500000,1.500000,1.293948,1.500000,0.235703,0.666747,1.000000,2.000000,7.272949,-16.040039,0.000000,0.000000
0.3000,8697,240,0,0,0.001395,0.009554,0.000000,0.000000,1.500000,1.500000,1.293326,1.500000,0.242437,0.669247,1.000000,2.000000,7.272949,-16.040039,0.000000,0.000000
0.3100,8698,240,0,0,0.001480,0.009629,0.000000,0.000000,1.500000,1.500000,1.295123,1.500000,0.249171,0.671747,1.000000,2.000000,7.272949,-16.040039,0.000000,0.000000
0.3200,8699,240,0,0,0.001329,0.009467,0.000000,0.000000,1.500000,1.500000,1.295835,1.500000,0.255905,0.674247,1.000000,2.000000,7.272949,-16.040039,0.000000,0.000000
0.3300,8700,240,0,0,0.001423,0.009139,0.000000,0.000000,1.500000,1.500000,1.296121,1.500000,0.262639,0.676747,1.000000,2.000000,7.250977,-16.062012,0.000000,0.000000
0.3400,8701,240,0,0,0.001443,0.009114,0.000000,0.000000,1.500000,1.500000,1.296387,1.500000,0.269373,0.679246,1.000000,2.000000,7.229004,-16.083984,0.000000,0.000000
0.3500,8702,240,0,0,0.001447,0.008971,0.000000,0.000000,1.500000,1.500000,1.297566,1.500000,0.276108,0.681746,1.000000,2.000000,7.185059,-16.127930,0.000000,0.000000
0.3600,8703,240,0,0,0.001581,0.009393,0.000000,0.000000,1.500000,1.500000,1.298260,1.500000,0.282842,0.684246,1.000000,2.000000,7.141113,-16.149902,0.000000,0.000000
0.3700,8704,240,0,0,0.001529,0.009095,0.000000,0.000000,1.500000,1.500000,1.299090,1.500000,0.289576,0.686746,1.000000,2.000000,7.119141,-16.171875,0.000000,0.000000
0.3800,8705,240,0,0,0.001701,0.008755,0.000000,0.000000,1.500000,1.500000,1.300357,1.500000,0.296310,0.689246,1.000000,2.000000,7.075195,-16.215820,0.000000,0.000000
0.3900,8706,240,0,0,0.001576,0.009173,0.000000,0.000000,1.500000,1.500000,1.301185,1.500000,0.303044,0.691745,1.000000,2.000000,7.031250,-16.237793,0.000000,0.000000
0.4000,8707,240,0,0,0.001632,0.009784,0.000000,0.000000,1.500000,1.500000,1.303250,1.500000,0.309778,0.694245,1.000000,2.000000,6.987305,-16.281738,0.000000,0.000000
0.4100,8708,240,0,0,0.001549,0.010054,0.000000,0.000000,1.500000,1.500000,1.307105,1.500000,0.316512,0.696745,1.000000,2.000000,6.943359,-16.325684,0.000000,0.000000
0.4200,8709,240,0,0,0.001456,0.010337,0.000000,0.000000,1.500000,1.500000,1.309354,1.500000,0.323246,0.699245,1.000000,2.000000,6.899414,-16.347656,0.000000,0.000000
0.4300,8710,240,0,0,0.001341,0.010223,0.000000,0.000000,1.500000,1.500000,1.313168,1.500000,0.329981,0.701745,1.000000,2.000000,6.833496,-16.369629,0.000000,0.000000
0.4400,8711,240,0,0,0.001358,0.009775,0.000000,0.000000,1.500000,1.500000,1.318306,1.500000,0.336715,0.704245,1.000000,2.000000,6.767578,-16.413574,0.000000,0.000000
0.4500,8712,240,0,0,0.001478,0.009428,0.000000,0.000000,1.500000,1.500000,1.321771,1.500000,0.343449,0.706744,1.000000,2.000000,6.723633,-16.435547,0.000000,0.000000
0.4600,8713,240,0,0,0.001327,0.009288,0.000000,0.000000,1.500000,1.500000,1.326818,1.500000,0.350183,0.709244,1.000000,2.000000,6.657715,-16.457520,0.000000,0.000000
0.4700,8714,240,0,0,0.001651,0.009195,0.000000,0.000000,1.500000,1.500000,1.329650,1.500000,0.356917,0.711744,1.000000,2.000000,6.613770,-16.479492,0.000000,0.000000
0.4800,8715,240,0,0,0.001752,0.009188,0.000000,0.000000,1.500000,1.500000,1.334286,1.500000,0.363651,0.714244,1.000000,2.000000,6.569824,-16.523438,0.000000,0.000000
0.4900,8716,240,0,0,0.001752,0.008847,0.000000,0.000000,1.500000,1.500000,1.336918,1.500000,0.370385,0.716744,1.000000,2.000000,6.525879,-16.545410,0.000000,0.000000
0.5000,8717,240,0,0,0.001911,0.009158,0.000000,0.000000,1.500000,1.500000,1.340623,1.500000,0.377120,0.719243,1.000000,2.000000,6.481934,-16.567383,0.000000,0.000000
0.5100,8718,240,0,0,0.001826,0.009638,0.000000,0.000000,1.500000,1.500000,1.343759,1.500000,0.383854,0.721743,1.000000,2.000000,6.459961,-16.589355,0.000000,0.000000
0.5200,8719,240,0,0,0.001689,0.009671,0.000000,0.000000,1.500000,1.500000,1.345373,1.500000,0.390588,0.724243,1.000000,2.000000,6.437988,-16.611328,0.000000,0.000000
0.5300,8720,240,0,0,0.001629,0.009577,0.000000,0.000000,1.500000,1.500000,1.348186,1.500000,0.397322,0.726743,1.000000,2.000000,6.416016,-16.633301,0.000000,0.000000
0.5400,8721,240,0,0,0.001707,0.009941,0.000000,0.000000,1.500000,1.500000,1.351423,1.500000,0.404056,0.729243,1.000000,2.000000,6.394043,-16.655273,0.000000,0.000000
0.5500,8722,240,0,0,0.001683,0.010097,0.000000,0.000000,1.500000,1.500000,1.353488,1.500000,0.410790,0.731743,1.000000,2.000000,6.372070,-16.699219,0.000000,0.000000
0.5600,8723,240,0,0,0.001526,0.009551,0.000000,0.000000,1.500000,1.500000,1.355282,1.500000,0.417524,0.734242,1.000000,2.000000,6.350098,-16.721191,0.000000,0.000000
0.5700,8724,240,0,0,0.001317,0.009873,0.000000,0.000000,1.500000,1.500000,1.358708,1.500000,0.424258,0.736742,1.000000,2.000000,6.328125,-16.743164,0.000000,0.000000
0.5800,8725,240,0,0,0.001620,0.010066,0.000000,0.000000,1.500000,1.500000,1.362389,1.500000,0.430993,0.739242,1.000000,2.000000,6.328125,-16.765137,0.000000,0.000000
0.5900,8726,240,0,0,0.001735,0.009625,0.000000,0.000000,1.500000,1.500000,1.364855,1.500000,0.437727,0.741742,1.000000,2.000000,6.306152,-16.787109,0.000000,0.000000
0.6000,8727,240,0,0,0.002044,0.009789,0.000000,0.000000,1.500000,1.500000,1.365387,1.500000,0.444461,0.744242,1.000000,2.000000,6.284180,-16.809082,0.000000,0.000000
0.6100,8728,240,0,0,0.001698,0.009628,0.000000,0.000000,1.500000,1.500000,1.365878,1.500000,0.451195,0.746741,1.000000,2.000000,6.262207,-16.831055,0.000000,0.000000
0.6200,8729,240,0,0,0.001639,0.009396,0.000000,0.000000,1.500000,1.500000,1.368915,1.500000,0.457929,0.749241,1.000000,2.000000,6.240234,-16.853027,0.000000,0.000000
0.6300,8730,240,0,0,0.001731,0.009874,0.000000,0.000000,1.500000,1.500000,1.370343,1.500000,0.464663,0.751741,1.000000,2.000000,6.218262,-16.853027,0.000000,0.000000
0.6400,8731,240,0,0,0.001692,0.010099,0.000000,0.000000,1.500000,1.500000,1.371254,1.500000,0.471397,0.754241,1.000000,2.000000,6.196289,-16.875000,0.000000,0.000000
0.6500,8732,240,0,0,0.001621,0.009988,0.000000,0.000000,1.500000,1.500000,1.371760,1.500000,0.478132,0.756741,1.000000,2.000000,6.174316,-16.875000,0.000000,0.000000
0.6600,8733,240,0,0,0.001592,0.010039,0.000000,0.000000,1.500000,1.500000,1.373134,1.500000,0.484866,0.759241,1.000000,2.000000,6.152344,-16.896973,0.000000,0.000000
0.6700,8734,240,0,0,0.001544,0.010285,0.000000,0.000000,1.500000,1.500000,1.373294,1.500000,0.491600,0.761740,1.000000,2.000000,6.130371,-16.896973,0.000000,0.000000
0.6800,8735,240,0,0,0.001440,0.010109,0.000000,0.000000,1.500000,1.500000,1.374570,1.500000,0.498334,0.764240,1.000000,2.000000,6.108398,-16.918945,0.000000,0.000000
0.6900,8737,240,0,0,0.001468,0.010206,0.000000,0.000000,1.500000,1.500000,1.376307,1.500000,0.511802,0.769240,1.000000,2.000000,6.064453,-16.940918,0.000000,0.000000
0.7000,8738,240,0,0,0.001384,0.009708,0.000000,0.000000,1.500000,1.500000,1.378309,1.500000,0.518536,0.771740,1.000000,2.000000,6.064453,-16.940918,0.000000,0.000000
0.7100,8739,240,0,0,0.001508,0.009691,0.000000,0.000000,1.500000,1.500000,1.377795,1.500000,0.525270,0.774239,1.000000,2.000000,6.042480,-16.962891,0.000000,0.000000
0.7200,8740,240,0,0,0.001959,0.009743,0.000000,0.000000,1.500000,1.500000,1.378390,1.500000,0.532005,0.776739,1.000000,2.000000,6.042480,-16.962891,0.000000,0.000000
0.7300,8741,240,0,0,0.001942,0.009850,0.000000,0.000000,1.500000,1.500000,1.378876,1.500000,0.538739,0.779239,1.000000,2.000000,6.020508,-16.962891,0.000000,0.000000
0.7400,8742,240,0,0,0.001732,0.009504,0.000000,0.000000,1.500000,1.500000,1.379147,1.500000,0.545473,0.781739,1.000000,2.000000,6.020508,-16.984863,0.000000,0.000000
0.7500,8743,240,0,0,0.001613,0.009864,0.000000,0.000000,1.500000,1.500000,1.379061,1.500000,0.552207,0.784239,1.000000,2.000000,5.998535,-16.984863,0.000000,0.000000
0.7600,8744,240,0,0,0.001866,0.010011,0.000000,0.000000,1.500000,1.500000,1.379461,1.500000,0.558941,0.786739,1.000000,2.000000,5.976562,-17.006836,0.000000,0.000000
0.7700,8745,240,0,0,0.001685,0.009851,0.000000,0.000000,1.500000,1.500000,1.378671,1.500000,0.565675,0.789238,1.000000,2.000000,5.954590,-17.006836,0.000000,0.000000
0.7800,8746,240,0,0,0.001503,0.009676,0.000000,0.000000,1.500000,1.500000,1.377467,1.500000,0.572409,0.791738,1.000000,2.000000,5.932617,-17.028809,0.000000,0.000000
0.7900,8747,240,0,0,0.001394,0.009912,0.000000,0.000000,1.500000,1.500000,1.376692,1.500000,0.579143,0.794238,1.000000,2.000000,5.910645,-17.050781,0.000000,0.000000
0.8000,8748,240,0,0,0.001407,0.009380,0.000000,0.000000,1.500000,1.500000,1.376348,1.500000,0.585878,0.796738,1.000000,2.000000,5.888672,-17.050781,0.000000,0.000000
0.8100,8749,240,0,0,0.001855,0.009270,0.000000,0.000000,1.500000,1.500000,1.376046,1.500000,0.592612,0.799238,1.000000,2.000000,5.866699,-17.072754,0.000000,0.000000
0.8200,8750,240,0,0,0.002115,0.009774,0.000000,0.000000,1.500000,1.500000,1.374375,1.500000,0.599346,0.801737,1.000000,2.000000,5.844727,-17.094727,0.000000,0.000000
0.8300,8751,240,0,0,0.001978,0.009804,0.000000,0.000000,1.500000,1.500000,1.373471,1.500000,0.606080,0.804237,1.000000,2.000000,5.844727,-17.116699,0.000000,0.000000
0.8400,8752,240,0,0,0.002068,0.010223,0.000000,0.000000,1.500000,1.500000,1.371793,1.500000,0.612814,0.806737,1.000000,2.000000,5.822754,-17.138672,0.000000,0.000000
0.8500,8753,240,0,0,0.001905,0.009908,0.000000,0.000000,1.500000,1.500000,1.370150,1.500000,0.619548,0.809237,1.000000,2.000000,5.800781,-17.160645,0.000000,0.000000
0.8600,8754,240,0,0,0.001633,0.009259,0.000000,0.000000,1.500000,1.500000,1.369454,1.500000,0.626282,0.811737,1.000000,2.000000,5.778809,-17.182617,0.000000,0.000000
0.8700,8755,240,0,0,0.001784,0.009577,0.000000,0.000000,1.500000,1.500000,1.368007,1.500000,0.633017,0.814237,1.000000,2.000000,5.756836,-17.204590,0.000000,0.000000
0.8800,8756,240,0,0,0.001676,0.009354,0.000000,0.000000,1.500000,1.500000,1.366989,1.500000,0.639751,0.816736,1.000000,2.000000,5.734863,-17.226562,0.000000,0.000000
0.8900,8757,240,0,0,0.001605,0.009595,0.000000,0.000000,1.500000,1.500000,1.364620,1.500000,0.646485,0.819236,1.000000,2.000000,5.712891,-17.248535,0.000000,0.000000
0.9000,8758,240,0,0,0.001463,0.009654,0.000000,0.000000,1.500000,1.500000,1.365213,1.500000,0.653219,0.821736,1.000000,2.000000,5.712891,-17.270508,0.000000,0.000000
0.9100,8759,240,0,0,0.001410,0.009963,0.000000,0.000000,1.500000,1.500000,1.365013,1.500000,0.659953,0.824236,1.000000,2.000000,5.690918,-17.270508,0.000000,0.000000
0.9200,8760,240,0,0,0.001391,0.010503,0.000000,0.000000,1.500000,1.500000,1.364091,1.500000,0.666687,0.826736,1.000000,2.000000,5.690918,-17.292480,0.000000,0.000000
0.9300,8761,240,0,0,0.001393,0.010625,0.000000,0.000000,1.500000,1.500000,1.364551,1.500000,0.673421,0.829235,1.000000,2.000000,5.690918,-17.292480,0.000000,0.000000
0.9400,8762,240,0,0,0.001512,0.010924,0.000000,0.000000,1.500000,1.500000,1.365414,1.500000,0.680155,0.831735,1.000000,2.000000,5.668945,-17.314453,0.000000,0.000000
0.9500,8763,240,0,0,0.001539,0.010873,0.000000,0.000000,1.500000,1.500000,1.363951,1.500000,0.686890,0.834235,1.000000,2.000000,5.668945,-17.314453,0.000000,0.000000
0.9600,8764,240,0,0,0.001908,0.010992,0.000000,0.000000,1.500000,1.500000,1.363613,1.500000,0.693624,0.836735,1.000000,2.000000,5.668945,-17.314453,0.000000,0.000000
0.9700,8765,240,0,0,0.001944,0.010939,0.000000,0.000000,1.500000,1.500000,1.363585,1.500000,0.700358,0.839235,1.000000,2.000000,5.668945,-17.314453,0.000000,0.000000
0.9800,8766,240,0,0,0.002071,0.011020,0.000000,0.000000,1.500000,1.500000,1.362562,1.500000,0.707092,0.841735,1.000000,2.000000,5.668945,-17.314453,0.000000,0.000000
0.9900,8767,240,0,0,0.001847,0.010758,0.000000,0.000000,1.500000,1.500000,1.361785,1.500000,0.713826,0.844234,1.000000,2.000000,5.668945,-17.314453,0.000000,0.000000
1.0000,8768,240,0,0,0.001639,0.010738,0.000000,0.000000,1.500000,1.500000,1.361053,1.500000,0.720560,0.846734,1.000000,2.000000,5.668945,-17.314453,0.000000,0.000000
1.0100,8769,240,0,0,0.001543,0.011102,0.000000,0.000000,1.500000,1.500000,1.359363,1.500000,0.727294,0.849234,1.000000,2.000000,5.690918,-17.314453,0.000000,0.000000
1.0200,8770,240,0,0,0.001399,0.010824,0.000000,0.000000,1.500000,1.500000,1.358570,1.500000,0.734029,0.851734,1.000000,2.000000,5.690918,-17.292480,0.000000,0.000000
1.0300,8771,240,0,0,0.001456,0.010282,0.000000,0.000000,1.500000,1.500000,1.357269,1.500000,0.740763,0.854234,1.000000,2.000000,5.690918,-17.292480,0.000000,0.000000
1.0400,8772,240,0,0,0.001496,0.009996,0.000000,0.000000,1.500000,1.500000,1.355266,1.500000,0.747497,0.856734,1.000000,2.000000,5.690918,-17.292480,0.000000,0.000000
1.0500,8773,240,0,0,0.001519,0.010046,0.000000,0.000000,1.500000,1.500000,1.355909,1.500000,0.754231,0.859233,1.000000,2.000000,5.712891,-17.292480,0.000000,0.000000
1.0600,8774,240,0,0,0.001693,0.010097,0.000000,0.000000,1.500000,1.500000,1.354297,1.500000,0.760965,0.861733,1.000000,2.000000,5.712891,-17.270508,0.000000,0.000000
1.0700,8775,240,0,0,0.002315,0.011145,0.000000,0.000000,1.500000,1.500000,1.353500,1.500000,0.767699,0.864233,1.000000,2.000000,5.734863,-17.270508,0.000000,0.000000
1.0800,8776,240,0,0,0.002052,0.010701,0.000000,0.000000,1.500000,1.500000,1.352968,1.500000,0.774433,0.866733,1.000000,2.000000,5.756836,-17.248535,0.000000,0.000000
1.0900,8777,240,0,0,0.001813,0.010843,0.000000,0.000000,1.500000,1.500000,1.351163,1.500000,0.781167,0.869233,1.000000,2.000000,5.778809,-17.248535,0.000000,0.000000
1.1000,8778,240,0,0,0.001710,0.010505,0.000000,0.000000,1.500000,1.500000,1.349755,1.500000,0.787902,0.871732,1.000000,2.000000,5.778809,-17.226562,0.000000,0.000000
1.1100,8779,240,0,0,0.001825,0.011104,0.000000,0.000000,1.500000,1.500000,1.349394,1.500000,0.794636,0.874232,1.000000,2.000000,5.800781,-17.226562,0.000000,0.000000
1.1200,8780,240,0,0,0.001702,0.011488,0.000000,0.000000,1.500000,1.500000,1.348348,1.500000,0.801370,0.876732,1.000000,2.000000,5.822754,-17.204590,0.000000,0.000000
1.1300,8781,240,0,0,0.001606,0.011190,0.000000,0.000000,1.500000,1.500000,1.347588,1.500000,0.808104,0.879232,1.000000,2.000000,5.844727,-17.182617,0.000000,0.000000
1.1400,8782,240,0,0,0.001490,0.010579,0.000000,0.000000,1.500000,1.500000,1.346595,1.500000,0.814838,0.881732,1.000000,2.000000,5.866699,-17.160645,0.000000,0.000000
1.1500,8783,240,0,0,0.001533,0.009885,0.000000,0.000000,1.500000,1.500000,1.346865,1.500000,0.821572,0.884232,1.000000,2.000000,5.888672,-17.138672,0.000000,0.000000
1.1600,8784,240,0,0,0.001700,0.009461,0.000000,0.000000,1.500000,1.500000,1.344699,1.500000,0.828306,0.886731,1.000000,2.000000,5.910645,-17.116699,0.000000,0.000000
1.1700,8785,240,0,0,0.001499,0.008798,0.000000,0.000000,1.500000,1.500000,1.343640,1.500000,0.835041,0.889231,1.000000,2.000000,5.932617,-17.094727,0.000000,0.000000
1.1800,8787,240,0,0,0.001341,0.008380,0.000000,0.000000,1.500000,1.500000,1.343025,1.500000,0.848509,0.894231,1.000000,2.000000,5.976562,-17.050781,0.000000,0.000000
1.1900,8788,240,0,0,0.001427,0.008263,0.000000,0.000000,1.500000,1.500000,1.342090,1.500000,0.855243,0.896731,1.000000,2.000000,5.998535,-17.028809,0.000000,0.000000
1.2000,8789,240,0,0,0.001603,0.007470,0.000000,0.000000,1.500000,1.500000,1.340996,1.500000,0.861977,0.899230,1.000000,2.000000,6.020508,-17.006836,0.000000,0.000000
1.2100,8790,240,0,0,0.001541,0.007459,0.000000,0.000000,1.500000,1.500000,1.340724,1.500000,0.868711,0.901730,1.000000,2.000000,6.020508,-16.984863,0.000000,0.000000
1.2200,8791,240,0,0,0.001424,0.008096,0.000000,0.000000,1.500000,1.500000,1.341083,1.500000,0.875445,0.904230,1.000000,2.000000,6.042480,-16.984863,0.000000,0.000000
1.2300,8792,240,0,0,0.001338,0.007875,0.000000,0.000000,1.500000,1.500000,1.340852,1.500000,0.882179,0.906730,1.000000,2.000000,6.042480,-16.984863,0.000000,0.000000
1.2400,8793,240,0,0,0.001596,0.007996,0.000000,0.000000,1.500000,1.500000,1.340400,1.500000,0.888914,0.909230,1.000000,2.000000,6.064453,-16.962891,0.000000,0.000000
1.2500,8794,240,0,0,0.001573,0.008111,0.000000,0.000000,1.500000,1.500000,1.338985,1.500000,0.895648,0.911730,1.000000,2.000000,6.064453,-16.962891,0.000000,0.000000
1.2600,8795,240,0,0,0.001893,0.008827,0.000000,0.000000,1.500000,1.500000,1.338831,1.500000,0.902382,0.914229,1.000000,2.000000,6.064453,-16.962891,0.000000,0.000000
1.2700,8796,240,0,0,0.001634,0.009422,0.000000,0.000000,1.500000,1.500000,1.337990,1.500000,0.909116,0.916729,1.000000,2.000000,6.064453,-16.962891,0.000000,0.000000
1.2800,8797,240,0,0,0.001906,0.009501,0.000000,0.000000,1.500000,1.500000,1.338220,1.500000,0.915850,0.919229,1.000000,2.000000,6.064453,-16.962891,0.000000,0.000000
1.2900,8798,240,0,0,0.001770,0.009643,0.000000,0.000000,1.500000,1.500000,1.337971,1.500000,0.922584,0.921729,1.000000,2.000000,6.042480,-16.962891,0.000000,0.000000
1.3000,8799,240,0,0,0.001549,0.008944,0.000000,0.000000,1.500000,1.500000,1.337316,1.500000,0.929318,0.924229,1.000000,2.000000,6.042480,-16.962891,0.000000,0.000000
1.3100,8800,240,0,0,0.001457,0.008961,0.000000,0.000000,1.500000,1.500000,1.337808,1.500000,0.936053,0.926728,1.000000,2.000000,6.042480,-16.984863,0.000000,0.000000
1.3200,8801,240,0,0,0.001483,0.009233,0.000000,0.000000,1.500000,1.500000,1.338586,1.500000,0.942787,0.929228,1.000000,2.000000,6.042480,-16.984863,0.000000,0.000000
1.3300,8802,240,0,0,0.001286,0.009142,0.000000,0.000000,1.500000,1.500000,1.339549,1.500000,0.949521,0.931728,1.000000,2.000000,6.020508,-16.984863,0.000000,0.000000
1.3400,8803,240,0,0,0.001248,0.008556,0.000000,0.000000,1.500000,1.500000,1.339183,1.500000,0.956255,0.934228,1.000000,2.000000,6.020508,-17.006836,0.000000,0.000000
1.3500,8804,240,0,0,0.001211,0.008916,0.000000,0.000000,1.500000,1.500000,1.339765,1.500000,0.962989,0.936728,1.000000,2.000000,5.998535,-17.006836,0.000000,0.000000
1.3600,8805,240,0,0,0.001354,0.008994,0.000000,0.000000,1.500000,1.500000,1.341109,1.500000,0.969723,0.939228,1.000000,2.000000,5.976562,-17.028809,0.000000,0.000000
1.3700,8806,240,0,0,0.001411,0.009038,0.000000,0.000000,1.500000,1.500000,1.340975,1.500000,0.976457,0.941727,1.000000,2.000000,5.976562,-17.028809,0.000000,0.000000
1.3800,8807,240,0,0,0.001506,0.009001,0.000000,0.000000,1.500000,1.500000,1.341612,1.500000,0.983191,0.944227,1.000000,2.000000,5.976562,-17.028809,0.000000,0.000000
1.3900,8808,240,0,0,0.001704,0.009431,0.000000,0.000000,1.500000,1.500000,1.343216,1.500000,0.989926,0.946727,1.000000,2.000000,5.954590,-17.050781,0.000000,0.000000
1.4000,8809,240,0,0,0.001421,0.009124,0.000000,0.000000,1.500000,1.500000,1.342028,1.500000,0.996660,0.949227,1.000000,2.000000,5.954590,-17.050781,0.000000,0.000000
1.4100,8810,240,0,0,0.001337,0.008791,0.000000,0.000000,1.500000,1.500000,1.343540,1.500000,0.003394,0.951727,1.000000,2.000000,5.932617,-17.072754,0.000000,0.000000
1.4200,8811,240,0,0,0.001871,0.008934,0.000000,0.000000,1.500000,1.500000,1.343359,1.500000,0.010128,0.954226,1.000000,2.000000,5.932617,-17.072754,0.000000,0.000000
1.4300,8812,240,0,0,0.001939,0.008731,0.000000,0.000000,1.500000,1.500000,1.344725,1.500000,0.016862,0.956726,1.000000,2.000000,5.910645,-17.094727,0.000000,0.000000
1.4400,8813,240,0,0,0.001966,0.008722,0.000000,0.000000,1.500000,1.500000,1.345626,1.500000,0.023596,0.959226,1.000000,2.000000,5.910645,-17.094727,0.000000,0.000000
1.4500,8814,240,0,0,0.001848,0.008735,0.000000,0.000000,1.500000,1.500000,1.346113,1.500000,0.030330,0.961726,1.000000,2.000000,5.888672,-17.094727,0.000000,0.000000
1.4600,8815,240,0,0,0.001684,0.009008,0.000000,0.000000,1.500000,1.500000,1.347785,1.500000,0.037064,0.964226,1.000000,2.000000,5.888672,-17.116699,0.000000,0.000000
1.4700,8816,240,0,0,0.001492,0.009044,0.000000,0.000000,1.500000,1.500000,1.346836,1.500000,0.043798,0.966726,1.000000,2.000000,5.866699,-17.116699,0.000000,0.000000
1.4800,8817,240,0,0,0.001430,0.009028,0.000000,0.000000,1.500000,1.500000,1.348615,1.500000,0.050532,0.969225,1.000000,2.000000,5.866699,-17.116699,0.000000,0.000000
1.4900,8818,240,0,0,0.001661,0.009128,0.000000,0.000000,1.500000,1.500000,1.348936,1.500000,0.057266,0.971725,1.000000,2.000000,5.866699,-17.116699,0.000000,0.000000
1.5000,8819,240,0,0,0.001878,0.009375,0.000000,0.000000,1.500000,1.500000,1.350360,1.500000,0.064000,0.974225,1.000000,2.000000,5.844727,-17.138672,0.000000,0.000000
1.5100,8820,240,0,0,0.002263,0.009721,0.000000,0.000000,1.500000,1.500000,1.349938,1.500000,0.070734,0.976725,1.000000,2.000000,5.844727,-17.138672,0.000000,0.000000
1.5200,8821,240,0,0,0.002354,0.009753,0.000000,0.000000,1.500000,1.500000,1.351064,1.500000,0.077468,0.979225,1.000000,2.000000,5.822754,-17.160645,0.000000,0.000000
1.5300,8822,240,0,0,0.002746,0.009500,0.000000,0.000000,1.500000,1.500000,1.350913,1.500000,0.084202,0.981724,1.000000,2.000000,5.822754,-17.160645,0.000000,0.000000
1.5400,8823,240,0,0,0.002825,0.009025,0.000000,0.000000,1.500000,1.500000,1.351459,1.500000,0.090936,0.984224,1.000000,2.000000,5.822754,-17.160645,0.000000,0.000000
1.5500,8824,240,0,0,0.002950,0.009150,0.000000,0.000000,1.500000,1.500000,1.351297,1.500000,0.097670,0.986724,1.000000,2.000000,5.822754,-17.160645,0.000000,0.000000
1.5600,8825,240,0,0,0.002990,0.009316,0.000000,0.000000,1.500000,1.500000,1.352513,1.500000,0.104404,0.989224,1.000000,2.000000,5.822754,-17.160645,0.000000,0.000000
1.5700,8826,240,0,0,0.002822,0.009220,0.000000,0.000000,1.500000,1.500000,1.353212,1.500000,0.111138,0.991724,1.000000,2.000000,5.822754,-17.160645,0.000000,0.000000
1.5800,8827,240,0,0,0.002510,0.009766,0.000000,0.000000,1.500000,1.500000,1.353796,1.500000,0.117872,0.994224,1.000000,2.000000,5.844727,-17.160645,0.000000,0.000000
1.5900,8828,240,0,0,0.002674,0.009897,0.000000,0.000000,1.500000,1.500000,1.353689,1.500000,0.124606,0.996723,1.000000,2.000000,5.844727,-17.138672,0.000000,0.000000
1.6000,8829,240,0,0,0.002561,0.009809,0.000000,0.000000,1.500000,1.500000,1.353965,1.500000,0.131340,0.999223,1.000000,2.000000,5.866699,-17.138672,0.000000,0.000000
1.6100,8830,240,0,0,0.002702,0.009788,0.000000,0.000000,1.500000,1.500000,1.354251,1.500000,0.138074,0.001723,1.000000,2.000000,5.866699,-17.116699,0.000000,0.000000
1.6200,8831,240,0,0,0.002456,0.009747,0.000000,0.000000,1.500000,1.500000,1.353879,1.500000,0.144808,0.004223,1.000000,2.000000,5.888672,-17.094727,0.000000,0.000000
1.6300,8832,240,0,0,0.002320,0.009675,0.000000,0.000000,1.500000,1.500000,1.354733,1.500000,0.151542,0.006723,1.000000,2.000000,5.888672,-17.072754,0.000000,0.000000
1.6400,8833,240,0,0,0.002477,0.009839,0.000000,0.000000,1.500000,1.500000,1.354570,1.500000,0.158276,0.009223,1.000000,2.000000,5.910645,-17.072754,0.000000,0.000000
1.6500,8834,240,0,0,0.002615,0.009726,0.000000,0.000000,1.500000,1.500000,1.354736,1.500000,0.165010,0.011723,1.000000,2.000000,5.910645,-17.050781,0.000000,0.000000
1.6600,8835,240,0,0,0.002378,0.009501,0.000000,0.000000,1.500000,1.500000,1.354715,1.500000,0.171744,0.014223,1.000000,2.000000,5.932617,-17.050781,0.000000,0.000000
1.6700,8837,240,0,0,0.002281,0.009329,0.000000,0.000000,1.500000,1.500000,1.355245,1.500000,0.185212,0.019223,1.000000,2.000000,5.954590,-17.028809,0.000000,0.000000
1.6800,8838,240,0,0,0.001881,0.009049,0.000000,0.000000,1.500000,1.500000,1.355400,1.500000,0.191946,0.021723,1.000000,2.000000,5.976562,-17.028809,0.000000,0.000000
1.6900,8839,240,0,0,0.001725,0.009345,0.000000,0.000000,1.500000,1.500000,1.356510,1.500000,0.198679,0.024223,1.000000,2.000000,5.976562,-17.006836,0.000000,0.000000
1.7000,8840,240,0,0,0.001937,0.009728,0.000000,0.000000,1.500000,1.500000,1.356690,1.500000,0.205413,0.026723,1.000000,2.000000,5.998535,-17.006836,0.000000,0.000000
1.7100,8841,240,0,0,0.001840,0.010054,0.000000,0.000000,1.500000,1.500000,1.356923,1.500000,0.212147,0.029223,1.000000,2.000000,5.998535,-16.984863,0.000000,0.000000
1.7200,8842,240,0,0,0.001655,0.009561,0.000000,0.000000,1.500000,1.500000,1.357183,1.500000,0.218881,0.031723,1.000000,2.000000,5.998535,-16.984863,0.000000,0.000000
1.7300,8843,240,0,0,0.001913,0.009626,0.000000,0.000000,1.500000,1.500000,1.357298,1.500000,0.225615,0.034223,1.000000,2.000000,6.020508,-16.962891,0.000000,0.000000
1.7400,8844,240,0,0,0.002185,0.009169,0.000000,0.000000,1.500000,1.500000,1.357409,1.500000,0.232349,0.036723,1.000000,2.000000,6.020508,-16.962891,0.000000,0.000000
1.7500,8845,240,0,0,0.002073,0.008322,0.000000,0.000000,1.500000,1.500000,1.357525,1.500000,0.239083,0.039223,1.000000,2.000000,6.020508,-16.962891,0.000000,0.000000
1.7600,8846,240,0,0,0.001836,0.008145,0.000000,0.000000,1.500000,1.500000,1.358875,1.500000,0.245817,0.041723,1.000000,2.000000,6.020508,-16.940918,0.000000,0.000000
1.7700,8847,240,0,0,0.001943,0.008170,0.000000,0.000000,1.500000,1.500000,1.359007,1.500000,0.252551,0.044223,1.000000,2.000000,6.042480,-16.940918,0.000000,0.000000
1.7800,8848,240,0,0,0.001816,0.008235,0.000000,0.000000,1.500000,1.500000,1.359301,1.500000,0.259286,0.046723,1.000000,2.000000,6.042480,-16.940918,0.000000,0.000000
1.7900,8849,240,0,0,0.001512,0.008752,0.000000,0.000000,1.500000,1.500000,1.360429,1.500000,0.266020,0.049223,1.000000,2.000000,6.042480,-16.940918,0.000000,0.000000
1.8000,8850,240,0,0,0.001534,0.008919,0.000000,0.000000,1.500000,1.500000,1.360200,1.500000,0.272754,0.051723,1.000000,2.000000,6.042480,-16.918945,0.000000,0.000000
1.8100,8851,240,0,0,0.001495,0.008431,0.000000,0.000000,1.500000,1.500000,1.361025,1.500000,0.279488,0.054223,1.000000,2.000000,6.042480,-16.918945,0.000000,0.000000
1.8200,8852,240,0,0,0.001549,0.009014,0.000000,0.000000,1.500000,1.500000,1.361745,1.500000,0.286222,0.056723,1.000000,2.000000,6.042480,-16.918945,0.000000,0.000000
1.8300,8853,240,0,0,0.001470,0.008948,0.000000,0.000000,1.500000,1.500000,1.361741,1.500000,0.292956,0.059223,1.000000,2.000000,6.042480,-16.918945,0.000000,0.000000
1.8400,8854,240,0,0,0.001343,0.008613,0.000000,0.000000,1.500000,1.500000,1.361315,1.500000,0.299690,0.061723,1.000000,2.000000,6.042480,-16.918945,0.000000,0.000000
1.8500,8855,240,0,0,0.001399,0.008560,0.000000,0.000000,1.500000,1.500000,1.362502,1.500000,0.306424,0.064223,1.000000,2.000000,6.042480,-16.918945,0.000000,0.000000
1.8600,8856,240,0,0,0.001488,0.008658,0.000000,0.000000,1.500000,1.500000,1.362961,1.500000,0.313159,0.066723,1.000000,2.000000,6.042480,-16.918945,0.000000,0.000000
1.8700,8857,240,0,0,0.001298,0.008692,0.000000,0.000000,1.500000,1.500000,1.363435,1.500000,0.319893,0.069223,1.000000,2.000000,6.042480,-16.918945,0.000000,0.000000
1.8800,8858,240,0,0,0.001389,0.008910,0.000000,0.000000,1.500000,1.500000,1.364706,1.500000,0.326627,0.071723,1.000000,2.000000,6.042480,-16.918945,0.000000,0.000000
1.8900,8859,240,0,0,0.001286,0.008977,0.000000,0.000000,1.500000,1.500000,1.364548,1.500000,0.333361,0.074223,1.000000,2.000000,6.042480,-16.940918,0.000000,0.000000
1.9000,8860,240,0,0,0.001395,0.009103,0.000000,0.000000,1.500000,1.500000,1.364751,1.500000,0.340095,0.076723,1.000000,2.000000,6.020508,-16.940918,0.000000,0.000000
1.9100,8861,240,0,0,0.001253,0.009283,0.000000,0.000000,1.500000,1.500000,1.365621,1.500000,0.346829,0.079223,1.000000,2.000000,6.020508,-16.940918,0.000000,0.000000
1.9200,8862,240,0,0,0.001540,0.008550,0.000000,0.000000,1.500000,1.500000,1.366353,1.500000,0.353563,0.081723,1.000000,2.000000,6.020508,-16.940918,0.000000,0.000000
1.9300,8863,240,0,0,0.001383,0.008781,0.000000,0.000000,1.500000,1.500000,1.366965,1.500000,0.360298,0.084223,1.000000,2.000000,6.020508,-16.940918,0.000000,0.000000
1.9400,8864,240,0,0,0.001473,0.008520,0.000000,0.000000,1.500000,1.500000,1.366574,1.500000,0.367032,0.086723,1.000000,2.000000,5.998535,-16.962891,0.000000,0.000000
1.9500,8865,240,0,0,0.001456,0.008774,0.000000,0.000000,1.500000,1.500000,1.365855,1.500000,0.373766,0.089223,1.000000,2.000000,5.998535,-16.962891,0.000000,0.000000
1.9600,8866,240,0,0,0.001458,0.009234,0.000000,0.000000,1.500000,1.500000,1.366682,1.500000,0.380500,0.091723,1.000000,2.000000,5.998535,-16.962891,0.000000,0.000000
1.9700,8867,240,0,0,0.001563,0.009470,0.000000,0.000000,1.500000,1.500000,1.366220,1.500000,0.387234,0.094223,1.000000,2.000000,5.998535,-16.962891,0.000000,0.000000
1.9800,8868,240,0,0,0.001467,0.009378,0.000000,0.000000,1.500000,1.500000,1.366049,1.500000,0.393968,0.096723,1.000000,2.000000,5.998535,-16.962891,0.000000,0.000000
1.9900,8869,240,0,0,0.001377,0.008858,0.000000,0.000000,1.500000,1.500000,1.365642,1.500000,0.400702,0.099223,1.000000,2.000000,5.998535,-16.962891,0.000000,0.000000
2.0000,8870,240,0,0,0.001459,0.008613,0.000000,0.000000,1.500000,1.500000,1.366827,1.500000,0.407436,0.101723,1.000000,2.000000,5.998535,-16.962891,0.000000,0.000000
2.0100,8871,240,0,0,0.001369,0.009211,0.000000,0.000000,1.500000,1.500000,1.367912,1.500000,0.414171,0.104223,1.000000,2.000000,6.020508,-16.962891,0.000000,0.000000
2.0200,8872,240,0,0,0.001721,0.009547,0.000000,0.000000,1.500000,1.500000,1.367925,1.500000,0.420905,0.106723,1.000000,2.000000,6.020508,-16.940918,0.000000,0.000000
2.0300,8873,240,0,0,0.001902,0.009401,0.000000,0.000000,1.500000,1.500000,1.367527,1.500000,0.427639,0.109223,1.000000,2.000000,6.020508,-16.940918,0.000000,0.000000
2.0400,8874,240,0,0,0.002147,0.009291,0.000000,0.000000,1.500000,1.500000,1.368055,1.500000,0.434373,0.111723,1.000000,2.000000,6.020508,-16.940918,0.000000,0.000000
2.0500,8875,240,0,0,0.002028,0.009377,0.000000,0.000000,1.500000,1.500000,1.368684,1.500000,0.441107,0.114223,1.000000,2.000000,6.042480,-16.940918,0.000000,0.000000
2.0600,8876,240,0,0,0.001751,0.009435,0.000000,0.000000,1.500000,1.500000,1.368716,1.500000,0.447841,0.116723,1.000000,2.000000,6.042480,-16.918945,0.000000,0.000000
2.0700,8877,240,0,0,0.001757,0.009401,0.000000,0.000000,1.500000,1.500000,1.369099,1.500000,0.454575,0.119223,1.000000,2.000000,6.042480,-16.918945,0.000000,0.000000
2.0800,8878,240,0,0,0.001685,0.009466,0.000000,0.000000,1.500000,1.500000,1.369493,1.500000,0.461310,0.121722,1.000000,2.000000,6.064453,-16.918945,0.000000,0.000000
2.0900,8879,240,0,0,0.001767,0.009813,0.000000,0.000000,1.500000,1.500000,1.369983,1.500000,0.468044,0.124222,1.000000,2.000000,6.064453,-16.896973,0.000000,0.000000
2.1000,8880,240,0,0,0.001502,0.009431,0.000000,0.000000,1.500000,1.500000,1.369129,1.500000,0.474778,0.126722,1.000000,2.000000,6.064453,-16.896973,0.000000,0.000000
2.1100,8881,240,0,0,0.001402,0.008868,0.000000,0.000000,1.500000,1.500000,1.370413,1.500000,0.481512,0.129222,1.000000,2.000000,6.086426,-16.896973,0.000000,0.000000
2.1200,8882,240,0,0,0.001416,0.008452,0.000000,0.000000,1.500000,1.500000,1.369912,1.500000,0.488246,0.131722,1.000000,2.000000,6.086426,-16.896973,0.000000,0.000000
2.1300,8883,240,0,0,0.001389,0.008553,0.000000,0.000000,1.500000,1.500000,1.370549,1.500000,0.494980,0.134222,1.000000,2.000000,6.086426,-16.896973,0.000000,0.000000
2.1400,8884,240,0,0,0.001342,0.007865,0.000000,0.000000,1.500000,1.500000,1.370828,1.500000,0.501714,0.136722,1.000000,2.000000,6.086426,-16.875000,0.000000,0.000000
2.1500,8885,240,0,0,0.001538,0.007962,0.000000,0.000000,1.500000,1.500000,1.371006,1.500000,0.508448,0.139222,1.000000,2.000000,6.086426,-16.875000,0.000000,0.000000
2.1600,8887,240,0,0,0.002046,0.008619,0.000000,0.000000,1.500000,1.500000,1.371055,1.500000,0.521917,0.144222,1.000000,2.000000,6.086426,-16.896973,0.000000,0.000000
2.1700,8888,240,0,0,0.001994,0.008643,0.000000,0.000000,1.500000,1.500000,1.372282,1.500000,0.528651,0.146722,1.000000,2.000000,6.086426,-16.896973,0.000000,0.000000
2.1800,8889,240,0,0,0.001724,0.007863,0.000000,0.000000,1.500000,1.500000,1.371625,1.500000,0.535385,0.149222,1.000000,2.000000,6.086426,-16.896973,0.000000,0.000000
2.1900,8890,240,0,0,0.001820,0.008413,0.000000,0.000000,1.500000,1.500000,1.371378,1.500000,0.542119,0.151722,1.000000,2.000000,6.086426,-16.896973,0.000000,0.000000
2.2000,8891,240,0,0,0.001718,0.008485,0.000000,0.000000,1.500000,1.500000,1.371793,1.500000,0.548853,0.154222,1.000000,2.000000,6.086426,-16.896973,0.000000,0.000000
2.2100,8892,240,0,0,0.001479,0.008743,0.000000,0.000000,1.500000,1.500000,1.372205,1.500000,0.555587,0.156722,1.000000,2.000000,6.086426,-16.896973,0.000000,0.000000
2.2200,8893,240,0,0,0.001530,0.008615,0.000000,0.000000,1.500000,1.500000,1.373250,1.500000,0.562321,0.159222,1.000000,2.000000,6.086426,-16.896973,0.000000,0.000000
2.2300,8894,240,0,0,0.001536,0.008579,0.000000,0.000000,1.500000,1.500000,1.372843,1.500000,0.569056,0.161722,1.000000,2.000000,6.086426,-16.896973,0.000000,0.000000
2.2400,8895,240,0,0,0.001565,0.008296,0.000000,0.000000,1.500000,1.500000,1.373255,1.500000,0.575790,0.164222,1.000000,2.000000,6.086426,-16.896973,0.000000,0.000000
2.2500,8896,240,0,0,0.001755,0.008494,0.000000,0.000000,1.500000,1.500000,1.373998,1.500000,0.582524,0.166722,1.000000,2.000000,6.086426,-16.896973,0.000000,0.000000
2.2600,8897,240,0,0,0.001767,0.008758,0.000000,0.000000,1.500000,1.500000,1.373421,1.500000,0.589258,0.169222,1.000000,2.000000,6.086426,-16.875000,0.000000,0.000000
2.2700,8898,240,0,0,0.001975,0.008865,0.000000,0.000000,1.500000,1.500000,1.373629,1.500000,0.595992,0.171722,1.000000,2.000000,6.086426,-16.875000,0.000000,0.000000
2.2800,8899,240,0,0,0.001699,0.008968,0.000000,0.000000,1.500000,1.500000,1.374071,1.500000,0.602726,0.174222,1.000000,2.000000,6.108398,-16.875000,0.000000,0.000000
2.2900,8900,240,0,0,0.001644,0.008616,0.000000,0.000000,1.500000,1.500000,1.374255,1.500000,0.609460,0.176722,1.000000,2.000000,6.108398,-16.875000,0.000000,0.000000
2.3000,8901,240,0,0,0.001929,0.008712,0.000000,0.000000,1.500000,1.500000,1.374764,1.500000,0.616195,0.179222,1.000000,2.000000,6.108398,-16.875000,0.000000,0.000000
2.3100,8902,240,0,0,0.001867,0.008905,0.000000,0.000000,1.500000,1.500000,1.375094,1.500000,0.622929,0.181722,1.000000,2.000000,6.108398,-16.875000,0.000000,0.000000
2.3200,8903,240,0,0,0.001836,0.008925,0.000000,0.000000,1.500000,1.500000,1.375125,1.500000,0.629663,0.184222,1.000000,2.000000,6.108398,-16.853027,0.000000,0.000000
2.3300,8904,240,0,0,0.001748,0.008747,0.000000,0.000000,1.500000,1.500000,1.376113,1.500000,0.636397,0.186722,1.000000,2.000000,6.108398,-16.853027,0.000000,0.000000
2.3400,8905,240,0,0,0.001730,0.009032,0.000000,0.000000,1.500000,1.500000,1.375865,1.500000,0.643131,0.189222,1.000000,2.000000,6.108398,-16.853027,0.000000,0.000000
2.3500,8906,240,0,0,0.001839,0.009580,0.000000,0.000000,1.500000,1.500000,1.375482,1.500000,0.649865,0.191722,1.000000,2.000000,6.108398,-16.853027,0.000000,0.000000
2.3600,8907,240,0,0,0.001686,0.010048,0.000000,0.000000,1.500000,1.500000,1.374832,1.500000,0.656599,0.194222,1.000000,2.000000,6.108398,-16.853027,0.000000,0.000000
2.3700,8908,240,0,0,0.001486,0.009939,0.000000,0.000000,1.500000,1.500000,1.374979,1.500000,0.663333,0.196722,1.000000,2.000000,6.108398,-16.875000,0.000000,0.000000
2.3800,8909,240,0,0,0.001365,0.010405,0.000000,0.000000,1.500000,1.500000,1.375879,1.500000,0.670068,0.199221,1.000000,2.000000,6.108398,-16.875000,0.000000,0.000000
2.3900,8910,240,0,0,0.001379,0.009819,0.000000,0.000000,1.500000,1.500000,1.375911,1.500000,0.676802,0.201721,1.000000,2.000000,6.086426,-16.875000,0.000000,0.000000
2.4000,8911,240,0,0,0.001652,0.009797,0.000000,0.000000,1.500000,1.500000,1.376204,1.500000,0.683536,0.204221,1.000000,2.000000,6.086426,-16.875000,0.000000,0.000000
2.4100,8912,240,0,0,0.001635,0.009545,0.000000,0.000000,1.500000,1.500000,1.376477,1.500000,0.690270,0.206721,1.000000,2.000000,6.086426,-16.875000,0.000000,0.000000
2.4200,8913,240,0,0,0.001727,0.009572,0.000000,0.000000,1.500000,1.500000,1.376312,1.500000,0.697004,0.209221,1.000000,2.000000,6.086426,-16.875000,0.000000,0.000000
2.4300,8914,240,0,0,0.001596,0.009371,0.000000,0.000000,1.500000,1.500000,1.377351,1.500000,0.703738,0.211721,1.000000,2.000000,6.086426,-16.875000,0.000000,0.000000
2.4400,8915,240,0,0,0.001419,0.009352,0.000000,0.000000,1.500000,1.500000,1.377404,1.500000,0.710472,0.214221,1.000000,2.000000,6.086426,-16.875000,0.000000,0.000000
2.4500,8916,240,0,0,0.001460,0.009542,0.000000,0.000000,1.500000,1.500000,1.377651,1.500000,0.717207,0.216721,1.000000,2.000000,6.086426,-16.875000,0.000000,0.000000
2.4600,8917,240,0,0,0.001386,0.009944,0.000000,0.000000,1.500000,1.500000,1.378048,1.500000,0.723941,0.219221,1.000000,2.000000,6.086426,-16.875000,0.000000,0.000000
2.4700,8918,240,0,0,0.001643,0.010297,0.000000,0.000000,1.500000,1.500000,1.378258,1.500000,0.730675,0.221721,1.000000,2.000000,6.086426,-16.875000,0.000000,0.000000
2.4800,8919,240,0,0,0.001718,0.009803,0.000000,0.000000,1.500000,1.500000,1.377968,1.500000,0.737409,0.224221,1.000000,2.000000,6.086426,-16.875000,0.000000,0.000000
2.4900,8920,240,0,0,0.001508,0.009104,0.000000,0.000000,1.500000,1.500000,1.378128,1.500000,0.744143,0.226721,1.000000,2.000000,6.086426,-16.875000,0.000000,0.000000
2.5000,8921,240,0,0,0.001583,0.009078,0.000000,0.000000,1.500000,1.500000,1.378962,1.500000,0.750877,0.229221,1.000000,2.000000,6.086426,-16.875000,0.000000,0.000000
2.5100,8922,240,0,0,0.001628,0.008792,0.000000,0.000000,1.500000,1.500000,1.379075,1.500000,0.757611,0.231721,1.000000,2.000000,6.086426,-16.875000,0.000000,0.000000
2.5200,8923,240,0,0,0.001400,0.009222,0.000000,0.000000,1.500000,1.500000,1.379182,1.500000,0.764345,0.234221,1.000000,2.000000,6.086426,-16.875000,0.000000,0.000000
2.5300,8924,240,0,0,0.001450,0.009163,0.000000,0.000000,1.500000,1.500000,1.379507,1.500000,0.771080,0.236721,1.000000,2.000000,6.086426,-16.875000,0.000000,0.000000
2.5400,8925,240,0,0,0.001533,0.009126,0.000000,0.000000,1.500000,1.500000,1.380363,1.500000,0.777814,0.239221,1.000000,2.000000,6.086426,-16.875000,0.000000,0.000000
2.5500,8926,240,0,0,0.001427,0.009270,0.000000,0.000000,1.500000,1.500000,1.381315,1.500000,0.784548,0.241721,1.000000,2.000000,6.086426,-16.875000,0.000000,0.000000
2.5600,8927,240,0,0,0.001408,0.009204,0.000000,0.000000,1.500000,1.500000,1.381410,1.500000,0.791282,0.244221,1.000000,2.000000,6.086426,-16.875000,0.000000,0.000000
2.5700,8928,240,0,0,0.001580,0.009608,0.000000,0.000000,1.500000,1.500000,1.380475,1.500000,0.798016,0.246721,1.000000,2.000000,6.086426,-16.875000,0.000000,0.000000
2.5800,8929,240,0,0,0.001659,0.009459,0.000000,0.000000,1.500000,1.500000,1.380629,1.500000,0.804750,0.249221,1.000000,2.000000,6.086426,-16.875000,0.000000,0.000000
2.5900,8930,240,0,0,0.001608,0.009357,0.000000,0.000000,1.500000,1.500000,1.381209,1.500000,0.811484,0.251721,1.000000,2.000000,6.086426,-16.875000,0.000000,0.000000
2.6000,8931,240,0,0,0.001865,0.009320,0.000000,0.000000,1.500000,1.500000,1.381570,1.500000,0.818219,0.254221,1.000000,2.000000,6.086426,-16.875000,0.000000,0.000000
2.6100,8932,240,0,0,0.001969,0.008853,0.000000,0.000000,1.500000,1.500000,1.381451,1.500000,0.824953,0.256721,1.000000,2.000000,6.086426,-16.875000,0.000000,0.000000
2.6200,8933,240,0,0,0.002200,0.009075,0.000000,0.000000,1.500000,1.500000,1.381911,1.500000,0.831687,0.259221,1.000000,2.000000,6.086426,-16.875000,0.000000,0.000000
2.6300,8934,240,0,0,0.002127,0.009389,0.000000,0.000000,1.500000,1.500000,1.381634,1.500000,0.838421,0.261721,1.000000,2.000000,6.086426,-16.875000,0.000000,0.000000
2.6400,8935,240,0,0,0.001968,0.009660,0.000000,0.000000,1.500000,1.500000,1.381859,1.500000,0.845155,0.264221,1.000000,2.000000,6.086426,-16.875000,0.000000,0.000000
2.6500,8937,240,0,0,0.002283,0.010184,0.000000,0.000000,1.500000,1.500000,1.383055,1.500000,0.858623,0.269222,1.000000,2.000000,6.086426,-16.875000,0.000000,0.000000
2.6600,8938,240,0,0,0.001961,0.009861,0.000000,0.000000,1.500000,1.500000,1.382372,1.500000,0.865357,0.271722,1.000000,2.000000,6.064453,-16.875000,0.000000,0.000000
2.6700,8939,240,0,0,0.001743,0.009989,0.000000,0.000000,1.500000,1.500000,1.383026,1.500000,0.872092,0.274222,1.000000,2.000000,6.064453,-16.896973,0.000000,0.000000
2.6800,8940,240,0,0,0.001781,0.009702,0.000000,0.000000,1.500000,1.500000,1.383189,1.500000,0.878826,0.276722,1.000000,2.000000,6.064453,-16.896973,0.000000,0.000000
2.6900,8941,240,0,0,0.001765,0.009240,0.000000,0.000000,1.500000,1.500000,1.382309,1.500000,0.885560,0.279222,1.000000,2.000000,6.064453,-16.896973,0.000000,0.000000
2.7000,8942,240,0,0,0.001548,0.009251,0.000000,0.000000,1.500000,1.500000,1.383075,1.500000,0.892294,0.281722,1.000000,2.000000,6.064453,-16.896973,0.000000,0.000000
2.7100,8943,240,0,0,0.001493,0.009507,0.000000,0.000000,1.500000,1.500000,1.382642,1.500000,0.899028,0.284222,1.000000,2.000000,6.042480,-16.896973,0.000000,0.000000
2.7200,8944,240,0,0,0.001339,0.009884,0.000000,0.000000,1.500000,1.500000,1.383921,1.500000,0.905762,0.286723,1.000000,2.000000,6.042480,-16.896973,0.000000,0.000000
2.7300,8945,240,0,0,0.001727,0.009501,0.000000,0.000000,1.500000,1.500000,1.383453,1.500000,0.912496,0.289223,1.000000,2.000000,6.042480,-16.918945,0.000000,0.000000
2.7400,8946,240,0,0,0.001569,0.009410,0.000000,0.000000,1.500000,1.500000,1.384002,1.500000,0.919231,0.291723,1.000000,2.000000,6.042480,-16.918945,0.000000,0.000000
2.7500,8947,240,0,0,0.001460,0.009470,0.000000,0.000000,1.500000,1.500000,1.384115,1.500000,0.925965,0.294223,1.000000,2.000000,6.042480,-16.918945,0.000000,0.000000
2.7600,8948,240,0,0,0.001633,0.009511,0.000000,0.000000,1.500000,1.500000,1.385481,1.500000,0.932699,0.296723,1.000000,2.000000,6.020508,-16.918945,0.000000,0.000000
2.7700,8949,240,0,0,0.001399,0.010134,0.000000,0.000000,1.500000,1.500000,1.384979,1.500000,0.939433,0.299223,1.000000,2.000000,6.020508,-16.940918,0.000000,0.000000
2.7800,8950,240,0,0,0.001426,0.009862,0.000000,0.000000,1.500000,1.500000,1.385218,1.500000,0.946167,0.301723,1.000000,2.000000,6.020508,-16.940918,0.000000,0.000000
2.7900,8951,240,0,0,0.001515,0.009882,0.000000,0.000000,1.500000,1.500000,1.385758,1.500000,0.952901,0.304223,1.000000,2.000000,5.998535,-16.940918,0.000000,0.000000
2.8000,8952,240,0,0,0.001415,0.010039,0.000000,0.000000,1.500000,1.500000,1.386338,1.500000,0.959635,0.306723,1.000000,2.000000,5.998535,-16.940918,0.000000,0.000000
2.8100,8953,240,0,0,0.001363,0.010408,0.000000,0.000000,1.500000,1.500000,1.385478,1.500000,0.966369,0.309224,1.000000,2.000000,5.998535,-16.940918,0.000000,0.000000
2.8200,8954,240,0,0,0.001285,0.010181,0.000000,0.000000,1.500000,1.500000,1.385455,1.500000,0.973104,0.311724,1.000000,2.000000,5.998535,-16.940918,0.000000,0.000000
2.8300,8955,240,0,0,0.001316,0.009838,0.000000,0.000000,1.500000,1.500000,1.385539,1.500000,0.979838,0.314224,1.000000,2.000000,5.998535,-16.940918,0.000000,0.000000
2.8400,8956,240,0,0,0.001471,0.009667,0.000000,0.000000,1.500000,1.500000,1.386312,1.500000,0.986572,0.316724,1.000000,2.000000,5.998535,-16.940918,0.000000,0.000000
2.8500,8957,240,0,0,0.001350,0.009659,0.000000,0.000000,1.500000,1.500000,1.385152,1.500000,0.993306,0.319224,1.000000,2.000000,5.998535,-16.962891,0.000000,0.000000
2.8600,8958,240,0,0,0.001338,0.009322,0.000000,0.000000,1.500000,1.500000,1.385162,1.500000,0.000040,0.321724,1.000000,2.000000,5.998535,-16.962891,0.000000,0.000000
2.8700,8959,240,0,0,0.001360,0.009170,0.000000,0.000000,1.500000,1.500000,1.385422,1.500000,0.006774,0.324224,1.000000,2.000000,5.998535,-16.962891,0.000000,0.000000
2.8800,8960,240,0,0,0.001436,0.009438,0.000000,0.000000,1.500000,1.500000,1.386292,1.500000,0.013508,0.326724,1.000000,2.000000,5.976562,-16.962891,0.000000,0.000000
2.8900,8961,240,0,0,0.001209,0.009935,0.000000,0.000000,1.500000,1.500000,1.386596,1.500000,0.020242,0.329225,1.000000,2.000000,5.976562,-16.984863,0.000000,0.000000
2.9000,8962,240,0,0,0.001479,0.010743,0.000000,0.000000,1.500000,1.500000,1.386207,1.500000,0.026976,0.331725,1.000000,2.000000,5.976562,-16.984863,0.000000,0.000000
2.9100,8963,240,0,0,0.001431,0.010433,0.000000,0.000000,1.500000,1.500000,1.385634,1.500000,0.033710,0.334225,1.000000,2.000000,5.954590,-16.984863,0.000000,0.000000
2.9200,8964,240,0,0,0.001755,0.010441,0.000000,0.000000,1.500000,1.500000,1.386212,1.500000,0.040444,0.336725,1.000000,2.000000,5.954590,-17.006836,0.000000,0.000000
2.9300,8965,240,0,0,0.001647,0.010161,0.000000,0.000000,1.500000,1.500000,1.386416,1.500000,0.047178,0.339225,1.000000,2.000000,5.954590,-17.006836,0.000000,0.000000
2.9400,8966,240,0,0,0.001853,0.010336,0.000000,0.000000,1.500000,1.500000,1.386436,1.500000,0.053912,0.341725,1.000000,2.000000,5.932617,-17.006836,0.000000,0.000000
2.9500,8967,240,0,0,0.001935,0.010122,0.000000,0.000000,1.500000,1.500000,1.386240,1.500000,0.060646,0.344225,1.000000,2.000000,5.932617,-17.006836,0.000000,0.000000
2.9600,8968,240,0,0,0.001706,0.009809,0.000000,0.000000,1.500000,1.500000,1.386401,1.500000,0.067380,0.346725,1.000000,2.000000,5.932617,-17.028809,0.000000,0.000000
2.9700,8969,240,0,0,0.001587,0.009460,0.000000,0.000000,1.500000,1.500000,1.386582,1.500000,0.074114,0.349225,1.000000,2.000000,5.932617,-17.028809,0.000000,0.000000
2.9800,8970,240,0,0,0.001803,0.009154,0.000000,0.000000,1.500000,1.500000,1.384881,1.500000,0.080848,0.351726,1.000000,2.000000,5.910645,-17.028809,0.000000,0.000000
2.9900,8971,240,0,0,0.001902,0.009362,0.000000,0.000000,1.500000,1.500000,1.385743,1.500000,0.087582,0.354226,1.000000,2.000000,5.910645,-17.050781,0.000000,0.000000
3.0000,8972,240,0,0,0.002064,0.009240,0.000000,0.000000,1.500000,1.500000,1.386081,1.500000,0.094316,0.356726,1.000000,2.000000,5.910645,-17.050781,0.000000,0.000000
3.0100,8973,240,0,0,0.002240,0.009459,0.000000,0.000000,1.500000,1.500000,1.386659,1.500000,0.101050,0.359226,1.000000,2.000000,5.888672,-17.050781,0.000000,0.000000
3.0200,8974,240,0,0,0.002004,0.009483,0.000000,0.000000,1.500000,1.500000,1.387068,1.500000,0.107784,0.361726,1.000000,2.000000,5.888672,-17.050781,0.000000,0.000000
3.0300,8975,240,0,0,0.002305,0.009593,0.000000,0.000000,1.500000,1.500000,1.387555,1.500000,0.114518,0.364226,1.000000,2.000000,5.888672,-17.072754,0.000000,0.000000
3.0400,8976,240,0,0,0.002321,0.009652,0.000000,0.000000,1.500000,1.500000,1.387416,1.500000,0.121252,0.366726,1.000000,2.000000,5.888672,-17.072754,0.000000,0.000000
3.0500,8977,240,0,0,0.001978,0.009265,0.000000,0.000000,1.500000,1.500000,1.387158,1.500000,0.127986,0.369226,1.000000,2.000000,5.866699,-17.072754,0.000000,0.000000
3.0600,8978,240,0,0,0.002057,0.009262,0.000000,0.000000,1.500000,1.500000,1.386918,1.500000,0.134720,0.371727,1.000000,2.000000,5.866699,-17.094727,0.000000,0.000000
3.0700,8979,240,0,0,0.002128,0.009234,0.000000,0.000000,1.500000,1.500000,1.387114,1.500000,0.141454,0.374227,1.000000,2.000000,5.866699,-17.094727,0.000000,0.000000
3.0800,8980,240,0,0,0.002519,0.009431,0.000000,0.000000,1.500000,1.500000,1.388054,1.500000,0.148188,0.376727,1.000000,2.000000,5.844727,-17.094727,0.000000,0.000000
3.0900,8981,240,0,0,0.002287,0.009243,0.000000,0.000000,1.500000,1.500000,1.387955,1.500000,0.154922,0.379227,1.000000,2.000000,5.844727,-17.116699,0.000000,0.000000
3.1000,8982,240,0,0,0.002307,0.009481,0.000000,0.000000,1.500000,1.500000,1.388204,1.500000,0.161656,0.381727,1.000000,2.000000,5.844727,-17.116699,0.000000,0.000000
3.1100,8983,240,0,0,0.002290,0.010115,0.000000,0.000000,1.500000,1.500000,1.387919,1.500000,0.168390,0.384227,1.000000,2.000000,5.822754,-17.116699,0.000000,0.000000
3.1200,8984,240,0,0,0.002181,0.010258,0.000000,0.000000,1.500000,1.500000,1.388257,1.500000,0.175124,0.386727,1.000000,2.000000,5.822754,-17.138672,0.000000,0.000000
3.1300,8985,240,0,0,0.002067,0.009734,0.000000,0.000000,1.500000,1.500000,1.387510,1.500000,0.181858,0.389227,1.000000,2.000000,5.822754,-17.138672,0.000000,0.000000
3.1400,8987,240,0,0,0.001978,0.009807,0.000000,0.000000,1.500000,1.500000,1.387080,1.500000,0.195326,0.394228,1.000000,2.000000,5.800781,-17.160645,0.000000,0.000000
3.1500,8988,240,0,0,0.001726,0.009532,0.000000,0.000000,1.500000,1.500000,1.388143,1.500000,0.202060,0.396728,1.000000,2.000000,5.800781,-17.160645,0.000000,0.000000
3.1600,8989,240,0,0,0.001820,0.009340,0.000000,0.000000,1.500000,1.500000,1.387982,1.500000,0.208794,0.399228,1.000000,2.000000,5.800781,-17.160645,0.000000,0.000000
3.1700,8990,240,0,0,0.001801,0.008709,0.000000,0.000000,1.500000,1.500000,1.388197,1.500000,0.215528,0.401728,1.000000,2.000000,5.800781,-17.160645,0.000000,0.000000
3.1800,8991,240,0,0,0.001692,0.008573,0.000000,0.000000,1.500000,1.500000,1.387756,1.500000,0.222262,0.404228,1.000000,2.000000,5.778809,-17.160645,0.000000,0.000000
3.1900,8992,240,0,0,0.001577,0.008788,0.000000,0.000000,1.500000,1.500000,1.388061,1.500000,0.228996,0.406728,1.000000,2.000000,5.778809,-17.182617,0.000000,0.000000
3.2000,8993,240,0,0,0.001536,0.008708,0.000000,0.000000,1.500000,1.500000,1.389295,1.500000,0.235730,0.409228,1.000000,2.000000,5.778809,-17.182617,0.000000,0.000000
3.2100,8994,240,0,0,0.001619,0.008800,0.000000,0.000000,1.500000,1.500000,1.389150,1.500000,0.242464,0.411728,1.000000,2.000000,5.778809,-17.182617,0.000000,0.000000
3.2200,8995,240,0,0,0.001798,0.009335,0.000000,0.000000,1.500000,1.500000,1.389114,1.500000,0.249198,0.414228,1.000000,2.000000,5.756836,-17.204590,0.000000,0.000000
3.2300,8996,240,0,0,0.001588,0.010033,0.000000,0.000000,1.500000,1.500000,1.388582,1.500000,0.255932,0.416729,1.000000,2.000000,5.756836,-17.204590,0.000000,0.000000
3.2400,8997,240,0,0,0.001501,0.009810,0.000000,0.000000,1.500000,1.500000,1.386965,1.500000,0.262666,0.419229,1.000000,2.000000,5.756836,-17.226562,0.000000,0.000000
3.2500,8998,240,0,0,0.001358,0.009742,0.000000,0.000000,1.500000,1.500000,1.387020,1.500000,0.269400,0.421729,1.000000,2.000000,5.734863,-17.226562,0.000000,0.000000
3.2600,8999,240,0,0,0.001150,0.009117,0.000000,0.000000,1.500000,1.500000,1.385284,1.500000,0.276134,0.424229,1.000000,2.000000,5.734863,-17.226562,0.000000,0.000000
3.2700,9000,240,0,0,0.001025,0.009048,0.000000,0.000000,1.500000,1.500000,1.384795,1.500000,0.282868,0.426729,1.000000,2.000000,5.734863,-17.226562,0.000000,0.000000
3.2800,9001,240,0,0,0.001140,0.009421,0.000000,0.000000,1.500000,1.500000,1.384558,1.500000,0.289602,0.429229,1.000000,2.000000,5.734863,-17.248535,0.000000,0.000000
3.2900,9002,240,0,0,0.001179,0.009271,0.000000,0.000000,1.500000,1.500000,1.384820,1.500000,0.296337,0.431729,1.000000,2.000000,5.734863,-17.248535,0.000000,0.000000
3.3000,9003,240,0,0,0.001379,0.009901,0.000000,0.000000,1.500000,1.500000,1.384363,1.500000,0.303071,0.434229,1.000000,2.000000,5.734863,-17.248535,0.000000,0.000000
3.3100,9004,240,0,0,0.001424,0.010164,0.000000,0.000000,1.500000,1.500000,1.384382,1.500000,0.309805,0.436730,1.000000,2.000000,5.734863,-17.248535,0.000000,0.000000
3.3200,9005,240,0,0,0.001346,0.010235,0.000000,0.000000,1.500000,1.500000,1.383889,1.500000,0.316539,0.439230,1.000000,2.000000,5.712891,-17.248535,0.000000,0.000000
3.3300,9006,240,0,0,0.001353,0.010197,0.000000,0.000000,1.500000,1.500000,1.383573,1.500000,0.323273,0.441730,1.000000,2.000000,5.712891,-17.248535,0.000000,0.000000
3.3400,9007,240,0,0,0.001563,0.009591,0.000000,0.000000,1.500000,1.500000,1.383344,1.500000,0.330007,0.444230,1.000000,2.000000,5.712891,-17.248535,0.000000,0.000000
3.3500,9008,240,0,0,0.001432,0.009826,0.000000,0.000000,1.500000,1.500000,1.383736,1.500000,0.336741,0.446730,1.000000,2.000000,5.712891,-17.248535,0.000000,0.000000
3.3600,9009,240,0,0,0.001314,0.009821,0.000000,0.000000,1.500000,1.500000,1.383505,1.500000,0.343476,0.449230,1.000000,2.000000,5.712891,-17.248535,0.000000,0.000000
3.3700,9010,240,0,0,0.001330,0.009655,0.000000,0.000000,1.500000,1.500000,1.382574,1.500000,0.350210,0.451730,1.000000,2.000000,5.712891,-17.248535,0.000000,0.000000
3.3800,9011,240,0,0,0.001374,0.009567,0.000000,0.000000,1.500000,1.500000,1.382941,1.500000,0.356944,0.454230,1.000000,2.000000,5.712891,-17.248535,0.000000,0.000000
3.3900,9012,240,0,0,0.001325,0.009058,0.000000,0.000000,1.500000,1.500000,1.383014,1.500000,0.363678,0.456730,1.000000,2.000000,5.712891,-17.248535,0.000000,0.000000
3.4000,9013,240,0,0,0.001141,0.008933,0.000000,0.000000,1.500000,1.500000,1.382502,1.500000,0.370412,0.459231,1.000000,2.000000,5.734863,-17.248535,0.000000,0.000000
3.4100,9014,240,0,0,0.001193,0.008924,0.000000,0.000000,1.500000,1.500000,1.383430,1.500000,0.377146,0.461731,1.000000,2.000000,5.734863,-17.248535,0.000000,0.000000
3.4200,9015,240,0,0,0.001270,0.008874,0.000000,0.000000,1.500000,1.500000,1.383839,1.500000,0.383880,0.464231,1.000000,2.000000,5.734863,-17.248535,0.000000,0.000000
3.4300,9016,240,0,0,0.001390,0.009320,0.000000,0.000000,1.500000,1.500000,1.384273,1.500000,0.390614,0.466731,1.000000,2.000000,5.734863,-17.226562,0.000000,0.000000
3.4400,9017,240,0,0,0.001432,0.009732,0.000000,0.000000,1.500000,1.500000,1.383753,1.500000,0.397349,0.469231,1.000000,2.000000,5.734863,-17.226562,0.000000,0.000000
3.4500,9018,240,0,0,0.001311,0.009533,0.000000,0.000000,1.500000,1.500000,1.384787,1.500000,0.404083,0.471731,1.000000,2.000000,5.734863,-17.226562,0.000000,0.000000
3.4600,9019,240,0,0,0.001472,0.009525,0.000000,0.000000,1.500000,1.500000,1.385133,1.500000,0.410817,0.474231,1.000000,2.000000,5.734863,-17.226562,0.000000,0.000000
3.4700,9020,240,0,0,0.001523,0.009882,0.000000,0.000000,1.500000,1.500000,1.384704,1.500000,0.417551,0.476731,1.000000,2.000000,5.756836,-17.226562,0.000000,0.000000
3.4800,9021,240,0,0,0.001669,0.010246,0.000000,0.000000,1.500000,1.500000,1.385193,1.500000,0.424285,0.479232,1.000000,2.000000,5.734863,-17.226562,0.000000,0.000000
3.4900,9022,240,0,0,0.001571,0.010510,0.000000,0.000000,1.500000,1.500000,1.385140,1.500000,0.431019,0.481732,1.000000,2.000000,5.734863,-17.226562,0.000000,0.000000
3.5000,9023,240,0,0,0.001491,0.010243,0.000000,0.000000,1.500000,1.500000,1.384877,1.500000,0.437753,0.484232,1.000000,2.000000,5.734863,-17.226562,0.000000,0.000000
3.5100,9024,240,0,0,0.001381,0.009766,0.000000,0.000000,1.500000,1.500000,1.384585,1.500000,0.444488,0.486732,1.000000,2.000000,5.734863,-17.226562,0.000000,0.000000
3.5200,9025,240,0,0,0.001465,0.009765,0.000000,0.000000,1.500000,1.500000,1.384683,1.500000,0.451222,0.489232,1.000000,2.000000,5.734863,-17.226562,0.000000,0.000000
3.5300,9026,240,0,0,0.001444,0.010533,0.000000,0.000000,1.500000,1.500000,1.384440,1.500000,0.457956,0.491732,1.000000,2.000000,5.712891,-17.248535,0.000000,0.000000
3.5400,9027,240,0,0,0.001633,0.010727,0.000000,0.000000,1.500000,1.500000,1.384335,1.500000,0.464690,0.494232,1.000000,2.000000,5.712891,-17.248535,0.000000,0.000000
3.5500,9028,240,0,0,0.001472,0.010837,0.000000,0.000000,1.500000,1.500000,1.384754,1.500000,0.471424,0.496732,1.000000,2.000000,5.712891,-17.248535,0.000000,0.000000
3.5600,9029,240,0,0,0.001576,0.011180,0.000000,0.000000,1.500000,1.500000,1.385456,1.500000,0.478158,0.499232,1.000000,2.000000,5.712891,-17.248535,0.000000,0.000000
3.5700,9030,240,0,0,0.001593,0.011293,0.000000,0.000000,1.500000,1.500000,1.386126,1.500000,0.484892,0.501732,1.000000,2.000000,5.712891,-17.248535,0.000000,0.000000
3.5800,9031,240,0,0,0.001787,0.011395,0.000000,0.000000,1.500000,1.500000,1.386844,1.500000,0.491626,0.504232,1.000000,2.000000,5.712891,-17.248535,0.000000,0.000000
3.5900,9032,240,0,0,0.001700,0.011154,0.000000,0.000000,1.500000,1.500000,1.386816,1.500000,0.498361,0.506732,1.000000,2.000000,5.712891,-17.226562,0.000000,0.000000
3.6000,9033,240,0,0,0.001455,0.011139,0.000000,0.000000,1.500000,1.500000,1.387298,1.500000,0.505095,0.509232,1.000000,2.000000,5.734863,-17.226562,0.000000,0.000000
3.6100,9034,240,0,0,0.001447,0.010529,0.000000,0.000000,1.500000,1.500000,1.387210,1.500000,0.511829,0.511732,1.000000,2.000000,5.734863,-17.226562,0.000000,0.000000
3.6200,9035,240,0,0,0.001479,0.010622,0.000000,0.000000,1.500000,1.500000,1.387691,1.500000,0.518563,0.514232,1.000000,2.000000,5.734863,-17.226562,0.000000,0.000000
3.6300,9037,240,0,0,0.001557,0.009936,0.000000,0.000000,1.500000,1.500000,1.387528,1.500000,0.532031,0.519231,1.000000,2.000000,5.756836,-17.204590,0.000000,0.000000
3.6400,9038,240,0,0,0.001507,0.009862,0.000000,0.000000,1.500000,1.500000,1.388276,1.500000,0.538765,0.521731,1.000000,2.000000,5.756836,-17.204590,0.000000,0.000000
3.6500,9039,240,0,0,0.001435,0.009798,0.000000,0.000000,1.500000,1.500000,1.388321,1.500000,0.545500,0.524231,1.000000,2.000000,5.756836,-17.182617,0.000000,0.000000
3.6600,9040,240,0,0,0.001500,0.009817,0.000000,0.000000,1.500000,1.500000,1.388323,1.500000,0.552234,0.526731,1.000000,2.000000,5.778809,-17.182617,0.000000,0.000000
3.6700,9041,240,0,0,0.001427,0.009737,0.000000,0.000000,1.500000,1.500000,1.388812,1.500000,0.558968,0.529230,1.000000,2.000000,5.778809,-17.182617,0.000000,0.000000
3.6800,9042,240,0,0,0.001457,0.009505,0.000000,0.000000,1.500000,1.500000,1.389215,1.500000,0.565702,0.531730,1.000000,2.000000,5.778809,-17.182617,0.000000,0.000000
3.6900,9043,240,0,0,0.001229,0.009325,0.000000,0.000000,1.500000,1.500000,1.389018,1.500000,0.572436,0.534230,1.000000,2.000000,5.778809,-17.160645,0.000000,0.000000
3.7000,9044,240,0,0,0.001210,0.009148,0.000000,0.000000,1.500000,1.500000,1.388056,1.500000,0.579170,0.536730,1.000000,2.000000,5.800781,-17.160645,0.000000,0.000000
3.7100,9045,240,0,0,0.001116,0.009303,0.000000,0.000000,1.500000,1.500000,1.388822,1.500000,0.585904,0.539230,1.000000,2.000000,5.800781,-17.160645,0.000000,0.000000
3.7200,9046,240,0,0,0.001023,0.009588,0.000000,0.000000,1.500000,1.500000,1.388949,1.500000,0.592638,0.541730,1.000000,2.000000,5.800781,-17.160645,0.000000,0.000000
3.7300,9047,240,0,0,0.001067,0.009403,0.000000,0.000000,1.500000,1.500000,1.390010,1.500000,0.599373,0.544229,1.000000,2.000000,5.800781,-17.160645,0.000000,0.000000
3.7400,9048,240,0,0,0.000982,0.009550,0.000000,0.000000,1.500000,1.500000,1.389321,1.500000,0.606107,0.546729,1.000000,2.000000,5.800781,-17.160645,0.000000,0.000000
3.7500,9049,240,0,0,0.001145,0.009561,0.000000,0.000000,1.500000,1.500000,1.389704,1.500000,0.612841,0.549229,1.000000,2.000000,5.800781,-17.138672,0.000000,0.000000
3.7600,9050,240,0,0,0.001259,0.009556,0.000000,0.000000,1.500000,1.500000,1.390687,1.500000,0.619575,0.551729,1.000000,2.000000,5.800781,-17.138672,0.000000,0.000000
3.7700,9051,240,0,0,0.001378,0.009779,0.000000,0.000000,1.500000,1.500000,1.390512,1.500000,0.626309,0.554229,1.000000,2.000000,5.822754,-17.138672,0.000000,0.000000
3.7800,9052,240,0,0,0.001188,0.009561,0.000000,0.000000,1.500000,1.500000,1.389929,1.500000,0.633043,0.556728,1.000000,2.000000,5.822754,-17.138672,0.000000,0.000000
3.7900,9053,240,0,0,0.001438,0.009633,0.000000,0.000000,1.500000,1.500000,1.390196,1.500000,0.639777,0.559228,1.000000,2.000000,5.822754,-17.138672,0.000000,0.000000
3.8000,9054,240,0,0,0.001370,0.009308,0.000000,0.000000,1.500000,1.500000,1.390498,1.500000,0.646511,0.561728,1.000000,2.000000,5.822754,-17.138672,0.000000,0.000000
3.8100,9055,240,0,0,0.001400,0.009317,0.000000,0.000000,1.500000,1.500000,1.391102,1.500000,0.653246,0.564228,1.000000,2.000000,5.822754,-17.116699,0.000000,0.000000
3.8200,9056,240,0,0,0.001256,0.008922,0.000000,0.000000,1.500000,1.500000,1.391123,1.500000,0.659980,0.566728,1.000000,2.000000,5.822754,-17.116699,0.000000,0.000000
3.8300,9057,240,0,0,0.001250,0.008890,0.000000,0.000000,1.500000,1.500000,1.391857,1.500000,0.666714,0.569228,1.000000,2.000000,5.822754,-17.116699,0.000000,0.000000
3.8400,9058,240,0,0,0.001344,0.008659,0.000000,0.000000,1.500000,1.500000,1.392712,1.500000,0.673448,0.571727,1.000000,2.000000,5.822754,-17.138672,0.000000,0.000000
3.8500,9059,240,0,0,0.001427,0.008551,0.000000,0.000000,1.500000,1.500000,1.392484,1.500000,0.680182,0.574227,1.000000,2.000000,5.822754,-17.138672,0.000000,0.000000
3.8600,9060,240,0,0,0.001339,0.008970,0.000000,0.000000,1.500000,1.500000,1.393621,1.500000,0.686916,0.576727,1.000000,2.000000,5.822754,-17.138672,0.000000,0.000000
3.8700,9061,240,0,0,0.001470,0.009406,0.000000,0.000000,1.500000,1.500000,1.394537,1.500000,0.693650,0.579227,1.000000,2.000000,5.822754,-17.138672,0.000000,0.000000
3.8800,9062,240,0,0,0.001505,0.009389,0.000000,0.000000,1.500000,1.500000,1.394996,1.500000,0.700385,0.581727,1.000000,2.000000,5.822754,-17.138672,0.000000,0.000000
3.8900,9063,240,0,0,0.001544,0.009176,0.000000,0.000000,1.500000,1.500000,1.394454,1.500000,0.707119,0.584226,1.000000,2.000000,5.800781,-17.138672,0.000000,0.000000
3.9000,9064,240,0,0,0.001591,0.009282,0.000000,0.000000,1.500000,1.500000,1.394681,1.500000,0.713853,0.586726,1.000000,2.000000,5.800781,-17.138672,0.000000,0.000000
3.9100,9065,240,0,0,0.002039,0.009451,0.000000,0.000000,1.500000,1.500000,1.394726,1.500000,0.720587,0.589226,1.000000,2.000000,5.800781,-17.138672,0.000000,0.000000
3.9200,9066,240,0,0,0.002369,0.009851,0.000000,0.000000,1.500000,1.500000,1.394778,1.500000,0.727321,0.591726,1.000000,2.000000,5.800781,-17.138672,0.000000,0.000000
3.9300,9067,240,0,0,0.001926,0.009537,0.000000,0.000000,1.500000,1.500000,1.395087,1.500000,0.734055,0.594226,1.000000,2.000000,5.800781,-17.138672,0.000000,0.000000
3.9400,9068,240,0,0,0.001762,0.009726,0.000000,0.000000,1.500000,1.500000,1.396276,1.500000,0.740789,0.596726,1.000000,2.000000,5.800781,-17.138672,0.000000,0.000000
3.9500,9069,240,0,0,0.001481,0.009286,0.000000,0.000000,1.500000,1.500000,1.395178,1.500000,0.747523,0.599225,1.000000,2.000000,5.800781,-17.138672,0.000000,0.000000
3.9600,9070,240,0,0,0.001936,0.009757,0.000000,0.000000,1.500000,1.500000,1.395788,1.500000,0.754258,0.601725,1.000000,2.000000,5.800781,-17.138672,0.000000,0.000000
3.9700,9071,240,0,0,0.001971,0.009870,0.000000,0.000000,1.500000,1.500000,1.395229,1.500000,0.760992,0.604225,1.000000,2.000000,5.800781,-17.138672,0.000000,0.000000
3.9800,9072,240,0,0,0.001849,0.009430,0.000000,0.000000,1.500000,1.500000,1.394675,1.500000,0.767726,0.606725,1.000000,2.000000,5.800781,-17.138672,0.000000,0.000000
3.9900,9073,240,0,0,0.001866,0.009605,0.000000,0.000000,1.500000,1.500000,1.395497,1.500000,0.774460,0.609225,1.000000,2.000000,5.800781,-17.138672,0.000000,0.000000
4.0000,9074,240,0,0,0.001923,0.009607,0.000000,0.000000,1.500000,1.500000,1.395637,1.500000,0.781194,0.611724,1.000000,2.000000,5.800781,-17.138672,0.000000,0.000000
4.0100,9075,240,0,0,0.002165,0.009684,0.000000,0.000000,1.500000,1.500000,1.395396,1.500000,0.787928,0.614224,1.000000,2.000000,5.800781,-17.138672,0.000000,0.000000
4.0200,9076,240,0,0,0.002529,0.010087,0.000000,0.000000,1.500000,1.500000,1.395422,1.500000,0.794662,0.616724,1.000000,2.000000,5.800781,-17.138672,0.000000,0.000000
4.0300,9077,240,0,0,0.002352,0.010107,0.000000,0.000000,1.500000,1.500000,1.395593,1.500000,0.801397,0.619224,1.000000,2.000000,5.800781,-17.138672,0.000000,0.000000
4.0400,9078,240,0,0,0.002049,0.010357,0.000000,0.000000,1.500000,1.500000,1.397354,1.500000,0.808131,0.621724,1.000000,2.000000,5.800781,-17.138672,0.000000,0.000000
4.0500,9079,240,0,0,0.001997,0.010066,0.000000,0.000000,1.500000,1.500000,1.396290,1.500000,0.814865,0.624224,1.000000,2.000000,5.822754,-17.138672,0.000000,0.000000
4.0600,9080,240,0,0,0.001983,0.009922,0.000000,0.000000,1.500000,1.500000,1.396614,1.500000,0.821599,0.626723,1.000000,2.000000,5.822754,-17.138672,0.000000,0.000000
4.0700,9081,240,0,0,0.002368,0.010239,0.000000,0.000000,1.500000,1.500000,1.396843,1.500000,0.828333,0.629223,1.000000,2.000000,5.822754,-17.116699,0.000000,0.000000
4.0800,9082,240,0,0,0.002141,0.010218,0.000000,0.000000,1.500000,1.500000,1.397191,1.500000,0.835067,0.631723,1.000000,2.000000,5.822754,-17.116699,0.000000,0.000000
4.0900,9083,240,0,0,0.002077,0.010327,0.000000,0.000000,1.500000,1.500000,1.396600,1.500000,0.841801,0.634223,1.000000,2.000000,5.822754,-17.116699,0.000000,0.000000
4.1000,9084,240,0,0,0.002078,0.010115,0.000000,0.000000,1.500000,1.500000,1.395913,1.500000,0.848535,0.636723,1.000000,2.000000,5.844727,-17.116699,0.000000,0.000000
4.1100,9085,240,0,0,0.002036,0.009949,0.000000,0.000000,1.500000,1.500000,1.396005,1.500000,0.855270,0.639222,1.000000,2.000000,5.844727,-17.116699,0.000000,0.000000
4.1200,9087,240,0,0,0.002190,0.009359,0.000000,0.000000,1.500000,1.500000,1.395943,1.500000,0.868738,0.644222,1.000000,2.000000,5.844727,-17.094727,0.000000,0.000000
4.1300,9088,240,0,0,0.002344,0.009286,0.000000,0.000000,1.500000,1.500000,1.395032,1.500000,0.875472,0.646722,1.000000,2.000000,5.844727,-17.094727,0.000000,0.000000
4.1400,9089,240,0,0,0.001970,0.009147,0.000000,0.000000,1.500000,1.500000,1.396170,1.500000,0.882206,0.649222,1.000000,2.000000,5.844727,-17.094727,0.000000,0.000000
4.1500,9090,240,0,0,0.001748,0.008921,0.000000,0.000000,1.500000,1.500000,1.395734,1.500000,0.888940,0.651722,1.000000,2.000000,5.844727,-17.094727,0.000000,0.000000
4.1600,9091,240,0,0,0.001701,0.009114,0.000000,0.000000,1.500000,1.500000,1.396387,1.500000,0.895674,0.654221,1.000000,2.000000,5.866699,-17.094727,0.000000,0.000000
4.1700,9092,240,0,0,0.001555,0.008802,0.000000,0.000000,1.500000,1.500000,1.395569,1.500000,0.902409,0.656721,1.000000,2.000000,5.866699,-17.094727,0.000000,0.000000
4.1800,9093,240,0,0,0.001490,0.008539,0.000000,0.000000,1.500000,1.500000,1.395954,1.500000,0.909143,0.659221,1.000000,2.000000,5.866699,-17.094727,0.000000,0.000000
4.1900,9094,240,0,0,0.001418,0.008557,0.000000,0.000000,1.500000,1.500000,1.395335,1.500000,0.915877,0.661721,1.000000,2.000000,5.866699,-17.094727,0.000000,0.000000
4.2000,9095,240,0,0,0.001309,0.008865,0.000000,0.000000,1.500000,1.500000,1.396651,1.500000,0.922611,0.664221,1.000000,2.000000,5.866699,-17.094727,0.000000,0.000000
4.2100,9096,240,0,0,0.001552,0.008831,0.000000,0.000000,1.500000,1.500000,1.396905,1.500000,0.929345,0.666720,1.000000,2.000000,5.866699,-17.094727,0.000000,0.000000
4.2200,9097,240,0,0,0.001434,0.008908,0.000000,0.000000,1.500000,1.500000,1.397912,1.500000,0.936079,0.669220,1.000000,2.000000,5.866699,-17.094727,0.000000,0.000000
4.2300,9098,240,0,0,0.001482,0.009029,0.000000,0.000000,1.500000,1.500000,1.397313,1.500000,0.942813,0.671720,1.000000,2.000000,5.866699,-17.094727,0.000000,0.000000
4.2400,9099,240,0,0,0.001502,0.009304,0.000000,0.000000,1.500000,1.500000,1.397523,1.500000,0.949547,0.674220,1.000000,2.000000,5.866699,-17.094727,0.000000,0.000000
4.2500,9100,240,0,0,0.001428,0.009433,0.000000,0.000000,1.500000,1.500000,1.397996,1.500000,0.956282,0.676720,1.000000,2.000000,5.866699,-17.094727,0.000000,0.000000
4.2600,9101,240,0,0,0.001446,0.009331,0.000000,0.000000,1.500000,1.500000,1.397432,1.500000,0.963016,0.679220,1.000000,2.000000,5.866699,-17.094727,0.000000,0.000000
4.2700,9102,240,0,0,0.001375,0.009312,0.000000,0.000000,1.500000,1.500000,1.397056,1.500000,0.969750,0.681719,1.000000,2.000000,5.866699,-17.094727,0.000000,0.000000
4.2800,9103,240,0,0,0.001286,0.009871,0.000000,0.000000,1.500000,1.500000,1.397029,1.500000,0.976484,0.684219,1.000000,2.000000,5.866699,-17.094727,0.000000,0.000000
4.2900,9104,240,0,0,0.001261,0.010129,0.000000,0.000000,1.500000,1.500000,1.397262,1.500000,0.983218,0.686719,1.000000,2.000000,5.866699,-17.094727,0.000000,0.000000
4.3000,9105,240,0,0,0.001205,0.009782,0.000000,0.000000,1.500000,1.500000,1.397915,1.500000,0.989952,0.689219,1.000000,2.000000,5.866699,-17.094727,0.000000,0.000000
4.3100,9106,240,0,0,0.001161,0.009558,0.000000,0.000000,1.500000,1.500000,1.397820,1.500000,0.996686,0.691719,1.000000,2.000000,5.866699,-17.094727,0.000000,0.000000
4.3200,9107,240,0,0,0.001218,0.009507,0.000000,0.000000,1.500000,1.500000,1.398060,1.500000,0.003420,0.694218,1.000000,2.000000,5.866699,-17.094727,0.000000,0.000000
4.3300,9108,240,0,0,0.001324,0.009330,0.000000,0.000000,1.500000,1.500000,1.397235,1.500000,0.010154,0.696718,1.000000,2.000000,5.866699,-17.094727,0.000000,0.000000
4.3400,9109,240,0,0,0.001219,0.009408,0.000000,0.000000,1.500000,1.500000,1.397834,1.500000,0.016888,0.699218,1.000000,2.000000,5.844727,-17.094727,0.000000,0.000000
4.3500,9110,240,0,0,0.001356,0.009499,0.000000,0.000000,1.500000,1.500000,1.397292,1.500000,0.023622,0.701718,1.000000,2.000000,5.844727,-17.094727,0.000000,0.000000
4.3600,9111,240,0,0,0.001458,0.009932,0.000000,0.000000,1.500000,1.500000,1.397905,1.500000,0.030356,0.704218,1.000000,2.000000,5.844727,-17.094727,0.000000,0.000000
4.3700,9112,240,0,0,0.001353,0.009689,0.000000,0.000000,1.500000,1.500000,1.397870,1.500000,0.037090,0.706718,1.000000,2.000000,5.844727,-17.094727,0.000000,0.000000
4.3800,9113,240,0,0,0.001501,0.010065,0.000000,0.000000,1.500000,1.500000,1.397727,1.500000,0.043824,0.709217,1.000000,2.000000,5.844727,-17.094727,0.000000,0.000000
4.3900,9114,240,0,0,0.001750,0.010626,0.000000,0.000000,1.500000,1.500000,1.398490,1.500000,0.050558,0.711717,1.000000,2.000000,5.844727,-17.116699,0.000000,0.000000
4.4000,9115,240,0,0,0.001526,0.010197,0.000000,0.000000,1.500000,1.500000,1.399088,1.500000,0.057293,0.714217,1.000000,2.000000,5.844727,-17.116699,0.000000,0.000000
4.4100,9116,240,0,0,0.001382,0.009969,0.000000,0.000000,1.500000,1.500000,1.398553,1.500000,0.064027,0.716717,1.000000,2.000000,5.844727,-17.116699,0.000000,0.000000
4.4200,9117,240,0,0,0.001448,0.009896,0.000000,0.000000,1.500000,1.500000,1.398239,1.500000,0.070760,0.719217,1.000000,2.000000,5.844727,-17.116699,0.000000,0.000000
4.4300,9118,240,0,0,0.001395,0.009394,0.000000,0.000000,1.500000,1.500000,1.399397,1.500000,0.077494,0.721716,1.000000,2.000000,5.844727,-17.116699,0.000000,0.000000
4.4400,9119,240,0,0,0.001914,0.009490,0.000000,0.000000,1.500000,1.500000,1.399291,1.500000,0.084228,0.724216,1.000000,2.000000,5.822754,-17.116699,0.000000,0.000000
4.4500,9120,240,0,0,0.001815,0.009569,0.000000,0.000000,1.500000,1.500000,1.399247,1.500000,0.090962,0.726716,1.000000,2.000000,5.822754,-17.116699,0.000000,0.000000
4.4600,9121,240,0,0,0.001841,0.009323,0.000000,0.000000,1.500000,1.500000,1.398535,1.500000,0.097696,0.729216,1.000000,2.000000,5.822754,-17.116699,0.000000,0.000000
4.4700,9122,240,0,0,0.001661,0.009131,0.000000,0.000000,1.500000,1.500000,1.398885,1.500000,0.104430,0.731716,1.000000,2.000000,5.822754,-17.116699,0.000000,0.000000
4.4800,9123,240,0,0,0.001652,0.008788,0.000000,0.000000,1.500000,1.500000,1.399054,1.500000,0.111164,0.734216,1.000000,2.000000,5.822754,-17.116699,0.000000,0.000000
4.4900,9124,240,0,0,0.001515,0.008519,0.000000,0.000000,1.500000,1.500000,1.400494,1.500000,0.117898,0.736715,1.000000,2.000000,5.822754,-17.116699,0.000000,0.000000
4.5000,9125,240,0,0,0.001572,0.009038,0.000000,0.000000,1.500000,1.500000,1.400046,1.500000,0.124632,0.739215,1.000000,2.000000,5.822754,-17.138672,0.000000,0.000000
4.5100,9126,240,0,0,0.001416,0.009533,0.000000,0.000000,1.500000,1.500000,1.400499,1.500000,0.131366,0.741715,1.000000,2.000000,5.800781,-17.138672,0.000000,0.000000
4.5200,9127,240,0,0,0.001478,0.009918,0.000000,0.000000,1.500000,1.500000,1.400387,1.500000,0.138100,0.744215,1.000000,2.000000,5.800781,-17.138672,0.000000,0.000000
4.5300,9128,240,0,0,0.001719,0.009757,0.000000,0.000000,1.500000,1.500000,1.401530,1.500000,0.144834,0.746715,1.000000,2.000000,5.800781,-17.138672,0.000000,0.000000
4.5400,9129,240,0,0,0.002014,0.009774,0.000000,0.000000,1.500000,1.500000,1.401185,1.500000,0.151568,0.749214,1.000000,2.000000,5.800781,-17.138672,0.000000,0.000000
4.5500,9130,240,0,0,0.001755,0.009390,0.000000,0.000000,1.500000,1.500000,1.401835,1.500000,0.158302,0.751714,1.000000,2.000000,5.800781,-17.160645,0.000000,0.000000
4.5600,9131,240,0,0,0.001727,0.009243,0.000000,0.000000,1.500000,1.500000,1.400628,1.500000,0.165036,0.754214,1.000000,2.000000,5.800781,-17.160645,0.000000,0.000000
4.5700,9132,240,0,0,0.001765,0.009666,0.000000,0.000000,1.500000,1.500000,1.401087,1.500000,0.171770,0.756714,1.000000,2.000000,5.800781,-17.160645,0.000000,0.000000
4.5800,9133,240,0,0,0.002001,0.009661,0.000000,0.000000,1.500000,1.500000,1.401126,1.500000,0.178504,0.759214,1.000000,2.000000,5.800781,-17.160645,0.000000,0.000000
4.5900,9134,240,0,0,0.001962,0.009420,0.000000,0.000000,1.500000,1.500000,1.401780,1.500000,0.185238,0.761714,1.000000,2.000000,5.800781,-17.160645,0.000000,0.000000
4.6000,9135,240,0,0,0.002702,0.009628,0.000000,0.000000,1.500000,1.500000,1.401777,1.500000,0.191972,0.764213,1.000000,2.000000,5.778809,-17.160645,0.000000,0.000000
4.6100,9137,240,0,0,0.002107,0.009179,0.000000,0.000000,1.500000,1.500000,1.401773,1.500000,0.205440,0.769213,1.000000,2.000000,5.778809,-17.182617,0.000000,0.000000
4.6200,9138,240,0,0,0.001954,0.009375,0.000000,0.000000,1.500000,1.500000,1.401658,1.500000,0.212174,0.771713,1.000000,2.000000,5.778809,-17.182617,0.000000,0.000000
4.6300,9139,240,0,0,0.001659,0.009171,0.000000,0.000000,1.500000,1.500000,1.400195,1.500000,0.218908,0.774213,1.000000,2.000000,5.778809,-17.182617,0.000000,0.000000
4.6400,9140,240,0,0,0.001741,0.009251,0.000000,0.000000,1.500000,1.500000,1.400275,1.500000,0.225642,0.776712,1.000000,2.000000,5.778809,-17.182617,0.000000,0.000000
4.6500,9141,240,0,0,0.001684,0.010014,0.000000,0.000000,1.500000,1.500000,1.401355,1.500000,0.232376,0.779212,1.000000,2.000000,5.756836,-17.204590,0.000000,0.000000
4.6600,9142,240,0,0,0.001672,0.010152,0.000000,0.000000,1.500000,1.500000,1.400380,1.500000,0.239110,0.781712,1.000000,2.000000,5.756836,-17.204590,0.000000,0.000000
4.6700,9143,240,0,0,0.001548,0.009667,0.000000,0.000000,1.500000,1.500000,1.399754,1.500000,0.245844,0.784212,1.000000,2.000000,5.756836,-17.204590,0.000000,0.000000
4.6800,9144,240,0,0,0.001629,0.009449,0.000000,0.000000,1.500000,1.500000,1.399376,1.500000,0.252578,0.786712,1.000000,2.000000,5.756836,-17.204590,0.000000,0.000000
4.6900,9145,240,0,0,0.001895,0.010274,0.000000,0.000000,1.500000,1.500000,1.400396,1.500000,0.259312,0.789212,1.000000,2.000000,5.756836,-17.204590,0.000000,0.000000
4.7000,9146,240,0,0,0.001692,0.009792,0.000000,0.000000,1.500000,1.500000,1.400489,1.500000,0.266046,0.791711,1.000000,2.000000,5.756836,-17.226562,0.000000,0.000000
4.7100,9147,240,0,0,0.001498,0.009754,0.000000,0.000000,1.500000,1.500000,1.400308,1.500000,0.272781,0.794211,1.000000,2.000000,5.756836,-17.226562,0.000000,0.000000
4.7200,9148,240,0,0,0.001361,0.009810,0.000000,0.000000,1.500000,1.500000,1.400179,1.500000,0.279515,0.796711,1.000000,2.000000,5.756836,-17.226562,0.000000,0.000000
4.7300,9149,240,0,0,0.001316,0.009254,0.000000,0.000000,1.500000,1.500000,1.400624,1.500000,0.286249,0.799211,1.000000,2.000000,5.756836,-17.226562,0.000000,0.000000
4.7400,9150,240,0,0,0.001285,0.009676,0.000000,0.000000,1.500000,1.500000,1.401131,1.500000,0.292983,0.801711,1.000000,2.000000,5.756836,-17.226562,0.000000,0.000000
4.7500,9151,240,0,0,0.001389,0.009481,0.000000,0.000000,1.500000,1.500000,1.400641,1.500000,0.299717,0.804210,1.000000,2.000000,5.756836,-17.226562,0.000000,0.000000
4.7600,9152,240,0,0,0.001641,0.009502,0.000000,0.000000,1.500000,1.500000,1.398923,1.500000,0.306451,0.806710,1.000000,2.000000,5.756836,-17.204590,0.000000,0.000000
4.7700,9153,240,0,0,0.001428,0.009454,0.000000,0.000000,1.500000,1.500000,1.400320,1.500000,0.313185,0.809210,1.000000,2.000000,5.756836,-17.204590,0.000000,0.000000
4.7800,9154,240,0,0,0.001351,0.009534,0.000000,0.000000,1.500000,1.500000,1.401422,1.500000,0.319919,0.811710,1.000000,2.000000,5.756836,-17.204590,0.000000,0.000000
4.7900,9155,240,0,0,0.001271,0.009335,0.000000,0.000000,1.500000,1.500000,1.401765,1.500000,0.326654,0.814210,1.000000,2.000000,5.756836,-17.204590,0.000000,0.000000
4.8000,9156,240,0,0,0.001207,0.009667,0.000000,0.000000,1.500000,1.500000,1.401490,1.500000,0.333388,0.816710,1.000000,2.000000,5.756836,-17.204590,0.000000,0.000000
4.8100,9157,240,0,0,0.001229,0.009467,0.000000,0.000000,1.500000,1.500000,1.400248,1.500000,0.340122,0.819209,1.000000,2.000000,5.756836,-17.204590,0.000000,0.000000
4.8200,9158,240,0,0,0.001414,0.009332,0.000000,0.000000,1.500000,1.500000,1.399864,1.500000,0.346856,0.821709,1.000000,2.000000,5.756836,-17.204590,0.000000,0.000000
4.8300,9159,240,0,0,0.001434,0.009462,0.000000,0.000000,1.500000,1.500000,1.400474,1.500000,0.353590,0.824209,1.000000,2.000000,5.756836,-17.204590,0.000000,0.000000
4.8400,9160,240,0,0,0.001550,0.009685,0.000000,0.000000,1.500000,1.500000,1.401119,1.500000,0.360324,0.826709,1.000000,2.000000,5.756836,-17.204590,0.000000,0.000000
4.8500,9161,240,0,0,0.001434,0.009321,0.000000,0.000000,1.500000,1.500000,1.400983,1.500000,0.367058,0.829209,1.000000,2.000000,5.756836,-17.204590,0.000000,0.000000
4.8600,9162,240,0,0,0.001456,0.009732,0.000000,0.000000,1.500000,1.500000,1.400796,1.500000,0.373792,0.831708,1.000000,2.000000,5.756836,-17.204590,0.000000,0.000000
4.8700,9163,240,0,0,0.001659,0.009962,0.000000,0.000000,1.500000,1.500000,1.401282,1.500000,0.380527,0.834208,1.000000,2.000000,5.756836,-17.204590,0.000000,0.000000
4.8800,9164,240,0,0,0.001808,0.010065,0.000000,0.000000,1.500000,1.500000,1.401020,1.500000,0.387261,0.836708,1.000000,2.000000,5.756836,-17.204590,0.000000,0.000000
4.8900,9165,240,0,0,0.001631,0.009822,0.000000,0.000000,1.500000,1.500000,1.399975,1.500000,0.393995,0.839208,1.000000,2.000000,5.756836,-17.204590,0.000000,0.000000
4.9000,9166,240,0,0,0.001479,0.009373,0.000000,0.000000,1.500000,1.500000,1.400998,1.500000,0.400729,0.841708,1.000000,2.000000,5.756836,-17.204590,0.000000,0.000000
4.9100,9167,240,0,0,0.001519,0.009462,0.000000,0.000000,1.500000,1.500000,1.401724,1.500000,0.407463,0.844208,1.000000,2.000000,5.756836,-17.204590,0.000000,0.000000
4.9200,9168,240,0,0,0.001487,0.009974,0.000000,0.000000,1.500000,1.500000,1.402663,1.500000,0.414197,0.846707,1.000000,2.000000,5.778809,-17.204590,0.000000,0.000000
4.9300,9169,240,0,0,0.001314,0.010354,0.000000,0.000000,1.500000,1.500000,1.402476,1.500000,0.420931,0.849207,1.000000,2.000000,5.778809,-17.204590,0.000000,0.000000
4.9400,9170,240,0,0,0.001360,0.010267,0.000000,0.000000,1.500000,1.500000,1.402092,1.500000,0.427666,0.851707,1.000000,2.000000,5.778809,-17.204590,0.000000,0.000000
4.9500,9171,240,0,0,0.001304,0.010309,0.000000,0.000000,1.500000,1.500000,1.402073,1.500000,0.434400,0.854207,1.000000,2.000000,5.778809,-17.204590,0.000000,0.000000
4.9600,9172,240,0,0,0.001413,0.010061,0.000000,0.000000,1.500000,1.500000,1.402602,1.500000,0.441134,0.856707,1.000000,2.000000,5.778809,-17.204590,0.000000,0.000000
4.9700,9173,240,0,0,0.001560,0.009486,0.000000,0.000000,1.500000,1.500000,1.402374,1.500000,0.447868,0.859206,1.000000,2.000000,5.778809,-17.182617,0.000000,0.000000
4.9800,9174,240,0,0,0.001620,0.009965,0.000000,0.000000,1.500000,1.500000,1.402394,1.500000,0.454602,0.861706,1.000000,2.000000,5.800781,-17.182617,0.000000,0.000000
4.9900,9175,240,0,0,0.001597,0.010406,0.000000,0.000000,1.500000,1.500000,1.402917,1.500000,0.461336,0.864206,1.000000,2.000000,5.800781,-17.182617,0.000000,0.000000
5.0000,9176,240,0,0,0.001750,0.010118,0.000000,0.000000,1.500000,1.500000,1.402931,1.500000,0.468070,0.866706,1.000000,2.000000,5.800781,-17.182617,0.000000,0.000000
5.0100,9177,240,0,0,0.001591,0.009853,0.000000,0.000000,1.500000,1.500000,1.403875,1.500000,0.474804,0.869206,1.000000,2.000000,5.800781,-17.160645,0.000000,0.000000
5.0200,9178,240,0,0,0.001380,0.010199,0.000000,0.000000,1.500000,1.500000,1.403429,1.500000,0.481539,0.871706,1.000000,2.000000,5.822754,-17.160645,0.000000,0.000000
5.0300,9179,240,0,0,0.001697,0.009586,0.000000,0.000000,1.500000,1.500000,1.403690,1.500000,0.488273,0.874205,1.000000,2.000000,5.822754,-17.160645,0.000000,0.000000
5.0400,9180,240,0,0,0.001667,0.009206,0.000000,0.000000,1.500000,1.500000,1.403443,1.500000,0.495007,0.876705,1.000000,2.000000,5.822754,-17.160645,0.000000,0.000000
5.0500,9181,240,0,0,0.001600,0.009499,0.000000,0.000000,1.500000,1.500000,1.403158,1.500000,0.501741,0.879205,1.000000,2.000000,5.822754,-17.160645,0.000000,0.000000
5.0600,9182,240,0,0,0.001916,0.010372,0.000000,0.000000,1.500000,1.500000,1.404611,1.500000,0.508475,0.881705,1.000000,2.000000,5.822754,-17.160645,0.000000,0.000000
5.0700,9183,240,0,0,0.002122,0.011188,0.000000,0.000000,1.500000,1.500000,1.404246,1.500000,0.515209,0.884205,1.000000,2.000000,5.822754,-17.160645,0.000000,0.000000
5.0800,9184,240,0,0,0.002066,0.011144,0.000000,0.000000,1.500000,1.500000,1.404305,1.500000,0.521943,0.886705,1.000000,2.000000,5.822754,-17.160645,0.000000,0.000000
5.0900,9185,240,0,0,0.001741,0.010898,0.000000,0.000000,1.500000,1.500000,1.404100,1.500000,0.528678,0.889204,1.000000,2.000000,5.822754,-17.160645,0.000000,0.000000
5.1000,9187,240,0,0,0.001295,0.010856,0.000000,0.000000,1.500000,1.500000,1.403046,1.500000,0.542146,0.894204,1.000000,2.000000,5.822754,-17.182617,0.000000,0.000000
5.1100,9188,240,0,0,0.001310,0.010465,0.000000,0.000000,1.500000,1.500000,1.401853,1.500000,0.548880,0.896704,1.000000,2.000000,5.800781,-17.204590,0.000000,0.000000
5.1200,9189,240,0,0,0.001346,0.010056,0.000000,0.000000,1.500000,1.500000,1.400574,1.500000,0.555614,0.899204,1.000000,2.000000,5.778809,-17.204590,0.000000,0.000000
5.1300,9190,240,0,0,0.001618,0.010046,0.000000,0.000000,1.500000,1.500000,1.399408,1.500000,0.562348,0.901703,1.000000,2.000000,5.778809,-17.226562,0.000000,0.000000
5.1400,9191,240,0,0,0.001568,0.009550,0.000000,0.000000,1.500000,1.500000,1.395541,1.500000,0.569082,0.904203,1.000000,2.000000,5.756836,-17.248535,0.000000,0.000000
5.1500,9192,240,0,0,0.001683,0.009557,0.000000,0.000000,1.500000,1.500000,1.393486,1.500000,0.575816,0.906703,1.000000,2.000000,5.734863,-17.270508,0.000000,0.000000
5.1600,9193,240,0,0,0.001650,0.009375,0.000000,0.000000,1.500000,1.500000,1.391643,1.500000,0.582551,0.909203,1.000000,2.000000,5.712891,-17.292480,0.000000,0.000000
5.1700,9194,240,0,0,0.001703,0.009336,0.000000,0.000000,1.500000,1.500000,1.390978,1.500000,0.589285,0.911703,1.000000,2.000000,5.690918,-17.314453,0.000000,0.000000
5.1800,9195,240,0,0,0.001559,0.009240,0.000000,0.000000,1.500000,1.500000,1.390113,1.500000,0.596019,0.914203,1.000000,2.000000,5.690918,-17.314453,0.000000,0.000000
5.1900,9196,240,0,0,0.001610,0.009084,0.000000,0.000000,1.500000,1.500000,1.388133,1.500000,0.602753,0.916702,1.000000,2.000000,5.690918,-17.314453,0.000000,0.000000
5.2000,9197,240,0,0,0.001522,0.008125,0.000000,0.000000,1.500000,1.500000,1.385684,1.500000,0.609487,0.919202,1.000000,2.000000,5.690918,-17.292480,0.000000,0.000000
5.2100,9198,240,0,0,0.001599,0.007734,0.000000,0.000000,1.500000,1.500000,1.383967,1.500000,0.616221,0.921702,1.000000,2.000000,5.690918,-17.292480,0.000000,0.000000
5.2200,9199,240,0,0,0.001536,0.008334,0.000000,0.000000,1.500000,1.500000,1.383608,1.500000,0.622955,0.924202,1.000000,2.000000,5.712891,-17.248535,0.000000,0.000000
5.2300,9200,240,0,0,0.001397,0.008580,0.000000,0.000000,1.500000,1.500000,1.383956,1.500000,0.629690,0.926702,1.000000,2.000000,5.712891,-17.182617,0.000000,0.000000
5.2400,9201,240,0,0,0.001356,0.008535,0.000000,0.000000,1.500000,1.500000,1.384036,1.500000,0.636424,0.929201,1.000000,2.000000,5.734863,-17.072754,0.000000,0.000000
5.2500,9202,240,0,0,0.001251,0.008181,0.000000,0.000000,1.500000,1.500000,1.384389,1.500000,0.643158,0.931701,1.000000,2.000000,5.756836,-16.918945,0.000000,0.000000
5.2600,9203,240,0,0,0.001236,0.008415,0.000000,0.000000,1.500000,1.500000,1.385564,1.500000,0.649892,0.934201,1.000000,2.000000,5.778809,-16.699219,0.000000,0.000000
5.2700,9204,240,0,0,0.001294,0.008855,0.000000,0.000000,1.500000,1.500000,1.386836,1.500000,0.656626,0.936701,1.000000,2.000000,5.756836,-16.523438,0.000000,0.000000
5.2800,9205,240,0,0,0.001496,0.008261,0.000000,0.000000,1.500000,1.500000,1.387604,1.500000,0.663360,0.939201,1.000000,2.000000,5.756836,-16.457520,0.000000,0.000000
5.2900,9206,240,0,0,0.001355,0.007725,0.000000,0.000000,1.500000,1.500000,1.387855,1.500000,0.670094,0.941701,1.000000,2.000000,5.778809,-16.435547,0.000000,0.000000
5.3000,9207,240,0,0,0.001365,0.007792,0.000000,0.000000,1.500000,1.500000,1.387681,1.500000,0.676828,0.944200,1.000000,2.000000,5.800781,-16.413574,0.000000,0.000000
5.3100,9208,240,0,0,0.001529,0.008424,0.000000,0.000000,1.500000,1.500000,1.388363,1.500000,0.683563,0.946700,1.000000,2.000000,5.822754,-16.391602,0.000000,0.000000
5.3200,9209,240,0,0,0.001801,0.008912,0.000000,0.000000,1.500000,1.500000,1.388224,1.500000,0.690297,0.949200,1.000000,2.000000,5.844727,-16.369629,0.000000,0.000000
5.3300,9210,240,0,0,0.001915,0.009222,0.000000,0.000000,1.500000,1.500000,1.389589,1.500000,0.697031,0.951700,1.000000,2.000000,5.888672,-16.369629,0.000000,0.000000
5.3400,9211,240,0,0,0.001963,0.009353,0.000000,0.000000,1.500000,1.500000,1.390813,1.500000,0.703765,0.954200,1.000000,2.000000,5.910645,-16.347656,0.000000,0.000000
5.3500,9212,240,0,0,0.001743,0.008764,0.000000,0.000000,1.500000,1.500000,1.392764,1.500000,0.710499,0.956699,1.000000,2.000000,5.954590,-16.347656,0.000000,0.000000
5.3600,9213,240,0,0,0.001599,0.008705,0.000000,0.000000,1.500000,1.500000,1.394739,1.500000,0.717233,0.959199,1.000000,2.000000,5.976562,-16.347656,0.000000,0.000000
5.3700,9214,240,0,0,0.001489,0.008167,0.000000,0.000000,1.500000,1.500000,1.395998,1.500000,0.723967,0.961699,1.000000,2.000000,5.998535,-16.347656,0.000000,0.000000
5.3800,9215,240,0,0,0.001662,0.007750,0.000000,0.000000,1.500000,1.500000,1.396244,1.500000,0.730702,0.964199,1.000000,2.000000,5.998535,-16.325684,0.000000,0.000000
5.3900,9216,240,0,0,0.001534,0.007962,0.000000,0.000000,1.500000,1.500000,1.397448,1.500000,0.737436,0.966699,1.000000,2.000000,6.020508,-16.325684,0.000000,0.000000
5.4000,9217,240,0,0,0.001612,0.008573,0.000000,0.000000,1.500000,1.500000,1.399096,1.500000,0.744170,0.969199,1.000000,2.000000,6.042480,-16.303711,0.000000,0.000000
5.4100,9218,240,0,0,0.001452,0.009262,0.000000,0.000000,1.500000,1.500000,1.400263,1.500000,0.750904,0.971698,1.000000,2.000000,6.064453,-16.303711,0.000000,0.000000
5.4200,9219,240,0,0,0.001442,0.008346,0.000000,0.000000,1.500000,1.500000,1.400056,1.500000,0.757638,0.974198,1.000000,2.000000,6.064453,-16.281738,0.000000,0.000000
5.4300,9220,240,0,0,0.001301,0.008221,0.000000,0.000000,1.500000,1.500000,1.402004,1.500000,0.764372,0.976698,1.000000,2.000000,6.108398,-16.281738,0.000000,0.000000
5.4400,9221,240,0,0,0.002044,0.007589,0.000000,0.000000,1.500000,1.500000,1.403152,1.500000,0.771106,0.979198,1.000000,2.000000,6.130371,-16.281738,0.000000,0.000000
5.4500,9222,240,0,0,0.001989,0.007751,0.000000,0.000000,1.500000,1.500000,1.402611,1.500000,0.777840,0.981698,1.000000,2.000000,6.152344,-16.281738,0.000000,0.000000
5.4600,9223,240,0,0,0.002185,0.007913,0.000000,0.000000,1.500000,1.500000,1.403349,1.500000,0.784575,0.984197,1.000000,2.000000,6.196289,-16.281738,0.000000,0.000000
5.4700,9224,240,0,0,0.003026,0.008141,0.000000,0.000000,1.500000,1.500000,1.404162,1.500000,0.791309,0.986697,1.000000,2.000000,6.262207,-16.281738,0.000000,0.000000
5.4800,9225,240,0,0,0.003462,0.008189,0.000000,0.000000,1.500000,1.500000,1.406062,1.500000,0.798043,0.989197,1.000000,2.000000,6.350098,-16.303711,0.000000,0.000000
5.4900,9226,240,0,0,0.003607,0.008093,0.000000,0.000000,1.500000,1.500000,1.407170,1.500000,0.804777,0.991697,1.000000,2.000000,6.437988,-16.303711,0.000000,0.000000
5.5000,9227,240,0,0,0.003756,0.008518,0.000000,0.000000,1.500000,1.500000,1.409562,1.500000,0.811511,0.994197,1.000000,2.000000,6.547852,-16.303711,0.000000,0.000000
5.5100,9228,240,0,0,0.003797,0.009135,0.000000,0.000000,1.500000,1.500000,1.412980,1.500000,0.818245,0.996697,1.000000,2.000000,6.745605,-16.325684,0.000000,0.000000
5.5200,9229,240,0,0,0.004697,0.008833,0.000000,0.000000,1.500000,1.500000,1.414421,1.500000,0.824979,0.999196,1.000000,2.000000,6.921387,-16.325684,0.000000,0.000000
5.5300,9230,240,0,0,0.005539,0.008661,0.000000,0.000000,1.500000,1.500000,1.416592,1.500000,0.831713,0.001696,1.000000,2.000000,7.119141,-16.303711,0.000000,0.000000
5.5400,9231,240,0,0,0.004853,0.008374,0.000000,0.000000,1.500000,1.500000,1.416084,1.500000,0.838448,0.004196,1.000000,2.000000,7.338867,-16.303711,0.000000,0.000000
5.5500,9232,240,0,0,0.003951,0.007177,0.000000,0.000000,1.500000,1.500000,1.415142,1.500000,0.845182,0.006696,1.000000,2.000000,7.624512,-16.281738,0.000000,0.000000
5.5600,9233,240,0,0,0.003212,0.005923,0.000000,0.000000,1.500000,1.500000,1.413203,1.500000,0.851916,0.009196,1.000000,2.000000,7.888184,-16.259766,0.000000,0.000000
5.5700,9234,240,0,0,0.003392,0.005589,0.000000,0.000000,1.500000,1.500000,1.411267,1.500000,0.858650,0.011696,1.000000,2.000000,8.173828,-16.259766,0.000000,0.000000
5.5800,9235,240,0,0,0.004723,0.005378,0.000000,0.000000,1.500000,1.500000,1.411158,1.500000,0.865384,0.014196,1.000000,2.000000,8.503418,-16.237793,0.000000,0.000000
5.5900,9237,240,0,0,0.004997,0.006698,0.000000,0.000000,1.422956,1.500000,1.405567,1.500000,0.878852,0.019196,1.000000,2.000000,9.206543,-16.193848,0.000000,0.000000
5.6000,9238,240,0,0,0.005059,0.007342,0.000000,0.000000,1.315142,1.500000,1.402702,1.500000,0.885587,0.021696,1.000000,2.000000,9.602051,-16.149902,0.000000,0.000000
5.6100,9239,240,0,0,0.005742,0.007088,0.000000,0.000000,1.208365,1.500000,1.400433,1.500000,0.892321,0.024196,1.000000,2.000000,10.019531,-16.105957,0.000000,0.000000
5.6200,9240,240,0,0,0.015288,0.006817,0.000000,0.000000,1.108291,1.500000,1.401825,1.500000,0.899055,0.026696,1.000000,2.000000,10.480957,-16.062012,0.000000,0.000000
5.6300,9241,240,0,0,0.025215,0.006976,0.008425,0.000000,1.008816,1.500000,1.403291,1.500000,0.905789,0.029196,1.000000,2.000000,10.986328,-15.974121,0.000000,0.000000
5.6400,9242,240,0,0,0.029842,0.007177,0.036605,0.000000,0.894588,1.500000,1.404764,1.500000,0.912523,0.031696,1.000000,2.000000,11.535645,-15.930176,0.000000,0.000000
5.6500,9243,240,0,0,0.031131,0.007525,0.064061,0.000000,0.781261,1.500000,1.406247,1.500000,0.919257,0.034196,1.000000,2.000000,12.194824,-15.930176,0.000000,0.000000
5.6600,9244,240,0,0,0.029981,0.008062,0.079204,0.000000,0.663538,1.500000,1.407693,1.500000,0.925991,0.036696,1.000000,2.000000,12.919922,-15.930176,0.000000,0.000000
5.6700,9245,240,0,0,0.028668,0.007811,0.083062,0.000000,0.544480,1.500000,1.410143,1.500000,0.932725,0.039196,1.000000,2.000000,13.710938,-15.952148,0.000000,0.000000
5.6800,9246,240,0,0,0.029445,0.007991,0.083625,0.000000,0.437157,1.488148,1.413110,1.500000,0.939460,0.041696,1.000000,2.000000,14.589844,-15.974121,0.000000,0.000000
5.6900,9247,240,0,0,0.031236,0.008201,0.092063,0.000000,0.338432,1.395548,1.417293,1.500000,0.946194,0.044196,2.000000,2.000000,15.534668,-16.018066,0.000000,0.000000
5.7000,9248,240,0,0,0.033085,0.008880,0.099950,0.000000,0.258761,1.316031,1.421027,1.500000,0.952928,0.046696,2.000000,2.000000,16.567383,-16.062012,0.000000,0.000000
5.7100,9249,240,0,0,0.048288,0.009355,0.143207,0.000000,0.197491,1.236627,1.425634,1.500000,0.959662,0.049196,2.000000,2.000000,17.666016,-16.083984,0.000000,0.000000
5.7200,9250,240,0,0,0.061015,0.008848,0.227754,0.000000,0.142792,1.175598,1.430836,1.500000,0.966396,0.051696,2.000000,2.000000,18.786621,-16.127930,0.000000,0.000000
5.7300,9251,240,0,0,0.066091,0.008945,0.309380,0.000000,0.089753,1.127536,1.435997,1.500000,0.973130,0.054196,2.000000,2.000000,19.995117,-16.149902,0.000000,0.000000
5.7400,9252,240,0,0,0.065358,0.008836,0.362669,0.000000,0.036285,1.086933,1.440179,1.500000,0.979864,0.056696,2.000000,2.000000,21.269531,-16.171875,0.000000,0.000000
5.7500,9253,240,0,0,0.070809,0.009896,0.402504,0.000000,0.000000,1.056395,1.447255,1.500000,0.986599,0.059196,2.000000,2.000000,22.587891,-16.193848,0.000000,0.000000
5.7600,9254,240,0,0,0.078990,0.009831,0.458837,0.000000,0.000000,1.027704,1.451266,1.500000,0.993333,0.061696,2.000000,2.000000,23.906250,-16.237793,0.000000,0.000000
5.7700,9255,240,0,0,0.081620,0.009000,0.511741,0.000000,0.000000,1.000185,1.455821,1.500000,0.000067,0.064196,2.000000,2.000000,25.290527,-16.281738,0.000000,0.000000
5.7800,9256,240,0,0,0.079850,0.008176,0.542398,0.000000,0.000000,0.977904,1.458017,1.500000,0.006801,0.066696,2.000000,2.000000,26.718750,-16.303711,0.000000,0.000000
5.7900,9257,240,0,0,0.075303,0.007428,0.547010,0.000000,0.000000,0.951311,1.460899,1.500000,0.013535,0.069196,2.000000,2.000000,28.125000,-16.325684,0.000000,0.000000
5.8000,9258,240,0,0,0.070156,0.006398,0.530937,0.000000,0.000000,0.923230,1.463889,1.500000,0.020269,0.071696,2.000000,2.000000,29.509277,-16.347656,0.000000,0.000000
5.8100,9259,240,0,0,0.064871,0.005936,0.500616,0.000000,0.000000,0.896765,1.465012,1.500000,0.027003,0.074196,2.000000,2.000000,30.805664,-16.347656,0.000000,0.000000
5.8200,9260,240,0,0,0.060246,0.006375,0.463109,0.000000,0.000000,0.870355,1.466456,1.500000,0.033737,0.076696,2.000000,2.000000,32.036133,-16.347656,0.000000,0.000000
5.8300,9261,240,0,0,0.055697,0.006779,0.423295,0.000000,0.000000,0.843836,1.466978,1.500000,0.040471,0.079196,2.000000,2.000000,33.134766,-16.347656,0.000000,0.000000
5.8400,9262,240,0,0,0.052239,0.006822,0.383893,0.000000,0.000000,0.814631,1.466576,1.500000,0.047205,0.081696,2.000000,2.000000,34.123535,-16.347656,0.000000,0.000000
5.8500,9263,240,0,0,0.049277,0.006740,0.347857,0.000000,0.000000,0.785638,1.464747,1.500000,0.053939,0.084196,2.000000,2.000000,35.024414,-16.347656,0.000000,0.000000
5.8600,9264,240,0,0,0.046585,0.006893,0.315859,0.000000,0.000000,0.759797,1.464642,1.500000,0.060673,0.086696,2.000000,2.000000,35.859375,-16.303711,0.000000,0.000000
5.8700,9265,240,0,0,0.044326,0.007140,0.287110,0.000000,0.000000,0.734244,1.464098,1.500000,0.067407,0.089196,2.000000,2.000000,36.650391,-16.281738,0.000000,0.000000
5.8800,9266,240,0,0,0.041691,0.008155,0.260689,0.000000,0.000000,0.706057,1.464153,1.500000,0.074141,0.091696,2.000000,2.000000,37.353516,-16.259766,0.000000,0.000000
5.8900,9267,240,0,0,0.038884,0.008816,0.234190,0.000000,0.000000,0.675486,1.464796,1.500000,0.080875,0.094196,2.000000,2.000000,38.034668,-16.237793,0.000000,0.000000
5.9000,9268,240,0,0,0.036364,0.008875,0.207899,0.000000,0.000000,0.643687,1.465848,1.500000,0.087609,0.096696,2.000000,2.000000,38.649902,-16.215820,0.000000,0.000000
5.9100,9269,240,0,0,0.034683,0.008132,0.184139,0.000000,0.000000,0.611735,1.468997,1.500000,0.094343,0.099196,2.000000,2.000000,39.265137,-16.193848,0.000000,0.000000
5.9200,9270,240,0,0,0.032492,0.008245,0.162266,0.000000,0.000000,0.579271,1.472212,1.500000,0.101077,0.101696,2.000000,2.000000,39.858398,-16.193848,0.000000,0.000000
5.9300,9271,240,0,0,0.030642,0.008093,0.141460,0.000000,0.000000,0.538475,1.473883,1.500000,0.107811,0.104196,2.000000,2.000000,40.407715,-16.193848,0.000000,0.000000
5.9400,9272,240,0,0,0.028405,0.008629,0.120794,0.000000,0.000000,0.499055,1.474968,1.500000,0.114545,0.106696,2.000000,2.000000,40.979004,-16.215820,0.000000,0.000000
5.9500,9273,240,0,0,0.026476,0.009655,0.100119,0.000000,0.000000,0.464904,1.478264,1.500000,0.121279,0.109196,2.000000,2.000000,41.506348,-16.259766,0.000000,0.000000
5.9600,9274,240,0,0,0.024448,0.009937,0.080666,0.000000,0.000000,0.429678,1.484088,1.500000,0.128013,0.111696,2.000000,2.000000,41.989746,-16.281738,0.000000,0.000000
5.9700,9275,240,0,0,0.021886,0.009563,0.059426,0.000000,0.000000,0.393275,1.492453,1.500000,0.134747,0.114196,2.000000,2.000000,42.429199,-16.347656,0.000000,0.000000
5.9800,9276,240,0,0,0.019457,0.008540,0.037808,0.000000,0.000000,0.359713,1.499616,1.500000,0.141481,0.116696,2.000000,2.000000,42.824707,-16.413574,0.000000,0.000000
5.9900,9277,240,0,0,0.015667,0.007957,0.022637,0.000000,0.000000,0.328739,1.500000,1.500000,0.148215,0.119196,3.000000,2.000000,43.110352,-16.501465,0.000000,0.000000
6.0000,9278,240,0,0,0.013622,0.007119,0.013554,0.000000,0.000000,0.292914,1.500000,1.500000,0.154949,0.121696,3.000000,2.000000,43.374023,-16.611328,0.000000,0.000000
6.0100,9279,240,0,0,0.011496,0.006309,0.008115,0.000000,0.000000,0.259469,1.500000,1.500000,0.161683,0.124196,3.000000,2.000000,43.615723,-16.743164,0.000000,0.000000
6.0200,9280,240,0,0,0.009426,0.005128,0.004859,0.000000,0.000000,0.218515,1.500000,1.500000,0.168417,0.126696,3.000000,2.000000,43.791504,-16.875000,0.000000,0.000000
6.0300,9281,240,0,0,0.008234,0.004740,0.002909,0.000000,0.000000,0.164517,1.500000,1.500000,0.175151,0.129196,3.000000,2.000000,43.879395,-17.028809,0.000000,0.000000
6.0400,9282,240,0,0,0.006499,0.005757,0.001742,0.000000,0.000000,0.108622,1.500000,1.500000,0.181885,0.131696,3.000000,2.000000,43.901367,-17.226562,0.000000,0.000000
6.0500,9283,240,0,0,0.005570,0.004807,0.001043,0.000000,0.000000,0.057244,1.500000,1.500000,0.188619,0.134196,3.000000,2.000000,43.923340,-17.380371,0.000000,0.000000
6.0600,9284,240,0,0,0.006198,0.004437,0.000624,0.000000,0.000000,0.012242,1.500000,1.500000,0.195353,0.136695,3.000000,2.000000,43.923340,-17.490234,0.000000,0.000000
6.0700,9285,240,0,0,0.007803,0.004856,0.000374,0.000000,0.000000,0.000000,1.500000,1.500000,0.202087,0.139195,3.000000,2.000000,43.923340,-17.556152,0.000000,0.000000
6.0800,9287,240,0,0,0.010595,0.005019,0.000134,0.000000,0.000000,0.000000,1.500000,1.500000,0.215555,0.144195,3.000000,2.000000,43.879395,-17.644043,0.000000,0.000000
6.0900,9288,240,0,0,0.012278,0.004142,0.000080,0.000000,0.000000,0.000000,1.500000,1.500000,0.222288,0.146695,3.000000,2.000000,43.879395,-17.687988,0.000000,0.000000
6.1000,9289,240,0,0,0.013598,0.003310,0.000048,0.000000,0.000000,0.000000,1.500000,1.500000,0.229022,0.149195,3.000000,2.000000,43.901367,-17.709961,0.000000,0.000000
6.1100,9290,240,0,0,0.013702,0.002795,0.000029,0.000000,0.000000,0.000000,1.500000,1.500000,0.235756,0.151695,3.000000,2.000000,43.945312,-17.709961,0.000000,0.000000
6.1200,9291,240,0,0,0.013860,0.003724,0.000017,0.000000,0.000000,0.000000,1.500000,1.500000,0.242490,0.154195,3.000000,2.000000,44.011230,-17.709961,0.000000,0.000000
6.1300,9292,240,0,0,0.012850,0.003822,0.000010,0.000000,0.000000,0.000000,1.500000,1.500000,0.249224,0.156695,3.000000,2.000000,44.099121,-17.709961,0.000000,0.000000
6.1400,9293,240,0,0,0.011880,0.003064,0.000006,0.000000,0.000000,0.000000,1.500000,1.500000,0.255959,0.159195,3.000000,2.000000,44.187012,-17.753906,0.000000,0.000000
6.1500,9294,240,0,0,0.011628,0.002832,0.000004,0.000000,0.000000,0.000000,1.500000,1.500000,0.262693,0.161695,3.000000,2.000000,44.252930,-17.841797,0.000000,0.000000
6.1600,9295,240,0,0,0.009985,0.003606,0.000002,0.000000,0.000000,0.000000,1.500000,1.500000,0.269427,0.164195,3.000000,2.000000,44.296875,-17.973633,0.000000,0.000000
6.1700,9296,240,0,0,0.009099,0.004082,0.000001,0.000000,0.000000,0.000000,1.500000,1.500000,0.276161,0.166695,3.000000,2.000000,44.296875,-18.171387,0.000000,0.000000
6.1800,9297,240,0,0,0.008127,0.004643,0.000001,0.000000,0.000000,0.000000,1.500000,1.500000,0.282895,0.169195,3.000000,2.000000,44.296875,-18.347168,0.000000,0.000000
6.1900,9298,240,0,0,0.007982,0.005260,0.000000,0.000000,0.000000,0.000000,1.500000,1.500000,0.289629,0.171695,3.000000,2.000000,44.274902,-18.457031,0.000000,0.000000
6.2000,9299,240,0,0,0.008735,0.005683,0.000000,0.000000,0.000000,0.000000,1.500000,1.500000,0.296363,0.174195,3.000000,2.000000,44.208984,-18.522949,0.000000,0.000000
6.2100,9300,240,0,0,0.009117,0.005209,0.000000,0.000000,0.000000,0.000000,1.500000,1.500000,0.303097,0.176695,3.000000,2.000000,44.121094,-18.610840,0.000000,0.000000
6.2200,9301,240,0,0,0.008317,0.005175,0.000000,0.000000,0.000000,0.000000,1.500000,1.500000,0.309832,0.179195,3.000000,2.000000,44.011230,-18.698730,0.000000,0.000000
6.2300,9302,240,0,0,0.008805,0.004166,0.000000,0.000000,0.000000,0.000000,1.500000,1.500000,0.316566,0.181695,3.000000,2.000000,43.901367,-18.764648,0.000000,0.000000
6.2400,9303,240,0,0,0.009573,0.004119,0.000000,0.000000,0.000000,0.000000,1.500000,1.500000,0.323300,0.184195,3.000000,2.000000,43.835449,-18.808594,0.000000,0.000000
6.2500,9304,240,0,0,0.008641,0.004016,0.000000,0.000000,0.000000,0.000000,1.500000,1.500000,0.330034,0.186695,3.000000,2.000000,43.791504,-18.830566,0.000000,0.000000
6.2600,9305,240,0,0,0.008343,0.004506,0.000000,0.000000,0.000000,0.000000,1.500000,1.500000,0.336768,0.189195,3.000000,2.000000,43.791504,-18.852539,0.000000,0.000000
6.2700,9306,240,0,0,0.007355,0.005704,0.000000,0.000000,0.000000,0.000000,1.500000,1.500000,0.343502,0.191695,3.000000,2.000000,43.813477,-18.874512,0.000000,0.000000
6.2800,9307,240,0,0,0.005999,0.006099,0.000000,0.000000,0.000000,0.000000,1.500000,1.500000,0.350236,0.194195,3.000000,2.000000,43.813477,-18.896484,0.000000,0.000000
6.2900,9308,240,0,0,0.005099,0.006814,0.000000,0.000000,0.000000,0.000000,1.500000,1.500000,0.356971,0.196695,3.000000,2.000000,43.813477,-18.918457,0.000000,0.000000
6.3000,9309,240,0,0,0.007075,0.006868,0.000000,0.000000,0.008321,0.000000,1.500000,1.500000,0.363705,0.199195,3.000000,2.000000,43.813477,-18.940430,0.000000,0.000000
6.3100,9310,240,0,0,0.012890,0.007398,0.000000,0.000000,0.051467,0.000000,1.500000,1.500000,0.370439,0.201695,3.000000,2.000000,43.813477,-18.984375,0.000000,0.000000
6.3200,9311,240,0,0,0.017656,0.007672,0.000000,0.000000,0.091425,0.000000,1.500000,1.500000,0.377173,0.204195,3.000000,2.000000,43.835449,-19.028320,0.000000,0.000000
6.3300,9312,240,0,0,0.019528,0.006442,0.000000,0.000000,0.135058,0.000000,1.500000,1.500000,0.383907,0.206695,3.000000,2.000000,43.835449,-19.094238,0.000000,0.000000
6.3400,9313,240,0,0,0.019394,0.005785,0.000000,0.000000,0.183011,0.000000,1.500000,1.500000,0.390641,0.209195,3.000000,2.000000,43.769531,-19.182129,0.000000,0.000000
6.3500,9314,240,0,0,0.017654,0.006693,0.000000,0.000000,0.225920,0.074967,1.500000,1.500000,0.397375,0.211695,3.000000,2.000000,43.681641,-19.291992,0.000000,0.000000
6.3600,9315,240,0,0,0.015795,0.007522,0.000000,0.000000,0.258062,0.211471,1.500000,1.500000,0.404109,0.214194,3.000000,2.000000,43.571777,-19.423828,0.000000,0.000000
6.3700,9316,240,0,0,0.014352,0.008071,0.000000,0.000000,0.288603,0.344301,1.500000,1.500000,0.410844,0.216694,3.000000,2.000000,43.417969,-19.599609,0.000000,0.000000
6.3800,9317,240,0,0,0.017031,0.008719,0.000000,0.000000,0.314564,0.477122,1.500000,1.500000,0.417578,0.219194,0.000000,2.000000,43.198242,-19.797363,0.000000,0.000000
6.3900,9318,240,0,0,0.025117,0.008261,0.008916,0.000000,0.340139,0.612773,1.500000,1.500000,0.424312,0.221694,0.000000,2.000000,42.956543,-20.104980,0.000000,0.000000
6.4000,9319,240,0,0,0.029141,0.008076,0.035438,0.000000,0.363982,0.756724,1.500000,1.500000,0.431046,0.224194,0.000000,2.000000,42.714844,-20.544434,0.000000,0.000000
6.4100,9320,240,0,0,0.033910,0.006190,0.066096,0.000000,0.389682,0.902000,1.415144,1.500000,0.437780,0.226694,0.000000,2.000000,42.451172,-21.071777,0.000000,0.000000
6.4200,9321,240,0,0,0.039287,0.005559,0.107329,0.000000,0.413048,1.043757,1.312077,1.500000,0.444514,0.229194,0.000000,2.000000,42.121582,-21.511230,0.000000,0.000000
6.4300,9322,240,0,0,0.042883,0.011098,0.146245,0.000000,0.440033,1.188217,1.221967,1.500000,0.451248,0.231694,0.000000,2.000000,41.726074,-21.862793,0.000000,0.000000
6.4400,9323,240,0,0,0.049792,0.019574,0.193175,0.000000,0.464709,1.325217,1.139655,1.500000,0.002500,0.234194,1.000000,2.000000,41.264648,-22.192383,0.000000,0.000000
6.4500,9324,240,0,0,0.052084,0.025277,0.237594,0.006499,0.497268,1.454788,1.060861,1.500000,0.005000,0.236694,1.000000,2.000000,40.803223,-22.412109,0.000000,0.000000
6.4600,9325,240,0,0,0.052602,0.028124,0.268570,0.019046,0.526075,1.500000,0.988102,1.500000,0.007500,0.239194,1.000000,2.000000,40.144043,-22.543945,0.000000,0.000000
6.4700,9326,240,0,0,0.053092,0.027524,0.288730,0.028427,0.552911,1.500000,0.919582,1.500000,0.010000,0.241694,1.000000,2.000000,39.462891,-22.653809,0.000000,0.000000
6.4800,9327,240,0,0,0.056116,0.025777,0.306988,0.030062,0.578221,1.500000,0.858916,1.500000,0.012500,0.244194,1.000000,2.000000,38.671875,-22.719727,0.000000,0.000000
6.4900,9328,240,0,0,0.059912,0.024618,0.333837,0.028802,0.609127,1.500000,0.796752,1.500000,0.015000,0.246694,1.000000,2.000000,37.902832,-22.653809,0.000000,0.000000
6.5000,9329,240,0,0,0.060670,0.022311,0.357639,0.024087,0.640452,1.500000,0.734763,1.500000,0.017500,0.249194,1.000000,2.000000,37.133789,-22.434082,0.000000,0.000000
6.5100,9330,240,0,0,0.062347,0.020327,0.375046,0.016847,0.674520,1.500000,0.671769,1.500000,0.020000,0.251694,1.000000,2.000000,36.342773,-22.060547,0.000000,0.000000
6.5200,9331,240,0,0,0.063353,0.016699,0.391838,0.010099,0.707934,1.500000,0.606552,1.500000,0.022500,0.254194,1.000000,2.000000,35.507812,-21.555176,0.000000,0.000000
6.5300,9332,240,0,0,0.062447,0.013202,0.401262,0.006046,0.744897,1.500000,0.545030,1.500000,0.025000,0.256694,1.000000,2.000000,34.650879,-20.961914,0.000000,0.000000
6.5400,9333,240,0,0,0.060433,0.012372,0.400820,0.003620,0.780579,1.500000,0.488115,1.500000,0.027500,0.259194,1.000000,2.000000,33.750000,-20.280762,0.000000,0.000000
6.5500,9334,240,0,0,0.059142,0.012409,0.392230,0.002168,0.811366,1.500000,0.435646,1.500000,0.030000,0.261695,1.000000,2.000000,32.871094,-19.467773,0.000000,0.000000
6.5600,9335,240,0,0,0.062519,0.012206,0.393373,0.001298,0.840117,1.500000,0.390170,1.500000,0.032500,0.264195,1.000000,2.000000,31.992188,-18.588867,0.000000,0.000000
6.5700,9337,240,0,0,0.063534,0.014946,0.412877,0.000465,0.897591,1.500000,0.301229,1.500000,0.037500,0.269195,1.000000,2.000000,30.322266,-16.567383,0.000000,0.000000
6.5800,9338,240,0,0,0.062233,0.019074,0.413741,0.000279,0.921247,1.500000,0.259308,1.500000,0.040000,0.271695,1.000000,2.000000,29.531250,-15.490723,0.000000,0.000000
6.5900,9339,240,0,0,0.059167,0.023811,0.405306,0.004537,0.944349,1.500000,0.217032,1.462132,0.042500,0.274195,1.000000,2.000000,28.762207,-14.392090,0.000000,0.000000
6.6000,9340,240,0,0,0.055212,0.025402,0.384912,0.012938,0.961882,1.500000,0.173008,1.417043,0.045000,0.276695,1.000000,2.000000,28.037109,-13.315430,0.000000,0.000000
6.6100,9341,240,0,0,0.051183,0.028030,0.358562,0.021672,0.977169,1.500000,0.125227,1.373247,0.047500,0.279195,1.000000,2.000000,27.312012,-12.238770,0.000000,0.000000
6.6200,9342,240,0,0,0.046788,0.034941,0.325325,0.038052,0.993714,1.500000,0.084461,1.335598,0.050000,0.281695,1.000000,2.000000,26.630859,-11.206055,0.000000,0.000000
6.6300,9343,240,0,0,0.044386,0.038666,0.293372,0.059452,1.003837,1.500000,0.044301,1.300395,0.052500,0.284196,1.000000,2.000000,25.971680,-10.217285,0.000000,0.000000
6.6400,9344,240,0,0,0.041643,0.041465,0.263678,0.078196,1.011542,1.500000,0.014081,1.258992,0.055000,0.286696,1.000000,2.000000,25.334473,-9.294434,0.000000,0.000000
6.6500,9345,240,0,0,0.041913,0.043936,0.240987,0.095217,1.016897,1.500000,0.000000,1.213233,0.057500,0.289196,1.000000,2.000000,24.763184,-8.371582,0.000000,0.000000
6.6600,9346,240,0,0,0.042006,0.044020,0.230025,0.107839,1.014741,1.500000,0.000000,1.158568,0.060000,0.291696,1.000000,2.000000,24.213867,-7.492676,0.000000,0.000000
6.6700,9347,240,0,0,0.039830,0.040802,0.218535,0.111481,1.004209,1.500000,0.000000,1.111112,0.062500,0.294196,1.000000,2.000000,23.664551,-6.591797,0.000000,0.000000
6.6800,9348,240,0,0,0.037161,0.037000,0.201210,0.105344,0.993070,1.500000,0.000000,1.072497,0.065000,0.296696,1.000000,2.000000,23.093262,-5.690918,0.000000,0.000000
6.6900,9349,240,0,0,0.035355,0.035369,0.182437,0.096395,0.975950,1.500000,0.000000,1.047128,0.067500,0.299196,1.000000,2.000000,22.543945,-4.812012,0.000000,0.000000
6.7000,9350,240,0,0,0.033496,0.033522,0.164464,0.087850,0.956583,1.500000,0.000000,1.025096,0.070000,0.301696,1.000000,2.000000,21.994629,-3.889160,0.000000,0.000000
6.7100,9351,240,0,0,0.032081,0.031337,0.147839,0.078474,0.937898,1.500000,0.000000,1.005331,0.072500,0.304197,1.000000,2.000000,21.467285,-2.944336,0.000000,0.000000
6.7200,9352,240,0,0,0.032850,0.028141,0.135659,0.066878,0.914155,1.500000,0.000000,0.985926,0.075000,0.306697,1.000000,2.000000,20.895996,-1.999512,0.000000,0.000000
6.7300,9353,240,0,0,0.033329,0.025525,0.133231,0.053321,0.890476,1.500000,0.000000,0.966449,0.077500,0.309197,1.000000,2.000000,20.346680,-1.032715,0.000000,0.000000
6.7400,9354,240,0,0,0.031472,0.024262,0.127791,0.042078,0.864495,1.500000,0.000000,0.953116,0.080000,0.311697,1.000000,2.000000,19.775391,-0.065918,0.000000,0.000000
6.7500,9355,240,0,0,0.028280,0.021519,0.114210,0.030861,0.837672,1.500000,0.000000,0.940747,0.082500,0.314197,1.000000,2.000000,19.248047,0.900879,0.000000,0.000000
6.7600,9356,240,0,0,0.024662,0.018479,0.092416,0.019027,0.812948,1.500000,0.000000,0.935021,0.085000,0.316697,1.000000,2.000000,18.742676,1.867676,0.000000,0.000000
6.7700,9357,240,0,0,0.021496,0.015484,0.065982,0.011392,0.791279,1.500000,0.000000,0.924330,0.087500,0.319197,1.000000,2.000000,18.303223,2.878418,0.000000,0.000000
6.7800,9358,240,0,0,0.019955,0.012533,0.040853,0.006821,0.774747,1.500000,0.000000,0.915483,0.090000,0.321697,1.000000,2.000000,17.951660,3.867188,0.000000,0.000000
6.7900,9359,240,0,0,0.021123,0.009847,0.026761,0.004084,0.758653,1.500000,0.000000,0.906522,0.092500,0.324197,1.000000,2.000000,17.687988,4.833984,0.000000,0.000000
6.8000,9360,240,0,0,0.023787,0.007547,0.025507,0.002445,0.751050,1.500000,0.000000,0.898642,0.095000,0.326698,1.000000,2.000000,17.490234,5.778809,0.000000,0.000000
6.8100,9361,240,0,0,0.026071,0.006276,0.036495,0.001464,0.741700,1.500000,0.000000,0.891393,0.097500,0.329198,1.000000,2.000000,17.270508,6.745605,0.000000,0.000000
6.8200,9362,240,0,0,0.025088,0.005395,0.043931,0.000877,0.729553,1.500000,0.000000,0.886321,0.100000,0.331698,1.000000,2.000000,16.962891,7.712402,0.000000,0.000000
6.8300,9363,240,0,0,0.024113,0.004403,0.043983,0.000525,0.716093,1.500000,0.000000,0.879705,0.102500,0.334198,1.000000,2.000000,16.611328,8.723145,0.000000,0.000000
6.8400,9364,240,0,0,0.022209,0.003374,0.037983,0.000314,0.702165,1.500000,0.000000,0.872847,0.105000,0.336698,1.000000,2.000000,16.237793,9.733887,0.000000,0.000000
6.8500,9365,240,0,0,0.020427,0.002701,0.026963,0.000188,0.697734,1.500000,0.000000,0.867837,0.107500,0.339198,1.000000,2.000000,15.930176,10.744629,0.000000,0.000000
6.8600,9366,240,0,0,0.019045,0.002456,0.016286,0.000113,0.686357,1.500000,0.000000,0.861736,0.109999,0.341698,1.000000,2.000000,15.578613,11.733398,0.000000,0.000000
6.8700,9367,240,0,0,0.016888,0.002873,0.009751,0.000067,0.684788,1.500000,0.000000,0.859485,0.112499,0.344198,1.000000,2.000000,15.227051,12.744141,0.000000,0.000000
6.8800,9368,240,0,0,0.014845,0.002504,0.005838,0.000040,0.682650,1.500000,0.000000,0.856639,0.114999,0.346699,1.000000,2.000000,14.919434,13.710938,0.000000,0.000000
6.8900,9369,240,0,0,0.014305,0.002218,0.003496,0.000024,0.676439,1.500000,0.000000,0.852920,0.117499,0.349199,1.000000,2.000000,14.611816,14.655762,0.000000,0.000000
6.9000,9370,240,0,0,0.016938,0.002719,0.002093,0.000014,0.674273,1.500000,0.000000,0.849896,0.119999,0.351699,1.000000,2.000000,14.326172,15.578613,0.000000,0.000000
6.9100,9371,240,0,0,0.018465,0.002750,0.001253,0.000009,0.671802,1.500000,0.000000,0.845167,0.122499,0.354199,1.000000,2.000000,14.062500,16.457520,0.000000,0.000000
6.9200,9372,240,0,0,0.018201,0.002426,0.000750,0.000005,0.671488,1.500000,0.000000,0.842235,0.124999,0.356699,1.000000,2.000000,13.820801,17.336426,0.000000,0.000000
6.9300,9373,240,0,0,0.017699,0.002039,0.000449,0.000003,0.666227,1.500000,0.000000,0.834370,0.127499,0.359199,1.000000,2.000000,13.579102,18.149414,0.000000,0.000000
6.9400,9374,240,0,0,0.016472,0.002627,0.000269,0.000002,0.662149,1.500000,0.000000,0.828679,0.129999,0.361699,1.000000,2.000000,13.381348,18.940430,0.000000,0.000000
6.9500,9375,240,0,0,0.014543,0.003762,0.000161,0.000001,0.658740,1.500000,0.000000,0.822942,0.132499,0.364199,1.000000,2.000000,13.227539,19.687500,0.000000,0.000000
6.9600,9376,240,0,0,0.013626,0.005148,0.000096,0.000001,0.652638,1.500000,0.000000,0.818845,0.134999,0.366699,1.000000,2.000000,13.029785,20.390625,0.000000,0.000000
6.9700,9377,240,0,0,0.013153,0.005104,0.000058,0.000000,0.642006,1.500000,0.000000,0.811838,0.137499,0.369200,1.000000,2.000000,12.854004,21.049805,0.000000,0.000000
6.9800,9378,240,0,0,0.012814,0.004693,0.000035,0.000000,0.632531,1.500000,0.000000,0.805757,0.139999,0.371700,1.000000,2.000000,12.744141,21.665039,0.000000,0.000000
6.9900,9379,240,0,0,0.012647,0.005220,0.000021,0.000000,0.621682,1.500000,0.000000,0.801118,0.142499,0.374200,1.000000,2.000000,12.612305,22.236328,0.000000,0.000000
7.0000,9380,240,0,0,0.013906,0.005200,0.000012,0.000000,0.614644,1.500000,0.000000,0.792822,0.144999,0.376700,1.000000,2.000000,12.436523,22.719727,0.000000,0.000000
7.0100,9381,240,0,0,0.013799,0.005091,0.000007,0.000000,0.604055,1.500000,0.000000,0.787211,0.147499,0.379200,1.000000,2.000000,12.260742,23.181152,0.000000,0.000000
7.0200,9382,240,0,0,0.015260,0.005719,0.000004,0.000000,0.589808,1.500000,0.000000,0.779247,0.149999,0.381700,1.000000,2.000000,12.062988,23.554688,0.000000,0.000000
7.0300,9383,240,0,0,0.016467,0.005380,0.000003,0.000000,0.575277,1.500000,0.000000,0.774156,0.152499,0.384200,1.000000,2.000000,11.799316,23.906250,0.000000,0.000000
7.0400,9384,240,0,0,0.014956,0.005494,0.000002,0.000000,0.558871,1.500000,0.000000,0.769492,0.154999,0.386700,1.000000,2.000000,11.535645,24.213867,0.000000,0.000000
7.0500,9385,240,0,0,0.014288,0.005961,0.000001,0.000000,0.537836,1.500000,0.000000,0.764548,0.157499,0.389201,1.000000,2.000000,11.337891,24.499512,0.000000,0.000000
7.0600,9387,240,0,0,0.016644,0.008539,0.000000,0.000000,0.503841,1.500000,0.000000,0.751115,0.162499,0.394201,1.000000,2.000000,11.074219,24.895020,0.000000,0.000000
7.0700,9388,240,0,0,0.019942,0.008794,0.000000,0.000000,0.478411,1.500000,0.000000,0.746447,0.164999,0.396701,1.000000,2.000000,10.986328,25.092773,0.000000,0.000000
7.0800,9389,240,0,0,0.021064,0.008810,0.002739,0.000000,0.449382,1.500000,0.000000,0.741584,0.167499,0.399201,1.000000,2.000000,10.898438,25.246582,0.000000,0.000000
7.0900,9390,240,0,0,0.019657,0.008358,0.002777,0.000000,0.417863,1.500000,0.000000,0.736482,0.169999,0.401701,1.000000,2.000000,10.810547,25.246582,0.000000,0.000000
7.1000,9391,240,0,0,0.018515,0.006808,0.001663,0.000000,0.391513,1.500000,0.000000,0.730622,0.172499,0.404201,1.000000,2.000000,10.722656,25.224609,0.000000,0.000000
7.1100,9392,240,0,0,0.022244,0.005239,0.004607,0.000000,0.368362,1.500000,0.000000,0.724107,0.174999,0.406701,1.000000,2.000000,10.612793,25.202637,0.000000,0.000000
7.1200,9393,240,0,0,0.026042,0.004250,0.020555,0.000000,0.341607,1.500000,0.000000,0.723422,0.177499,0.409201,2.000000,2.000000,10.524902,25.158691,0.000000,0.000000
7.1300,9394,240,0,0,0.028371,0.003933,0.041408,0.000000,0.317028,1.500000,0.000000,0.720078,0.179999,0.411702,2.000000,2.000000,10.480957,25.136719,0.000000,0.000000
7.1400,9395,240,0,0,0.028001,0.003485,0.057826,0.000000,0.296226,1.500000,0.000000,0.717794,0.182499,0.414202,2.000000,2.000000,10.458984,25.092773,0.000000,0.000000
7.1500,9396,240,0,0,0.026190,0.002850,0.061668,0.000000,0.271152,1.500000,0.000000,0.712446,0.184999,0.416702,2.000000,2.000000,10.393066,25.048828,0.000000,0.000000
7.1600,9397,240,0,0,0.025088,0.005194,0.058290,0.000000,0.243845,1.500000,0.000000,0.700958,0.187498,0.419202,2.000000,2.000000,10.305176,24.982910,0.000000,0.000000
7.1700,9398,240,0,0,0.024990,0.008107,0.054661,0.000000,0.219755,1.500000,0.000000,0.691187,0.189998,0.421702,2.000000,2.000000,10.195312,24.916992,0.000000,0.000000
7.1800,9399,240,0,0,0.025500,0.008708,0.052597,0.000000,0.189681,1.500000,0.000000,0.684660,0.192498,0.424202,2.000000,2.000000,10.063477,24.851074,0.000000,0.000000
7.1900,9400,240,0,0,0.025580,0.008480,0.053583,0.000000,0.161944,1.500000,0.000000,0.684241,0.194998,0.426702,2.000000,2.000000,9.931641,24.719238,0.000000,0.000000
7.2000,9401,240,0,0,0.026662,0.009306,0.055502,0.000000,0.121745,1.500000,0.000000,0.675222,0.197498,0.429202,2.000000,2.000000,9.733887,24.345703,0.000000,0.000000
7.2100,9402,240,0,0,0.027158,0.009856,0.060960,0.000000,0.073491,1.500000,0.000000,0.653677,0.199998,0.431702,2.000000,2.000000,9.448242,23.862305,0.000000,0.000000
7.2200,9403,240,0,0,0.026384,0.012637,0.062110,0.000000,0.013919,1.500000,0.000000,0.661505,0.202498,0.434203,2.000000,2.000000,9.118652,23.269043,0.000000,0.000000
7.2300,9404,240,0,0,0.025855,0.016173,0.060940,0.000000,0.000000,1.500000,0.110976,0.687261,0.204998,0.436703,2.000000,2.000000,8.789062,22.741699,0.000000,0.000000
7.2400,9405,240,0,0,0.024360,0.016965,0.055552,0.000000,0.000000,1.500000,0.247516,0.643074,0.207498,0.439203,2.000000,2.000000,8.503418,22.456055,0.000000,0.000000
7.2500,9406,240,0,0,0.024286,0.016571,0.049586,0.000000,0.000000,1.500000,0.364513,0.681711,0.209998,0.441703,2.000000,2.000000,8.239746,22.302246,0.000000,0.000000
7.2600,9407,240,0,0,0.024985,0.016047,0.047907,0.000000,0.000000,1.500000,0.453299,0.813501,0.212498,0.444203,2.000000,2.000000,7.954102,22.214355,0.000000,0.000000
7.2700,9408,240,0,0,0.025864,0.017498,0.050457,0.000000,0.000000,1.500000,0.513903,1.017887,0.214998,0.446703,2.000000,2.000000,7.668457,22.104492,0.000000,0.000000
7.2800,9409,240,0,0,0.024576,0.020431,0.049749,0.000113,0.000000,1.500000,0.556990,1.254495,0.217498,0.449203,2.000000,2.000000,7.514648,22.060547,0.000000,0.000000
7.2900,9410,240,0,0,0.025345,0.024419,0.049016,0.006327,0.000000,1.500000,0.592174,1.490946,0.219998,0.451703,2.000000,2.000000,7.382812,21.994629,0.000000,0.000000
7.3000,9411,240,0,0,0.025915,0.025233,0.052029,0.014845,0.000000,1.500000,0.620132,1.500000,0.222498,0.454204,2.000000,2.000000,7.272949,21.708984,0.000000,0.000000
7.3100,9412,240,0,0,0.026095,0.023416,0.054258,0.017561,0.000000,1.500000,0.648419,1.500000,0.224998,0.456704,2.000000,2.000000,7.141113,21.005859,0.000000,0.000000
7.3200,9413,240,0,0,0.027189,0.022750,0.059465,0.016133,0.000000,1.500000,0.679647,1.500000,0.227498,0.459204,2.000000,2.000000,7.031250,20.061035,0.000000,0.000000
7.3300,9414,240,0,0,0.028133,0.026407,0.065593,0.019794,0.000000,1.500000,0.712706,1.500000,0.229998,0.461704,2.000000,2.000000,6.921387,19.094238,0.000000,0.000000
7.3400,9415,240,0,0,0.028858,0.028897,0.073193,0.028805,0.000000,1.500000,0.744527,1.500000,0.232498,0.464204,2.000000,2.000000,6.877441,18.193359,0.000000,0.000000
7.3500,9416,240,0,0,0.028625,0.029858,0.077524,0.037341,0.000000,1.500000,0.774165,1.500000,0.234998,0.466704,2.000000,2.000000,6.921387,17.424316,0.000000,0.000000
7.3600,9417,240,0,0,0.029023,0.031295,0.081176,0.045002,0.000000,1.500000,0.799819,1.500000,0.237498,0.469204,2.000000,2.000000,7.053223,16.787109,0.000000,0.000000
7.3700,9418,240,0,0,0.028985,0.031754,0.083096,0.051318,0.000000,1.500000,0.821550,1.500000,0.239998,0.471704,2.000000,2.000000,7.229004,16.281738,0.000000,0.000000
7.3800,9419,240,0,0,0.031123,0.034879,0.088740,0.058295,0.000000,1.500000,0.840811,1.500000,0.242498,0.474204,2.000000,2.000000,7.426758,15.776367,0.000000,0.000000
7.3900,9420,240,0,0,0.033498,0.038681,0.102288,0.071544,0.000000,1.500000,0.856267,1.500000,0.244998,0.476705,2.000000,2.000000,7.778320,15.292969,0.000000,0.000000
7.4000,9421,240,0,0,0.033411,0.038434,0.114041,0.082273,0.000000,1.473495,0.867591,1.500000,0.247498,0.479205,2.000000,2.000000,8.239746,14.743652,0.000000,0.000000
7.4100,9422,240,0,0,0.032045,0.036948,0.117059,0.085793,0.000000,1.320924,0.877464,1.500000,0.249998,0.481705,2.000000,2.000000,8.767090,14.150391,0.000000,0.000000
7.4200,9423,240,0,0,0.030625,0.036514,0.113258,0.086401,0.000000,1.180402,0.885911,1.500000,0.252498,0.484205,2.000000,2.000000,9.404297,13.513184,0.000000,0.000000
7.4300,9424,240,0,0,0.027752,0.034508,0.103107,0.084194,0.000000,1.054580,0.892865,1.500000,0.254998,0.486705,2.000000,2.000000,10.085449,12.875977,0.000000,0.000000
7.4400,9425,240,0,0,0.025005,0.035404,0.085515,0.081024,0.000000,0.938185,0.899018,1.500000,0.257498,0.489205,2.000000,2.000000,10.810547,12.216797,0.000000,0.000000
7.4500,9426,240,0,0,0.022029,0.039895,0.063908,0.086628,0.000000,0.825182,0.902976,1.500000,0.259998,0.491705,2.000000,2.000000,11.557617,11.557617,0.000000,0.000000
7.4600,9427,240,0,0,0.019382,0.040964,0.040199,0.095479,0.000000,0.719967,0.905711,1.500000,0.262498,0.494205,2.000000,2.000000,12.304688,10.876465,0.000000,0.000000
7.4700,9428,240,0,0,0.017007,0.039605,0.024069,0.099635,0.000000,0.628048,0.907658,1.500000,0.264998,0.496706,2.000000,2.000000,13.029785,10.217285,0.000000,0.000000
7.4800,9429,240,0,0,0.015797,0.037575,0.014411,0.098609,0.000000,0.541830,0.909754,1.500000,0.267498,0.499206,2.000000,2.000000,13.732910,9.536133,0.000000,0.000000
7.4900,9430,240,0,0,0.014982,0.034202,0.008628,0.091961,0.000000,0.461210,0.912532,1.500000,0.269999,0.501706,2.000000,2.000000,14.414062,8.833008,0.000000,0.000000
7.5000,9431,240,0,0,0.013676,0.030345,0.005166,0.079987,0.000000,0.382577,0.914182,1.500000,0.272499,0.504205,2.000000,2.000000,15.073242,8.085938,0.000000,0.000000
7.5100,9432,240,0,0,0.013042,0.028557,0.003093,0.066959,0.000000,0.307891,0.916115,1.500000,0.274999,0.506705,3.000000,2.000000,15.710449,7.316895,0.000000,0.000000
7.5200,9433,240,0,0,0.011756,0.027573,0.001852,0.057141,0.000000,0.241733,0.917824,1.500000,0.277499,0.509205,3.000000,2.000000,16.369629,6.503906,0.000000,0.000000
7.5300,9434,240,0,0,0.009305,0.023696,0.001109,0.045703,0.000000,0.171762,0.920167,1.500000,0.279999,0.511705,3.000000,2.000000,17.138672,5.603027,0.000000,0.000000
7.5400,9435,240,0,0,0.007306,0.020682,0.000664,0.031095,0.000000,0.106583,0.924318,1.500000,0.282499,0.514205,3.000000,2.000000,17.951660,4.680176,0.000000,0.000000
7.5500,9437,240,0,0,0.006849,0.019260,0.000238,0.011959,0.000000,0.000000,0.927866,1.500000,0.287499,0.519204,3.000000,2.000000,19.665527,2.878418,0.000000,0.000000
7.5600,9438,240,0,0,0.007351,0.016355,0.000143,0.007160,0.000000,0.000000,0.932420,1.500000,0.290000,0.521704,3.000000,2.000000,20.588379,1.999512,0.000000,0.000000
7.5700,9439,240,0,0,0.008139,0.013050,0.000085,0.004287,0.000000,0.000000,0.935480,1.500000,0.292500,0.524204,3.000000,2.000000,21.511230,1.142578,0.000000,0.000000
7.5800,9440,240,0,0,0.007720,0.012278,0.000051,0.002567,0.000000,0.000000,0.940007,1.500000,0.295000,0.526704,3.000000,2.000000,22.478027,0.307617,0.000000,0.000000
7.5900,9441,240,0,0,0.006891,0.012046,0.000031,0.001537,0.000000,0.000000,0.944379,1.500000,0.297500,0.529204,3.000000,2.000000,23.488770,-0.439453,0.000000,0.000000
7.6000,9442,240,0,0,0.006056,0.009775,0.000018,0.000920,0.000000,0.000000,0.945741,1.500000,0.300000,0.531703,3.000000,2.000000,24.543457,-1.186523,0.000000,0.000000
7.6100,9443,240,0,0,0.005160,0.007639,0.000011,0.000551,0.000000,0.000000,0.948343,1.500000,0.302500,0.534203,3.000000,2.000000,25.620117,-1.911621,0.000000,0.000000
7.6200,9444,240,0,0,0.004707,0.006853,0.000007,0.000330,0.000000,0.000000,0.950504,1.500000,0.305000,0.536703,3.000000,2.000000,26.696777,-2.636719,0.000000,0.000000
7.6300,9445,240,0,0,0.004690,0.007438,0.000004,0.000198,0.000000,0.000000,0.953542,1.500000,0.307500,0.539203,3.000000,2.000000,27.795410,-3.339844,0.000000,0.000000
7.6400,9446,240,0,0,0.004501,0.009296,0.000002,0.000118,0.000000,0.000000,0.955170,1.500000,0.310000,0.541703,3.000000,2.000000,28.894043,-4.064941,0.000000,0.000000
7.6500,9447,240,0,0,0.004870,0.011259,0.000001,0.000071,0.000000,0.000000,0.956649,1.500000,0.312501,0.544203,3.000000,2.000000,29.970703,-4.790039,0.000000,0.000000
7.6600,9448,240,0,0,0.005467,0.012452,0.000001,0.000042,0.000000,0.000000,0.958085,1.500000,0.315001,0.546702,3.000000,2.000000,31.069336,-5.493164,0.000000,0.000000
7.6700,9449,240,0,0,0.006666,0.012177,0.000001,0.000025,0.000000,0.000000,0.959809,1.500000,0.317501,0.549202,3.000000,2.000000,32.145996,-6.196289,0.000000,0.000000
7.6800,9450,240,0,0,0.007715,0.009883,0.000000,0.000015,0.000000,0.000000,0.962949,1.500000,0.320001,0.551702,3.000000,2.000000,33.222656,-6.877441,0.000000,0.000000
7.6900,9451,240,0,0,0.008186,0.008697,0.000000,0.000009,0.000000,0.000000,0.965296,1.500000,0.322501,0.554202,3.000000,2.000000,34.233398,-7.558594,0.000000,0.000000
7.7000,9452,240,0,0,0.008482,0.007938,0.000000,0.000005,0.000000,0.000000,0.969769,1.500000,0.325001,0.556702,3.000000,2.000000,35.222168,-8.239746,0.000000,0.000000
7.7100,9453,240,0,0,0.007199,0.006299,0.000000,0.000003,0.000000,0.000000,0.972337,1.500000,0.327501,0.559201,3.000000,2.000000,36.210938,-8.920898,0.000000,0.000000
7.7200,9454,240,0,0,0.005601,0.005508,0.000000,0.000002,0.000000,0.000000,0.977110,1.500000,0.330001,0.561701,3.000000,2.000000,37.177734,-9.602051,0.000000,0.000000
7.7300,9455,240,0,0,0.004378,0.004976,0.000000,0.000001,0.000000,0.000000,0.983056,1.500000,0.332502,0.564201,3.000000,2.000000,38.144531,-10.261230,0.000000,0.000000
7.7400,9456,240,0,0,0.003560,0.006486,0.000000,0.000001,0.000000,0.000000,0.990759,1.500000,0.335002,0.566701,3.000000,2.000000,39.067383,-10.942383,0.000000,0.000000
7.7500,9457,240,0,0,0.003843,0.008431,0.000000,0.000000,0.000000,0.000000,0.999730,1.500000,0.337502,0.569201,3.000000,2.000000,39.968262,-11.579590,0.000000,0.000000
7.7600,9458,240,0,0,0.005280,0.011590,0.000000,0.000000,0.000000,0.000000,1.009777,1.500000,0.340002,0.571701,3.000000,2.000000,40.825195,-12.238770,0.000000,0.000000
7.7700,9459,240,0,0,0.006577,0.013973,0.000000,0.000000,0.000000,0.000000,1.019634,1.500000,0.342502,0.574200,3.000000,2.000000,41.682129,-12.854004,0.000000,0.000000
7.7800,9460,240,0,0,0.006347,0.014658,0.000000,0.000000,0.000000,0.000000,1.029553,1.500000,0.345002,0.576700,3.000000,2.000000,42.495117,-13.403320,0.000000,0.000000
7.7900,9461,240,0,0,0.005625,0.015763,0.000000,0.000000,0.000000,0.000000,1.040152,1.500000,0.347502,0.579200,3.000000,2.000000,43.286133,-13.886719,0.000000,0.000000
7.8000,9462,240,0,0,0.004916,0.016647,0.000000,0.000000,0.000000,0.000000,1.050295,1.500000,0.350002,0.581700,3.000000,2.000000,44.033203,-14.326172,0.000000,0.000000
7.8100,9463,240,0,0,0.004366,0.017396,0.000000,0.000000,0.000000,0.000000,1.058739,1.500000,0.352502,0.584200,3.000000,2.000000,44.714355,-14.677734,0.000000,0.000000
7.8200,9464,240,0,0,0.004333,0.018141,0.000000,0.000000,0.000000,0.000000,1.067474,1.500000,0.355003,0.586699,3.000000,2.000000,45.373535,-15.051270,0.000000,0.000000
7.8300,9465,240,0,0,0.005060,0.019445,0.000000,0.000000,0.000000,0.000000,1.075531,1.500000,0.357503,0.589199,3.000000,2.000000,45.966797,-15.380859,0.000000,0.000000
7.8400,9466,240,0,0,0.005840,0.019768,0.000000,0.000000,0.000000,0.000000,1.083264,1.500000,0.360003,0.591699,3.000000,2.000000,46.516113,-15.710449,0.000000,0.000000
7.8500,9467,240,0,0,0.007202,0.019666,0.000000,0.000000,0.000000,0.000000,1.089239,1.500000,0.362503,0.594199,3.000000,2.000000,47.021484,-15.996094,0.000000,0.000000
7.8600,9468,240,0,0,0.006312,0.019698,0.000000,0.000000,0.000000,0.000000,1.095095,1.500000,0.365003,0.596699,3.000000,2.000000,47.482910,-16.259766,0.000000,0.000000
7.8700,9469,240,0,0,0.005779,0.019119,0.000000,0.000000,0.000000,0.000000,1.099726,1.500000,0.367503,0.599199,3.000000,2.000000,47.856445,-16.391602,0.000000,0.000000
7.8800,9470,240,0,0,0.006362,0.019018,0.000000,0.000000,0.000000,0.000000,1.103393,1.500000,0.370003,0.601698,3.000000,2.000000,48.208008,-16.567383,0.000000,0.000000
7.8900,9471,240,0,0,0.007226,0.018886,0.000000,0.000000,0.000000,0.000000,1.107215,1.500000,0.372503,0.604198,3.000000,2.000000,48.537598,-16.655273,0.000000,0.000000
7.9000,9472,240,0,0,0.007931,0.018815,0.000000,0.000000,0.000000,0.000000,1.110200,1.500000,0.375004,0.606698,3.000000,2.000000,48.889160,-16.721191,0.000000,0.000000
7.9100,9473,240,0,0,0.009045,0.018795,0.000000,0.000000,0.000000,0.000000,1.111171,1.500000,0.377504,0.609198,3.000000,2.000000,49.196777,-16.809082,0.000000,0.000000
7.9200,9474,240,0,0,0.011098,0.017012,0.000000,0.000000,0.000000,0.000000,1.112219,1.500000,0.380004,0.611698,3.000000,2.000000,49.394531,-16.809082,0.000000,0.000000
7.9300,9475,240,0,0,0.014240,0.014752,0.000000,0.000000,0.000000,0.000000,1.111117,1.500000,0.382504,0.614197,3.000000,2.000000,49.570312,-16.765137,0.000000,0.000000
7.9400,9476,240,0,0,0.017267,0.017496,0.000000,0.000000,0.000000,0.000000,1.108325,1.500000,0.385004,0.616697,3.000000,2.000000,49.702148,-16.721191,0.000000,0.000000
7.9500,9477,240,0,0,0.020613,0.021989,0.000575,0.001488,0.000000,0.000000,1.104083,1.500000,0.387504,0.619197,3.000000,2.000000,49.790039,-16.765137,0.000000,0.000000
7.9600,9478,240,0,0,0.022417,0.024966,0.007560,0.009068,0.000000,0.000000,1.096580,1.500000,0.390004,0.621697,3.000000,2.000000,49.877930,-16.853027,0.000000,0.000000
7.9700,9479,240,0,0,0.023501,0.025635,0.016967,0.017495,0.000000,0.000000,1.087969,1.500000,0.392504,0.624197,3.000000,2.000000,49.987793,-16.984863,0.000000,0.000000
7.9800,9480,240,0,0,0.024985,0.023308,0.026446,0.019917,0.000000,0.000000,1.078581,1.500000,0.395004,0.626697,3.000000,2.000000,50.075684,-17.072754,0.000000,0.000000
7.9900,9481,240,0,0,0.025918,0.020841,0.038557,0.015636,0.000000,0.000000,1.067556,1.500000,0.397505,0.629196,3.000000,2.000000,50.119629,-17.094727,0.000000,0.000000
8.0000,9482,240,0,0,0.025491,0.020169,0.045000,0.009841,0.000000,0.000000,1.055947,1.500000,0.400005,0.631696,3.000000,2.000000,50.119629,-17.182617,0.000000,0.000000
8.0100,9483,240,0,0,0.024989,0.019397,0.047131,0.005937,0.000000,0.000000,1.042279,1.500000,0.402505,0.634196,3.000000,2.000000,50.097656,-17.380371,0.000000,0.000000
8.0200,9484,240,0,0,0.023288,0.018923,0.044265,0.003555,0.000000,0.000000,1.029028,1.500000,0.405005,0.636696,3.000000,2.000000,50.053711,-17.578125,0.000000,0.000000
8.0300,9485,240,0,0,0.020510,0.018316,0.032748,0.002128,0.000000,0.000000,1.015049,1.500000,0.407505,0.639196,3.000000,2.000000,49.987793,-17.731934,0.000000,0.000000
8.0400,9487,240,0,0,0.015124,0.015874,0.011786,0.000763,0.000000,0.000000,0.981162,1.500000,0.412505,0.644195,3.000000,2.000000,49.768066,-18.149414,0.000000,0.000000
8.0500,9488,240,0,0,0.013227,0.014437,0.007057,0.000457,0.000000,0.000000,0.964345,1.500000,0.415005,0.646695,3.000000,2.000000,49.636230,-18.522949,0.000000,0.000000
8.0600,9489,240,0,0,0.010815,0.014744,0.004225,0.000274,0.000000,0.000000,0.944244,1.500000,0.417506,0.649195,3.000000,2.000000,49.482422,-18.786621,0.000000,0.000000
8.0700,9490,240,0,0,0.008716,0.015062,0.002530,0.000164,0.000000,0.000000,0.915888,1.500000,0.420006,0.651695,3.000000,2.000000,49.306641,-18.962402,0.000000,0.000000
8.0800,9491,240,0,0,0.006803,0.015283,0.001515,0.000098,0.000000,0.000000,0.874991,1.500000,0.422506,0.654195,3.000000,2.000000,49.108887,-19.182129,0.000000,0.000000
8.0900,9492,240,0,0,0.006773,0.015852,0.000907,0.000059,0.000000,0.000000,0.822474,1.500000,0.425006,0.656694,3.000000,2.000000,48.933105,-19.423828,0.000000,0.000000
8.1000,9493,240,0,0,0.007083,0.020218,0.000543,0.000092,0.000000,0.000000,0.757918,1.500000,0.427506,0.659194,3.000000,2.000000,48.757324,-19.709473,0.000000,0.000000
8.1100,9494,240,0,0,0.012175,0.022807,0.000325,0.004553,0.000000,0.000000,0.675642,1.500000,0.430006,0.661694,3.000000,2.000000,48.603516,-20.039062,0.000000,0.000000
8.1200,9495,240,0,0,0.013675,0.022963,0.000195,0.008961,0.000000,0.159841,0.578619,1.500000,0.432506,0.664194,3.000000,2.000000,48.427734,-20.346680,0.000000,0.000000
8.1300,9496,240,0,0,0.017174,0.023154,0.000117,0.011732,0.000000,0.581388,0.480765,1.500000,0.435006,0.666694,0.000000,2.000000,48.120117,-20.588379,0.000000,0.000000
8.1400,9497,240,0,0,0.024804,0.022336,0.008822,0.013067,0.000000,0.977900,0.379319,1.500000,0.437506,0.669193,0.000000,2.000000,47.614746,-20.830078,0.000000,0.000000
8.1500,9498,240,0,0,0.029581,0.019195,0.035787,0.009222,0.000000,1.327711,0.268657,1.500000,0.440007,0.671693,0.000000,2.000000,46.889648,-21.071777,0.000000,0.000000
8.1600,9499,240,0,0,0.031477,0.021343,0.063216,0.006174,0.167193,1.500000,0.159804,1.500000,0.442507,0.674193,0.000000,2.000000,46.076660,-21.357422,0.000000,0.000000
8.1700,9500,240,0,0,0.040569,0.025695,0.100714,0.012307,0.321459,1.500000,0.070751,1.500000,0.445007,0.676693,0.000000,2.000000,45.263672,-21.621094,0.000000,0.000000
8.1800,9501,240,0,0,0.050558,0.032341,0.164746,0.025957,0.472771,1.500000,0.001363,1.500000,0.447507,0.679193,0.000000,2.000000,44.428711,-21.884766,0.000000,0.000000
8.1900,9502,240,0,0,0.054195,0.045410,0.226825,0.057800,0.618163,1.500000,0.000000,1.500000,0.003344,0.681693,1.000000,2.000000,43.615723,-22.126465,0.000000,0.000000
8.2000,9503,240,0,0,0.055450,0.053856,0.271965,0.099598,0.753209,1.500000,0.000000,1.500000,0.008919,0.684192,1.000000,2.000000,42.846680,-22.258301,0.000000,0.000000
8.2100,9504,240,0,0,0.054334,0.056271,0.299035,0.134665,0.878118,1.500000,0.000000,1.500000,0.014493,0.686692,1.000000,2.000000,42.077637,-22.412109,0.000000,0.000000
8.2200,9505,240,0,0,0.051631,0.054269,0.306762,0.154782,0.991284,1.500000,0.000000,1.500000,0.020067,0.689192,1.000000,2.000000,41.286621,-22.500000,0.000000,0.000000
8.2300,9506,240,0,0,0.048121,0.049304,0.298985,0.158895,1.093299,1.500000,0.000000,1.500000,0.025641,0.691692,1.000000,2.000000,40.517578,-22.324219,0.000000,0.000000
8.2400,9507,240,0,0,0.042994,0.042765,0.276637,0.148818,1.183459,1.500000,0.000000,1.500000,0.031215,0.694192,1.000000,2.000000,39.770508,-21.818848,0.000000,0.000000
8.2500,9508,240,0,0,0.040213,0.035602,0.246979,0.127988,1.264988,1.500000,0.000000,1.500000,0.036789,0.696691,1.000000,2.000000,38.979492,-21.027832,0.000000,0.000000
8.2600,9509,240,0,0,0.040008,0.029270,0.225860,0.101490,1.332539,1.500000,0.000000,1.500000,0.042363,0.699191,1.000000,2.000000,38.188477,-20.104980,0.000000,0.000000
8.2700,9510,240,0,0,0.039406,0.023990,0.212017,0.073352,1.399719,1.500000,0.000000,1.500000,0.047938,0.701691,1.000000,2.000000,37.397461,-19.072266,0.000000,0.000000
8.2800,9511,240,0,0,0.039736,0.020289,0.202547,0.047824,1.453487,1.500000,0.000000,1.487188,0.053512,0.704191,1.000000,2.000000,36.650391,-17.951660,0.000000,0.000000
8.2900,9512,240,0,0,0.041707,0.015392,0.201566,0.028634,1.499541,1.500000,0.000000,1.404834,0.059086,0.706691,1.000000,2.000000,35.969238,-16.765137,0.000000,0.000000
8.3000,9513,240,0,0,0.044893,0.011675,0.212827,0.017144,1.500000,1.500000,0.000000,1.324129,0.064660,0.709191,1.000000,2.000000,35.332031,-15.534668,0.000000,0.000000
8.3100,9514,240,0,0,0.045676,0.009576,0.226859,0.010265,1.500000,1.500000,0.000000,1.237695,0.070234,0.711690,1.000000,2.000000,34.672852,-14.326172,0.000000,0.000000
8.3200,9515,240,0,0,0.045763,0.008352,0.235251,0.006146,1.500000,1.500000,0.000000,1.158210,0.075808,0.714190,1.000000,2.000000,34.013672,-13.117676,0.000000,0.000000
8.3300,9516,240,0,0,0.045527,0.013904,0.240488,0.003680,1.500000,1.500000,0.000000,1.069528,0.081383,0.716690,1.000000,2.000000,33.310547,-11.953125,0.000000,0.000000
8.3400,9517,240,0,0,0.043691,0.019520,0.238931,0.002203,1.500000,1.500000,0.000000,0.998084,0.086957,0.719190,1.000000,2.000000,32.607422,-10.832520,0.000000,0.000000
8.3500,9518,240,0,0,0.041938,0.021701,0.231538,0.003713,1.500000,1.500000,0.000000,0.939420,0.092531,0.721690,1.000000,2.000000,31.904297,-9.755859,0.000000,0.000000
8.3600,9519,240,0,0,0.041057,0.022128,0.220760,0.006305,1.500000,1.500000,0.000000,0.891653,0.098105,0.724189,1.000000,2.000000,31.223145,-8.767090,0.000000,0.000000
8.3700,9520,240,0,0,0.041029,0.021437,0.213681,0.007865,1.500000,1.500000,0.000000,0.850749,0.103679,0.726689,1.000000,2.000000,30.563965,-7.800293,0.000000,0.000000
8.3800,9521,240,0,0,0.040563,0.019911,0.208597,0.005877,1.500000,1.500000,0.000000,0.817176,0.109253,0.729189,1.000000,2.000000,29.860840,-6.855469,0.000000,0.000000
8.3900,9522,240,0,0,0.039280,0.018547,0.202122,0.003519,1.500000,1.500000,0.000000,0.793670,0.114827,0.731689,1.000000,2.000000,29.157715,-5.910645,0.000000,0.000000
8.4000,9523,240,0,0,0.036586,0.017196,0.190134,0.002107,1.500000,1.500000,0.000000,0.770174,0.120402,0.734189,1.000000,2.000000,28.476562,-4.921875,0.000000,0.000000
8.4100,9524,240,0,0,0.033749,0.015878,0.171766,0.001261,1.500000,1.500000,0.000000,0.750198,0.125976,0.736689,1.000000,2.000000,27.773438,-3.933105,0.000000,0.000000
8.4200,9525,240,0,0,0.030075,0.013647,0.147842,0.000755,1.500000,1.500000,0.000000,0.735311,0.131550,0.739188,1.000000,2.000000,27.092285,-2.922363,0.000000,0.000000
8.4300,9526,240,0,0,0.026290,0.011622,0.118988,0.000452,1.500000,1.500000,0.000000,0.718516,0.137124,0.741688,1.000000,2.000000,26.433105,-1.867676,0.000000,0.000000
8.4400,9527,240,0,0,0.023226,0.009953,0.088522,0.000271,1.500000,1.500000,0.000000,0.704819,0.142698,0.744188,1.000000,2.000000,25.795898,-0.812988,0.000000,0.000000
8.4500,9528,240,0,0,0.020790,0.008393,0.059455,0.000162,1.500000,1.500000,0.000000,0.690529,0.148272,0.746688,1.000000,2.000000,25.158691,0.219727,0.000000,0.000000
8.4600,9529,240,0,0,0.019312,0.007399,0.036290,0.000097,1.500000,1.500000,0.000000,0.676875,0.153846,0.749188,1.000000,2.000000,24.587402,1.296387,0.000000,0.000000
8.4700,9530,240,0,0,0.016982,0.006375,0.021728,0.000058,1.500000,1.500000,0.000000,0.665344,0.159420,0.751687,1.000000,2.000000,23.994141,2.373047,0.000000,0.000000
8.4800,9531,240,0,0,0.015371,0.005228,0.013010,0.000035,1.500000,1.500000,0.000000,0.655837,0.164994,0.754187,1.000000,2.000000,23.400879,3.405762,0.000000,0.000000
8.4900,9532,240,0,0,0.014282,0.004368,0.007789,0.000021,1.500000,1.500000,0.000000,0.646564,0.170568,0.756687,1.000000,2.000000,22.829590,4.416504,0.000000,0.000000
8.5000,9533,240,0,0,0.012699,0.003539,0.004664,0.000012,1.500000,1.500000,0.000000,0.640411,0.176142,0.759187,1.000000,2.000000,22.258301,5.405273,0.000000,0.000000
8.5100,9534,240,0,0,0.012199,0.003092,0.002792,0.000007,1.500000,1.500000,0.000000,0.636825,0.181716,0.761687,1.000000,2.000000,21.708984,6.394043,0.000000,0.000000
8.5200,9535,240,0,0,0.011884,0.002551,0.001672,0.000004,1.500000,1.500000,0.000000,0.628039,0.187291,0.764187,1.000000,2.000000,21.159668,7.360840,0.000000,0.000000
8.5300,9537,240,0,0,0.010546,0.002438,0.000599,0.000002,1.494189,1.500000,0.000000,0.618143,0.198439,0.769186,1.000000,2.000000,20.083008,9.250488,0.000000,0.000000
8.5400,9538,240,0,0,0.009886,0.002187,0.000359,0.000001,1.462498,1.500000,0.000000,0.613763,0.204013,0.771686,1.000000,2.000000,19.577637,10.173340,0.000000,0.000000
8.5500,9539,240,0,0,0.008917,0.001921,0.000215,0.000001,1.425798,1.500000,0.000000,0.609789,0.209587,0.774186,1.000000,2.000000,19.050293,11.074219,0.000000,0.000000
8.5600,9540,240,0,0,0.007729,0.001671,0.000129,0.000000,1.390133,1.500000,0.000000,0.604481,0.215161,0.776686,1.000000,2.000000,18.544922,11.997070,0.000000,0.000000
8.5700,9541,240,0,0,0.007578,0.001532,0.000077,0.000000,1.352961,1.500000,0.000000,0.600821,0.220735,0.779185,1.000000,2.000000,18.017578,12.941895,0.000000,0.000000
8.5800,9542,240,0,0,0.007200,0.002267,0.000046,0.000000,1.324850,1.500000,0.000000,0.597520,0.226309,0.781685,1.000000,2.000000,17.490234,13.864746,0.000000,0.000000
8.5900,9543,240,0,0,0.006850,0.002820,0.000028,0.000000,1.297211,1.500000,0.000000,0.596777,0.231883,0.784185,1.000000,2.000000,16.962891,14.809570,0.000000,0.000000
8.6000,9544,240,0,0,0.006954,0.003358,0.000017,0.000000,1.276447,1.500000,0.000000,0.594204,0.237457,0.786685,1.000000,2.000000,16.457520,15.776367,0.000000,0.000000
8.6100,9545,240,0,0,0.006307,0.004184,0.000010,0.000000,1.252804,1.500000,0.000000,0.594061,0.243031,0.789185,1.000000,2.000000,15.930176,16.743164,0.000000,0.000000
8.6200,9546,240,0,0,0.005576,0.005486,0.000006,0.000000,1.229919,1.500000,0.000000,0.592891,0.248605,0.791685,1.000000,2.000000,15.424805,17.666016,0.000000,0.000000
8.6300,9547,240,0,0,0.005305,0.006182,0.000004,0.000000,1.204659,1.500000,0.000000,0.590587,0.254180,0.794184,1.000000,2.000000,14.941406,18.566895,0.000000,0.000000
8.6400,9548,240,0,0,0.005018,0.006534,0.000002,0.000000,1.183775,1.500000,0.000000,0.589727,0.259754,0.796684,1.000000,2.000000,14.479980,19.423828,0.000000,0.000000
8.6500,9549,240,0,0,0.005381,0.007427,0.000001,0.000000,1.168224,1.500000,0.000000,0.586251,0.265328,0.799184,1.000000,2.000000,14.062500,20.214844,0.000000,0.000000
8.6600,9550,240,0,0,0.005563,0.007776,0.000001,0.000000,1.159205,1.500000,0.000000,0.584719,0.270902,0.801684,1.000000,2.000000,13.666992,20.983887,0.000000,0.000000
8.6700,9551,240,0,0,0.005651,0.007555,0.000000,0.000000,1.152994,1.500000,0.000000,0.585025,0.276477,0.804184,1.000000,2.000000,13.227539,21.665039,0.000000,0.000000
8.6800,9552,240,0,0,0.005398,0.007601,0.000000,0.000000,1.149445,1.500000,0.000000,0.585093,0.282051,0.806683,1.000000,2.000000,12.832031,22.280273,0.000000,0.000000
8.6900,9553,240,0,0,0.005170,0.006982,0.000000,0.000000,1.147004,1.500000,0.000000,0.585707,0.287625,0.809183,1.000000,2.000000,12.458496,22.829590,0.000000,0.000000
8.7000,9554,240,0,0,0.004652,0.005967,0.000000,0.000000,1.144638,1.500000,0.000000,0.585821,0.293199,0.811683,1.000000,2.000000,12.062988,23.312988,0.000000,0.000000
8.7100,9555,240,0,0,0.004588,0.004792,0.000000,0.000000,1.145538,1.500000,0.000000,0.586009,0.298773,0.814183,1.000000,2.000000,11.733398,23.730469,0.000000,0.000000
8.7200,9556,240,0,0,0.003934,0.004372,0.000000,0.000000,1.146134,1.500000,0.000000,0.584315,0.304348,0.816683,1.000000,2.000000,11.403809,24.125977,0.000000,0.000000
8.7300,9557,240,0,0,0.003405,0.003721,0.000000,0.000000,1.148271,1.500000,0.000000,0.585967,0.309922,0.819183,1.000000,2.000000,11.052246,24.433594,0.000000,0.000000
8.7400,9558,240,0,0,0.002860,0.003409,0.000000,0.000000,1.150653,1.500000,0.000000,0.585095,0.315496,0.821682,1.000000,2.000000,10.744629,24.697266,0.000000,0.000000
8.7500,9559,240,0,0,0.002620,0.003006,0.000000,0.000000,1.151420,1.500000,0.000000,0.585316,0.321070,0.824182,1.000000,2.000000,10.480957,24.895020,0.000000,0.000000
8.7600,9560,240,0,0,0.002543,0.002646,0.000000,0.000000,1.152478,1.500000,0.000000,0.584235,0.326645,0.826682,1.000000,2.000000,10.217285,25.026855,0.000000,0.000000
8.7700,9561,240,0,0,0.002298,0.002620,0.000000,0.000000,1.150093,1.500000,0.000000,0.584770,0.332219,0.829182,1.000000,2.000000,9.953613,25.180664,0.000000,0.000000
8.7800,9562,240,0,0,0.002333,0.002787,0.000000,0.000000,1.148307,1.500000,0.000000,0.585723,0.337793,0.831682,1.000000,2.000000,9.733887,25.290527,0.000000,0.000000
8.7900,9563,240,0,0,0.002036,0.002982,0.000000,0.000000,1.150412,1.500000,0.000000,0.585836,0.343367,0.834181,1.000000,2.000000,9.536133,25.290527,0.000000,0.000000
8.8000,9564,240,0,0,0.001905,0.002974,0.000000,0.000000,1.150518,1.500000,0.000000,0.587084,0.348941,0.836681,1.000000,2.000000,9.360352,25.268555,0.000000,0.000000
8.8100,9565,240,0,0,0.002736,0.002739,0.000000,0.000000,1.151829,1.500000,0.000000,0.587524,0.354516,0.839181,1.000000,2.000000,9.206543,25.268555,0.000000,0.000000
8.8200,9566,240,0,0,0.004929,0.003776,0.000000,0.000000,1.153786,1.500000,0.000000,0.588537,0.360090,0.841681,1.000000,2.000000,9.074707,25.268555,0.000000,0.000000
8.8300,9567,240,0,0,0.005668,0.004069,0.000000,0.000000,1.154582,1.500000,0.000000,0.589007,0.365664,0.844181,1.000000,2.000000,8.898926,25.268555,0.000000,0.000000
8.8400,9568,240,0,0,0.005539,0.003470,0.000000,0.000000,1.156415,1.500000,0.000000,0.587284,0.371238,0.846681,1.000000,2.000000,8.701172,25.224609,0.000000,0.000000
8.8500,9569,240,0,0,0.006054,0.002851,0.000000,0.000000,1.161807,1.500000,0.000000,0.590908,0.376813,0.849180,1.000000,2.000000,8.459473,25.136719,0.000000,0.000000
8.8600,9570,240,0,0,0.006674,0.002972,0.000000,0.000000,1.168615,1.500000,0.000000,0.588385,0.382387,0.851680,1.000000,2.000000,8.239746,25.048828,0.000000,0.000000
8.8700,9571,240,0,0,0.006198,0.002965,0.000000,0.000000,1.173316,1.500000,0.000000,0.588939,0.387961,0.854180,1.000000,2.000000,7.998047,24.960938,0.000000,0.000000
8.8800,9572,240,0,0,0.005563,0.003331,0.000000,0.000000,1.173322,1.500000,0.000000,0.591231,0.393535,0.856680,1.000000,2.000000,7.778320,24.873047,0.000000,0.000000
8.8900,9573,240,0,0,0.005968,0.004513,0.000000,0.000000,1.169186,1.500000,0.000000,0.593276,0.399109,0.859180,1.000000,2.000000,7.580566,24.763184,0.000000,0.000000
8.9000,9574,240,0,0,0.006538,0.009929,0.000000,0.000000,1.151914,1.500000,0.000000,0.594675,0.404684,0.861679,1.000000,2.000000,7.338867,24.609375,0.000000,0.000000
8.9100,9575,240,0,0,0.008534,0.012812,0.000000,0.000000,1.122884,1.500000,0.000000,0.583918,0.410258,0.864179,1.000000,2.000000,7.053223,24.367676,0.000000,0.000000
8.9200,9576,240,0,0,0.009458,0.012917,0.000000,0.000000,1.077234,1.500000,0.000000,0.547246,0.415832,0.866679,1.000000,2.000000,6.767578,23.972168,0.000000,0.000000
8.9300,9577,240,0,0,0.009346,0.013036,0.000000,0.000000,1.005939,1.500000,0.000000,0.513341,0.421406,0.869179,1.000000,2.000000,6.525879,23.378906,0.000000,0.000000
8.9400,9578,240,0,0,0.009566,0.017137,0.000000,0.000000,0.911258,1.500000,0.000000,0.535359,0.426981,0.871679,1.000000,2.000000,6.306152,22.631836,0.000000,0.000000
8.9500,9579,240,0,0,0.010402,0.023954,0.000000,0.003517,0.780857,1.500000,0.000000,0.555384,0.432555,0.874179,1.000000,2.000000,6.086426,21.906738,0.000000,0.000000
8.9600,9580,240,0,0,0.009876,0.026902,0.000000,0.014367,0.625052,1.500000,0.104643,0.594821,0.438129,0.876678,1.000000,2.000000,5.888672,21.313477,0.000000,0.000000
8.9700,9581,240,0,0,0.009902,0.027781,0.000000,0.024452,0.421351,1.500000,0.257731,0.700357,0.443703,0.879178,1.000000,2.000000,5.734863,20.917969,0.000000,0.000000
8.9800,9582,240,0,0,0.009480,0.026792,0.000000,0.030288,0.122685,1.500000,0.386414,0.829824,0.449278,0.881678,2.000000,2.000000,5.581055,20.786133,0.000000,0.000000
8.9900,9583,240,0,0,0.010398,0.026150,0.000000,0.030794,0.000000,1.500000,0.485557,0.973506,0.454852,0.884178,2.000000,2.000000,5.471191,20.698242,0.000000,0.000000
9.0000,9584,240,0,0,0.011705,0.025783,0.000000,0.030780,0.000000,1.500000,0.559917,1.109371,0.460426,0.886678,2.000000,2.000000,5.383301,20.610352,0.000000,0.000000
9.0100,9585,240,0,0,0.012162,0.026549,0.000000,0.030753,0.000000,1.500000,0.614453,1.238116,0.466000,0.889178,2.000000,2.000000,5.295410,20.478516,0.000000,0.000000
9.0200,9587,240,0,0,0.018689,0.038457,0.000000,0.060228,0.000000,1.500000,0.697378,1.457049,0.477149,0.894177,2.000000,2.000000,5.141602,19.379883,0.000000,0.000000
9.0300,9588,240,0,0,0.026631,0.043209,0.014904,0.080938,0.000000,1.500000,0.732003,1.500000,0.482723,0.896677,2.000000,2.000000,5.075684,18.500977,0.000000,0.000000
9.0400,9589,240,0,0,0.028557,0.044982,0.040756,0.100111,0.000000,1.500000,0.766149,1.500000,0.488297,0.899177,2.000000,2.000000,5.119629,17.534180,0.000000,0.000000
9.0500,9590,240,0,0,0.030285,0.043064,0.061503,0.110446,0.000000,1.500000,0.801935,1.500000,0.493871,0.901677,2.000000,2.000000,5.295410,16.589355,0.000000,0.000000
9.0600,9591,240,0,0,0.029990,0.043235,0.077408,0.114207,0.000000,1.500000,0.836762,1.500000,0.499446,0.904176,2.000000,2.000000,5.668945,15.688477,0.000000,0.000000
9.0700,9592,240,0,0,0.025805,0.044378,0.076094,0.118736,0.000000,1.335775,0.871520,1.500000,0.505020,0.906676,2.000000,2.000000,6.240234,14.875488,0.000000,0.000000
9.0800,9593,240,0,0,0.023857,0.044160,0.062928,0.122530,0.000000,1.183320,0.902096,1.500000,0.510594,0.909176,2.000000,2.000000,6.921387,14.106445,0.000000,0.000000
9.0900,9594,240,0,0,0.026860,0.041467,0.056720,0.121191,0.000000,1.047021,0.928975,1.500000,0.516168,0.911676,2.000000,2.000000,7.690430,13.359375,0.000000,0.000000
9.1000,9595,240,0,0,0.038319,0.037444,0.085144,0.112334,0.000000,0.939233,0.954215,1.500000,0.521742,0.914176,2.000000,2.000000,8.525391,12.634277,0.000000,0.000000
9.1100,9596,240,0,0,0.050680,0.034369,0.151973,0.100068,0.000000,0.851716,0.975777,1.500000,0.527317,0.916676,2.000000,2.000000,9.426270,11.931152,0.000000,0.000000
9.1200,9597,240,0,0,0.058032,0.031249,0.229058,0.086267,0.000000,0.772130,0.995400,1.500000,0.532891,0.919175,2.000000,2.000000,10.305176,11.250000,0.000000,0.000000
9.1300,9598,240,0,0,0.059657,0.029090,0.290398,0.072806,0.000000,0.699867,1.016321,1.500000,0.538465,0.921675,2.000000,2.000000,11.228027,10.568848,0.000000,0.000000
9.1400,9599,240,0,0,0.057329,0.025600,0.323078,0.058462,0.000000,0.640905,1.038070,1.500000,0.544039,0.924175,2.000000,2.000000,12.150879,9.865723,0.000000,0.000000
9.1500,9600,240,0,0,0.054146,0.022502,0.331602,0.042345,0.000000,0.581586,1.058155,1.500000,0.549614,0.926675,2.000000,2.000000,13.095703,9.162598,0.000000,0.000000
9.1600,9601,240,0,0,0.049691,0.025747,0.320785,0.033739,0.000000,0.528692,1.078981,1.489300,0.555188,0.929175,2.000000,2.000000,14.062500,8.459473,0.000000,0.000000
9.1700,9602,240,0,0,0.051443,0.029574,0.307587,0.037460,0.000000,0.476775,1.099865,1.474075,0.560762,0.931674,2.000000,2.000000,15.007324,7.712402,0.000000,0.000000
9.1800,9603,240,0,0,0.058773,0.030984,0.323438,0.044418,0.000000,0.425692,1.119663,1.462599,0.566336,0.934174,2.000000,2.000000,15.974121,6.921387,0.000000,0.000000
9.1900,9604,240,0,0,0.062423,0.031652,0.354324,0.050940,0.000000,0.374974,1.140335,1.456586,0.571911,0.936674,2.000000,2.000000,16.962891,6.064453,0.000000,0.000000
9.2000,9605,240,0,0,0.061865,0.030424,0.376842,0.053527,0.000000,0.326040,1.157916,1.450977,0.577485,0.939174,3.000000,2.000000,17.929688,5.207520,0.000000,0.000000
9.2100,9606,240,0,0,0.059128,0.029238,0.382548,0.052519,0.000000,0.281736,1.176494,1.441677,0.583059,0.941674,3.000000,2.000000,18.896484,4.372559,0.000000,0.000000
9.2200,9607,240,0,0,0.054433,0.026699,0.370861,0.048082,0.000000,0.238196,1.190111,1.428283,0.588633,0.944174,3.000000,2.000000,19.819336,3.559570,0.000000,0.000000
9.2300,9608,240,0,0,0.050513,0.024252,0.346339,0.039587,0.000000,0.199287,1.202310,1.411891,0.594207,0.946673,3.000000,2.000000,20.764160,2.724609,0.000000,0.000000
9.2400,9609,240,0,0,0.047511,0.021745,0.319075,0.029756,0.000000,0.161513,1.215083,1.397079,0.599782,0.949173,3.000000,2.000000,21.730957,1.889648,0.000000,0.000000
9.2500,9610,240,0,0,0.044734,0.019579,0.291693,0.018848,0.000000,0.127646,1.224184,1.383187,0.605356,0.951673,3.000000,2.000000,22.697754,0.988770,0.000000,0.000000
9.2600,9611,240,0,0,0.041423,0.016133,0.263171,0.011285,0.000000,0.094487,1.232895,1.375377,0.610930,0.954173,3.000000,2.000000,23.664551,0.087891,0.000000,0.000000
9.2700,9612,240,0,0,0.038383,0.012501,0.234338,0.006757,0.000000,0.061142,1.240001,1.367642,0.616504,0.956673,3.000000,2.000000,24.631348,-0.791016,0.000000,0.000000
9.2800,9613,240,0,0,0.034837,0.009680,0.203621,0.004045,0.000000,0.033538,1.245279,1.358700,0.622079,0.959172,3.000000,2.000000,25.598145,-1.669922,0.000000,0.000000
9.2900,9614,240,0,0,0.030884,0.009079,0.170460,0.002422,0.000000,0.009339,1.251386,1.349902,0.627653,0.961672,3.000000,2.000000,26.520996,-2.526855,0.000000,0.000000
9.3000,9615,240,0,0,0.027720,0.009371,0.136728,0.001450,0.000000,0.000000,1.255537,1.343292,0.633227,0.964172,3.000000,2.000000,27.465820,-3.383789,0.000000,0.000000
9.3100,9616,240,0,0,0.024626,0.009888,0.105029,0.000868,0.000000,0.000000,1.260778,1.340934,0.638801,0.966672,3.000000,2.000000,28.410645,-4.218750,0.000000,0.000000
9.3200,9617,240,0,0,0.021961,0.011432,0.074530,0.000520,0.000000,0.000000,1.263364,1.337279,0.644375,0.969172,3.000000,2.000000,29.377441,-5.031738,0.000000,0.000000
9.3300,9618,240,0,0,0.019011,0.012110,0.046430,0.000311,0.000000,0.000000,1.263960,1.335373,0.649950,0.971672,3.000000,2.000000,30.344238,-5.800781,0.000000,0.000000
9.3400,9619,240,0,0,0.016467,0.012421,0.027800,0.000186,0.000000,0.000000,1.263949,1.332325,0.655524,0.974171,3.000000,2.000000,31.311035,-6.525879,0.000000,0.000000
9.3500,9620,240,0,0,0.014624,0.011439,0.016645,0.000112,0.000000,0.000000,1.263280,1.330951,0.661098,0.976671,3.000000,2.000000,32.299805,-7.207031,0.000000,0.000000
9.3600,9621,240,0,0,0.013075,0.011165,0.009966,0.000067,0.000000,0.000000,1.263356,1.327236,0.666672,0.979171,3.000000,2.000000,33.244629,-7.844238,0.000000,0.000000
9.3700,9622,240,0,0,0.011564,0.010839,0.005967,0.000040,0.000000,0.000000,1.263992,1.325637,0.672247,0.981671,3.000000,2.000000,34.189453,-8.437500,0.000000,0.000000
9.3800,9623,240,0,0,0.010084,0.009913,0.003573,0.000024,0.000000,0.000000,1.265537,1.323298,0.677821,0.984171,3.000000,2.000000,35.134277,-9.008789,0.000000,0.000000
9.3900,9624,240,0,0,0.008678,0.009902,0.002139,0.000014,0.000000,0.000000,1.265921,1.324877,0.683395,0.986670,3.000000,2.000000,36.079102,-9.536133,0.000000,0.000000
9.4000,9625,240,0,0,0.007638,0.009210,0.001281,0.000009,0.000000,0.000000,1.267453,1.327716,0.688969,0.989170,3.000000,2.000000,37.045898,-10.063477,0.000000,0.000000
9.4100,9626,240,0,0,0.006832,0.008976,0.000767,0.000005,0.000000,0.000000,1.268993,1.328182,0.694543,0.991670,3.000000,2.000000,37.968750,-10.568848,0.000000,0.000000
9.4200,9627,240,0,0,0.005757,0.008941,0.000459,0.000003,0.000000,0.000000,1.271349,1.332665,0.700118,0.994170,3.000000,2.000000,38.891602,-11.052246,0.000000,0.000000
9.4300,9628,240,0,0,0.005981,0.006993,0.000275,0.000002,0.000000,0.000000,1.271781,1.331431,0.705692,0.996670,3.000000,2.000000,39.814453,-11.491699,0.000000,0.000000
9.4400,9629,240,0,0,0.006262,0.006189,0.000165,0.000001,0.000000,0.000000,1.280496,1.332032,0.711266,0.999170,3.000000,2.000000,40.715332,-11.909180,0.000000,0.000000
9.4500,9630,240,0,0,0.006500,0.005029,0.000099,0.000001,0.000000,0.000000,1.282380,1.331331,0.716840,0.001670,3.000000,2.000000,41.550293,-12.326660,0.000000,0.000000
9.4600,9631,240,0,0,0.007513,0.005084,0.000059,0.000000,0.000000,0.000000,1.287347,1.333176,0.722415,0.004170,3.000000,2.000000,42.363281,-12.744141,0.000000,0.000000
9.4700,9632,240,0,0,0.007827,0.005301,0.000035,0.000000,0.000000,0.000000,1.293974,1.334312,0.727989,0.006670,3.000000,2.000000,43.154297,-13.161621,0.000000,0.000000
9.4800,9633,240,0,0,0.007184,0.005872,0.000021,0.000000,0.000000,0.000000,1.300021,1.337022,0.733563,0.009170,3.000000,2.000000,43.879395,-13.579102,0.000000,0.000000
9.4900,9634,240,0,0,0.006215,0.007170,0.000013,0.000000,0.000000,0.000000,1.307464,1.340240,0.739137,0.011670,3.000000,2.000000,44.604492,-13.996582,0.000000,0.000000
9.5000,9635,240,0,0,0.005114,0.007196,0.000008,0.000000,0.000000,0.000000,1.314277,1.347030,0.744712,0.014170,3.000000,2.000000,45.329590,-14.392090,0.000000,0.000000
9.5100,9637,240,0,0,0.004255,0.008212,0.000003,0.000000,0.000000,0.000000,1.320344,1.360353,0.755860,0.019170,3.000000,2.000000,46.691895,-15.139160,0.000000,0.000000
9.5200,9638,240,0,0,0.004893,0.008527,0.000002,0.000000,0.000000,0.000000,1.327066,1.368621,0.761434,0.021670,3.000000,2.000000,47.329102,-15.556641,0.000000,0.000000
9.5300,9639,240,0,0,0.006796,0.008560,0.000001,0.000000,0.000000,0.000000,1.332037,1.372545,0.767008,0.024170,3.000000,2.000000,47.922363,-15.886230,0.000000,0.000000
9.5400,9640,240,0,0,0.008906,0.008942,0.000001,0.000000,0.000000,0.000000,1.335839,1.377125,0.772583,0.026670,3.000000,2.000000,48.427734,-16.215820,0.000000,0.000000
9.5500,9641,240,0,0,0.010027,0.009850,0.000000,0.000000,0.000000,0.000000,1.339034,1.379912,0.778157,0.029170,3.000000,2.000000,48.845215,-16.545410,0.000000,0.000000
9.5600,9642,240,0,0,0.009845,0.010512,0.000000,0.000000,0.000000,0.000000,1.341484,1.379010,0.783731,0.031670,3.000000,2.000000,49.174805,-16.787109,0.000000,0.000000
9.5700,9643,240,0,0,0.007612,0.010553,0.000000,0.000000,0.000000,0.000000,1.344234,1.372609,0.789305,0.034170,3.000000,2.000000,49.438477,-17.006836,0.000000,0.000000
9.5800,9644,240,0,0,0.007414,0.011161,0.000000,0.000000,0.000000,0.000000,1.343406,1.363943,0.794880,0.036670,3.000000,2.000000,49.636230,-17.138672,0.000000,0.000000
9.5900,9645,240,0,0,0.008028,0.010870,0.000000,0.000000,0.000000,0.000000,1.343419,1.363415,0.800454,0.039170,3.000000,2.000000,49.812012,-17.182617,0.000000,0.000000
9.6000,9646,240,0,0,0.009408,0.011148,0.000000,0.000000,0.000000,0.000000,1.340182,1.364454,0.806028,0.041670,3.000000,2.000000,49.921875,-17.204590,0.000000,0.000000
9.6100,9647,240,0,0,0.013170,0.011129,0.000000,0.000000,0.000000,0.000000,1.334586,1.370342,0.811602,0.044170,3.000000,2.000000,50.009766,-17.226562,0.000000,0.000000
9.6200,9648,240,0,0,0.015577,0.010030,0.000000,0.000000,0.000000,0.000000,1.328425,1.381695,0.817176,0.046670,3.000000,2.000000,50.097656,-17.226562,0.000000,0.000000
9.6300,9649,240,0,0,0.017803,0.008579,0.000000,0.000000,0.000000,0.000000,1.321517,1.399257,0.822751,0.049170,3.000000,2.000000,50.185547,-17.270508,0.000000,0.000000
9.6400,9650,240,0,0,0.020740,0.006849,0.000688,0.000000,0.000000,0.000000,1.312937,1.423821,0.828325,0.051670,3.000000,2.000000,50.273438,-17.314453,0.000000,0.000000
9.6500,9651,240,0,0,0.023436,0.006082,0.009362,0.000000,0.000000,0.000000,1.303126,1.454167,0.833899,0.054170,3.000000,2.000000,50.317383,-17.380371,0.000000,0.000000
9.6600,9652,240,0,0,0.025187,0.005725,0.023315,0.000000,0.000000,0.000000,1.291626,1.485751,0.839473,0.056670,3.000000,2.000000,50.361328,-17.490234,0.000000,0.000000
9.6700,9653,240,0,0,0.025590,0.005455,0.035282,0.000000,0.000000,0.000000,1.279013,1.500000,0.845048,0.059170,3.000000,2.000000,50.383301,-17.666016,0.000000,0.000000
9.6800,9654,240,0,0,0.026568,0.005314,0.044808,0.000000,0.000000,0.000000,1.265626,1.500000,0.850622,0.061670,3.000000,2.000000,50.405273,-17.929688,0.000000,0.000000
9.6900,9655,240,0,0,0.026810,0.006365,0.053206,0.000000,0.000000,0.000000,1.252246,1.500000,0.856196,0.064170,3.000000,2.000000,50.449219,-18.083496,0.000000,0.000000
9.7000,9656,240,0,0,0.026548,0.007317,0.057644,0.000000,0.000000,0.000000,1.239970,1.500000,0.861770,0.066670,3.000000,2.000000,50.471191,-18.303223,0.000000,0.000000
9.7100,9657,240,0,0,0.025585,0.007383,0.058375,0.000000,0.000000,0.000000,1.225453,1.500000,0.867344,0.069170,3.000000,2.000000,50.449219,-18.566895,0.000000,0.000000
9.7200,9658,240,0,0,0.023505,0.006231,0.051679,0.000000,0.000000,0.000000,1.210083,1.500000,0.872919,0.071669,3.000000,2.000000,50.383301,-18.808594,0.000000,0.000000
9.7300,9659,240,0,0,0.021613,0.006809,0.040507,0.000000,0.000000,0.000000,1.190331,1.500000,0.878493,0.074169,3.000000,2.000000,50.317383,-19.094238,0.000000,0.000000
9.7400,9660,240,0,0,0.020148,0.012126,0.027122,0.000000,0.000000,0.000000,1.164630,1.500000,0.884067,0.076669,3.000000,2.000000,50.163574,-19.379883,0.000000,0.000000
9.7500,9661,240,0,0,0.018640,0.013342,0.016239,0.000000,0.000000,0.000000,1.132755,1.500000,0.889641,0.079169,3.000000,2.000000,49.877930,-19.599609,0.000000,0.000000
9.7600,9662,240,0,0,0.016742,0.011539,0.009723,0.000000,0.000000,0.000000,1.098703,1.500000,0.895216,0.081669,3.000000,2.000000,49.416504,-19.819336,0.000000,0.000000
9.7700,9663,240,0,0,0.013429,0.009173,0.005821,0.000000,0.000000,0.000000,1.061305,1.500000,0.900790,0.084169,3.000000,2.000000,48.691406,-20.039062,0.000000,0.000000
9.7800,9664,240,0,0,0.014517,0.007876,0.003485,0.000000,0.000000,0.000000,1.012009,1.500000,0.906364,0.086669,3.000000,2.000000,47.878418,-20.236816,0.000000,0.000000
9.7900,9665,240,0,0,0.018482,0.006445,0.002087,0.000000,0.000000,0.000000,0.938468,1.500000,0.911938,0.089169,3.000000,2.000000,47.263184,-20.390625,0.000000,0.000000
9.8000,9666,240,0,0,0.020422,0.005292,0.002265,0.000000,0.000000,0.000000,0.833313,1.500000,0.917513,0.091669,3.000000,2.000000,46.889648,-20.522461,0.000000,0.000000
9.8100,9667,240,0,0,0.020919,0.004798,0.003860,0.000000,0.000000,0.000000,0.700747,1.500000,0.923087,0.094169,3.000000,2.000000,46.625977,-20.588379,0.000000,0.000000
9.8200,9668,240,0,0,0.021601,0.004146,0.008625,0.000000,0.000000,0.150984,0.554375,1.500000,0.928661,0.096669,3.000000,2.000000,46.362305,-20.632324,0.000000,0.000000
9.8300,9669,240,0,0,0.018214,0.008148,0.006598,0.000000,0.000000,0.410743,0.403394,1.500000,0.934235,0.099169,0.000000,2.000000,46.076660,-20.698242,0.000000,0.000000
9.8400,9670,240,0,0,0.023832,0.014315,0.006673,0.000000,0.000000,0.633962,0.252527,1.500000,0.939809,0.101669,0.000000,2.000000,45.637207,-20.786133,0.000000,0.000000
9.8500,9671,240,0,0,0.048994,0.015337,0.076924,0.000000,0.000000,0.833477,0.119772,1.500000,0.945384,0.104169,0.000000,2.000000,44.978027,-20.895996,0.000000,0.000000
9.8600,9672,240,0,0,0.066578,0.016694,0.202698,0.000000,0.098493,1.001012,0.016302,1.500000,0.950958,0.106669,0.000000,2.000000,44.143066,-21.071777,0.000000,0.000000
9.8700,9673,240,0,0,0.077486,0.038031,0.327229,0.017741,0.214938,1.140259,0.000000,1.500000,0.956532,0.109169,0.000000,2.000000,43.198242,-21.159668,0.000000,0.000000
9.8800,9674,240,0,0,0.089367,0.063270,0.447049,0.079643,0.332486,1.253954,0.000000,1.500000,0.962106,0.111669,0.000000,2.000000,42.187500,-21.115723,0.000000,0.000000
9.8900,9675,240,0,0,0.096082,0.090653,0.554283,0.173853,0.447351,1.351929,0.000000,1.500000,0.001731,0.114169,1.000000,2.000000,41.132812,-21.159668,0.000000,0.000000
9.9000,9676,240,0,0,0.097511,0.106646,0.631302,0.274700,0.557521,1.436901,0.000000,1.500000,0.007501,0.116669,1.000000,2.000000,40.100098,-21.071777,0.000000,0.000000
9.9100,9677,240,0,0,0.096089,0.112414,0.676338,0.355322,0.651620,1.500000,0.000000,1.351473,0.013272,0.119169,1.000000,2.000000,39.199219,-20.632324,0.000000,0.000000
9.9200,9678,240,0,0,0.093294,0.110541,0.694895,0.405528,0.729506,1.500000,0.000000,1.109307,0.019042,0.121669,1.000000,2.000000,38.430176,-19.929199,0.000000,0.000000
9.9300,9679,240,0,0,0.087297,0.106408,0.687903,0.428034,0.792848,1.500000,0.000000,0.902109,0.024812,0.124169,1.000000,2.000000,37.749023,-19.050293,0.000000,0.000000
9.9400,9680,240,0,0,0.080104,0.105007,0.656730,0.435716,0.843283,1.500000,0.000000,0.728691,0.030583,0.126669,1.000000,2.000000,37.111816,-18.105469,0.000000,0.000000
9.9500,9681,240,0,0,0.073145,0.104400,0.610726,0.438439,0.885035,1.500000,0.000000,0.585562,0.036353,0.129169,1.000000,2.000000,36.540527,-17.094727,0.000000,0.000000
9.9600,9682,240,0,0,0.065860,0.104227,0.555516,0.440168,0.922087,1.500000,0.000000,0.485368,0.042123,0.131669,1.000000,2.000000,36.057129,-16.083984,0.000000,0.000000
9.9700,9683,240,0,0,0.059202,0.100689,0.494346,0.436599,0.945931,1.500000,0.000000,0.405886,0.047894,0.134169,1.000000,2.000000,35.529785,-15.029297,0.000000,0.000000
9.9800,9684,240,0,0,0.057376,0.096033,0.442845,0.425231,0.964756,1.500000,0.000000,0.339516,0.053664,0.136669,1.000000,3.000000,35.024414,-13.974609,0.000000,0.000000
9.9900,9685,240,0,0,0.056859,0.089694,0.409266,0.406519,0.985266,1.500000,0.000000,0.282308,0.059434,0.139169,1.000000,3.000000,34.497070,-12.897949,0.000000,0.000000
10.0000,9687,240,0,0,0.059361,0.079167,0.382931,0.357439,1.016474,1.500000,0.000000,0.185066,0.070975,0.144169,1.000000,3.000000,33.288574,-10.788574,0.000000,0.000000
10.0100,9688,240,0,0,0.059416,0.074270,0.382690,0.332368,1.025074,1.500000,0.000000,0.149333,0.076745,0.146669,1.000000,3.000000,32.607422,-9.755859,0.000000,0.000000
10.0200,9689,240,0,0,0.057957,0.068411,0.379091,0.305873,1.038174,1.500000,0.000000,0.119371,0.082516,0.149168,1.000000,3.000000,31.882324,-8.789062,0.000000,0.000000
10.0300,9690,240,0,0,0.055434,0.063204,0.368703,0.278002,1.044460,1.500000,0.000000,0.088756,0.088286,0.151668,1.000000,3.000000,31.157227,-7.800293,0.000000,0.000000
10.0400,9691,240,0,0,0.052056,0.059573,0.351169,0.252766,1.039138,1.500000,0.000000,0.064438,0.094056,0.154168,1.000000,3.000000,30.454102,-6.855469,0.000000,0.000000
10.0500,9692,240,0,0,0.049008,0.057030,0.327304,0.231043,1.030792,1.500000,0.000000,0.043644,0.099827,0.156668,1.000000,3.000000,29.750977,-5.932617,0.000000,0.000000
10.0600,9693,240,0,0,0.045076,0.054167,0.300062,0.212588,1.011174,1.500000,0.000000,0.026383,0.105597,0.159168,1.000000,3.000000,29.091797,-5.031738,0.000000,0.000000
10.0700,9694,240,0,0,0.040337,0.050128,0.266479,0.194239,0.995711,1.500000,0.000000,0.013786,0.111367,0.161668,1.000000,3.000000,28.432617,-4.086914,0.000000,0.000000
10.0800,9695,240,0,0,0.036420,0.046105,0.229074,0.174564,0.986905,1.500000,0.000000,0.000000,0.117138,0.164168,1.000000,3.000000,27.773438,-3.120117,0.000000,0.000000
10.0900,9696,240,0,0,0.034997,0.041802,0.196975,0.154049,0.978623,1.500000,0.000000,0.000000,0.122908,0.166668,1.000000,3.000000,27.136230,-2.131348,0.000000,0.000000
10.1000,9697,240,0,0,0.033620,0.037081,0.173449,0.132197,0.973079,1.500000,0.000000,0.000000,0.128678,0.169168,1.000000,3.000000,26.455078,-1.098633,0.000000,0.000000
10.1100,9698,240,0,0,0.030539,0.031695,0.149978,0.108328,0.971139,1.500000,0.000000,0.000000,0.134449,0.171668,1.000000,3.000000,25.773926,-0.065918,0.000000,0.000000
10.1200,9699,240,0,0,0.028284,0.027603,0.125617,0.084287,0.968935,1.500000,0.000000,0.000000,0.140219,0.174168,1.000000,3.000000,25.092773,0.944824,0.000000,0.000000
10.1300,9700,240,0,0,0.025349,0.023384,0.100804,0.061213,0.969673,1.500000,0.000000,0.000000,0.145989,0.176668,1.000000,3.000000,24.389648,1.977539,0.000000,0.000000
10.1400,9701,240,0,0,0.022754,0.020323,0.075700,0.039810,0.970349,1.500000,0.000000,0.000000,0.151760,0.179168,1.000000,3.000000,23.686523,3.010254,0.000000,0.000000
10.1500,9702,240,0,0,0.020204,0.017376,0.049825,0.023845,0.973711,1.500000,0.000000,0.000000,0.157530,0.181668,1.000000,3.000000,23.027344,4.042969,0.000000,0.000000
10.1600,9703,240,0,0,0.018462,0.015411,0.029840,0.014277,0.980943,1.500000,0.000000,0.000000,0.163300,0.184168,1.000000,3.000000,22.390137,5.075684,0.000000,0.000000
10.1700,9704,240,0,0,0.016410,0.013497,0.017866,0.008548,0.991326,1.500000,0.000000,0.000000,0.169071,0.186668,1.000000,3.000000,21.774902,6.108398,0.000000,0.000000
10.1800,9705,240,0,0,0.014977,0.011741,0.010697,0.005118,0.999292,1.500000,0.000000,0.000000,0.174841,0.189168,1.000000,3.000000,21.181641,7.141113,0.000000,0.000000
10.1900,9706,240,0,0,0.013984,0.010213,0.006405,0.003064,1.009947,1.500000,0.000000,0.000000,0.180611,0.191668,1.000000,3.000000,20.588379,8.173828,0.000000,0.000000
10.2000,9707,240,0,0,0.012960,0.008268,0.003835,0.001835,1.026260,1.500000,0.000000,0.000000,0.186382,0.194168,1.000000,3.000000,20.017090,9.228516,0.000000,0.000000
10.2100,9708,240,0,0,0.012088,0.006640,0.002296,0.001099,1.040055,1.500000,0.000000,0.000000,0.192152,0.196668,1.000000,3.000000,19.445801,10.261230,0.000000,0.000000
10.2200,9709,240,0,0,0.011855,0.005313,0.001375,0.000658,1.054383,1.500000,0.000000,0.000000,0.197922,0.199168,1.000000,3.000000,18.918457,11.293945,0.000000,0.000000
10.2300,9710,240,0,0,0.011197,0.004343,0.000823,0.000394,1.070155,1.500000,0.000000,0.000000,0.203693,0.201668,1.000000,3.000000,18.369141,12.326660,0.000000,0.000000
10.2400,9711,240,0,0,0.010579,0.004128,0.000493,0.000236,1.088016,1.500000,0.000000,0.000000,0.209463,0.204168,1.000000,3.000000,17.797852,13.337402,0.000000,0.000000
10.2500,9712,240,0,0,0.010594,0.004316,0.000295,0.000141,1.108279,1.500000,0.000000,0.000000,0.215233,0.206668,1.000000,3.000000,17.270508,14.348145,0.000000,0.000000
10.2600,9713,240,0,0,0.010273,0.004542,0.000177,0.000085,1.127150,1.500000,0.000000,0.000000,0.221004,0.209168,1.000000,3.000000,16.743164,15.336914,0.000000,0.000000
10.2700,9714,240,0,0,0.010119,0.004311,0.000106,0.000051,1.143450,1.500000,0.000000,0.000000,0.226774,0.211668,1.000000,3.000000,16.215820,16.281738,0.000000,0.000000
10.2800,9715,240,0,0,0.010227,0.005026,0.000063,0.000030,1.163664,1.500000,0.000000,0.000000,0.232544,0.214168,1.000000,3.000000,15.688477,17.204590,0.000000,0.000000
10.2900,9716,240,0,0,0.008956,0.006080,0.000038,0.000018,1.178151,1.500000,0.000000,0.000000,0.238315,0.216668,1.000000,3.000000,15.183105,18.105469,0.000000,0.000000
10.3000,9717,240,0,0,0.008378,0.006141,0.000023,0.000011,1.194309,1.500000,0.000000,0.000000,0.244085,0.219168,1.000000,3.000000,14.677734,19.006348,0.000000,0.000000
10.3100,9718,240,0,0,0.007197,0.006480,0.000014,0.000007,1.216920,1.500000,0.000000,0.000000,0.249855,0.221668,1.000000,3.000000,14.238281,19.863281,0.000000,0.000000
10.3200,9719,240,0,0,0.006210,0.006729,0.000008,0.000004,1.234812,1.500000,0.000000,0.000000,0.255626,0.224168,1.000000,3.000000,13.798828,20.698242,0.000000,0.000000
10.3300,9720,240,0,0,0.005208,0.007255,0.000005,0.000002,1.260836,1.500000,0.000000,0.000000,0.261396,0.226667,1.000000,3.000000,13.403320,21.467285,0.000000,0.000000
10.3400,9721,240,0,0,0.004102,0.008338,0.000003,0.000001,1.285215,1.500000,0.000000,0.000000,0.267166,0.229167,1.000000,3.000000,13.007812,22.214355,0.000000,0.000000
10.3500,9722,240,0,0,0.003344,0.008220,0.000002,0.000001,1.307561,1.500000,0.000000,0.000000,0.272937,0.231667,1.000000,3.000000,12.678223,22.895508,0.000000,0.000000
10.3600,9723,240,0,0,0.002868,0.008788,0.000001,0.000001,1.330954,1.500000,0.000000,0.000000,0.278707,0.234167,1.000000,3.000000,12.370605,23.510742,0.000000,0.000000
10.3700,9724,240,0,0,0.002398,0.008367,0.000001,0.000000,1.356665,1.500000,0.000000,0.000000,0.284477,0.236667,1.000000,3.000000,12.084961,24.082031,0.000000,0.000000
10.3800,9725,240,0,0,0.002105,0.007738,0.000000,0.000000,1.383685,1.500000,0.000000,0.000000,0.290247,0.239167,1.000000,3.000000,11.777344,24.609375,0.000000,0.000000
10.3900,9726,240,0,0,0.002836,0.006423,0.000000,0.000000,1.413733,1.500000,0.000000,0.000000,0.296018,0.241667,1.000000,3.000000,11.491699,25.070801,0.000000,0.000000
10.4000,9727,240,0,0,0.002760,0.005013,0.000000,0.000000,1.436709,1.500000,0.000000,0.000000,0.301788,0.244167,1.000000,3.000000,11.228027,25.488281,0.000000,0.000000
10.4100,9728,240,0,0,0.003121,0.004387,0.000000,0.000000,1.464358,1.500000,0.000000,0.000000,0.307558,0.246667,1.000000,3.000000,10.964355,25.839844,0.000000,0.000000
10.4200,9729,240,0,0,0.003363,0.004315,0.000000,0.000000,1.491242,1.500000,0.000000,0.000000,0.313329,0.249167,1.000000,3.000000,10.788574,26.125488,0.000000,0.000000
10.4300,9730,240,0,0,0.002962,0.003834,0.000000,0.000000,1.500000,1.500000,0.000000,0.000000,0.319099,0.251667,1.000000,3.000000,10.634766,26.323242,0.000000,0.000000
10.4400,9731,240,0,0,0.002559,0.003150,0.000000,0.000000,1.500000,1.500000,0.000000,0.000000,0.324869,0.254167,1.000000,3.000000,10.502930,26.542969,0.000000,0.000000
10.4500,9732,240,0,0,0.002360,0.002726,0.000000,0.000000,1.500000,1.500000,0.000000,0.000000,0.330640,0.256667,1.000000,3.000000,10.371094,26.674805,0.000000,0.000000
10.4600,9733,240,0,0,0.002563,0.002408,0.000000,0.000000,1.500000,1.500000,0.000000,0.000000,0.336410,0.259168,1.000000,3.000000,10.239258,26.740723,0.000000,0.000000
10.4700,9734,240,0,0,0.003044,0.001959,0.000000,0.000000,1.500000,1.500000,0.000000,0.000000,0.342180,0.261668,1.000000,3.000000,10.063477,26.828613,0.000000,0.000000
10.4800,9735,240,0,0,0.003499,0.001829,0.000000,0.000000,1.500000,1.500000,0.000000,0.000529,0.347951,0.264168,1.000000,3.000000,9.887695,26.916504,0.000000,0.000000
10.4900,9737,240,0,0,0.003897,0.002521,0.000000,0.000000,1.500000,1.500000,0.000000,0.008130,0.359491,0.269168,1.000000,3.000000,9.536133,26.894531,0.000000,0.000000
10.5000,9738,240,0,0,0.003637,0.002227,0.000000,0.000000,1.500000,1.500000,0.000000,0.013142,0.365262,0.271668,1.000000,3.000000,9.338379,26.828613,0.000000,0.000000
10.5100,9739,240,0,0,0.003582,0.001865,0.000000,0.000000,1.500000,1.500000,0.000000,0.016840,0.371032,0.274168,1.000000,3.000000,9.074707,26.740723,0.000000,0.000000
10.5200,9740,240,0,0,0.003098,0.001766,0.000000,0.000000,1.500000,1.500000,0.000000,0.017311,0.376802,0.276668,1.000000,3.000000,8.811035,26.652832,0.000000,0.000000
10.5300,9741,240,0,0,0.002886,0.001786,0.000000,0.000000,1.500000,1.500000,0.000000,0.019358,0.382573,0.279169,1.000000,3.000000,8.547363,26.564941,0.000000,0.000000
10.5400,9742,240,0,0,0.002908,0.001485,0.000000,0.000000,1.500000,1.500000,0.000000,0.021290,0.388343,0.281669,1.000000,3.000000,8.283691,26.433105,0.000000,0.000000
10.5500,9743,240,0,0,0.003056,0.001636,0.000000,0.000000,1.500000,1.500000,0.000000,0.022197,0.394113,0.284169,1.000000,3.000000,7.976074,26.301270,0.000000,0.000000
10.5600,9744,240,0,0,0.003508,0.002014,0.000000,0.000000,1.500000,1.500000,0.000000,0.018440,0.399884,0.286669,1.000000,3.000000,7.756348,26.125488,0.000000,0.000000
10.5700,9745,240,0,0,0.003498,0.001865,0.000000,0.000000,1.500000,1.500000,0.000000,0.012684,0.405654,0.289169,1.000000,3.000000,7.536621,25.927734,0.000000,0.000000
10.5800,9746,240,0,0,0.003641,0.001763,0.000000,0.000000,1.500000,1.500000,0.000000,0.018338,0.411424,0.291669,1.000000,3.000000,7.316895,25.664062,0.000000,0.000000
10.5900,9747,240,0,0,0.003639,0.001779,0.000000,0.000000,1.500000,1.500000,0.000000,0.042345,0.417195,0.294169,1.000000,3.000000,7.097168,25.378418,0.000000,0.000000
10.6000,9748,240,0,0,0.003695,0.001897,0.000000,0.000000,1.500000,1.500000,0.000000,0.089059,0.422965,0.296669,1.000000,3.000000,6.855469,25.136719,0.000000,0.000000
10.6100,9749,240,0,0,0.003625,0.002387,0.000000,0.000000,1.500000,1.500000,0.091529,0.150796,0.428735,0.299169,1.000000,3.000000,6.613770,24.938965,0.000000,0.000000
10.6200,9750,240,0,0,0.003767,0.003849,0.000000,0.000000,1.494048,1.500000,0.223530,0.208582,0.434506,0.301670,1.000000,3.000000,6.328125,24.763184,0.000000,0.000000
10.6300,9751,240,0,0,0.003361,0.003386,0.000000,0.000000,1.449845,1.500000,0.372256,0.238180,0.440276,0.304170,1.000000,0.000000,6.042480,24.565430,0.000000,0.000000
10.6400,9752,240,0,0,0.003046,0.004274,0.000000,0.000000,1.378227,1.500000,0.501518,0.250291,0.446046,0.306670,1.000000,0.000000,5.734863,24.389648,0.000000,0.000000
10.6500,9753,240,0,0,0.002827,0.006052,0.000000,0.000000,1.285895,1.500000,0.604213,0.271798,0.451817,0.309170,1.000000,0.000000,5.515137,24.169922,0.000000,0.000000
10.6600,9754,240,0,0,0.002298,0.005074,0.000000,0.000000,1.165336,1.500000,0.686381,0.310648,0.457587,0.311670,1.000000,0.000000,5.339355,23.906250,0.000000,0.000000
10.6700,9755,240,0,0,0.002712,0.009575,0.000000,0.000000,1.012487,1.500000,0.758767,0.368415,0.463357,0.314170,1.000000,0.000000,5.163574,23.488770,0.000000,0.000000
10.6800,9756,240,0,0,0.005069,0.018012,0.000000,0.000000,0.804505,1.500000,0.829514,0.437239,0.469128,0.316670,1.000000,0.000000,5.031738,22.895508,0.000000,0.000000
10.6900,9757,240,0,0,0.009067,0.024925,0.000000,0.004642,0.567283,1.500000,0.895775,0.508048,0.474898,0.000500,1.000000,1.000000,4.921875,22.170410,0.000000,0.000000
10.7000,9758,240,0,0,0.010555,0.032508,0.000000,0.022450,0.246807,1.500000,0.954865,0.574766,0.480668,0.003000,2.000000,1.000000,4.833984,21.357422,0.000000,0.000000
10.7100,9759,240,0,0,0.008630,0.037360,0.000000,0.046695,0.000000,1.500000,1.007451,0.641157,0.486439,0.005500,2.000000,1.000000,4.768066,20.500488,0.000000,0.000000
10.7200,9760,240,0,0,0.008332,0.038871,0.000000,0.066564,0.000000,1.500000,1.056946,0.717298,0.492209,0.008000,2.000000,1.000000,4.702148,19.687500,0.000000,0.000000
10.7300,9761,240,0,0,0.008578,0.038420,0.000000,0.079295,0.000000,1.500000,1.101433,0.803692,0.497979,0.010500,2.000000,1.000000,4.636230,18.918457,0.000000,0.000000
10.7400,9762,240,0,0,0.010032,0.037912,0.000000,0.085390,0.000000,1.500000,1.140380,0.901168,0.503750,0.013000,2.000000,1.000000,4.614258,18.259277,0.000000,0.000000
10.7500,9763,240,0,0,0.018012,0.035800,0.000000,0.086724,0.000000,1.500000,1.173145,1.000461,0.509520,0.015500,2.000000,1.000000,4.658203,17.666016,0.000000,0.000000
10.7600,9764,240,0,0,0.022720,0.035231,0.005592,0.082955,0.000000,1.500000,1.200927,1.089730,0.515290,0.018000,2.000000,1.000000,4.768066,17.116699,0.000000,0.000000
10.7700,9765,240,0,0,0.023077,0.042770,0.015348,0.090501,0.000000,1.500000,1.223331,1.164174,0.521061,0.020500,2.000000,1.000000,5.031738,16.567383,0.000000,0.000000
10.7800,9766,240,0,0,0.022598,0.047157,0.019602,0.108066,0.000000,1.500000,1.242932,1.223757,0.526831,0.023000,2.000000,1.000000,5.537109,15.908203,0.000000,0.000000
10.7900,9767,240,0,0,0.021869,0.048619,0.020405,0.123430,0.000000,1.500000,1.259288,1.268772,0.532601,0.025500,2.000000,1.000000,6.218262,15.205078,0.000000,0.000000
10.8000,9768,240,0,0,0.020158,0.050368,0.015586,0.136564,0.000000,1.500000,1.273201,1.305466,0.538372,0.028000,2.000000,1.000000,7.009277,14.414062,0.000000,0.000000
10.8100,9769,240,0,0,0.018546,0.049991,0.009352,0.145498,0.000000,1.328008,1.285295,1.337528,0.544142,0.030500,2.000000,1.000000,7.932129,13.623047,0.000000,0.000000
10.8200,9770,240,0,0,0.017236,0.049291,0.005599,0.149550,0.000000,1.142461,1.296056,1.368575,0.549912,0.033000,2.000000,1.000000,8.942871,12.854004,0.000000,0.000000
10.8300,9771,240,0,0,0.016014,0.048545,0.003352,0.149606,0.000000,0.991874,1.304992,1.396044,0.555682,0.035500,2.000000,1.000000,10.041504,12.128906,0.000000,0.000000
10.8400,9772,240,0,0,0.015256,0.049278,0.002007,0.150632,0.000000,0.865852,1.310716,1.420669,0.561453,0.038000,2.000000,1.000000,11.162109,11.447754,0.000000,0.000000
10.8500,9773,240,0,0,0.014154,0.047324,0.001202,0.149804,0.000000,0.747154,1.315666,1.439010,0.567223,0.040500,2.000000,1.000000,12.282715,10.810547,0.000000,0.000000
10.8600,9774,240,0,0,0.013455,0.044138,0.000720,0.143041,0.000000,0.640507,1.317105,1.455662,0.572993,0.043000,2.000000,1.000000,13.403320,10.195312,0.000000,0.000000
10.8700,9775,240,0,0,0.012142,0.042265,0.000431,0.133556,0.000000,0.545847,1.316982,1.467456,0.578764,0.045500,2.000000,1.000000,14.479980,9.514160,0.000000,0.000000
10.8800,9776,240,0,0,0.011994,0.040435,0.000258,0.124744,0.000000,0.465459,1.312673,1.471086,0.584534,0.048000,2.000000,1.000000,15.512695,8.701172,0.000000,0.000000
10.8900,9777,240,0,0,0.013078,0.037179,0.000154,0.113605,0.000000,0.395687,1.310026,1.471432,0.590304,0.050500,2.000000,1.000000,16.501465,7.822266,0.000000,0.000000
10.9000,9778,240,0,0,0.013077,0.032992,0.000092,0.099095,0.000000,0.335989,1.306495,1.464981,0.596075,0.053000,3.000000,1.000000,17.424316,6.943359,0.000000,0.000000
10.9100,9779,240,0,0,0.012599,0.028864,0.000055,0.081197,0.000000,0.280491,1.305126,1.458393,0.601845,0.055500,3.000000,1.000000,18.281250,6.064453,0.000000,0.000000
10.9200,9780,240,0,0,0.012295,0.024895,0.000033,0.062278,0.000000,0.230522,1.303547,1.450639,0.607615,0.058000,3.000000,1.000000,19.094238,5.207520,0.000000,0.000000
10.9300,9781,240,0,0,0.011186,0.019980,0.000020,0.041296,0.000000,0.186066,1.300315,1.443278,0.613386,0.060500,3.000000,1.000000,19.885254,4.372559,0.000000,0.000000
10.9400,9782,240,0,0,0.009732,0.016236,0.000012,0.024726,0.000000,0.137718,1.295545,1.431751,0.619156,0.063000,3.000000,1.000000,20.698242,3.581543,0.000000,0.000000
10.9500,9783,240,0,0,0.009320,0.012898,0.000007,0.014804,0.000000,0.097394,1.289851,1.420462,0.624926,0.065500,3.000000,1.000000,21.555176,2.768555,0.000000,0.000000
10.9600,9784,240,0,0,0.009454,0.010810,0.000004,0.008864,0.000000,0.062649,1.286982,1.409477,0.630697,0.068000,3.000000,1.000000,22.412109,1.955566,0.000000,0.000000
10.9700,9785,240,0,0,0.009870,0.009811,0.000003,0.005307,0.000000,0.029534,1.284950,1.395177,0.636467,0.070500,3.000000,1.000000,23.312988,1.142578,0.000000,0.000000
10.9800,9787,240,0,0,0.010917,0.007666,0.000001,0.001903,0.000000,0.000000,1.280777,1.377661,0.648008,0.075500,3.000000,1.000000,25.180664,-0.505371,0.000000,0.000000
10.9900,9788,240,0,0,0.010699,0.008206,0.000001,0.001139,0.000000,0.000000,1.278378,1.374987,0.653778,0.078000,3.000000,1.000000,26.125488,-1.340332,0.000000,0.000000
11.0000,9789,240,0,0,0.010370,0.008428,0.000000,0.000682,0.000000,0.000000,1.276000,1.377266,0.659548,0.080500,3.000000,1.000000,27.092285,-2.153320,0.000000,0.000000
11.0100,9790,240,0,0,0.010778,0.009188,0.000000,0.000408,0.000000,0.000000,1.273724,1.379610,0.665319,0.083000,3.000000,1.000000,28.059082,-2.988281,0.000000,0.000000
11.0200,9791,240,0,0,0.010311,0.009673,0.000000,0.000244,0.000000,0.000000,1.271892,1.381913,0.671089,0.085500,3.000000,1.000000,29.047852,-3.779297,0.000000,0.000000
11.0300,9792,240,0,0,0.010253,0.010434,0.000000,0.000146,0.000000,0.000000,1.271766,1.376597,0.676859,0.088000,3.000000,1.000000,30.036621,-4.548340,0.000000,0.000000
11.0400,9793,240,0,0,0.009959,0.011016,0.000000,0.000088,0.000000,0.000000,1.270693,1.369762,0.682630,0.090500,3.000000,1.000000,31.047363,-5.339355,0.000000,0.000000
11.0500,9794,240,0,0,0.009908,0.011171,0.000000,0.000052,0.000000,0.000000,1.271945,1.361866,0.688400,0.093000,3.000000,1.000000,32.036133,-6.130371,0.000000,0.000000
11.0600,9795,240,0,0,0.009400,0.010493,0.000000,0.000031,0.000000,0.000000,1.274075,1.357474,0.694170,0.095500,3.000000,1.000000,32.980957,-6.921387,0.000000,0.000000
11.0700,9796,240,0,0,0.008094,0.010282,0.000000,0.000019,0.000000,0.000000,1.277196,1.355228,0.699941,0.098000,3.000000,1.000000,33.969727,-7.712402,0.000000,0.000000
11.0800,9797,240,0,0,0.006402,0.011435,0.000000,0.000011,0.000000,0.000000,1.280962,1.351987,0.705711,0.100500,3.000000,1.000000,34.936523,-8.481445,0.000000,0.000000
11.0900,9798,240,0,0,0.005911,0.011866,0.000000,0.000007,0.000000,0.000000,1.283825,1.351376,0.711481,0.103000,3.000000,1.000000,35.903320,-9.250488,0.000000,0.000000
11.1000,9799,240,0,0,0.006071,0.011615,0.000000,0.000004,0.000000,0.000000,1.285916,1.345803,0.717252,0.105500,3.000000,1.000000,36.804199,-9.997559,0.000000,0.000000
11.1100,9800,240,0,0,0.005541,0.011131,0.000000,0.000002,0.000000,0.000000,1.290392,1.342793,0.723022,0.107999,3.000000,1.000000,37.705078,-10.722656,0.000000,0.000000
11.1200,9801,240,0,0,0.006315,0.010301,0.000000,0.000001,0.000000,0.000000,1.294942,1.337776,0.728792,0.110499,3.000000,1.000000,38.562012,-11.447754,0.000000,0.000000
11.1300,9802,240,0,0,0.008596,0.010594,0.000000,0.000001,0.000000,0.000000,1.298206,1.333609,0.734563,0.112999,3.000000,1.000000,39.418945,-12.128906,0.000000,0.000000
11.1400,9803,240,0,0,0.010163,0.010103,0.000000,0.000001,0.000000,0.000000,1.302252,1.329996,0.740333,0.115499,3.000000,1.000000,40.253906,-12.788086,0.000000,0.000000
11.1500,9804,240,0,0,0.011019,0.008291,0.000000,0.000000,0.000000,0.000000,1.304552,1.327906,0.746103,0.117999,3.000000,1.000000,41.088867,-13.425293,0.000000,0.000000
11.1600,9805,240,0,0,0.010569,0.006360,0.000000,0.000000,0.000000,0.000000,1.306704,1.325664,0.751874,0.120499,3.000000,1.000000,41.879883,-14.040527,0.000000,0.000000
11.1700,9806,240,0,0,0.009262,0.005572,0.000000,0.000000,0.000000,0.000000,1.308963,1.324066,0.757644,0.122999,3.000000,1.000000,42.648926,-14.655762,0.000000,0.000000
11.1800,9807,240,0,0,0.007068,0.005021,0.000000,0.000000,0.000000,0.000000,1.312162,1.325001,0.763414,0.125499,3.000000,1.000000,43.374023,-15.270996,0.000000,0.000000
11.1900,9808,240,0,0,0.005642,0.005420,0.000000,0.000000,0.000000,0.000000,1.312924,1.327060,0.769185,0.127999,3.000000,1.000000,44.055176,-15.820312,0.000000,0.000000
11.2000,9809,240,0,0,0.005210,0.005535,0.000000,0.000000,0.000000,0.000000,1.315714,1.332003,0.774955,0.130499,3.000000,1.000000,44.714355,-16.369629,0.000000,0.000000
11.2100,9810,240,0,0,0.004107,0.005711,0.000000,0.000000,0.000000,0.000000,1.317332,1.336292,0.780725,0.132999,3.000000,1.000000,45.351562,-16.896973,0.000000,0.000000
11.2200,9811,240,0,0,0.004342,0.005535,0.000000,0.000000,0.000000,0.000000,1.316694,1.336748,0.786496,0.135499,3.000000,1.000000,45.944824,-17.314453,0.000000,0.000000
11.2300,9812,240,0,0,0.003735,0.007407,0.000000,0.000000,0.000000,0.000000,1.316511,1.342133,0.792266,0.137999,3.000000,1.000000,46.494141,-17.709961,0.000000,0.000000
11.2400,9813,240,0,0,0.002879,0.008972,0.000000,0.000000,0.000000,0.000000,1.317042,1.346821,0.798036,0.140499,3.000000,1.000000,46.911621,-17.973633,0.000000,0.000000
11.2500,9814,240,0,0,0.002476,0.009857,0.000000,0.000000,0.000000,0.000000,1.316100,1.350475,0.803806,0.142999,3.000000,1.000000,47.263184,-18.259277,0.000000,0.000000
11.2600,9815,240,0,0,0.002249,0.011146,0.000000,0.000000,0.000000,0.000000,1.314323,1.353704,0.809577,0.145499,3.000000,1.000000,47.592773,-18.479004,0.000000,0.000000
11.2700,9816,240,0,0,0.002567,0.010845,0.000000,0.000000,0.000000,0.000000,1.313705,1.355299,0.815347,0.147999,3.000000,1.000000,47.856445,-18.698730,0.000000,0.000000
11.2800,9817,240,0,0,0.002775,0.009517,0.000000,0.000000,0.000000,0.000000,1.313630,1.354235,0.821117,0.150499,3.000000,1.000000,48.054199,-18.962402,0.000000,0.000000
11.2900,9818,240,0,0,0.003077,0.008507,0.000000,0.000000,0.000000,0.000000,1.313345,1.359707,0.826888,0.152999,3.000000,1.000000,48.186035,-19.050293,0.000000,0.000000
11.3000,9819,240,0,0,0.004588,0.006993,0.000000,0.000000,0.000000,0.000000,1.314057,1.360975,0.832658,0.155499,3.000000,1.000000,48.295898,-19.072266,0.000000,0.000000
11.3100,9820,240,0,0,0.006143,0.006255,0.000000,0.000000,0.000000,0.000000,1.314885,1.362515,0.838428,0.157999,3.000000,1.000000,48.383789,-19.138184,0.000000,0.000000
11.3200,9821,240,0,0,0.006878,0.005060,0.000000,0.000000,0.000000,0.000000,1.315958,1.367813,0.844199,0.160499,3.000000,1.000000,48.449707,-19.248047,0.000000,0.000000
11.3300,9822,240,0,0,0.007231,0.004422,0.000000,0.000000,0.000000,0.000000,1.315383,1.376461,0.849969,0.162999,3.000000,1.000000,48.493652,-19.445801,0.000000,0.000000
11.3400,9823,240,0,0,0.007810,0.004484,0.000000,0.000000,0.000000,0.000000,1.313249,1.387146,0.855739,0.165499,3.000000,1.000000,48.537598,-19.621582,0.000000,0.000000
11.3500,9824,240,0,0,0.010274,0.005979,0.000000,0.000000,0.000000,0.000000,1.310598,1.404183,0.861510,0.167999,3.000000,1.000000,48.581543,-19.687500,0.000000,0.000000
11.3600,9825,240,0,0,0.014832,0.006338,0.000000,0.000000,0.000000,0.000000,1.305946,1.423315,0.867280,0.170499,3.000000,1.000000,48.603516,-19.709473,0.000000,0.000000
11.3700,9826,240,0,0,0.017970,0.010492,0.000000,0.000000,0.000000,0.000000,1.300160,1.443499,0.873050,0.172999,3.000000,1.000000,48.581543,-19.775391,0.000000,0.000000
11.3800,9827,240,0,0,0.019313,0.012926,0.000000,0.000000,0.000000,0.000000,1.293282,1.464156,0.878821,0.175499,3.000000,1.000000,48.537598,-19.885254,0.000000,0.000000
11.3900,9828,240,0,0,0.019597,0.012605,0.000000,0.000000,0.000000,0.000000,1.285722,1.485020,0.884591,0.177999,3.000000,1.000000,48.493652,-20.061035,0.000000,0.000000
11.4000,9829,240,0,0,0.018647,0.010851,0.000000,0.000000,0.000000,0.000000,1.274724,1.500000,0.890361,0.180499,3.000000,1.000000,48.471680,-20.280762,0.000000,0.000000
11.4100,9830,240,0,0,0.016676,0.008782,0.000000,0.000000,0.000000,0.000000,1.263387,1.500000,0.896132,0.182999,3.000000,1.000000,48.427734,-20.412598,0.000000,0.000000
11.4200,9831,240,0,0,0.014213,0.007258,0.000000,0.000000,0.000000,0.000000,1.249854,1.500000,0.901902,0.185499,3.000000,1.000000,48.339844,-20.500488,0.000000,0.000000
11.4300,9832,240,0,0,0.011884,0.006022,0.000000,0.000000,0.000000,0.000000,1.233902,1.500000,0.907672,0.187998,3.000000,1.000000,48.251953,-20.654297,0.000000,0.000000
11.4400,9833,240,0,0,0.010121,0.004740,0.000000,0.000000,0.000000,0.000000,1.216302,1.500000,0.913443,0.190498,3.000000,1.000000,48.098145,-20.895996,0.000000,0.000000
11.4500,9834,240,0,0,0.008392,0.003781,0.000000,0.000000,0.000000,0.000000,1.193413,1.500000,0.919213,0.192998,3.000000,1.000000,47.966309,-21.225586,0.000000,0.000000
11.4600,9835,240,0,0,0.007136,0.003687,0.000000,0.000000,0.000000,0.000000,1.164625,1.500000,0.924983,0.195498,3.000000,1.000000,47.834473,-21.621094,0.000000,0.000000
11.4700,9837,240,0,0,0.005255,0.003185,0.000000,0.000000,0.000000,0.000000,1.097219,1.500000,0.936524,0.200498,3.000000,1.000000,47.702637,-22.280273,0.000000,0.000000
11.4800,9838,240,0,0,0.004428,0.003792,0.000000,0.000000,0.000000,0.000000,1.049204,1.500000,0.942294,0.202998,3.000000,1.000000,47.614746,-22.565918,0.000000,0.000000
11.4900,9839,240,0,0,0.007265,0.009026,0.000000,0.000000,0.000000,0.000000,0.979367,1.500000,0.948065,0.205498,3.000000,1.000000,47.351074,-22.807617,0.000000,0.000000
11.5000,9840,240,0,0,0.011809,0.015740,0.000000,0.000000,0.000000,0.166971,0.880469,1.500000,0.953835,0.207998,3.000000,1.000000,46.889648,-23.049316,0.000000,0.000000
11.5100,9841,240,0,0,0.014187,0.019772,0.000000,0.000000,0.000000,0.565996,0.746899,1.500000,0.959605,0.210498,0.000000,1.000000,46.296387,-23.269043,0.000000,0.000000
11.5200,9842,240,0,0,0.016230,0.021658,0.000000,0.002167,0.000000,0.943917,0.588408,1.500000,0.965376,0.212998,0.000000,1.000000,45.637207,-23.488770,0.000000,0.000000
11.5300,9843,240,0,0,0.020624,0.021977,0.000302,0.005629,0.115533,1.276624,0.414360,1.500000,0.971146,0.215498,0.000000,1.000000,44.824219,-23.686523,0.000000,0.000000
11.5400,9844,240,0,0,0.030814,0.018707,0.026692,0.004726,0.310052,1.500000,0.259055,1.500000,0.976916,0.217998,0.000000,2.000000,43.989258,-23.862305,0.000000,0.000000
11.5500,9845,240,0,0,0.037678,0.014438,0.075160,0.002829,0.498491,1.500000,0.133122,1.500000,0.982687,0.220498,0.000000,2.000000,43.110352,-24.038086,0.000000,0.000000
11.5600,9846,240,0,0,0.039249,0.018010,0.118352,0.001694,0.672300,1.500000,0.028334,1.500000,0.988457,0.222998,0.000000,2.000000,42.231445,-24.191895,0.000000,0.000000
11.5700,9847,240,0,0,0.038580,0.039066,0.143765,0.020681,0.825038,1.500000,0.000000,1.500000,0.003494,0.225498,1.000000,2.000000,41.374512,-24.323730,0.000000,0.000000
11.5800,9848,240,0,0,0.041295,0.060112,0.164802,0.080221,0.960988,1.500000,0.000000,1.500000,0.009319,0.227998,1.000000,2.000000,40.517578,-24.279785,0.000000,0.000000
11.5900,9849,240,0,0,0.041088,0.071358,0.181909,0.148049,1.080553,1.500000,0.000000,1.500000,0.015143,0.230498,1.000000,2.000000,39.682617,-23.994141,0.000000,0.000000
11.6000,9850,240,0,0,0.039739,0.074472,0.187936,0.201511,1.189315,1.500000,0.000000,1.326317,0.020967,0.232998,1.000000,2.000000,38.869629,-23.554688,0.000000,0.000000
11.6100,9851,240,0,0,0.042828,0.071676,0.195555,0.232448,1.289587,1.500000,0.000000,1.083408,0.026791,0.235498,1.000000,2.000000,38.034668,-22.983398,0.000000,0.000000
11.6200,9852,240,0,0,0.045552,0.067148,0.213126,0.241821,1.374930,1.500000,0.000000,0.869383,0.032615,0.237998,1.000000,2.000000,37.199707,-22.324219,0.000000,0.000000
11.6300,9853,240,0,0,0.046453,0.065085,0.228356,0.241149,1.455862,1.500000,0.000000,0.681956,0.038439,0.240498,1.000000,2.000000,36.408691,-21.577148,0.000000,0.000000
11.6400,9854,240,0,0,0.049665,0.061802,0.246319,0.234763,1.500000,1.500000,0.000000,0.515060,0.044263,0.242998,1.000000,2.000000,35.639648,-20.720215,0.000000,0.000000
11.6500,9855,240,0,0,0.051916,0.061836,0.268309,0.228010,1.500000,1.500000,0.000000,0.378215,0.050087,0.245498,1.000000,2.000000,34.914551,-19.775391,0.000000,0.000000
11.6600,9856,240,0,0,0.053932,0.059515,0.288181,0.222273,1.500000,1.500000,0.000000,0.265266,0.055912,0.247998,1.000000,3.000000,34.233398,-18.764648,0.000000,0.000000
11.6700,9857,240,0,0,0.055254,0.055366,0.308346,0.210931,1.500000,1.500000,0.000000,0.181867,0.061736,0.250498,1.000000,3.000000,33.596191,-17.666016,0.000000,0.000000
11.6800,9858,240,0,0,0.054001,0.051548,0.319139,0.195480,1.500000,1.500000,0.000000,0.103621,0.067560,0.252998,1.000000,3.000000,32.937012,-16.479492,0.000000,0.000000
11.6900,9859,240,0,0,0.050762,0.049621,0.315783,0.180641,1.500000,1.500000,0.000000,0.034128,0.073384,0.255498,1.000000,3.000000,32.299805,-15.205078,0.000000,0.000000
11.7000,9860,240,0,0,0.047573,0.046530,0.301381,0.166976,1.500000,1.500000,0.000000,0.000000,0.079208,0.257998,1.000000,3.000000,31.618652,-13.886719,0.000000,0.000000
11.7100,9861,240,0,0,0.043120,0.048002,0.277275,0.155569,1.500000,1.500000,0.000000,0.000000,0.085032,0.260498,1.000000,3.000000,30.937500,-12.524414,0.000000,0.000000
11.7200,9862,240,0,0,0.038618,0.054400,0.245493,0.160208,1.500000,1.500000,0.000000,0.000000,0.090856,0.262998,1.000000,3.000000,30.212402,-11.162109,0.000000,0.000000
11.7300,9863,240,0,0,0.034911,0.056457,0.210848,0.171496,1.500000,1.500000,0.000000,0.000000,0.096680,0.265498,1.000000,3.000000,29.443359,-9.799805,0.000000,0.000000
11.7400,9864,240,0,0,0.030596,0.056013,0.174193,0.178979,1.500000,1.500000,0.000000,0.000000,0.102504,0.267999,1.000000,3.000000,28.652344,-8.437500,0.000000,0.000000
11.7500,9865,240,0,0,0.027861,0.054822,0.138853,0.181440,1.500000,1.500000,0.000000,0.000000,0.108329,0.270499,1.000000,3.000000,27.883301,-7.119141,0.000000,0.000000
11.7600,9866,240,0,0,0.025188,0.053155,0.107626,0.179861,1.500000,1.500000,0.000000,0.000000,0.114153,0.272999,1.000000,3.000000,27.114258,-5.844727,0.000000,0.000000
11.7700,9867,240,0,0,0.023255,0.051329,0.079780,0.175263,1.500000,1.500000,0.000000,0.000000,0.119977,0.275499,1.000000,3.000000,26.345215,-4.570312,0.000000,0.000000
11.7800,9868,240,0,0,0.022612,0.049033,0.059140,0.167813,1.500000,1.500000,0.000000,0.000000,0.125801,0.277999,1.000000,3.000000,25.620117,-3.317871,0.000000,0.000000
11.7900,9869,240,0,0,0.021760,0.046702,0.042757,0.158571,1.500000,1.500000,0.000000,0.000000,0.131625,0.280499,1.000000,3.000000,24.895020,-2.065430,0.000000,0.000000
11.8000,9870,240,0,0,0.021077,0.043461,0.031748,0.147405,1.500000,1.500000,0.000000,0.000000,0.137449,0.282999,1.000000,3.000000,24.169922,-0.812988,0.000000,0.000000
11.8100,9871,240,0,0,0.019383,0.039870,0.020155,0.132722,1.500000,1.500000,0.000000,0.000000,0.143273,0.285499,1.000000,3.000000,23.466797,0.439453,0.000000,0.000000
11.8200,9872,240,0,0,0.017899,0.036959,0.012068,0.117323,1.500000,1.500000,0.000000,0.000000,0.149097,0.287999,1.000000,3.000000,22.719727,1.691895,0.000000,0.000000
11.8300,9873,240,0,0,0.016195,0.033587,0.007225,0.101608,1.500000,1.500000,0.000000,0.000000,0.154922,0.290500,1.000000,3.000000,21.972656,2.966309,0.000000,0.000000
11.8400,9874,240,0,0,0.014947,0.029685,0.004326,0.084611,1.500000,1.500000,0.000000,0.000000,0.160746,0.293000,1.000000,3.000000,21.225586,4.196777,0.000000,0.000000
11.8500,9875,240,0,0,0.013249,0.026308,0.002590,0.066647,1.500000,1.500000,0.000000,0.000000,0.166570,0.295500,1.000000,3.000000,20.500488,5.405273,0.000000,0.000000
11.8600,9876,240,0,0,0.012018,0.023481,0.001551,0.049828,1.500000,1.500000,0.000000,0.000000,0.172394,0.298000,1.000000,3.000000,19.797363,6.635742,0.000000,0.000000
11.8700,9877,240,0,0,0.011411,0.020589,0.000929,0.033231,1.500000,1.500000,0.000000,0.000000,0.178218,0.300500,1.000000,3.000000,19.116211,7.822266,0.000000,0.000000
11.8800,9878,240,0,0,0.010117,0.017708,0.000556,0.019974,1.500000,1.500000,0.000000,0.000000,0.184042,0.303000,1.000000,3.000000,18.457031,8.986816,0.000000,0.000000
11.8900,9879,240,0,0,0.009036,0.014474,0.000333,0.011959,1.500000,1.500000,0.000000,0.000000,0.189866,0.305500,1.000000,3.000000,17.819824,10.151367,0.000000,0.000000
11.9000,9880,240,0,0,0.009431,0.011978,0.000199,0.007160,1.500000,1.500000,0.000000,0.000000,0.195690,0.308000,1.000000,3.000000,17.182617,11.293945,0.000000,0.000000
11.9100,9881,240,0,0,0.009574,0.009418,0.000119,0.004287,1.500000,1.500000,0.000000,0.000000,0.201514,0.310501,1.000000,3.000000,16.523438,12.392578,0.000000,0.000000
11.9200,9882,240,0,0,0.009304,0.007239,0.000071,0.002567,1.500000,1.500000,0.000000,0.000000,0.207339,0.313001,1.000000,3.000000,15.908203,13.469238,0.000000,0.000000
11.9300,9883,240,0,0,0.010431,0.005720,0.000043,0.001537,1.500000,1.500000,0.000000,0.000000,0.213163,0.315501,1.000000,3.000000,15.314941,14.458008,0.000000,0.000000
11.9400,9884,240,0,0,0.010621,0.004744,0.000026,0.000920,1.500000,1.500000,0.000000,0.000000,0.218987,0.318001,1.000000,3.000000,14.721680,15.402832,0.000000,0.000000
11.9500,9885,240,0,0,0.009932,0.003733,0.000015,0.000551,1.500000,1.500000,0.000000,0.000000,0.224811,0.320501,1.000000,3.000000,14.106445,16.347656,0.000000,0.000000
11.9600,9887,240,0,0,0.006998,0.002882,0.000005,0.000198,1.500000,1.500000,0.000000,0.000000,0.236459,0.325501,1.000000,3.000000,12.919922,18.083496,0.000000,0.000000
11.9700,9888,240,0,0,0.005799,0.002620,0.000003,0.000118,1.500000,1.500000,0.000000,0.000000,0.242283,0.328001,1.000000,3.000000,12.326660,18.918457,0.000000,0.000000
11.9800,9889,240,0,0,0.006181,0.002322,0.000002,0.000071,1.500000,1.500000,0.000000,0.000000,0.248107,0.330501,1.000000,3.000000,11.777344,19.709473,0.000000,0.000000
11.9900,9890,240,0,0,0.006387,0.002084,0.000001,0.000042,1.500000,1.500000,0.000000,0.000000,0.253931,0.333002,1.000000,3.000000,11.206055,20.456543,0.000000,0.000000
12.0000,9891,240,0,0,0.006203,0.001881,0.000001,0.000025,1.500000,1.500000,0.000000,0.000000,0.259755,0.335502,1.000000,3.000000,10.678711,21.181641,0.000000,0.000000
12.0100,9892,240,0,0,0.006404,0.001699,0.000000,0.000015,1.500000,1.500000,0.000000,0.000000,0.265579,0.338002,1.000000,3.000000,10.173340,21.818848,0.000000,0.000000
12.0200,9893,240,0,0,0.005580,0.001766,0.000000,0.000009,1.500000,1.500000,0.000000,0.000000,0.271403,0.340502,1.000000,3.000000,9.711914,22.434082,0.000000,0.000000
12.0300,9894,240,0,0,0.005250,0.002005,0.000000,0.000005,1.500000,1.500000,0.000000,0.000000,0.277227,0.343002,1.000000,3.000000,9.250488,22.961426,0.000000,0.000000
12.0400,9895,240,0,0,0.006184,0.001957,0.000000,0.000003,1.500000,1.500000,0.000000,0.000000,0.283051,0.345502,1.000000,3.000000,8.876953,23.466797,0.000000,0.000000
12.0500,9896,240,0,0,0.006552,0.001786,0.000000,0.000002,1.500000,1.500000,0.000000,0.000000,0.288875,0.348002,1.000000,3.000000,8.503418,23.884277,0.000000,0.000000
12.0600,9897,240,0,0,0.006079,0.001888,0.000000,0.000001,1.500000,1.500000,0.000000,0.000000,0.294699,0.350502,1.000000,3.000000,8.151855,24.191895,0.000000,0.000000
12.0700,9898,240,0,0,0.005532,0.001886,0.000000,0.000001,1.500000,1.500000,0.000000,0.000000,0.300523,0.353002,1.000000,3.000000,7.866211,24.499512,0.000000,0.000000
12.0800,9899,240,0,0,0.004493,0.001788,0.000000,0.000000,1.500000,1.500000,0.000000,0.000000,0.306347,0.355503,1.000000,3.000000,7.624512,24.697266,0.000000,0.000000
12.0900,9900,240,0,0,0.003885,0.002069,0.000000,0.000000,1.500000,1.500000,0.000000,0.000000,0.312171,0.358003,1.000000,3.000000,7.382812,24.895020,0.000000,0.000000
12.1000,9901,240,0,0,0.003297,0.001830,0.000000,0.000000,1.500000,1.500000,0.000000,0.000000,0.317995,0.360503,1.000000,3.000000,7.097168,25.004883,0.000000,0.000000
12.1100,9902,240,0,0,0.002784,0.001856,0.000000,0.000000,1.500000,1.500000,0.000000,0.000000,0.323819,0.363003,1.000000,3.000000,6.877441,25.048828,0.000000,0.000000
12.1200,9903,240,0,0,0.002427,0.001782,0.000000,0.000000,1.500000,1.500000,0.000000,0.000000,0.329643,0.365503,1.000000,3.000000,6.767578,25.092773,0.000000,0.000000
12.1300,9904,240,0,0,0.002859,0.001723,0.000000,0.000000,1.500000,1.500000,0.000000,0.000000,0.335467,0.368003,1.000000,3.000000,6.701660,25.158691,0.000000,0.000000
12.1400,9905,240,0,0,0.003399,0.002089,0.000000,0.000000,1.500000,1.500000,0.000000,0.000000,0.341291,0.370503,1.000000,3.000000,6.591797,25.180664,0.000000,0.000000
12.1500,9906,240,0,0,0.004049,0.001849,0.000000,0.000000,1.500000,1.500000,0.000000,0.000000,0.347115,0.373003,1.000000,3.000000,6.481934,25.180664,0.000000,0.000000
12.1600,9907,240,0,0,0.004033,0.002415,0.000000,0.000000,1.500000,1.500000,0.000000,0.000000,0.352939,0.375504,1.000000,3.000000,6.350098,25.180664,0.000000,0.000000
12.1700,9908,240,0,0,0.003776,0.002376,0.000000,0.000000,1.500000,1.500000,0.000000,0.000000,0.358763,0.378004,1.000000,3.000000,6.218262,25.180664,0.000000,0.000000
12.1800,9909,240,0,0,0.003734,0.002488,0.000000,0.000000,1.500000,1.500000,0.000000,0.000000,0.364587,0.380504,1.000000,3.000000,5.998535,25.158691,0.000000,0.000000
12.1900,9910,240,0,0,0.004623,0.002436,0.000000,0.000000,1.500000,1.500000,0.000000,0.000000,0.370411,0.383004,1.000000,3.000000,5.800781,25.158691,0.000000,0.000000
12.2000,9911,240,0,0,0.003946,0.002636,0.000000,0.000000,1.500000,1.500000,0.000000,0.000000,0.376235,0.385504,1.000000,3.000000,5.668945,25.158691,0.000000,0.000000
12.2100,9912,240,0,0,0.005030,0.002410,0.000000,0.000000,1.500000,1.500000,0.000000,0.000000,0.382059,0.388004,1.000000,3.000000,5.559082,25.158691,0.000000,0.000000
12.2200,9913,240,0,0,0.006464,0.003210,0.000000,0.000000,1.500000,1.500000,0.000000,0.000000,0.387883,0.390504,1.000000,3.000000,5.427246,25.048828,0.000000,0.000000
12.2300,9914,240,0,0,0.007971,0.004475,0.000000,0.000000,1.500000,1.500000,0.000000,0.000000,0.393707,0.393004,1.000000,3.000000,5.317383,24.851074,0.000000,0.000000
12.2400,9915,240,0,0,0.006907,0.003993,0.000000,0.000000,1.500000,1.500000,0.000000,0.000000,0.399531,0.395504,1.000000,3.000000,5.207520,24.521484,0.000000,0.000000
12.2500,9916,240,0,0,0.005615,0.003505,0.000000,0.000000,1.500000,1.500000,0.000000,0.000000,0.405355,0.398005,1.000000,3.000000,5.097656,24.082031,0.000000,0.000000
12.2600,9917,240,0,0,0.004310,0.004353,0.000000,0.000000,1.495144,1.500000,0.000000,0.000000,0.411179,0.400505,1.000000,3.000000,5.009766,23.664551,0.000000,0.000000
12.2700,9918,240,0,0,0.003553,0.004613,0.000000,0.000000,1.341489,1.500000,0.000000,0.000000,0.417003,0.403005,1.000000,3.000000,4.899902,23.291016,0.000000,0.000000
12.2800,9919,240,0,0,0.003780,0.006367,0.000000,0.000000,1.163904,1.500000,0.091252,0.000000,0.422827,0.405505,1.000000,3.000000,4.790039,22.939453,0.000000,0.000000
12.2900,9920,240,0,0,0.003856,0.006027,0.000000,0.000000,0.971242,1.500000,0.200413,0.073252,0.428651,0.408005,1.000000,3.000000,4.680176,22.741699,0.000000,0.000000
12.3000,9921,240,0,0,0.004647,0.006056,0.000000,0.000000,0.750250,1.500000,0.284568,0.294238,0.434475,0.410505,1.000000,3.000000,4.548340,22.587891,0.000000,0.000000
12.3100,9922,240,0,0,0.006531,0.015254,0.000000,0.000000,0.474701,1.500000,0.345906,0.538975,0.440298,0.413005,1.000000,0.000000,4.416504,22.456055,0.000000,0.000000
12.3200,9923,240,0,0,0.007819,0.021218,0.000000,0.000631,0.055332,1.500000,0.395915,0.800279,0.446122,0.415505,2.000000,0.000000,4.240723,22.280273,0.000000,0.000000
12.3300,9924,240,0,0,0.009846,0.022782,0.000000,0.005480,0.000000,1.500000,0.452744,1.068302,0.451946,0.418006,2.000000,0.000000,4.086914,21.972656,0.000000,0.000000
12.3400,9925,240,0,0,0.015175,0.023246,0.000000,0.009994,0.000000,1.500000,0.517120,1.307204,0.457770,0.420506,2.000000,0.000000,3.911133,21.467285,0.000000,0.000000
12.3500,9926,240,0,0,0.020630,0.023207,0.000423,0.012822,0.000000,1.500000,0.585316,1.500000,0.463594,0.423006,2.000000,0.000000,3.713379,20.676270,0.000000,0.000000
12.3600,9927,240,0,0,0.021317,0.022904,0.005635,0.013368,0.000000,1.500000,0.656366,1.500000,0.469418,0.425506,2.000000,0.000000,3.537598,19.775391,0.000000,0.000000
12.3700,9928,240,0,0,0.021089,0.024020,0.008205,0.015993,0.000000,1.500000,0.720910,1.500000,0.475242,0.004695,2.000000,1.000000,3.427734,18.830566,0.000000,0.000000
12.3800,9929,240,0,0,0.020726,0.025617,0.008103,0.019857,0.000000,1.500000,0.779242,1.500000,0.481066,0.010563,2.000000,1.000000,3.449707,17.929688,0.000000,0.000000
12.3900,9930,240,0,0,0.019609,0.025492,0.005749,0.023935,0.000000,1.500000,0.827724,1.500000,0.486890,0.016432,2.000000,1.000000,3.603516,17.094727,0.000000,0.000000
12.4000,9931,240,0,0,0.017259,0.023864,0.003442,0.023639,0.000000,1.500000,0.866907,1.500000,0.492714,0.022300,2.000000,1.000000,3.911133,16.369629,0.000000,0.000000
12.4100,9932,240,0,0,0.014199,0.025406,0.002061,0.023638,0.000000,1.500000,0.899335,1.500000,0.498538,0.028169,2.000000,1.000000,4.372559,15.688477,0.000000,0.000000
12.4200,9933,240,0,0,0.013716,0.027005,0.001234,0.027611,0.000000,1.500000,0.926266,1.500000,0.504362,0.034038,2.000000,1.000000,4.987793,15.007324,0.000000,0.000000
12.4300,9934,240,0,0,0.013355,0.028570,0.000739,0.033182,0.000000,1.500000,0.950207,1.500000,0.510186,0.039906,2.000000,1.000000,5.712891,14.282227,0.000000,0.000000
12.4400,9935,240,0,0,0.011764,0.028808,0.000442,0.038592,0.000000,1.500000,0.971752,1.500000,0.516010,0.045775,2.000000,1.000000,6.525879,13.491211,0.000000,0.000000
12.4500,9937,240,0,0,0.029268,0.024588,0.017244,0.036208,0.000000,1.500000,1.012158,1.500000,0.527658,0.057512,2.000000,1.000000,8.437500,11.887207,0.000000,0.000000
12.4600,9938,240,0,0,0.037472,0.023541,0.067422,0.029790,0.000000,1.461300,1.035681,1.500000,0.533482,0.063380,2.000000,1.000000,9.470215,11.096191,0.000000,0.000000
12.4700,9939,240,0,0,0.040047,0.024062,0.115143,0.025638,0.000000,1.369579,1.059232,1.500000,0.539306,0.069249,2.000000,1.000000,10.568848,10.305176,0.000000,0.000000
12.4800,9940,240,0,0,0.039110,0.024626,0.145377,0.024605,0.000000,1.289261,1.081976,1.500000,0.545130,0.075117,2.000000,1.000000,11.667480,9.514160,0.000000,0.000000
12.4900,9941,240,0,0,0.035406,0.024275,0.153370,0.024138,0.000000,1.214917,1.102815,1.500000,0.550954,0.080986,2.000000,1.000000,12.744141,8.745117,0.000000,0.000000
12.5000,9942,240,0,0,0.037091,0.022101,0.152677,0.020891,0.000000,1.153476,1.122336,1.500000,0.556778,0.086854,2.000000,1.000000,13.798828,8.020020,0.000000,0.000000
12.5100,9943,240,0,0,0.043649,0.019972,0.173274,0.014503,0.000000,1.088413,1.138335,1.500000,0.562602,0.092723,2.000000,1.000000,14.809570,7.272949,0.000000,0.000000
12.5200,9944,240,0,0,0.047311,0.016936,0.205025,0.008683,0.000000,1.032784,1.152224,1.500000,0.568426,0.098592,2.000000,1.000000,15.820312,6.459961,0.000000,0.000000
12.5300,9945,240,0,0,0.048638,0.014119,0.232923,0.005199,0.000000,0.983770,1.162948,1.500000,0.574250,0.104460,2.000000,1.000000,16.787109,5.581055,0.000000,0.000000
12.5400,9946,240,0,0,0.047363,0.011556,0.248356,0.003113,0.000000,0.939452,1.173007,1.500000,0.580074,0.110329,2.000000,1.000000,17.775879,4.724121,0.000000,0.000000
12.5500,9947,240,0,0,0.043705,0.009084,0.247160,0.001864,0.000000,0.897147,1.181497,1.500000,0.585898,0.116197,2.000000,1.000000,18.720703,3.845215,0.000000,0.000000
12.5600,9948,240,0,0,0.041942,0.007325,0.234409,0.001116,0.000000,0.853871,1.188918,1.500000,0.591722,0.122066,2.000000,1.000000,19.643555,2.988281,0.000000,0.000000
12.5700,9949,240,0,0,0.043372,0.006005,0.229021,0.000668,0.000000,0.811857,1.196287,1.500000,0.597546,0.127934,2.000000,1.000000,20.610352,2.131348,0.000000,0.000000
12.5800,9950,240,0,0,0.044385,0.005682,0.230841,0.000400,0.000000,0.771287,1.202114,1.500000,0.603370,0.133803,2.000000,1.000000,21.599121,1.274414,0.000000,0.000000
12.5900,9951,240,0,0,0.044544,0.005019,0.233132,0.000240,0.000000,0.734002,1.208082,1.500000,0.609194,0.139671,2.000000,1.000000,22.587891,0.395508,0.000000,0.000000
12.6000,9952,240,0,0,0.043964,0.004313,0.233875,0.000143,0.000000,0.695830,1.211844,1.500000,0.615018,0.145540,2.000000,1.000000,23.554688,-0.483398,0.000000,0.000000
12.6100,9953,240,0,0,0.041590,0.003951,0.227981,0.000086,0.000000,0.656029,1.215607,1.500000,0.620842,0.151408,2.000000,1.000000,24.543457,-1.384277,0.000000,0.000000
12.6200,9954,240,0,0,0.038921,0.004235,0.214322,0.000051,0.000000,0.622868,1.218960,1.500000,0.626666,0.157277,2.000000,1.000000,25.510254,-2.263184,0.000000,0.000000
12.6300,9955,240,0,0,0.034514,0.006943,0.191871,0.000031,0.000000,0.587664,1.221479,1.500000,0.632490,0.163145,2.000000,1.000000,26.477051,-3.120117,0.000000,0.000000
12.6400,9956,240,0,0,0.030828,0.008247,0.162796,0.000018,0.000000,0.557922,1.223778,1.500000,0.638313,0.169014,2.000000,1.000000,27.465820,-3.977051,0.000000,0.000000
12.6500,9957,240,0,0,0.028315,0.006528,0.133741,0.000011,0.000000,0.525841,1.227046,1.500000,0.644137,0.174882,2.000000,1.000000,28.454590,-4.833984,0.000000,0.000000
12.6600,9958,240,0,0,0.025154,0.005645,0.104957,0.000007,0.000000,0.495397,1.229257,1.500000,0.649961,0.180751,2.000000,1.000000,29.443359,-5.690918,0.000000,0.000000
12.6700,9959,240,0,0,0.022246,0.004416,0.076105,0.000004,0.000000,0.467069,1.230773,1.500000,0.655785,0.186619,2.000000,1.000000,30.388184,-6.525879,0.000000,0.000000
12.6800,9960,240,0,0,0.020368,0.003489,0.049787,0.000002,0.000000,0.440802,1.233447,1.500000,0.661609,0.192488,2.000000,1.000000,31.354980,-7.316895,0.000000,0.000000
12.6900,9961,240,0,0,0.018070,0.003174,0.029861,0.000001,0.000000,0.412149,1.236654,1.500000,0.667433,0.198356,2.000000,1.000000,32.299805,-8.129883,0.000000,0.000000
12.7000,9962,240,0,0,0.015285,0.004365,0.017879,0.000001,0.000000,0.383886,1.239845,1.500000,0.673257,0.204225,2.000000,1.000000,33.200684,-8.898926,0.000000,0.000000
12.7100,9963,240,0,0,0.013056,0.006013,0.010705,0.000001,0.000000,0.357692,1.242224,1.500000,0.679081,0.210093,2.000000,1.000000,34.101562,-9.667969,0.000000,0.000000
12.7200,9964,240,0,0,0.011902,0.006413,0.006409,0.000000,0.000000,0.330642,1.245915,1.500000,0.684905,0.215962,3.000000,1.000000,34.958496,-10.371094,0.000000,0.000000
12.7300,9965,240,0,0,0.011224,0.006710,0.003838,0.000000,0.000000,0.308904,1.249003,1.500000,0.690729,0.221831,3.000000,1.000000,35.815430,-11.074219,0.000000,0.000000
12.7400,9966,240,0,0,0.010582,0.006174,0.002298,0.000000,0.000000,0.280904,1.251470,1.500000,0.696553,0.227699,3.000000,1.000000,36.650391,-11.733398,0.000000,0.000000
12.7500,9967,240,0,0,0.009706,0.005118,0.001376,0.000000,0.000000,0.255418,1.255862,1.500000,0.702377,0.233568,3.000000,1.000000,37.485352,-12.414551,0.000000,0.000000
12.7600,9968,240,0,0,0.011163,0.004005,0.000824,0.000000,0.000000,0.229371,1.259902,1.500000,0.708201,0.239436,3.000000,1.000000,38.320312,-13.095703,0.000000,0.000000
12.7700,9969,240,0,0,0.014244,0.003854,0.000493,0.000000,0.000000,0.199664,1.265966,1.500000,0.714025,0.245305,3.000000,1.000000,39.111328,-13.732910,0.000000,0.000000
12.7800,9970,240,0,0,0.016092,0.004053,0.000295,0.000000,0.000000,0.169296,1.271949,1.500000,0.719849,0.251173,3.000000,1.000000,39.858398,-14.304199,0.000000,0.000000
12.7900,9971,240,0,0,0.016337,0.003581,0.000177,0.000000,0.000000,0.136161,1.278412,1.500000,0.725673,0.257042,3.000000,1.000000,40.583496,-14.809570,0.000000,0.000000
12.8000,9972,240,0,0,0.014963,0.003197,0.000106,0.000000,0.000000,0.101123,1.284160,1.500000,0.731497,0.262911,3.000000,1.000000,41.264648,-15.292969,0.000000,0.000000
12.8100,9973,240,0,0,0.011704,0.002750,0.000063,0.000000,0.000000,0.061426,1.291095,1.500000,0.737321,0.268779,3.000000,1.000000,41.923828,-15.710449,0.000000,0.000000
12.8200,9974,240,0,0,0.008916,0.002879,0.000038,0.000000,0.000000,0.021493,1.296788,1.500000,0.743145,0.274648,3.000000,1.000000,42.539062,-16.127930,0.000000,0.000000
12.8300,9975,240,0,0,0.007380,0.002681,0.000023,0.000000,0.000000,0.000000,1.304384,1.500000,0.748969,0.280517,3.000000,1.000000,43.132324,-16.523438,0.000000,0.000000
12.8400,9976,240,0,0,0.006072,0.003965,0.000014,0.000000,0.000000,0.000000,1.310629,1.500000,0.754793,0.286385,3.000000,1.000000,43.681641,-16.940918,0.000000,0.000000
12.8500,9977,240,0,0,0.005272,0.004485,0.000008,0.000000,0.000000,0.000000,1.316070,1.500000,0.760617,0.292254,3.000000,1.000000,44.187012,-17.270508,0.000000,0.000000
12.8600,9978,240,0,0,0.006431,0.005404,0.000005,0.000000,0.000000,0.000000,1.321274,1.500000,0.766441,0.298123,3.000000,1.000000,44.670410,-17.578125,0.000000,0.000000
12.8700,9979,240,0,0,0.009427,0.006987,0.000003,0.000000,0.000000,0.000000,1.326094,1.500000,0.772265,0.303991,3.000000,1.000000,45.131836,-17.797852,0.000000,0.000000
12.8800,9980,240,0,0,0.011652,0.007722,0.000002,0.000000,0.000000,0.000000,1.329279,1.500000,0.778089,0.309860,3.000000,1.000000,45.461426,-17.995605,0.000000,0.000000
12.8900,9981,240,0,0,0.012561,0.008980,0.000001,0.000000,0.000000,0.000000,1.331923,1.500000,0.783913,0.315729,3.000000,1.000000,45.747070,-18.127441,0.000000,0.000000
12.9000,9982,240,0,0,0.013621,0.011276,0.000001,0.000000,0.000000,0.000000,1.333741,1.500000,0.789737,0.321597,3.000000,1.000000,46.032715,-18.171387,0.000000,0.000000
12.9100,9983,240,0,0,0.014283,0.011405,0.000000,0.000000,0.000000,0.000000,1.336202,1.500000,0.795561,0.327466,3.000000,1.000000,46.296387,-18.237305,0.000000,0.000000
12.9200,9984,240,0,0,0.013568,0.010102,0.000000,0.000000,0.000000,0.000000,1.337954,1.500000,0.801385,0.333335,3.000000,1.000000,46.538086,-18.303223,0.000000,0.000000
12.9300,9985,240,0,0,0.012646,0.008744,0.000000,0.000000,0.000000,0.000000,1.337664,1.500000,0.807209,0.339203,3.000000,1.000000,46.713867,-18.435059,0.000000,0.000000
12.9400,9987,240,0,0,0.014064,0.005888,0.000000,0.000000,0.000000,0.000000,1.337757,1.500000,0.818857,0.350941,3.000000,1.000000,46.999512,-18.698730,0.000000,0.000000
12.9500,9988,240,0,0,0.013509,0.004878,0.000000,0.000000,0.000000,0.000000,1.338010,1.500000,0.824681,0.356809,3.000000,1.000000,47.131348,-18.786621,0.000000,0.000000
12.9600,9989,240,0,0,0.012854,0.004409,0.000000,0.000000,0.000000,0.000000,1.338153,1.500000,0.830504,0.362678,3.000000,1.000000,47.285156,-18.962402,0.000000,0.000000
12.9700,9990,240,0,0,0.013125,0.003489,0.000000,0.000000,0.000000,0.000000,1.338120,1.500000,0.836328,0.368547,3.000000,1.000000,47.373047,-19.116211,0.000000,0.000000
12.9800,9991,240,0,0,0.013929,0.003095,0.000000,0.000000,0.000000,0.000000,1.337449,1.500000,0.842152,0.374415,3.000000,1.000000,47.460938,-19.313965,0.000000,0.000000
12.9900,9992,240,0,0,0.014425,0.002975,0.000000,0.000000,0.000000,0.000000,1.335518,1.500000,0.847976,0.380284,3.000000,1.000000,47.526855,-19.533691,0.000000,0.000000
13.0000,9993,240,0,0,0.013986,0.003124,0.000000,0.000000,0.000000,0.000000,1.334656,1.500000,0.853800,0.386153,3.000000,1.000000,47.592773,-19.643555,0.000000,0.000000
13.0100,9994,240,0,0,0.012091,0.003402,0.000000,0.000000,0.000000,0.000000,1.331682,1.500000,0.859624,0.392021,3.000000,1.000000,47.636719,-19.775391,0.000000,0.000000
13.0200,9995,240,0,0,0.010070,0.003028,0.000000,0.000000,0.000000,0.000000,1.326979,1.500000,0.865448,0.397890,3.000000,1.000000,47.614746,-19.995117,0.000000,0.000000
13.0300,9996,240,0,0,0.009000,0.002873,0.000000,0.000000,0.000000,0.000000,1.322549,1.500000,0.871272,0.403759,3.000000,1.000000,47.614746,-20.170898,0.000000,0.000000
13.0400,9997,240,0,0,0.007737,0.002348,0.000000,0.000000,0.000000,0.000000,1.315713,1.500000,0.877096,0.409627,3.000000,1.000000,47.614746,-20.280762,0.000000,0.000000
13.0500,9998,240,0,0,0.006016,0.002408,0.000000,0.000000,0.000000,0.000000,1.309543,1.500000,0.882920,0.415496,3.000000,1.000000,47.592773,-20.434570,0.000000,0.000000
13.0600,9999,240,0,0,0.004859,0.003062,0.000000,0.000000,0.000000,0.000000,1.301069,1.500000,0.888744,0.421365,3.000000,1.000000,47.548828,-20.720215,0.000000,0.000000
13.0700,10000,240,0,0,0.004122,0.004360,0.000000,0.000000,0.000000,0.000000,1.288829,1.500000,0.894568,0.427233,3.000000,1.000000,47.504883,-20.939941,0.000000,0.000000
13.0800,10001,240,0,0,0.003741,0.006338,0.000000,0.000000,0.000000,0.000000,1.273776,1.500000,0.900392,0.433102,3.000000,1.000000,47.438965,-21.093750,0.000000,0.000000
13.0900,10002,240,0,0,0.003284,0.006882,0.000000,0.000000,0.000000,0.000000,1.252382,1.500000,0.906216,0.438971,3.000000,1.000000,47.329102,-21.269531,0.000000,0.000000
13.1000,10003,240,0,0,0.003201,0.012756,0.000000,0.000000,0.000000,0.000000,1.225310,1.500000,0.912040,0.444839,3.000000,1.000000,47.219238,-21.533203,0.000000,0.000000
13.1100,10004,240,0,0,0.003492,0.019839,0.000000,0.000000,0.000000,0.000000,1.189178,1.500000,0.917864,0.450708,3.000000,1.000000,47.065430,-21.818848,0.000000,0.000000
13.1200,10005,240,0,0,0.004228,0.023429,0.000000,0.004692,0.000000,0.000000,1.145007,1.500000,0.923688,0.456577,3.000000,1.000000,46.845703,-21.994629,0.000000,0.000000
13.1300,10006,240,0,0,0.004097,0.023888,0.000000,0.011043,0.000000,0.000000,1.097082,1.500000,0.929512,0.462445,3.000000,1.000000,46.647949,-22.126465,0.000000,0.000000
13.1400,10007,240,0,0,0.003427,0.021859,0.000000,0.012518,0.000000,0.182397,1.034046,1.500000,0.935336,0.468314,3.000000,1.000000,46.384277,-22.302246,0.000000,0.000000
13.1500,10008,240,0,0,0.005232,0.019091,0.000000,0.008561,0.000000,0.466400,0.951793,1.500000,0.941160,0.474183,0.000000,1.000000,46.098633,-22.478027,0.000000,0.000000
13.1600,10009,240,0,0,0.006899,0.018628,0.000000,0.005126,0.000000,0.750242,0.839525,1.500000,0.946984,0.480051,0.000000,1.000000,45.791016,-22.697754,0.000000,0.000000
13.1700,10010,240,0,0,0.006591,0.020165,0.000000,0.003154,0.000000,1.026924,0.691681,1.500000,0.952808,0.485920,0.000000,1.000000,45.373535,-22.917480,0.000000,0.000000
13.1800,10011,240,0,0,0.010948,0.020902,0.000000,0.002939,0.000000,1.319765,0.514949,1.500000,0.958632,0.491789,0.000000,1.000000,44.890137,-23.137207,0.000000,0.000000
13.1900,10012,240,0,0,0.020171,0.021792,0.000083,0.005066,0.000000,1.500000,0.327578,1.500000,0.964456,0.497657,0.000000,2.000000,44.428711,-23.378906,0.000000,0.000000
13.2000,10013,240,0,0,0.026164,0.021325,0.015427,0.006716,0.000000,1.500000,0.170449,1.500000,0.970280,0.503526,0.000000,2.000000,43.835449,-23.642578,0.000000,0.000000
13.2100,10014,240,0,0,0.032007,0.019637,0.043787,0.004581,0.000000,1.500000,0.043149,1.500000,0.976104,0.509395,0.000000,2.000000,43.176270,-23.884277,0.000000,0.000000
13.2200,10015,240,0,0,0.044098,0.025224,0.100466,0.008152,0.098867,1.500000,0.000000,1.500000,0.981928,0.515263,0.000000,2.000000,42.451172,-24.060059,0.000000,0.000000
13.2300,10016,240,0,0,0.051549,0.028963,0.173296,0.021363,0.247421,1.500000,0.000000,1.500000,0.987752,0.521132,0.000000,2.000000,41.704102,-24.257812,0.000000,0.000000
13.2400,10017,240,0,0,0.057167,0.033285,0.238378,0.035863,0.378267,1.500000,0.000000,1.500000,0.001762,0.527001,1.000000,2.000000,40.869141,-24.455566,0.000000,0.000000
13.2500,10018,240,0,0,0.061156,0.039550,0.297928,0.057916,0.498629,1.500000,0.000000,1.500000,0.007634,0.532869,1.000000,2.000000,39.990234,-24.609375,0.000000,0.000000
13.2600,10019,240,0,0,0.061846,0.042229,0.340196,0.079474,0.616214,1.500000,0.000000,1.500000,0.013506,0.538738,1.000000,2.000000,39.155273,-24.499512,0.000000,0.000000
13.2700,10020,240,0,0,0.062226,0.041953,0.366940,0.094755,0.724071,1.500000,0.000000,1.500000,0.019378,0.544607,1.000000,2.000000,38.342285,-24.104004,0.000000,0.000000
13.2800,10021,240,0,0,0.061819,0.038655,0.383025,0.099274,0.820426,1.500000,0.000000,1.500000,0.025250,0.550475,1.000000,2.000000,37.485352,-23.554688,0.000000,0.000000
13.2900,10022,240,0,0,0.058901,0.032656,0.386047,0.091513,0.919804,1.500000,0.000000,1.361862,0.031122,0.556344,1.000000,2.000000,36.584473,-22.851562,0.000000,0.000000
13.3000,10023,240,0,0,0.057037,0.026428,0.376399,0.073215,1.006937,1.500000,0.000000,1.164489,0.036994,0.562213,1.000000,2.000000,35.705566,-22.038574,0.000000,0.000000
13.3100,10024,240,0,0,0.056830,0.021885,0.369497,0.051864,1.081465,1.500000,0.000000,0.982722,0.042866,0.568081,1.000000,2.000000,34.870605,-21.137695,0.000000,0.000000
13.3200,10025,240,0,0,0.054917,0.018297,0.359670,0.031602,1.150035,1.500000,0.000000,0.836711,0.048738,0.573950,1.000000,2.000000,34.101562,-20.104980,0.000000,0.000000
13.3300,10026,240,0,0,0.055425,0.019766,0.351727,0.018921,1.207200,1.500000,0.000000,0.721245,0.054609,0.579819,1.000000,2.000000,33.376465,-18.984375,0.000000,0.000000
13.3400,10027,240,0,0,0.054857,0.022675,0.347198,0.013620,1.252546,1.500000,0.000000,0.631887,0.060481,0.585688,1.000000,2.000000,32.739258,-17.797852,0.000000,0.000000
13.3500,10028,240,0,0,0.052976,0.029942,0.339723,0.022832,1.289518,1.500000,0.000000,0.557662,0.066353,0.591556,1.000000,2.000000,32.124023,-16.545410,0.000000,0.000000
13.3600,10029,240,0,0,0.049354,0.033506,0.323476,0.039982,1.324248,1.500000,0.000000,0.486327,0.072226,0.597425,1.000000,2.000000,31.530762,-15.249023,0.000000,0.000000
13.3700,10030,240,0,0,0.045665,0.034614,0.299663,0.053584,1.350293,1.500000,0.000000,0.420395,0.078098,0.603294,1.000000,2.000000,30.981445,-13.930664,0.000000,0.000000
13.3800,10031,240,0,0,0.042163,0.038362,0.270613,0.066955,1.370401,1.500000,0.000000,0.369570,0.083970,0.609162,1.000000,2.000000,30.432129,-12.590332,0.000000,0.000000
13.3900,10032,240,0,0,0.040666,0.043139,0.244083,0.084928,1.383108,1.500000,0.000000,0.322018,0.089842,0.615031,1.000000,3.000000,29.860840,-11.271973,0.000000,0.000000
13.4000,10033,240,0,0,0.038918,0.045057,0.222786,0.102402,1.390181,1.500000,0.000000,0.274615,0.095714,0.620900,1.000000,3.000000,29.289551,-10.019531,0.000000,0.000000
13.4100,10034,240,0,0,0.036550,0.046836,0.202195,0.115890,1.389363,1.500000,0.000000,0.236892,0.101586,0.626768,1.000000,3.000000,28.674316,-8.876953,0.000000,0.000000
13.4200,10035,240,0,0,0.033059,0.047940,0.177570,0.127692,1.387266,1.500000,0.000000,0.194596,0.107458,0.632637,1.000000,3.000000,28.015137,-7.800293,0.000000,0.000000
13.4300,10037,240,0,0,0.026656,0.043895,0.117583,0.132244,1.371753,1.500000,0.000000,0.104691,0.119202,0.644374,1.000000,3.000000,26.630859,-5.734863,0.000000,0.000000
13.4400,10038,240,0,0,0.024096,0.040397,0.090695,0.125286,1.358283,1.500000,0.000000,0.064485,0.125074,0.650243,1.000000,3.000000,25.927734,-4.724121,0.000000,0.000000
13.4500,10039,240,0,0,0.021973,0.035286,0.064856,0.111602,1.340883,1.500000,0.000000,0.033366,0.130946,0.656112,1.000000,3.000000,25.180664,-3.713379,0.000000,0.000000
13.4600,10040,240,0,0,0.020556,0.030397,0.043266,0.093008,1.326276,1.500000,0.000000,0.008153,0.136818,0.661980,1.000000,3.000000,24.455566,-2.658691,0.000000,0.000000
13.4700,10041,240,0,0,0.018719,0.025239,0.026210,0.071142,1.309355,1.500000,0.000000,0.000000,0.142690,0.667849,1.000000,3.000000,23.730469,-1.604004,0.000000,0.000000
13.4800,10042,240,0,0,0.018197,0.021424,0.015693,0.048584,1.298943,1.500000,0.000000,0.000000,0.148562,0.673718,1.000000,3.000000,23.027344,-0.505371,0.000000,0.000000
13.4900,10043,240,0,0,0.016412,0.017999,0.009396,0.029490,1.289128,1.500000,0.000000,0.000000,0.154434,0.679586,1.000000,3.000000,22.346191,0.593262,0.000000,0.000000
13.5000,10044,240,0,0,0.015638,0.014817,0.005626,0.017657,1.281586,1.500000,0.000000,0.000000,0.160305,0.685455,1.000000,3.000000,21.665039,1.735840,0.000000,0.000000
13.5100,10045,240,0,0,0.015305,0.012144,0.003368,0.010572,1.277313,1.500000,0.000000,0.000000,0.166177,0.691324,1.000000,3.000000,20.983887,2.856445,0.000000,0.000000
13.5200,10046,240,0,0,0.014364,0.010338,0.002017,0.006330,1.274619,1.500000,0.000000,0.000000,0.172049,0.697192,1.000000,3.000000,20.324707,3.977051,0.000000,0.000000
13.5300,10047,240,0,0,0.013749,0.009132,0.001207,0.003790,1.274883,1.500000,0.000000,0.000000,0.177921,0.703061,1.000000,3.000000,19.687500,5.097656,0.000000,0.000000
13.5400,10048,240,0,0,0.012921,0.007797,0.000723,0.002269,1.281401,1.500000,0.000000,0.000000,0.183793,0.708930,1.000000,3.000000,19.050293,6.240234,0.000000,0.000000
13.5500,10049,240,0,0,0.011336,0.007067,0.000433,0.001359,1.286138,1.500000,0.000000,0.000000,0.189665,0.714798,1.000000,3.000000,18.391113,7.360840,0.000000,0.000000
13.5600,10050,240,0,0,0.010127,0.006118,0.000259,0.000813,1.294228,1.500000,0.000000,0.000000,0.195537,0.720667,1.000000,3.000000,17.731934,8.481445,0.000000,0.000000
13.5700,10051,240,0,0,0.008367,0.004794,0.000155,0.000487,1.307893,1.500000,0.000000,0.000000,0.201409,0.726536,1.000000,3.000000,17.050781,9.624023,0.000000,0.000000
13.5800,10052,240,0,0,0.007819,0.003746,0.000093,0.000292,1.316965,1.500000,0.000000,0.000000,0.207281,0.732404,1.000000,3.000000,16.413574,10.744629,0.000000,0.000000
13.5900,10053,240,0,0,0.007779,0.003036,0.000056,0.000175,1.324987,1.500000,0.000000,0.000000,0.213153,0.738273,1.000000,3.000000,15.754395,11.843262,0.000000,0.000000
13.6000,10054,240,0,0,0.007296,0.002455,0.000033,0.000105,1.335526,1.500000,0.000000,0.000000,0.219025,0.744142,1.000000,3.000000,15.073242,12.897949,0.000000,0.000000
13.6100,10055,240,0,0,0.006836,0.002581,0.000020,0.000063,1.346596,1.500000,0.000000,0.000000,0.224897,0.750010,1.000000,3.000000,14.436035,13.930664,0.000000,0.000000
13.6200,10056,240,0,0,0.006635,0.002994,0.000012,0.000037,1.351993,1.500000,0.000000,0.000000,0.230769,0.755879,1.000000,3.000000,13.842773,14.941406,0.000000,0.000000
13.6300,10057,240,0,0,0.007360,0.003397,0.000007,0.000022,1.360865,1.500000,0.000000,0.000000,0.236641,0.761748,1.000000,3.000000,13.271484,15.952148,0.000000,0.000000
13.6400,10058,240,0,0,0.007787,0.003643,0.000004,0.000013,1.368939,1.500000,0.000000,0.000000,0.242513,0.767616,1.000000,3.000000,12.722168,16.918945,0.000000,0.000000
13.6500,10059,240,0,0,0.007249,0.004207,0.000003,0.000008,1.376131,1.500000,0.000000,0.000000,0.248385,0.773485,1.000000,3.000000,12.216797,17.863770,0.000000,0.000000
13.6600,10060,240,0,0,0.007842,0.004182,0.000002,0.000005,1.380891,1.500000,0.000000,0.000000,0.254257,0.779354,1.000000,3.000000,11.711426,18.764648,0.000000,0.000000
13.6700,10061,240,0,0,0.007623,0.004462,0.000001,0.000003,1.391006,1.500000,0.000000,0.000000,0.260129,0.785222,1.000000,3.000000,11.206055,19.621582,0.000000,0.000000
13.6800,10062,240,0,0,0.008024,0.004257,0.000001,0.000002,1.396754,1.500000,0.000000,0.000000,0.266001,0.791091,1.000000,3.000000,10.700684,20.456543,0.000000,0.000000
13.6900,10063,240,0,0,0.008100,0.005313,0.000000,0.000001,1.405205,1.500000,0.000000,0.000000,0.271873,0.796960,1.000000,3.000000,10.195312,21.225586,0.000000,0.000000
13.7000,10064,240,0,0,0.009357,0.006350,0.000000,0.000001,1.411813,1.500000,0.000000,0.000000,0.277745,0.802828,1.000000,3.000000,9.689941,21.972656,0.000000,0.000000
13.7100,10065,240,0,0,0.010178,0.007270,0.000000,0.000000,1.420055,1.500000,0.000000,0.000000,0.283616,0.808697,1.000000,3.000000,9.206543,22.653809,0.000000,0.000000
13.7200,10066,240,0,0,0.009570,0.008044,0.000000,0.000000,1.427394,1.500000,0.000000,0.000000,0.289488,0.814566,1.000000,3.000000,8.767090,23.291016,0.000000,0.000000
13.7300,10067,240,0,0,0.009037,0.008060,0.000000,0.000000,1.436275,1.500000,0.000000,0.000000,0.295360,0.820434,1.000000,3.000000,8.349609,23.862305,0.000000,0.000000
13.7400,10068,240,0,0,0.008549,0.007715,0.000000,0.000000,1.441247,1.500000,0.000000,0.000000,0.301232,0.826303,1.000000,3.000000,8.041992,24.367676,0.000000,0.000000
13.7500,10069,240,0,0,0.008368,0.008014,0.000000,0.000000,1.450875,1.500000,0.000000,0.000000,0.307104,0.832172,1.000000,3.000000,7.756348,24.851074,0.000000,0.000000
13.7600,10070,240,0,0,0.008325,0.007681,0.000000,0.000000,1.448987,1.500000,0.000000,0.000000,0.312976,0.838040,1.000000,3.000000,7.536621,25.246582,0.000000,0.000000
13.7700,10071,240,0,0,0.007997,0.007483,0.000000,0.000000,1.453300,1.500000,0.000000,0.000000,0.318848,0.843909,1.000000,3.000000,7.404785,25.620117,0.000000,0.000000
13.7800,10072,240,0,0,0.007538,0.006899,0.000000,0.000000,1.455848,1.500000,0.000000,0.000000,0.324720,0.849778,1.000000,3.000000,7.294922,25.883789,0.000000,0.000000
13.7900,10073,240,0,0,0.007395,0.005334,0.000000,0.000000,1.450988,1.500000,0.000000,0.000000,0.330592,0.855646,1.000000,3.000000,7.207031,26.103516,0.000000,0.000000
13.8000,10074,240,0,0,0.007050,0.004537,0.000000,0.000000,1.450814,1.500000,0.000000,0.000000,0.336464,0.861515,1.000000,3.000000,7.141113,26.301270,0.000000,0.000000
13.8100,10075,240,0,0,0.006383,0.003632,0.000000,0.000000,1.447281,1.500000,0.000000,0.000000,0.342336,0.867384,1.000000,3.000000,7.075195,26.411133,0.000000,0.000000
13.8200,10076,240,0,0,0.005525,0.003351,0.000000,0.000000,1.448136,1.500000,0.000000,0.000000,0.348208,0.873253,1.000000,3.000000,7.031250,26.455078,0.000000,0.000000
13.8300,10077,240,0,0,0.004971,0.003014,0.000000,0.000000,1.438632,1.500000,0.000000,0.000000,0.354080,0.879121,1.000000,3.000000,6.965332,26.455078,0.000000,0.000000
13.8400,10078,240,0,0,0.004658,0.002968,0.000000,0.000000,1.434128,1.500000,0.000000,0.000000,0.359952,0.884990,1.000000,3.000000,6.877441,26.455078,0.000000,0.000000
13.8500,10079,240,0,0,0.003970,0.002807,0.000000,0.000000,1.422978,1.500000,0.000000,0.000000,0.365824,0.890859,1.000000,3.000000,6.745605,26.455078,0.000000,0.000000
13.8600,10080,240,0,0,0.003305,0.002436,0.000000,0.000000,1.409083,1.500000,0.000000,0.000000,0.371696,0.896727,1.000000,3.000000,6.547852,26.455078,0.000000,0.000000
13.8700,10081,240,0,0,0.002926,0.002527,0.000000,0.000000,1.394217,1.500000,0.000000,0.000000,0.377568,0.902596,1.000000,3.000000,6.394043,26.433105,0.000000,0.000000
13.8800,10082,240,0,0,0.002503,0.003484,0.000000,0.000000,1.372835,1.500000,0.000000,0.000000,0.383440,0.908465,1.000000,3.000000,6.240234,26.433105,0.000000,0.000000
13.8900,10083,240,0,0,0.002594,0.004389,0.000000,0.000000,1.350502,1.500000,0.000000,0.000000,0.389312,0.914333,1.000000,3.000000,6.108398,26.433105,0.000000,0.000000
13.9000,10084,240,0,0,0.002782,0.004820,0.000000,0.000000,1.323819,1.500000,0.000000,0.000000,0.395184,0.920202,1.000000,3.000000,5.954590,26.411133,0.000000,0.000000
13.9100,10085,240,0,0,0.002280,0.004155,0.000000,0.000000,1.288367,1.500000,0.000000,0.000000,0.401055,0.926071,1.000000,3.000000,5.822754,26.389160,0.000000,0.000000
13.9200,10087,240,0,0,0.001888,0.003180,0.000000,0.000000,1.195323,1.500000,0.000000,0.000000,0.412799,0.937808,1.000000,3.000000,5.537109,26.103516,0.000000,0.000000
13.9300,10088,240,0,0,0.002263,0.002852,0.000000,0.000000,1.146176,1.500000,0.000000,0.000000,0.418671,0.943677,1.000000,3.000000,5.405273,25.773926,0.000000,0.000000
13.9400,10089,240,0,0,0.002075,0.003777,0.000000,0.000000,1.083423,1.500000,0.000000,0.000000,0.424543,0.949545,1.000000,3.000000,5.273438,25.312500,0.000000,0.000000
13.9500,10090,240,0,0,0.002506,0.004762,0.000000,0.000000,1.013418,1.500000,0.000000,0.000000,0.430415,0.955414,1.000000,3.000000,5.097656,24.741211,0.000000,0.000000
13.9600,10091,240,0,0,0.002323,0.004435,0.000000,0.000000,0.927662,1.500000,0.173944,0.024502,0.436287,0.961283,1.000000,3.000000,4.943848,24.235840,0.000000,0.000000
13.9700,10092,240,0,0,0.002253,0.003803,0.000000,0.000000,0.827856,1.500000,0.355918,0.100504,0.442159,0.967151,1.000000,0.000000,4.768066,23.840332,0.000000,0.000000
13.9800,10093,240,0,0,0.002150,0.004705,0.000000,0.000000,0.705957,1.500000,0.494141,0.140254,0.448031,0.973020,1.000000,0.000000,4.592285,23.620605,0.000000,0.000000
13.9900,10094,240,0,0,0.002320,0.004966,0.000000,0.000000,0.544524,1.500000,0.602848,0.193228,0.453903,0.978889,1.000000,0.000000,4.394531,23.488770,0.000000,0.000000
14.0000,10095,240,0,0,0.002008,0.006459,0.000000,0.000000,0.359794,1.500000,0.687162,0.300793,0.459775,0.984757,1.000000,0.000000,4.262695,23.356934,0.000000,0.000000
14.0100,10096,240,0,0,0.001890,0.010302,0.000000,0.000000,0.116168,1.500000,0.753431,0.466657,0.465647,0.990626,2.000000,0.000000,4.152832,23.137207,0.000000,0.000000
14.0200,10097,240,0,0,0.002404,0.012031,0.000000,0.000000,0.000000,1.500000,0.812178,0.644559,0.471519,0.996495,2.000000,0.000000,4.042969,22.829590,0.000000,0.000000
14.0300,10098,240,0,0,0.003630,0.013343,0.000000,0.000000,0.000000,1.500000,0.871947,0.815071,0.477391,0.000586,2.000000,1.000000,3.933105,22.324219,0.000000,0.000000
14.0400,10099,240,0,0,0.004102,0.016549,0.000000,0.000000,0.000000,1.500000,0.936037,0.978188,0.483263,0.006444,2.000000,1.000000,3.823242,21.643066,0.000000,0.000000
14.0500,10100,240,0,0,0.005614,0.024696,0.000000,0.004055,0.000000,1.500000,1.003727,1.126338,0.489135,0.012302,2.000000,1.000000,3.757324,20.874023,0.000000,0.000000
14.0600,10101,240,0,0,0.008024,0.028462,0.000000,0.017614,0.000000,1.500000,1.078684,1.264645,0.495007,0.018161,2.000000,1.000000,3.757324,20.017090,0.000000,0.000000
14.0700,10102,240,0,0,0.008696,0.032262,0.000000,0.032800,0.000000,1.500000,1.144066,1.393959,0.500879,0.024019,2.000000,1.000000,3.801270,19.160156,0.000000,0.000000
14.0800,10103,240,0,0,0.008020,0.034930,0.000000,0.048998,0.000000,1.500000,1.196952,1.500000,0.506751,0.029877,2.000000,1.000000,3.955078,18.347168,0.000000,0.000000
14.0900,10104,240,0,0,0.006343,0.036155,0.000000,0.062707,0.000000,1.500000,1.238262,1.500000,0.512623,0.035735,2.000000,1.000000,4.218750,17.600098,0.000000,0.000000
14.1000,10105,240,0,0,0.006208,0.034213,0.000000,0.069349,0.000000,1.500000,1.271754,1.500000,0.518495,0.041593,2.000000,1.000000,4.526367,16.940918,0.000000,0.000000
14.1100,10106,240,0,0,0.006346,0.035034,0.000000,0.070988,0.000000,1.500000,1.296704,1.500000,0.524368,0.047452,2.000000,1.000000,4.943848,16.281738,0.000000,0.000000
14.1200,10107,240,0,0,0.005632,0.039155,0.000000,0.079746,0.000000,1.500000,1.315649,1.500000,0.530240,0.053310,2.000000,1.000000,5.449219,15.600586,0.000000,0.000000
14.1300,10108,240,0,0,0.008474,0.039847,0.000000,0.089340,0.000000,1.500000,1.329099,1.500000,0.536112,0.059168,2.000000,1.000000,6.064453,14.897461,0.000000,0.000000
14.1400,10109,240,0,0,0.013384,0.039827,0.000000,0.095273,0.000000,1.500000,1.340034,1.500000,0.541984,0.065026,2.000000,1.000000,6.767578,14.150391,0.000000,0.000000
14.1500,10110,240,0,0,0.014734,0.039925,0.000000,0.098865,0.000000,1.500000,1.346810,1.500000,0.547857,0.070885,2.000000,1.000000,7.558594,13.381348,0.000000,0.000000
14.1600,10111,240,0,0,0.013725,0.039167,0.000000,0.100067,0.000000,1.500000,1.351710,1.500000,0.553729,0.076743,2.000000,1.000000,8.459473,12.634277,0.000000,0.000000
14.1700,10112,240,0,0,0.015917,0.037861,0.000000,0.098774,0.000000,1.500000,1.356514,1.500000,0.559601,0.082601,2.000000,1.000000,9.404297,11.887207,0.000000,0.000000
14.1800,10113,240,0,0,0.021338,0.035789,0.000945,0.094391,0.000000,1.500000,1.360789,1.500000,0.565473,0.088459,2.000000,1.000000,10.415039,11.162109,0.000000,0.000000
14.1900,10114,240,0,0,0.027684,0.032277,0.020954,0.085603,0.000000,1.500000,1.364790,1.500000,0.571346,0.094318,2.000000,1.000000,11.447754,10.415039,0.000000,0.000000
14.2000,10115,240,0,0,0.030899,0.030740,0.051195,0.074647,0.000000,1.491148,1.367208,1.500000,0.577218,0.100176,2.000000,1.000000,12.458496,9.711914,0.000000,0.000000
14.2100,10116,240,0,0,0.030866,0.029598,0.073431,0.066096,0.000000,1.415396,1.367945,1.500000,0.583090,0.106034,2.000000,1.000000,13.469238,8.986816,0.000000,0.000000
14.2200,10117,240,0,0,0.028963,0.026873,0.082175,0.056566,0.000000,1.352608,1.366971,1.500000,0.588962,0.111892,2.000000,1.000000,14.436035,8.217773,0.000000,0.000000
14.2300,10118,240,0,0,0.026308,0.023655,0.077634,0.044410,0.000000,1.296301,1.362274,1.500000,0.594835,0.117751,2.000000,1.000000,15.424805,7.360840,0.000000,0.000000
14.2400,10119,240,0,0,0.026563,0.019732,0.070969,0.029408,0.000000,1.244608,1.357323,1.500000,0.600707,0.123609,2.000000,1.000000,16.391602,6.459961,0.000000,0.000000
14.2500,10120,240,0,0,0.026403,0.015285,0.067860,0.017608,0.000000,1.196107,1.355437,1.500000,0.606579,0.129467,2.000000,1.000000,17.358398,5.537109,0.000000,0.000000
14.2600,10121,240,0,0,0.025600,0.012520,0.064099,0.010542,0.000000,1.153409,1.356267,1.500000,0.612451,0.135325,2.000000,1.000000,18.303223,4.614258,0.000000,0.000000
14.2700,10122,240,0,0,0.024527,0.010510,0.057113,0.006312,0.000000,1.114456,1.357836,1.500000,0.618324,0.141184,2.000000,1.000000,19.248047,3.735352,0.000000,0.000000
14.2800,10123,240,0,0,0.023181,0.008174,0.049342,0.003779,0.000000,1.075462,1.360547,1.500000,0.624196,0.147042,2.000000,1.000000,20.214844,2.856445,0.000000,0.000000
14.2900,10124,240,0,0,0.021169,0.006249,0.036899,0.002263,0.000000,1.038427,1.362942,1.500000,0.630068,0.152900,2.000000,1.000000,21.181641,1.977539,0.000000,0.000000
14.3000,10125,240,0,0,0.019295,0.005153,0.023108,0.001355,0.000000,1.002154,1.366916,1.500000,0.635940,0.158758,2.000000,1.000000,22.192383,1.120605,0.000000,0.000000
14.3100,10126,240,0,0,0.018845,0.005005,0.013835,0.000811,0.000000,0.964923,1.368124,1.500000,0.641813,0.164617,2.000000,1.000000,23.203125,0.285645,0.000000,0.000000
14.3200,10127,240,0,0,0.017875,0.005857,0.008284,0.000486,0.000000,0.931640,1.369110,1.500000,0.647685,0.170475,2.000000,1.000000,24.213867,-0.505371,0.000000,0.000000
14.3300,10128,240,0,0,0.017156,0.006665,0.004960,0.000291,0.000000,0.893249,1.370676,1.500000,0.653557,0.176333,2.000000,1.000000,25.224609,-1.274414,0.000000,0.000000
14.3400,10129,240,0,0,0.016109,0.009485,0.002970,0.000174,0.000000,0.856811,1.373399,1.500000,0.659429,0.182191,2.000000,1.000000,26.257324,-2.021484,0.000000,0.000000
14.3500,10130,240,0,0,0.015501,0.013272,0.001778,0.000104,0.000000,0.818768,1.377311,1.500000,0.665302,0.188049,2.000000,1.000000,27.312012,-2.768555,0.000000,0.000000
14.3600,10131,240,0,0,0.014974,0.015447,0.001065,0.000062,0.000000,0.781032,1.384754,1.500000,0.671174,0.193908,2.000000,1.000000,28.388672,-3.493652,0.000000,0.000000
14.3700,10132,240,0,0,0.015136,0.018639,0.000637,0.000037,0.000000,0.739759,1.391396,1.500000,0.677046,0.199766,2.000000,1.000000,29.487305,-4.218750,0.000000,0.000000
14.3800,10133,240,0,0,0.015512,0.020961,0.000382,0.001011,0.000000,0.707124,1.397289,1.500000,0.682918,0.205624,2.000000,1.000000,30.563965,-4.921875,0.000000,0.000000
14.3900,10134,240,0,0,0.015488,0.021462,0.000228,0.003093,0.000000,0.672939,1.403253,1.500000,0.688791,0.211482,2.000000,1.000000,31.640625,-5.581055,0.000000,0.000000
14.4000,10135,240,0,0,0.014803,0.022256,0.000137,0.006117,0.000000,0.636876,1.408601,1.500000,0.694663,0.217341,2.000000,1.000000,32.739258,-6.218262,0.000000,0.000000
14.4100,10137,240,0,0,0.009961,0.018702,0.000049,0.005486,0.000000,0.567999,1.417144,1.500000,0.706407,0.229057,2.000000,1.000000,34.782715,-7.426758,0.000000,0.000000
14.4200,10138,240,0,0,0.008297,0.015307,0.000029,0.003285,0.000000,0.532864,1.422288,1.500000,0.712280,0.234915,2.000000,1.000000,35.749512,-8.020020,0.000000,0.000000
14.4300,10139,240,0,0,0.006562,0.013855,0.000018,0.001967,0.000000,0.495573,1.425566,1.500000,0.718152,0.240774,2.000000,1.000000,36.672363,-8.613281,0.000000,0.000000
14.4400,10140,240,0,0,0.005178,0.013951,0.000011,0.001178,0.000000,0.453048,1.428967,1.500000,0.724024,0.246632,2.000000,1.000000,37.595215,-9.206543,0.000000,0.000000
14.4500,10141,240,0,0,0.004164,0.014325,0.000006,0.000705,0.000000,0.412438,1.433244,1.500000,0.729896,0.252490,2.000000,1.000000,38.518066,-9.821777,0.000000,0.000000
14.4600,10142,240,0,0,0.003355,0.015246,0.000004,0.000422,0.000000,0.371742,1.436550,1.500000,0.735769,0.258348,2.000000,1.000000,39.396973,-10.393066,0.000000,0.000000
14.4700,10143,240,0,0,0.003322,0.017624,0.000002,0.000253,0.000000,0.330153,1.440611,1.500000,0.741641,0.264207,3.000000,1.000000,40.253906,-10.986328,0.000000,0.000000
14.4800,10144,240,0,0,0.006381,0.018486,0.000001,0.000151,0.000000,0.290296,1.447319,1.500000,0.747513,0.270065,3.000000,1.000000,41.110840,-11.513672,0.000000,0.000000
14.4900,10145,240,0,0,0.009324,0.019199,0.000001,0.000091,0.000000,0.253586,1.453096,1.500000,0.753385,0.275923,3.000000,1.000000,41.923828,-12.041016,0.000000,0.000000
14.5000,10146,240,0,0,0.009520,0.019871,0.000000,0.000054,0.000000,0.218378,1.458453,1.500000,0.759258,0.281781,3.000000,1.000000,42.714844,-12.546387,0.000000,0.000000
14.5100,10147,240,0,0,0.008081,0.020579,0.000000,0.000456,0.000000,0.184743,1.464138,1.500000,0.765130,0.287640,3.000000,1.000000,43.505859,-13.051758,0.000000,0.000000
14.5200,10148,240,0,0,0.006391,0.021638,0.000000,0.002734,0.000000,0.151018,1.470380,1.500000,0.771002,0.293498,3.000000,1.000000,44.252930,-13.513184,0.000000,0.000000
14.5300,10149,240,0,0,0.005301,0.023420,0.000000,0.007671,0.000000,0.118674,1.478031,1.500000,0.776874,0.299356,3.000000,1.000000,44.978027,-13.952637,0.000000,0.000000
14.5400,10150,240,0,0,0.004845,0.023600,0.000000,0.012022,0.000000,0.089332,1.484620,1.500000,0.782747,0.305214,3.000000,1.000000,45.615234,-14.392090,0.000000,0.000000
14.5500,10151,240,0,0,0.004054,0.023437,0.000000,0.014494,0.000000,0.059381,1.490154,1.500000,0.788619,0.311073,3.000000,1.000000,46.208496,-14.809570,0.000000,0.000000
14.5600,10152,240,0,0,0.003492,0.022790,0.000000,0.014868,0.000000,0.031190,1.497592,1.500000,0.794491,0.316931,3.000000,1.000000,46.713867,-15.205078,0.000000,0.000000
14.5700,10153,240,0,0,0.004451,0.022946,0.000000,0.014842,0.000000,0.006256,1.500000,1.500000,0.800363,0.322789,3.000000,1.000000,47.175293,-15.622559,0.000000,0.000000
14.5800,10154,240,0,0,0.005937,0.025034,0.000000,0.017597,0.000000,0.000000,1.500000,1.500000,0.806236,0.328647,3.000000,1.000000,47.570801,-16.018066,0.000000,0.000000
14.5900,10155,240,0,0,0.008003,0.026308,0.000000,0.022513,0.000000,0.000000,1.500000,1.500000,0.812108,0.334506,3.000000,1.000000,47.988281,-16.413574,0.000000,0.000000
14.6000,10156,240,0,0,0.011067,0.027852,0.000000,0.028836,0.000000,0.000000,1.500000,1.500000,0.817980,0.340364,3.000000,1.000000,48.273926,-16.743164,0.000000,0.000000
14.6100,10157,240,0,0,0.013653,0.028059,0.000000,0.034296,0.000000,0.000000,1.500000,1.500000,0.823852,0.346222,3.000000,1.000000,48.493652,-17.116699,0.000000,0.000000
14.6200,10158,240,0,0,0.015897,0.027946,0.000000,0.037667,0.000000,0.000000,1.500000,1.500000,0.829725,0.352080,3.000000,1.000000,48.691406,-17.446289,0.000000,0.000000
14.6300,10159,240,0,0,0.018467,0.027387,0.000000,0.038548,0.000000,0.000000,1.500000,1.500000,0.835597,0.357939,3.000000,1.000000,48.845215,-17.797852,0.000000,0.000000
14.6400,10160,240,0,0,0.019622,0.027998,0.000000,0.038792,0.000000,0.000000,1.500000,1.500000,0.841469,0.363797,3.000000,1.000000,48.955078,-18.105469,0.000000,0.000000
14.6500,10161,240,0,0,0.019544,0.029490,0.000000,0.041787,0.000000,0.000000,1.500000,1.500000,0.847341,0.369655,3.000000,1.000000,49.108887,-18.391113,0.000000,0.000000
14.6600,10162,240,0,0,0.019394,0.031146,0.000000,0.047553,0.000000,0.000000,1.500000,1.500000,0.853214,0.375513,3.000000,1.000000,49.240723,-18.698730,0.000000,0.000000
14.6700,10163,240,0,0,0.018092,0.031996,0.000000,0.052852,0.000000,0.000000,1.500000,1.500000,0.859086,0.381371,3.000000,1.000000,49.262695,-18.896484,0.000000,0.000000
14.6800,10164,240,0,0,0.015903,0.031264,0.000000,0.056256,0.000000,0.000000,1.500000,1.500000,0.864958,0.387230,3.000000,1.000000,49.284668,-19.006348,0.000000,0.000000
14.6900,10165,240,0,0,0.014469,0.029858,0.000000,0.055485,0.000000,0.000000,1.500000,1.500000,0.870830,0.393088,3.000000,1.000000,49.284668,-19.160156,0.000000,0.000000
14.7000,10166,240,0,0,0.012762,0.027731,0.000000,0.051359,0.000000,0.000000,1.500000,1.500000,0.876703,0.398946,3.000000,1.000000,49.284668,-19.313965,0.000000,0.000000
14.7100,10167,240,0,0,0.011766,0.025393,0.000000,0.044279,0.000000,0.000000,1.500000,1.500000,0.882575,0.404804,3.000000,1.000000,49.262695,-19.467773,0.000000,0.000000
14.7200,10168,240,0,0,0.010678,0.021557,0.000000,0.033020,0.000000,0.000000,1.500000,1.500000,0.888447,0.410663,3.000000,1.000000,49.240723,-19.599609,0.000000,0.000000
14.7300,10169,240,0,0,0.009037,0.018434,0.000000,0.020218,0.000000,0.000000,1.500000,1.500000,0.894319,0.416521,3.000000,1.000000,49.196777,-19.775391,0.000000,0.000000
14.7400,10170,240,0,0,0.008286,0.016005,0.000000,0.012105,0.000000,0.000000,1.500000,1.500000,0.900192,0.422379,3.000000,1.000000,49.174805,-20.104980,0.000000,0.000000
14.7500,10171,240,0,0,0.008441,0.013667,0.000000,0.007248,0.000000,0.000000,1.500000,1.500000,0.906064,0.428237,3.000000,1.000000,49.064941,-20.346680,0.000000,0.000000
14.7600,10172,240,0,0,0.007884,0.012294,0.000000,0.004340,0.000000,0.000000,1.500000,1.500000,0.911936,0.434096,3.000000,1.000000,48.955078,-20.588379,0.000000,0.000000
14.7700,10173,240,0,0,0.009019,0.009999,0.000000,0.002598,0.000000,0.000000,1.500000,1.500000,0.917808,0.439954,3.000000,1.000000,48.911133,-20.852051,0.000000,0.000000
14.7800,10174,240,0,0,0.010842,0.007843,0.000000,0.001556,0.000000,0.000000,1.500000,1.500000,0.923681,0.445812,3.000000,1.000000,48.867188,-21.071777,0.000000,0.000000
14.7900,10175,240,0,0,0.009996,0.006461,0.000000,0.000931,0.000000,0.000000,1.496868,1.500000,0.929553,0.451670,3.000000,1.000000,48.757324,-21.269531,0.000000,0.000000
14.8000,10176,240,0,0,0.010131,0.005110,0.000000,0.000558,0.000000,0.000000,1.478105,1.500000,0.935425,0.457529,3.000000,1.000000,48.537598,-21.533203,0.000000,0.000000
14.8100,10177,240,0,0,0.016117,0.004440,0.000000,0.000334,0.000000,0.000000,1.444081,1.500000,0.941297,0.463387,3.000000,1.000000,48.229980,-21.730957,0.000000,0.000000
14.8200,10178,240,0,0,0.018045,0.003624,0.000000,0.000200,0.000000,0.000000,1.397427,1.500000,0.947170,0.469245,3.000000,1.000000,47.922363,-21.862793,0.000000,0.000000
14.8300,10179,240,0,0,0.020159,0.003936,0.000077,0.000120,0.000000,0.223394,1.336702,1.500000,0.953042,0.475103,3.000000,1.000000,47.614746,-22.016602,0.000000,0.000000
14.8400,10180,240,0,0,0.023219,0.004786,0.007673,0.000072,0.000000,0.513632,1.266295,1.500000,0.958914,0.480962,0.000000,1.000000,47.285156,-22.214355,0.000000,0.000000
14.8500,10181,240,0,0,0.026231,0.004175,0.024919,0.000043,0.109904,0.787548,1.186645,1.500000,0.964786,0.486820,0.000000,1.000000,46.977539,-22.434082,0.000000,0.000000
14.8600,10182,240,0,0,0.026740,0.004531,0.039907,0.000026,0.228084,1.040822,1.091736,1.500000,0.970659,0.492678,0.000000,1.000000,46.669922,-22.719727,0.000000,0.000000
14.8700,10183,240,0,0,0.029049,0.007496,0.055478,0.000015,0.345159,1.269055,0.931650,1.500000,0.976531,0.498536,0.000000,1.000000,46.274414,-23.071289,0.000000,0.000000
14.8800,10184,240,0,0,0.029881,0.010631,0.070546,0.000009,0.456843,1.485651,0.711604,1.500000,0.982403,0.504394,0.000000,1.000000,45.725098,-23.356934,0.000000,0.000000
14.8900,10185,240,0,0,0.032090,0.011516,0.083759,0.000006,0.567753,1.500000,0.464346,1.500000,0.988275,0.510252,0.000000,1.000000,45.131836,-23.554688,0.000000,0.000000
14.9000,10187,240,0,0,0.038728,0.009047,0.131062,0.000002,0.765365,1.500000,0.081274,1.500000,0.009484,0.521968,1.000000,2.000000,43.989258,-23.906250,0.000000,0.000000
14.9100,10188,240,0,0,0.039644,0.008875,0.153792,0.000001,0.846534,1.500000,0.000000,1.500000,0.015412,0.527826,1.000000,2.000000,43.395996,-24.060059,0.000000,0.000000
14.9200,10189,240,0,0,0.042776,0.010313,0.174564,0.000001,0.917710,1.500000,0.000000,1.500000,0.021340,0.533684,1.000000,2.000000,42.846680,-24.213867,0.000000,0.000000
14.9300,10190,240,0,0,0.046799,0.011740,0.203631,0.000000,0.986034,1.500000,0.000000,1.500000,0.027267,0.539542,1.000000,2.000000,42.275391,-24.323730,0.000000,0.000000
14.9400,10191,240,0,0,0.047083,0.019015,0.227697,0.000000,1.049468,1.500000,0.000000,1.500000,0.033195,0.545400,1.000000,2.000000,41.660156,-24.477539,0.000000,0.000000
14.9500,10192,240,0,0,0.045713,0.028106,0.236990,0.008976,1.104734,1.500000,0.000000,1.500000,0.039123,0.551258,1.000000,2.000000,41.022949,-24.631348,0.000000,0.000000
14.9600,10193,240,0,0,0.050218,0.035395,0.251390,0.032310,1.156802,1.500000,0.000000,1.500000,0.045050,0.557116,1.000000,2.000000,40.407715,-24.653320,0.000000,0.000000
14.9700,10194,240,0,0,0.054183,0.037450,0.278110,0.054999,1.207219,1.500000,0.000000,1.500000,0.050978,0.562974,1.000000,2.000000,39.726562,-24.499512,0.000000,0.000000
14.9800,10195,240,0,0,0.056363,0.035162,0.304446,0.067492,1.247363,1.500000,0.000000,1.500000,0.056906,0.568832,1.000000,2.000000,39.067383,-24.169922,0.000000,0.000000
14.9900,10196,240,0,0,0.058592,0.030865,0.329255,0.066991,1.287158,1.500000,0.000000,1.500000,0.062833,0.574690,1.000000,2.000000,38.430176,-23.642578,0.000000,0.000000
15.0000,10197,240,0,0,0.058123,0.026742,0.346629,0.057429,1.322223,1.500000,0.000000,1.360232,0.068761,0.580548,1.000000,2.000000,37.749023,-23.027344,0.000000,0.000000
15.0100,10198,240,0,0,0.054529,0.023023,0.348130,0.044031,1.356396,1.500000,0.000000,1.170052,0.074689,0.586406,1.000000,2.000000,37.089844,-22.236328,0.000000,0.000000
15.0200,10199,240,0,0,0.051919,0.020291,0.335762,0.028954,1.383314,1.500000,0.000000,1.000952,0.080616,0.592264,1.000000,2.000000,36.430664,-21.335449,0.000000,0.000000
15.0300,10200,240,0,0,0.051126,0.019710,0.322701,0.017442,1.406750,1.500000,0.000000,0.861244,0.086544,0.598121,1.000000,2.000000,35.837402,-20.390625,0.000000,0.000000
15.0400,10201,240,0,0,0.049145,0.017993,0.309643,0.010443,1.426102,1.500000,0.000000,0.752602,0.092472,0.603979,1.000000,2.000000,35.266113,-19.357910,0.000000,0.000000
15.0500,10202,240,0,0,0.046854,0.016228,0.294200,0.006253,1.437892,1.500000,0.000000,0.666835,0.098400,0.609837,1.000000,2.000000,34.716797,-18.325195,0.000000,0.000000
15.0600,10203,240,0,0,0.044352,0.014246,0.273679,0.003744,1.446648,1.500000,0.000000,0.594832,0.104327,0.615695,1.000000,2.000000,34.145508,-17.226562,0.000000,0.000000
15.0700,10204,240,0,0,0.043277,0.015811,0.256005,0.002242,1.448942,1.500000,0.000000,0.533684,0.110255,0.621553,1.000000,2.000000,33.574219,-16.127930,0.000000,0.000000
15.0800,10205,240,0,0,0.041454,0.017181,0.240332,0.001342,1.450641,1.500000,0.000000,0.479273,0.116183,0.627411,1.000000,2.000000,32.958984,-15.007324,0.000000,0.000000
15.0900,10206,240,0,0,0.037921,0.019686,0.218773,0.000804,1.448756,1.500000,0.000000,0.422917,0.122110,0.633269,1.000000,2.000000,32.343750,-13.908691,0.000000,0.000000
15.1000,10207,240,0,0,0.034459,0.021728,0.192927,0.002565,1.446207,1.500000,0.000000,0.375342,0.128038,0.639127,1.000000,2.000000,31.662598,-12.832031,0.000000,0.000000
15.1100,10208,240,0,0,0.030643,0.022488,0.163109,0.006503,1.440635,1.500000,0.000000,0.331514,0.133966,0.644985,1.000000,3.000000,31.003418,-11.799316,0.000000,0.000000
15.1200,10209,240,0,0,0.027036,0.021398,0.130102,0.007408,1.439960,1.500000,0.000000,0.286380,0.139893,0.650843,1.000000,3.000000,30.322266,-10.788574,0.000000,0.000000
15.1300,10210,240,0,0,0.023185,0.021976,0.096866,0.008183,1.437427,1.500000,0.000000,0.252033,0.145821,0.656701,1.000000,3.000000,29.619141,-9.799805,0.000000,0.000000
15.1400,10211,240,0,0,0.020659,0.022442,0.063800,0.009340,1.437767,1.500000,0.000000,0.216864,0.151749,0.662559,1.000000,3.000000,28.916016,-8.811035,0.000000,0.000000
15.1500,10212,240,0,0,0.019416,0.023239,0.038598,0.011992,1.440820,1.500000,0.000000,0.187025,0.157676,0.668417,1.000000,3.000000,28.212891,-7.822266,0.000000,0.000000
15.1600,10213,240,0,0,0.019124,0.022248,0.023110,0.013220,1.445779,1.500000,0.000000,0.159635,0.163604,0.674275,1.000000,3.000000,27.531738,-6.855469,0.000000,0.000000
15.1700,10214,240,0,0,0.017915,0.020303,0.013837,0.010271,1.452420,1.500000,0.000000,0.134523,0.169532,0.680133,1.000000,3.000000,26.828613,-5.844727,0.000000,0.000000
15.1800,10215,240,0,0,0.017327,0.019473,0.008285,0.006183,1.458966,1.500000,0.000000,0.108524,0.175459,0.685991,1.000000,3.000000,26.125488,-4.812012,0.000000,0.000000
15.1900,10216,240,0,0,0.016504,0.018207,0.004960,0.003702,1.468559,1.500000,0.000000,0.083496,0.181387,0.691849,1.000000,3.000000,25.400391,-3.757324,0.000000,0.000000
15.2000,10217,240,0,0,0.015408,0.018132,0.002970,0.002217,1.471760,1.500000,0.000000,0.060365,0.187315,0.697707,1.000000,3.000000,24.675293,-2.680664,0.000000,0.000000
15.2100,10218,240,0,0,0.014387,0.016932,0.001778,0.001327,1.469315,1.500000,0.000000,0.037617,0.193242,0.703564,1.000000,3.000000,23.972168,-1.582031,0.000000,0.000000
15.2200,10219,240,0,0,0.013560,0.014672,0.001065,0.000795,1.465515,1.500000,0.000000,0.021048,0.199170,0.709422,1.000000,3.000000,23.269043,-0.483398,0.000000,0.000000
15.2300,10220,240,0,0,0.012201,0.012765,0.000637,0.000476,1.455684,1.500000,0.000000,0.004416,0.205098,0.715280,1.000000,3.000000,22.609863,0.615234,0.000000,0.000000
15.2400,10221,240,0,0,0.011435,0.011495,0.000382,0.000285,1.447940,1.500000,0.000000,0.000000,0.211025,0.721138,1.000000,3.000000,21.972656,1.735840,0.000000,0.000000
15.2500,10222,240,0,0,0.010949,0.010358,0.000229,0.000171,1.443030,1.500000,0.000000,0.000000,0.216953,0.726996,1.000000,3.000000,21.335449,2.834473,0.000000,0.000000
15.2600,10223,240,0,0,0.010269,0.009006,0.000137,0.000102,1.438515,1.500000,0.000000,0.000000,0.222881,0.732854,1.000000,3.000000,20.698242,3.911133,0.000000,0.000000
15.2700,10224,240,0,0,0.009588,0.008345,0.000082,0.000061,1.437057,1.500000,0.000000,0.000000,0.228809,0.738712,1.000000,3.000000,20.039062,5.009766,0.000000,0.000000
15.2800,10225,240,0,0,0.008428,0.007548,0.000049,0.000037,1.438407,1.500000,0.000000,0.000000,0.234736,0.744570,1.000000,3.000000,19.401855,6.086426,0.000000,0.000000
15.2900,10226,240,0,0,0.007650,0.007100,0.000029,0.000022,1.440395,1.500000,0.000000,0.000000,0.240664,0.750428,1.000000,3.000000,18.742676,7.185059,0.000000,0.000000
15.3000,10227,240,0,0,0.007198,0.006073,0.000018,0.000013,1.440189,1.500000,0.000000,0.000000,0.246592,0.756286,1.000000,3.000000,18.105469,8.261719,0.000000,0.000000
15.3100,10228,240,0,0,0.007878,0.004950,0.000011,0.000008,1.447521,1.500000,0.000000,0.000000,0.252519,0.762144,1.000000,3.000000,17.468262,9.338379,0.000000,0.000000
15.3200,10229,240,0,0,0.008076,0.004256,0.000006,0.000005,1.453479,1.500000,0.000000,0.000000,0.258447,0.768002,1.000000,3.000000,16.831055,10.415039,0.000000,0.000000
15.3300,10230,240,0,0,0.008068,0.003546,0.000004,0.000003,1.463926,1.500000,0.000000,0.000000,0.264375,0.773860,1.000000,3.000000,16.237793,11.491699,0.000000,0.000000
15.3400,10231,240,0,0,0.007728,0.003076,0.000002,0.000002,1.479694,1.500000,0.000000,0.000000,0.270302,0.779718,1.000000,3.000000,15.666504,12.524414,0.000000,0.000000
15.3500,10232,240,0,0,0.007694,0.002537,0.000001,0.000001,1.495633,1.500000,0.000000,0.000000,0.276230,0.785576,1.000000,3.000000,15.073242,13.557129,0.000000,0.000000
15.3600,10233,240,0,0,0.006979,0.003187,0.000001,0.000001,1.500000,1.500000,0.000000,0.000000,0.282158,0.791434,1.000000,3.000000,14.479980,14.567871,0.000000,0.000000
15.3700,10234,240,0,0,0.007285,0.003651,0.000000,0.000000,1.500000,1.500000,0.000000,0.000000,0.288085,0.797292,1.000000,3.000000,13.908691,15.534668,0.000000,0.000000
15.3800,10235,240,0,0,0.007090,0.004622,0.000000,0.000000,1.500000,1.500000,0.000000,0.000000,0.294013,0.803150,1.000000,3.000000,13.359375,16.479492,0.000000,0.000000
15.3900,10237,240,0,0,0.006426,0.006130,0.000000,0.000000,1.500000,1.500000,0.000000,0.000000,0.305868,0.814865,1.000000,3.000000,12.238770,18.259277,0.000000,0.000000
15.4000,10238,240,0,0,0.006019,0.006712,0.000000,0.000000,1.500000,1.500000,0.000000,0.000000,0.311796,0.820723,1.000000,3.000000,11.733398,19.116211,0.000000,0.000000
15.4100,10239,240,0,0,0.005895,0.007196,0.000000,0.000000,1.500000,1.500000,0.000000,0.000000,0.317724,0.826581,1.000000,3.000000,11.206055,19.929199,0.000000,0.000000
15.4200,10240,240,0,0,0.005531,0.006850,0.000000,0.000000,1.500000,1.500000,0.000000,0.000000,0.323651,0.832439,1.000000,3.000000,10.744629,20.720215,0.000000,0.000000
15.4300,10241,240,0,0,0.005182,0.006210,0.000000,0.000000,1.500000,1.500000,0.000000,0.000000,0.329579,0.838297,1.000000,3.000000,10.283203,21.467285,0.000000,0.000000
15.4400,10242,240,0,0,0.005326,0.005654,0.000000,0.000000,1.500000,1.500000,0.000000,0.000000,0.335507,0.844155,1.000000,3.000000,9.843750,22.148438,0.000000,0.000000
15.4500,10243,240,0,0,0.006006,0.005053,0.000000,0.000000,1.500000,1.500000,0.000000,0.000000,0.341435,0.850013,1.000000,3.000000,9.404297,22.785645,0.000000,0.000000
15.4600,10244,240,0,0,0.005947,0.004895,0.000000,0.000000,1.500000,1.500000,0.000000,0.000000,0.347362,0.855871,1.000000,3.000000,8.964844,23.378906,0.000000,0.000000
15.4700,10245,240,0,0,0.005627,0.004544,0.000000,0.000000,1.500000,1.500000,0.000000,0.000000,0.353290,0.861729,1.000000,3.000000,8.569336,23.862305,0.000000,0.000000
15.4800,10246,240,0,0,0.005431,0.004044,0.000000,0.000000,1.500000,1.500000,0.000000,0.000000,0.359218,0.867587,1.000000,3.000000,8.173828,24.279785,0.000000,0.000000
15.4900,10247,240,0,0,0.005104,0.003609,0.000000,0.000000,1.500000,1.500000,0.000000,0.000000,0.365145,0.873445,1.000000,3.000000,7.778320,24.675293,0.000000,0.000000
15.5000,10248,240,0,0,0.004625,0.003958,0.000000,0.000000,1.500000,1.500000,0.000000,0.000000,0.371073,0.879303,1.000000,3.000000,7.426758,24.960938,0.000000,0.000000
15.5100,10249,240,0,0,0.003799,0.004924,0.000000,0.000000,1.500000,1.500000,0.000000,0.000000,0.377001,0.885161,1.000000,3.000000,7.075195,25.246582,0.000000,0.000000
15.5200,10250,240,0,0,0.003657,0.004608,0.000000,0.000000,1.500000,1.500000,0.000000,0.000000,0.382928,0.891019,1.000000,3.000000,6.789551,25.422363,0.000000,0.000000
15.5300,10251,240,0,0,0.003476,0.004263,0.000000,0.000000,1.500000,1.500000,0.000000,0.000000,0.388856,0.896877,1.000000,3.000000,6.569824,25.576172,0.000000,0.000000
15.5400,10252,240,0,0,0.003653,0.004224,0.000000,0.000000,1.500000,1.500000,0.000000,0.000000,0.394784,0.902735,1.000000,3.000000,6.394043,25.751953,0.000000,0.000000
15.5500,10253,240,0,0,0.003856,0.003686,0.000000,0.000000,1.500000,1.500000,0.000000,0.000000,0.400711,0.908593,1.000000,3.000000,6.218262,25.839844,0.000000,0.000000
15.5600,10254,240,0,0,0.003573,0.003160,0.000000,0.000000,1.500000,1.500000,0.000000,0.000000,0.406639,0.914450,1.000000,3.000000,6.042480,25.817871,0.000000,0.000000
15.5700,10255,240,0,0,0.003528,0.002832,0.000000,0.000000,1.500000,1.500000,0.000000,0.000000,0.412567,0.920308,1.000000,3.000000,5.910645,25.795898,0.000000,0.000000
15.5800,10256,240,0,0,0.003861,0.002319,0.000000,0.000000,1.500000,1.500000,0.000000,0.000000,0.418494,0.926166,1.000000,3.000000,5.778809,25.795898,0.000000,0.000000
15.5900,10257,240,0,0,0.004017,0.002062,0.000000,0.000000,1.500000,1.500000,0.000000,0.000000,0.424422,0.932024,1.000000,3.000000,5.668945,25.773926,0.000000,0.000000
15.6000,10258,240,0,0,0.003706,0.002062,0.000000,0.000000,1.500000,1.500000,0.000000,0.000172,0.430350,0.937882,1.000000,3.000000,5.581055,25.751953,0.000000,0.000000
15.6100,10259,240,0,0,0.003535,0.002167,0.000000,0.000000,1.500000,1.500000,0.000000,0.001094,0.436277,0.943740,1.000000,3.000000,5.427246,25.729980,0.000000,0.000000
15.6200,10260,240,0,0,0.003519,0.001937,0.000000,0.000000,1.500000,1.500000,0.000000,0.005831,0.442205,0.949598,1.000000,3.000000,5.251465,25.686035,0.000000,0.000000
15.6300,10261,240,0,0,0.002809,0.001708,0.000000,0.000000,1.500000,1.500000,0.000000,0.003909,0.448133,0.955456,1.000000,3.000000,5.119629,25.664062,0.000000,0.000000
15.6400,10262,240,0,0,0.002409,0.001684,0.000000,0.000000,1.500000,1.500000,0.000000,0.003074,0.454060,0.961314,1.000000,3.000000,5.009766,25.642090,0.000000,0.000000
15.6500,10263,240,0,0,0.002155,0.001558,0.000000,0.000000,1.500000,1.500000,0.000000,0.003624,0.459988,0.967172,1.000000,3.000000,4.899902,25.488281,0.000000,0.000000
15.6600,10264,240,0,0,0.001901,0.001663,0.000000,0.000000,1.500000,1.500000,0.000000,0.000000,0.465916,0.973030,1.000000,3.000000,4.768066,25.202637,0.000000,0.000000
15.6700,10265,240,0,0,0.001793,0.001648,0.000000,0.000000,1.500000,1.500000,0.000000,0.000000,0.471844,0.978888,1.000000,3.000000,4.614258,24.873047,0.000000,0.000000
15.6800,10266,240,0,0,0.001641,0.001643,0.000000,0.000000,1.500000,1.500000,0.000000,0.000000,0.477771,0.984746,1.000000,3.000000,4.504395,24.389648,0.000000,0.000000
15.6900,10267,240,0,0,0.001586,0.001957,0.000000,0.000000,1.500000,1.500000,0.000000,0.000000,0.483699,0.990604,1.000000,3.000000,4.460449,23.928223,0.000000,0.000000
15.7000,10268,240,0,0,0.001877,0.001787,0.000000,0.000000,1.500000,1.500000,0.000000,0.000000,0.489627,0.996462,1.000000,3.000000,4.416504,23.554688,0.000000,0.000000
15.7100,10269,240,0,0,0.001791,0.002073,0.000000,0.000000,1.500000,1.500000,0.027081,0.039325,0.495554,0.002320,1.000000,3.000000,4.416504,23.400879,0.000000,0.000000
15.7200,10270,240,0,0,0.001994,0.002858,0.000000,0.000000,1.500000,1.500000,0.178575,0.088737,0.501482,0.008178,1.000000,3.000000,4.394531,23.422852,0.000000,0.000000
15.7300,10271,240,0,0,0.002271,0.003572,0.000000,0.000000,1.500000,1.500000,0.307195,0.140203,0.507410,0.014036,1.000000,3.000000,4.372559,23.466797,0.000000,0.000000
15.7400,10272,240,0,0,0.002525,0.003209,0.000000,0.000000,1.452627,1.500000,0.411192,0.172400,0.513337,0.019894,1.000000,0.000000,4.350586,23.510742,0.000000,0.000000
15.7500,10273,240,0,0,0.002717,0.003138,0.000000,0.000000,1.266568,1.500000,0.492728,0.214758,0.519265,0.025753,1.000000,0.000000,4.328613,23.532715,0.000000,0.000000
15.7600,10274,240,0,0,0.003409,0.005989,0.000000,0.000000,1.057546,1.500000,0.558183,0.313576,0.525193,0.031611,1.000000,0.000000,4.284668,23.510742,0.000000,0.000000
15.7700,10275,240,0,0,0.003408,0.007180,0.000000,0.000000,0.819145,1.500000,0.618643,0.443717,0.531120,0.037469,1.000000,0.000000,4.218750,23.291016,0.000000,0.000000
15.7800,10276,240,0,0,0.003454,0.017276,0.000000,0.000000,0.540189,1.500000,0.679587,0.585308,0.537048,0.043327,1.000000,0.000000,4.108887,22.807617,0.000000,0.000000
15.7900,10277,240,0,0,0.009041,0.028334,0.000000,0.009298,0.130747,1.500000,0.749218,0.718798,0.542976,0.049186,2.000000,0.000000,3.977051,22.148438,0.000000,0.000000
15.8000,10278,240,0,0,0.015976,0.034245,0.000000,0.030742,0.000000,1.500000,0.826125,0.840609,0.548903,0.003902,2.000000,1.000000,3.845215,21.401367,0.000000,0.000000
15.8100,10279,240,0,0,0.019153,0.041364,0.000000,0.056811,0.000000,1.500000,0.904984,0.944255,0.554831,0.009476,2.000000,1.000000,3.669434,20.632324,0.000000,0.000000
15.8200,10280,240,0,0,0.020421,0.046158,0.000660,0.085634,0.000000,1.500000,0.986439,1.028283,0.560759,0.015050,2.000000,1.000000,3.493652,19.907227,0.000000,0.000000
15.8300,10281,240,0,0,0.020896,0.049127,0.003233,0.110400,0.000000,1.500000,1.061099,1.100636,0.566686,0.020624,2.000000,1.000000,3.317871,19.248047,0.000000,0.000000
15.8400,10282,240,0,0,0.020251,0.048687,0.003944,0.126770,0.000000,1.500000,1.122597,1.160240,0.572614,0.026198,2.000000,1.000000,3.120117,18.632812,0.000000,0.000000
15.8500,10283,240,0,0,0.019481,0.049225,0.002495,0.136089,0.000000,1.500000,1.173553,1.209743,0.578542,0.031773,2.000000,1.000000,2.900391,17.995605,0.000000,0.000000
15.8600,10284,240,0,0,0.019104,0.049046,0.001494,0.143041,0.000000,1.500000,1.216491,1.252409,0.584469,0.037347,2.000000,1.000000,2.680664,17.380371,0.000000,0.000000
15.8700,10285,240,0,0,0.022743,0.049259,0.005227,0.146707,0.000000,1.500000,1.252059,1.285823,0.590397,0.042921,2.000000,1.000000,2.438965,16.677246,0.000000,0.000000
15.8800,10287,240,0,0,0.027854,0.049677,0.042550,0.153494,0.000000,1.500000,1.309874,1.332745,0.602253,0.054069,2.000000,1.000000,2.153320,15.095215,0.000000,0.000000
15.8900,10288,240,0,0,0.028395,0.047939,0.057894,0.151968,0.000000,1.500000,1.333843,1.348468,0.608180,0.059643,2.000000,1.000000,2.109375,14.282227,0.000000,0.000000
15.9000,10289,240,0,0,0.026787,0.046208,0.064242,0.147651,0.000000,1.500000,1.354168,1.362245,0.614108,0.065217,2.000000,1.000000,2.153320,13.491211,0.000000,0.000000
15.9100,10290,240,0,0,0.024313,0.044149,0.058723,0.140573,0.000000,1.500000,1.373270,1.375360,0.620036,0.070792,2.000000,1.000000,2.241211,12.722168,0.000000,0.000000
15.9200,10291,240,0,0,0.021243,0.044248,0.045793,0.135337,0.000000,1.500000,1.391531,1.385536,0.625963,0.076366,2.000000,1.000000,2.482910,11.975098,0.000000,0.000000
15.9300,10292,240,0,0,0.018142,0.042102,0.027925,0.129572,0.000000,1.500000,1.409816,1.398208,0.631891,0.081940,2.000000,1.000000,2.746582,11.271973,0.000000,0.000000
15.9400,10293,240,0,0,0.018457,0.040524,0.016720,0.121742,0.000000,1.500000,1.424656,1.409857,0.637819,0.087514,2.000000,1.000000,3.010254,10.546875,0.000000,0.000000
15.9500,10294,240,0,0,0.027031,0.037539,0.022000,0.112706,0.000000,1.500000,1.439106,1.425816,0.643746,0.093088,2.000000,1.000000,3.361816,9.865723,0.000000,0.000000
15.9600,10295,240,0,0,0.036177,0.035027,0.063800,0.101197,0.000000,1.500000,1.449439,1.439478,0.649674,0.098662,2.000000,1.000000,3.735352,9.140625,0.000000,0.000000
15.9700,10296,240,0,0,0.038371,0.031371,0.107702,0.088093,0.000000,1.500000,1.459565,1.461215,0.655602,0.104237,2.000000,1.000000,4.108887,8.437500,0.000000,0.000000
15.9800,10297,240,0,0,0.038679,0.029214,0.136716,0.073487,0.000000,1.500000,1.464758,1.487198,0.661529,0.109811,2.000000,1.000000,4.504395,7.712402,0.000000,0.000000
15.9900,10298,240,0,0,0.038410,0.028168,0.154225,0.062378,0.000000,1.500000,1.469463,1.500000,0.667457,0.115385,2.000000,1.000000,4.987793,7.009277,0.000000,0.000000
16.0000,10299,240,0,0,0.038189,0.026217,0.163112,0.051794,0.000000,1.478877,1.470837,1.500000,0.673385,0.120959,2.000000,1.000000,5.471191,6.306152,0.000000,0.000000
16.0100,10300,240,0,0,0.038650,0.024753,0.169887,0.042443,0.000000,1.419744,1.470312,1.500000,0.679312,0.126533,2.000000,1.000000,5.998535,5.581055,0.000000,0.000000
16.0200,10301,240,0,0,0.037803,0.021201,0.172497,0.031245,0.000000,1.360457,1.467356,1.500000,0.685240,0.132107,2.000000,1.000000,6.591797,4.724121,0.000000,0.000000
16.0300,10302,240,0,0,0.036692,0.018793,0.170500,0.019012,0.000000,1.306947,1.466184,1.500000,0.691168,0.137681,2.000000,1.000000,7.207031,3.823242,0.000000,0.000000
16.0400,10303,240,0,0,0.034185,0.016318,0.161139,0.011383,0.000000,1.258275,1.466362,1.500000,0.697095,0.143255,2.000000,1.000000,7.800293,2.900391,0.000000,0.000000
16.0500,10304,240,0,0,0.035301,0.012909,0.153368,0.006815,0.000000,1.214914,1.466883,1.500000,0.703023,0.148829,2.000000,1.000000,8.349609,2.021484,0.000000,0.000000
16.0600,10305,240,0,0,0.037421,0.011010,0.155963,0.004081,0.000000,1.173655,1.465483,1.500000,0.708951,0.154404,2.000000,1.000000,8.898926,1.142578,0.000000,0.000000
16.0700,10306,240,0,0,0.038875,0.009194,0.164949,0.002443,0.000000,1.134686,1.462965,1.500000,0.714878,0.159978,2.000000,1.000000,9.448242,0.285645,0.000000,0.000000
16.0800,10307,240,0,0,0.038292,0.007109,0.170881,0.001463,0.000000,1.098386,1.458159,1.500000,0.720806,0.165552,2.000000,1.000000,9.953613,-0.549316,0.000000,0.000000
16.0900,10308,240,0,0,0.036598,0.006105,0.170070,0.000876,0.000000,1.061883,1.453222,1.500000,0.726734,0.171126,2.000000,1.000000,10.480957,-1.384277,0.000000,0.000000
16.1000,10309,240,0,0,0.033506,0.005471,0.159647,0.000524,0.000000,1.033882,1.443162,1.500000,0.732662,0.176700,2.000000,1.000000,11.008301,-2.241211,0.000000,0.000000
16.1100,10310,240,0,0,0.030132,0.005245,0.139890,0.000314,0.000000,1.004511,1.426145,1.500000,0.738589,0.182274,2.000000,1.000000,11.535645,-3.054199,0.000000,0.000000
16.1200,10311,240,0,0,0.027560,0.005580,0.116678,0.000188,0.000000,0.972765,1.412582,1.500000,0.744517,0.187848,2.000000,1.000000,12.062988,-3.867188,0.000000,0.000000
16.1300,10312,240,0,0,0.025805,0.004717,0.094882,0.000113,0.000000,0.943357,1.399806,1.500000,0.750445,0.193422,2.000000,1.000000,12.612305,-4.658203,0.000000,0.000000
16.1400,10313,240,0,0,0.024955,0.003841,0.077767,0.000067,0.000000,0.913028,1.386775,1.500000,0.756372,0.198996,2.000000,1.000000,13.117676,-5.471191,0.000000,0.000000
16.1500,10314,240,0,0,0.022547,0.003576,0.060167,0.000040,0.000000,0.882818,1.377595,1.500000,0.762300,0.204570,2.000000,1.000000,13.645020,-6.284180,0.000000,0.000000
16.1600,10315,240,0,0,0.020150,0.004656,0.039912,0.000024,0.000000,0.855459,1.372165,1.500000,0.768228,0.210144,2.000000,1.000000,14.172363,-7.053223,0.000000,0.000000
16.1700,10316,240,0,0,0.017645,0.005515,0.023897,0.000014,0.000000,0.826966,1.366783,1.500000,0.774155,0.215718,2.000000,1.000000,14.699707,-7.800293,0.000000,0.000000
16.1800,10317,240,0,0,0.016279,0.006045,0.014308,0.000009,0.000000,0.797758,1.366132,1.500000,0.780083,0.221292,2.000000,1.000000,15.205078,-8.503418,0.000000,0.000000
16.1900,10318,240,0,0,0.017107,0.005540,0.008567,0.000005,0.000000,0.768693,1.366991,1.500000,0.786011,0.226867,2.000000,1.000000,15.688477,-9.162598,0.000000,0.000000
16.2000,10319,240,0,0,0.017767,0.005685,0.005129,0.000003,0.000000,0.741995,1.369534,1.500000,0.791938,0.232441,2.000000,1.000000,16.171875,-9.799805,0.000000,0.000000
16.2100,10320,240,0,0,0.018531,0.006675,0.003071,0.000002,0.000000,0.713040,1.374767,1.500000,0.797866,0.238015,2.000000,1.000000,16.655273,-10.415039,0.000000,0.000000
16.2200,10321,240,0,0,0.018300,0.006700,0.001839,0.000001,0.000000,0.685760,1.381226,1.500000,0.803794,0.243589,2.000000,1.000000,17.138672,-11.030273,0.000000,0.000000
16.2300,10322,240,0,0,0.017738,0.005518,0.001101,0.000001,0.000000,0.657438,1.389747,1.500000,0.809721,0.249163,2.000000,1.000000,17.600098,-11.623535,0.000000,0.000000
16.2400,10323,240,0,0,0.016636,0.005035,0.000659,0.000000,0.000000,0.630131,1.399586,1.500000,0.815649,0.254737,2.000000,1.000000,18.083496,-12.194824,0.000000,0.000000
16.2500,10324,240,0,0,0.016058,0.004351,0.000395,0.000000,0.000000,0.604539,1.412622,1.500000,0.821577,0.260311,2.000000,1.000000,18.522949,-12.722168,0.000000,0.000000
16.2600,10325,240,0,0,0.015427,0.007193,0.000236,0.000000,0.000000,0.574285,1.426111,1.500000,0.827504,0.265885,2.000000,1.000000,18.962402,-13.249512,0.000000,0.000000
16.2700,10326,240,0,0,0.014625,0.008774,0.000141,0.000000,0.000000,0.549704,1.438899,1.500000,0.833432,0.271460,2.000000,1.000000,19.423828,-13.754883,0.000000,0.000000
16.2800,10327,240,0,0,0.013613,0.009300,0.000085,0.000000,0.000000,0.523728,1.449717,1.500000,0.839360,0.277034,2.000000,1.000000,19.863281,-14.216309,0.000000,0.000000
16.2900,10328,240,0,0,0.012128,0.008490,0.000051,0.000000,0.000000,0.495483,1.459117,1.500000,0.845288,0.282608,2.000000,1.000000,20.280762,-14.677734,0.000000,0.000000
16.3000,10329,240,0,0,0.009892,0.007162,0.000030,0.000000,0.000000,0.469878,1.467853,1.500000,0.851215,0.288182,2.000000,1.000000,20.720215,-15.117188,0.000000,0.000000
16.3100,10330,240,0,0,0.007590,0.005548,0.000018,0.000000,0.000000,0.442451,1.474840,1.500000,0.857143,0.293757,2.000000,1.000000,21.159668,-15.512695,0.000000,0.000000
16.3200,10331,240,0,0,0.006630,0.005265,0.000011,0.000000,0.000000,0.419252,1.483061,1.500000,0.863071,0.299331,2.000000,1.000000,21.599121,-15.886230,0.000000,0.000000
16.3300,10332,240,0,0,0.006516,0.004858,0.000007,0.000000,0.000000,0.395497,1.491048,1.500000,0.868998,0.304905,2.000000,1.000000,22.038574,-16.237793,0.000000,0.000000
16.3400,10333,240,0,0,0.006338,0.004413,0.000004,0.000000,0.000000,0.375258,1.497828,1.490802,0.874926,0.310479,2.000000,1.000000,22.478027,-16.567383,0.000000,0.000000
16.3500,10334,240,0,0,0.005198,0.003958,0.000002,0.000000,0.000000,0.350579,1.500000,1.478423,0.880854,0.316054,2.000000,1.000000,22.895508,-16.853027,0.000000,0.000000
16.3600,10335,240,0,0,0.004868,0.004023,0.000001,0.000000,0.000000,0.328925,1.500000,1.468386,0.886781,0.321628,3.000000,1.000000,23.247070,-17.094727,0.000000,0.000000
16.3700,10337,240,0,0,0.003891,0.003197,0.000001,0.000000,0.000000,0.283945,1.500000,1.453156,0.898637,0.332776,3.000000,1.000000,23.972168,-17.534180,0.000000,0.000000
16.3800,10338,240,0,0,0.004127,0.003155,0.000000,0.000000,0.000000,0.259137,1.500000,1.452373,0.904564,0.338350,3.000000,1.000000,24.279785,-17.622070,0.000000,0.000000
16.3900,10339,240,0,0,0.003601,0.003539,0.000000,0.000000,0.000000,0.237410,1.500000,1.454216,0.910492,0.343925,3.000000,1.000000,24.543457,-17.709961,0.000000,0.000000
16.4000,10340,240,0,0,0.003575,0.003297,0.000000,0.000000,0.000000,0.210466,1.500000,1.455707,0.916420,0.349499,3.000000,1.000000,24.851074,-17.841797,0.000000,0.000000
16.4100,10341,240,0,0,0.003201,0.003100,0.000000,0.000000,0.000000,0.186244,1.500000,1.459230,0.922347,0.355073,3.000000,1.000000,25.114746,-17.973633,0.000000,0.000000
16.4200,10342,240,0,0,0.003102,0.003052,0.000000,0.000000,0.000000,0.163043,1.500000,1.463341,0.928275,0.360647,3.000000,1.000000,25.334473,-18.039551,0.000000,0.000000
16.4300,10343,240,0,0,0.002618,0.003128,0.000000,0.000000,0.000000,0.139807,1.500000,1.464521,0.934203,0.366222,3.000000,1.000000,25.510254,-18.017578,0.000000,0.000000
16.4400,10344,240,0,0,0.002259,0.003054,0.000000,0.000000,0.000000,0.118948,1.500000,1.464376,0.940130,0.371796,3.000000,1.000000,25.708008,-18.017578,0.000000,0.000000
16.4500,10345,240,0,0,0.001851,0.002563,0.000000,0.000000,0.000000,0.101200,1.500000,1.464603,0.946058,0.377370,3.000000,1.000000,25.927734,-18.039551,0.000000,0.000000
16.4600,10346,240,0,0,0.001613,0.002848,0.000000,0.000000,0.000000,0.078865,1.500000,1.465912,0.951986,0.382944,3.000000,1.000000,26.103516,-18.061523,0.000000,0.000000
16.4700,10347,240,0,0,0.001649,0.003937,0.000000,0.000000,0.000000,0.061558,1.500000,1.469738,0.957913,0.388518,3.000000,1.000000,26.213379,-18.061523,0.000000,0.000000
16.4800,10348,240,0,0,0.001933,0.004333,0.000000,0.000000,0.000000,0.046087,1.500000,1.473084,0.963841,0.394093,3.000000,1.000000,26.345215,-18.083496,0.000000,0.000000
16.4900,10349,240,0,0,0.002065,0.005033,0.000000,0.000000,0.000000,0.033822,1.500000,1.473018,0.969769,0.399667,3.000000,1.000000,26.477051,-18.127441,0.000000,0.000000
16.5000,10350,240,0,0,0.003175,0.004804,0.000000,0.000000,0.000000,0.017238,1.500000,1.477372,0.975697,0.405241,3.000000,1.000000,26.542969,-18.215332,0.000000,0.000000
16.5100,10351,240,0,0,0.004933,0.004881,0.000000,0.000000,0.000000,0.002628,1.500000,1.483330,0.981624,0.410815,3.000000,1.000000,26.586914,-18.325195,0.000000,0.000000
16.5200,10352,240,0,0,0.006288,0.005390,0.000000,0.000000,0.000000,0.000000,1.500000,1.494252,0.987552,0.416390,3.000000,1.000000,26.630859,-18.413086,0.000000,0.000000
16.5300,10353,240,0,0,0.008069,0.005392,0.000000,0.000000,0.000000,0.000000,1.500000,1.500000,0.993480,0.421964,3.000000,1.000000,26.652832,-18.479004,0.000000,0.000000
16.5400,10354,240,0,0,0.008938,0.005532,0.000000,0.000000,0.000000,0.000000,1.500000,1.500000,0.999407,0.427538,3.000000,1.000000,26.674805,-18.544922,0.000000,0.000000
16.5500,10355,240,0,0,0.009189,0.006316,0.000000,0.000000,0.000000,0.000000,1.500000,1.500000,0.005335,0.433112,3.000000,1.000000,26.652832,-18.632812,0.000000,0.000000
16.5600,10356,240,0,0,0.009466,0.006867,0.000000,0.000000,0.000000,0.000000,1.500000,1.500000,0.011263,0.438686,3.000000,1.000000,26.608887,-18.720703,0.000000,0.000000
16.5700,10357,240,0,0,0.009350,0.006914,0.000000,0.000000,0.000000,0.000000,1.500000,1.500000,0.017190,0.444261,3.000000,1.000000,26.520996,-18.808594,0.000000,0.000000
16.5800,10358,240,0,0,0.009423,0.005778,0.000000,0.000000,0.000000,0.000000,1.500000,1.500000,0.023118,0.449835,3.000000,1.000000,26.433105,-18.918457,0.000000,0.000000
16.5900,10359,240,0,0,0.009516,0.004799,0.000000,0.000000,0.000000,0.000000,1.500000,1.500000,0.029046,0.455409,3.000000,1.000000,26.345215,-19.006348,0.000000,0.000000
16.6000,10360,240,0,0,0.009456,0.005022,0.000000,0.000000,0.000000,0.000000,1.500000,1.500000,0.034973,0.460983,3.000000,1.000000,26.257324,-19.116211,0.000000,0.000000
16.6100,10361,240,0,0,0.008851,0.005126,0.000000,0.000000,0.000000,0.000000,1.500000,1.500000,0.040901,0.466558,3.000000,1.000000,26.169434,-19.226074,0.000000,0.000000
16.6200,10362,240,0,0,0.007993,0.005591,0.000000,0.000000,0.000000,0.000000,1.500000,1.500000,0.046829,0.472132,3.000000,1.000000,26.015625,-19.335938,0.000000,0.000000
16.6300,10363,240,0,0,0.007242,0.006004,0.000000,0.000000,0.000000,0.000000,1.500000,1.500000,0.052756,0.477706,3.000000,1.000000,25.817871,-19.445801,0.000000,0.000000
16.6400,10364,240,0,0,0.006368,0.006521,0.000000,0.000000,0.000000,0.000000,1.500000,1.500000,0.058684,0.483280,3.000000,1.000000,25.554199,-19.533691,0.000000,0.000000
16.6500,10365,240,0,0,0.005363,0.007340,0.000000,0.000000,0.000000,0.000000,1.500000,1.500000,0.064612,0.488855,3.000000,1.000000,25.246582,-19.643555,0.000000,0.000000
16.6600,10366,240,0,0,0.004254,0.008227,0.000000,0.000000,0.000000,0.000000,1.500000,1.500000,0.070539,0.494429,3.000000,1.000000,24.873047,-19.731445,0.000000,0.000000
16.6700,10367,240,0,0,0.003666,0.008221,0.000000,0.000000,0.000000,0.000000,1.500000,1.500000,0.076467,0.500003,3.000000,1.000000,24.433594,-19.819336,0.000000,0.000000
16.6800,10368,240,0,0,0.002953,0.007975,0.000000,0.000000,0.000000,0.000000,1.496303,1.500000,0.082395,0.505577,3.000000,1.000000,24.016113,-19.907227,0.000000,0.000000
16.6900,10369,240,0,0,0.002426,0.007198,0.000000,0.000000,0.000000,0.000000,1.491010,1.500000,0.088322,0.511151,3.000000,1.000000,23.554688,-20.017090,0.000000,0.000000
16.7000,10370,240,0,0,0.002053,0.007212,0.000000,0.000000,0.000000,0.000000,1.486114,1.500000,0.094250,0.516726,3.000000,1.000000,23.093262,-20.236816,0.000000,0.000000
16.7100,10371,240,0,0,0.003118,0.007473,0.000000,0.000000,0.000000,0.000000,1.480175,1.500000,0.100178,0.522300,3.000000,1.000000,22.653809,-20.478516,0.000000,0.000000
16.7200,10372,240,0,0,0.004325,0.007428,0.000000,0.000000,0.000000,0.000000,1.476643,1.500000,0.106106,0.527874,3.000000,1.000000,22.258301,-20.588379,0.000000,0.000000
16.7300,10373,240,0,0,0.005476,0.007683,0.000000,0.000000,0.000000,0.000000,1.473621,1.500000,0.112033,0.533448,3.000000,1.000000,21.840820,-20.676270,0.000000,0.000000
16.7400,10374,240,0,0,0.007118,0.008288,0.000000,0.000000,0.000000,0.000000,1.468824,1.500000,0.117961,0.539023,3.000000,1.000000,21.445312,-20.764160,0.000000,0.000000
16.7500,10375,240,0,0,0.008511,0.008597,0.000000,0.000000,0.000000,0.000000,1.464231,1.500000,0.123889,0.544597,3.000000,1.000000,21.093750,-20.895996,0.000000,0.000000
16.7600,10376,240,0,0,0.010417,0.008602,0.000000,0.000000,0.000000,0.000000,1.460148,1.500000,0.129816,0.550171,3.000000,1.000000,20.808105,-21.071777,0.000000,0.000000
16.7700,10377,240,0,0,0.011803,0.008212,0.000000,0.000000,0.000000,0.000000,1.454077,1.500000,0.135744,0.555745,3.000000,1.000000,20.610352,-21.335449,0.000000,0.000000
16.7800,10378,240,0,0,0.011649,0.007922,0.000000,0.000000,0.000000,0.000000,1.448065,1.500000,0.141672,0.561319,3.000000,1.000000,20.544434,-21.511230,0.000000,0.000000
16.7900,10379,240,0,0,0.009177,0.008071,0.000000,0.000000,0.000000,0.000000,1.441118,1.500000,0.147599,0.566894,3.000000,1.000000,20.500488,-21.621094,0.000000,0.000000
16.8000,10380,240,0,0,0.008061,0.008729,0.000000,0.000000,0.000000,0.000000,1.431669,1.500000,0.153527,0.572468,3.000000,1.000000,20.478516,-21.687012,0.000000,0.000000
16.8100,10381,240,0,0,0.010688,0.008480,0.000000,0.000000,0.000000,0.000000,1.420108,1.500000,0.159455,0.578042,3.000000,1.000000,20.456543,-21.774902,0.000000,0.000000
16.8200,10382,240,0,0,0.016564,0.008256,0.000000,0.000000,0.000000,0.000000,1.406719,1.500000,0.165382,0.583616,3.000000,1.000000,20.456543,-21.884766,0.000000,0.000000
16.8300,10383,240,0,0,0.020713,0.008850,0.000641,0.000000,0.162967,0.000000,1.387529,1.500000,0.171310,0.589191,3.000000,1.000000,20.434570,-22.016602,0.000000,0.000000
16.8400,10384,240,0,0,0.022407,0.008716,0.007437,0.000000,0.475047,0.000000,1.360786,1.500000,0.177238,0.594765,0.000000,1.000000,20.456543,-22.236328,0.000000,0.000000
16.8500,10385,240,0,0,0.021991,0.008889,0.013480,0.000000,0.717592,0.000000,1.330472,1.500000,0.183165,0.600339,0.000000,1.000000,20.412598,-22.302246,0.000000,0.000000
16.8600,10387,240,0,0,0.019735,0.008664,0.009285,0.000000,1.049310,0.000000,1.250064,1.500000,0.195021,0.611488,0.000000,1.000000,19.929199,-22.368164,0.000000,0.000000
16.8700,10388,240,0,0,0.017207,0.008762,0.005559,0.000000,1.159752,0.000000,1.200723,1.500000,0.200948,0.617062,0.000000,1.000000,19.533691,-22.390137,0.000000,0.000000
16.8800,10389,240,0,0,0.014242,0.009220,0.003329,0.000000,1.247195,0.000000,1.148847,1.500000,0.206876,0.622636,0.000000,1.000000,19.094238,-22.434082,0.000000,0.000000
16.8900,10390,240,0,0,0.011582,0.009283,0.001993,0.000000,1.322952,0.002338,1.082359,1.500000,0.212804,0.628210,0.000000,1.000000,18.610840,-22.478027,0.000000,0.000000
16.9000,10391,240,0,0,0.008955,0.008796,0.001193,0.000000,1.384596,0.072194,0.984279,1.500000,0.218731,0.633784,0.000000,1.000000,18.127441,-22.500000,0.000000,0.000000
16.9100,10392,240,0,0,0.006877,0.008163,0.000714,0.000000,1.443765,0.141887,0.860950,1.500000,0.224659,0.639359,0.000000,1.000000,17.687988,-22.500000,0.000000,0.000000
16.9200,10393,240,0,0,0.005802,0.009010,0.000428,0.000000,1.498071,0.197738,0.731371,1.500000,0.230587,0.644933,0.000000,1.000000,17.248535,-22.500000,0.000000,0.000000
16.9300,10394,240,0,0,0.005010,0.010268,0.000256,0.000000,1.500000,0.256850,0.586476,1.500000,0.236515,0.650507,0.000000,1.000000,16.831055,-22.434082,0.000000,0.000000
16.9400,10395,240,0,0,0.004044,0.010666,0.000153,0.000000,1.500000,0.308068,0.418262,1.500000,0.242442,0.656081,0.000000,1.000000,16.435547,-22.346191,0.000000,0.000000
16.9500,10396,240,0,0,0.003728,0.011505,0.000092,0.000000,1.500000,0.353983,0.266305,1.500000,0.002380,0.661656,1.000000,2.000000,16.040039,-22.280273,0.000000,0.000000
16.9600,10397,240,0,0,0.003354,0.011414,0.000055,0.000000,1.500000,0.396577,0.138813,1.500000,0.007139,0.667230,1.000000,2.000000,15.644531,-22.170410,0.000000,0.000000
16.9700,10398,240,0,0,0.004077,0.009254,0.000033,0.000000,1.500000,0.433883,0.029230,1.500000,0.011899,0.672804,1.000000,2.000000,15.249023,-21.994629,0.000000,0.000000
16.9800,10399,240,0,0,0.004511,0.007547,0.000020,0.000000,1.500000,0.470523,0.000000,1.500000,0.016659,0.678378,1.000000,2.000000,14.875488,-21.752930,0.000000,0.000000
16.9900,10400,240,0,0,0.005087,0.007152,0.000012,0.000000,1.500000,0.505230,0.000000,1.500000,0.021418,0.683952,1.000000,2.000000,14.567871,-21.577148,0.000000,0.000000
17.0000,10401,240,0,0,0.005490,0.006595,0.000007,0.000000,1.500000,0.544840,0.000000,1.500000,0.026178,0.689527,1.000000,2.000000,14.282227,-21.313477,0.000000,0.000000
17.0100,10402,240,0,0,0.005516,0.006238,0.000004,0.000000,1.500000,0.582373,0.000000,1.500000,0.030938,0.695101,1.000000,2.000000,13.974609,-21.093750,0.000000,0.000000
17.0200,10403,240,0,0,0.005647,0.005414,0.000003,0.000000,1.500000,0.621664,0.000000,1.500000,0.035697,0.700675,1.000000,2.000000,13.645020,-20.808105,0.000000,0.000000
17.0300,10404,240,0,0,0.005248,0.004266,0.000002,0.000000,1.500000,0.657461,0.000000,1.500000,0.040457,0.706249,1.000000,2.000000,13.337402,-20.456543,0.000000,0.000000
17.0400,10405,240,0,0,0.004545,0.003469,0.000001,0.000000,1.500000,0.692159,0.000000,1.500000,0.045217,0.711824,1.000000,2.000000,13.051758,-20.061035,0.000000,0.000000
17.0500,10406,240,0,0,0.003735,0.003342,0.000001,0.000000,1.500000,0.722315,0.000000,1.500000,0.049976,0.717398,1.000000,2.000000,12.744141,-19.665527,0.000000,0.000000
17.0600,10407,240,0,0,0.003058,0.003115,0.000000,0.000000,1.500000,0.753018,0.000000,1.500000,0.054736,0.722972,1.000000,2.000000,12.458496,-19.160156,0.000000,0.000000
17.0700,10408,240,0,0,0.002793,0.003686,0.000000,0.000000,1.500000,0.780068,0.000000,1.500000,0.059496,0.728546,1.000000,2.000000,12.238770,-18.610840,0.000000,0.000000
17.0800,10409,240,0,0,0.002458,0.004491,0.000000,0.000000,1.500000,0.806178,0.000000,1.500000,0.064255,0.734120,1.000000,2.000000,11.997070,-18.039551,0.000000,0.000000
17.0900,10410,240,0,0,0.002104,0.005092,0.000000,0.000000,1.500000,0.829476,0.000000,1.500000,0.069015,0.739695,1.000000,2.000000,11.755371,-17.380371,0.000000,0.000000
17.1000,10411,240,0,0,0.001911,0.005510,0.000000,0.000000,1.500000,0.851135,0.000000,1.500000,0.073775,0.745269,1.000000,2.000000,11.557617,-16.677246,0.000000,0.000000
17.1100,10412,240,0,0,0.001690,0.005970,0.000000,0.000000,1.500000,0.873559,0.000000,1.500000,0.078534,0.750843,1.000000,2.000000,11.403809,-15.952148,0.000000,0.000000
17.1200,10413,240,0,0,0.001522,0.006515,0.000000,0.000000,1.500000,0.893671,0.000000,1.500000,0.083294,0.756417,1.000000,2.000000,11.228027,-15.205078,0.000000,0.000000
17.1300,10414,240,0,0,0.002292,0.005401,0.000000,0.000000,1.500000,0.910182,0.000000,1.500000,0.088053,0.761992,1.000000,2.000000,11.008301,-14.458008,0.000000,0.000000
17.1400,10415,240,0,0,0.002721,0.005115,0.000000,0.000000,1.500000,0.925447,0.000000,1.500000,0.092813,0.767566,1.000000,2.000000,10.854492,-13.688965,0.000000,0.000000
17.1500,10416,240,0,0,0.002338,0.005908,0.000000,0.000000,1.500000,0.938081,0.000000,1.500000,0.097573,0.773140,1.000000,2.000000,10.744629,-12.941895,0.000000,0.000000
17.1600,10417,240,0,0,0.002061,0.006948,0.000000,0.000000,1.500000,0.948811,0.000000,1.495432,0.102332,0.778714,1.000000,2.000000,10.612793,-12.194824,0.000000,0.000000
17.1700,10418,240,0,0,0.001976,0.006915,0.000000,0.000000,1.500000,0.958477,0.000000,1.443306,0.107092,0.784289,1.000000,2.000000,10.524902,-11.491699,0.000000,0.000000
17.1800,10419,240,0,0,0.001886,0.006681,0.000000,0.000000,1.500000,0.965752,0.000000,1.389440,0.111852,0.789863,1.000000,2.000000,10.415039,-10.810547,0.000000,0.000000
17.1900,10420,240,0,0,0.001987,0.006865,0.000000,0.000000,1.500000,0.969491,0.000000,1.332279,0.116611,0.795437,1.000000,2.000000,10.283203,-10.173340,0.000000,0.000000
17.2000,10421,240,0,0,0.001753,0.006788,0.000000,0.000000,1.500000,0.966688,0.000000,1.273289,0.121371,0.801011,1.000000,2.000000,10.151367,-9.558105,0.000000,0.000000
17.2100,10422,240,0,0,0.001530,0.005877,0.000000,0.000000,1.500000,0.953513,0.000000,1.203001,0.126131,0.806585,1.000000,2.000000,10.019531,-9.008789,0.000000,0.000000
17.2200,10423,240,0,0,0.001678,0.005030,0.000000,0.000000,1.500000,0.925224,0.000000,1.111497,0.130890,0.812160,1.000000,2.000000,9.909668,-8.459473,0.000000,0.000000
17.2300,10424,240,0,0,0.001765,0.004340,0.000000,0.000000,1.500000,0.886054,0.000000,0.994572,0.135650,0.817734,1.000000,2.000000,9.799805,-7.976074,0.000000,0.000000
17.2400,10425,240,0,0,0.001592,0.004611,0.000000,0.000000,1.500000,0.833738,0.000000,0.905924,0.140409,0.823308,1.000000,2.000000,9.667969,-7.536621,0.000000,0.000000
17.2500,10426,240,0,0,0.001318,0.004767,0.000000,0.000000,1.500000,0.781200,0.000000,0.834001,0.145169,0.828882,1.000000,2.000000,9.558105,-7.119141,0.000000,0.000000
17.2600,10427,240,0,0,0.001291,0.005162,0.000000,0.000000,1.500000,0.732887,0.000000,0.778951,0.149929,0.834457,1.000000,2.000000,9.470215,-6.767578,0.000000,0.000000
17.2700,10428,240,0,0,0.001448,0.005469,0.000000,0.000000,1.500000,0.689205,0.000000,0.735994,0.154688,0.840031,1.000000,2.000000,9.360352,-6.416016,0.000000,0.000000
17.2800,10429,240,0,0,0.001646,0.005933,0.000000,0.000000,1.500000,0.654673,0.000000,0.699779,0.159448,0.845605,1.000000,2.000000,9.272461,-6.152344,0.000000,0.000000
17.2900,10430,240,0,0,0.001738,0.006092,0.000000,0.000000,1.500000,0.626283,0.000000,0.672581,0.164207,0.851179,1.000000,2.000000,9.162598,-5.866699,0.000000,0.000000
17.3000,10431,240,0,0,0.001804,0.006466,0.000000,0.000000,1.500000,0.607435,0.000000,0.644111,0.168967,0.856753,1.000000,2.000000,9.074707,-5.625000,0.000000,0.000000
17.3100,10432,240,0,0,0.001547,0.006718,0.000000,0.000000,1.500000,0.593027,0.000000,0.618907,0.173726,0.862328,1.000000,2.000000,8.964844,-5.383301,0.000000,0.000000
17.3200,10433,240,0,0,0.001614,0.006445,0.000000,0.000000,1.500000,0.585713,0.000000,0.601087,0.178486,0.867902,1.000000,2.000000,8.876953,-5.141602,0.000000,0.000000
17.3300,10434,240,0,0,0.001804,0.006514,0.000000,0.000000,1.500000,0.583062,0.000000,0.584554,0.183246,0.873476,1.000000,2.000000,8.789062,-4.987793,0.000000,0.000000
17.3400,10435,240,0,0,0.001516,0.006490,0.000000,0.000000,1.500000,0.581760,0.000000,0.568055,0.188005,0.879050,1.000000,2.000000,8.679199,-4.812012,0.000000,0.000000
17.3500,10437,240,0,0,0.001450,0.007699,0.000000,0.000000,1.500000,0.581274,0.000000,0.538733,0.197524,0.890199,1.000000,2.000000,8.481445,-4.482422,0.000000,0.000000
17.3600,10438,240,0,0,0.001702,0.007334,0.000000,0.000000,1.500000,0.580659,0.000000,0.522429,0.202284,0.895773,1.000000,2.000000,8.393555,-4.482422,0.000000,0.000000
17.3700,10439,240,0,0,0.001748,0.007129,0.000000,0.000000,1.500000,0.581748,0.000000,0.510163,0.207044,0.901347,1.000000,2.000000,8.283691,-4.460449,0.000000,0.000000
17.3800,10440,240,0,0,0.002081,0.006934,0.000000,0.000000,1.500000,0.577531,0.000000,0.496537,0.211803,0.906922,1.000000,2.000000,8.195801,-4.416504,0.000000,0.000000
17.3900,10441,240,0,0,0.001960,0.007232,0.000000,0.000000,1.500000,0.578804,0.000000,0.485804,0.216563,0.912496,1.000000,2.000000,8.107910,-4.372559,0.000000,0.000000
17.4000,10442,240,0,0,0.002250,0.006650,0.000000,0.000000,1.500000,0.579578,0.000000,0.476854,0.221322,0.918070,1.000000,2.000000,7.998047,-4.306641,0.000000,0.000000
17.4100,10443,240,0,0,0.002132,0.007070,0.000000,0.000000,1.500000,0.579357,0.000000,0.467550,0.226082,0.923644,1.000000,2.000000,7.866211,-4.284668,0.000000,0.000000
17.4200,10444,240,0,0,0.001919,0.006503,0.000000,0.000000,1.500000,0.581359,0.000000,0.465397,0.230841,0.929218,1.000000,2.000000,7.734375,-4.394531,0.000000,0.000000
17.4300,10445,240,0,0,0.001930,0.005485,0.000000,0.000000,1.500000,0.586877,0.000000,0.460625,0.235601,0.934793,1.000000,2.000000,7.602539,-4.504395,0.000000,0.000000
17.4400,10446,240,0,0,0.001698,0.004471,0.000000,0.000000,1.500000,0.591771,0.000000,0.461488,0.240361,0.940367,1.000000,2.000000,7.470703,-4.636230,0.000000,0.000000
17.4500,10447,240,0,0,0.001662,0.003718,0.000000,0.000000,1.500000,0.591957,0.000000,0.462551,0.245120,0.945941,1.000000,2.000000,7.338867,-4.768066,0.000000,0.000000
17.4600,10448,240,0,0,0.001488,0.003377,0.000000,0.000000,1.500000,0.598401,0.000000,0.464915,0.249880,0.951515,1.000000,2.000000,7.207031,-4.877930,0.000000,0.000000
17.4700,10449,240,0,0,0.001408,0.002856,0.000000,0.000000,1.500000,0.605711,0.000000,0.469884,0.254640,0.957090,1.000000,2.000000,7.097168,-4.987793,0.000000,0.000000
17.4800,10450,240,0,0,0.001635,0.002635,0.000000,0.000000,1.500000,0.609326,0.000000,0.474449,0.259399,0.962664,1.000000,2.000000,6.987305,-5.119629,0.000000,0.000000
17.4900,10451,240,0,0,0.001462,0.002407,0.000000,0.000000,1.500000,0.611601,0.000000,0.479875,0.264159,0.968238,1.000000,2.000000,6.877441,-5.295410,0.000000,0.000000
17.5000,10452,240,0,0,0.001406,0.002562,0.000000,0.000000,1.500000,0.608956,0.000000,0.489065,0.268919,0.973812,1.000000,2.000000,6.789551,-5.471191,0.000000,0.000000
17.5100,10453,240,0,0,0.001543,0.003639,0.000000,0.000000,1.500000,0.609806,0.000000,0.501844,0.273678,0.979386,1.000000,2.000000,6.679688,-5.668945,0.000000,0.000000
17.5200,10454,240,0,0,0.001463,0.004289,0.000000,0.000000,1.500000,0.609355,0.000000,0.514669,0.278438,0.984961,1.000000,2.000000,6.591797,-5.822754,0.000000,0.000000
17.5300,10455,240,0,0,0.001334,0.004531,0.000000,0.000000,1.500000,0.611762,0.000000,0.523719,0.283198,0.990535,1.000000,2.000000,6.503906,-5.998535,0.000000,0.000000
17.5400,10456,240,0,0,0.001530,0.004068,0.000000,0.000000,1.500000,0.612333,0.000000,0.533275,0.287958,0.996109,1.000000,2.000000,6.394043,-6.174316,0.000000,0.000000
17.5500,10457,240,0,0,0.001516,0.004046,0.000000,0.000000,1.500000,0.623723,0.000000,0.539896,0.292717,0.001683,1.000000,2.000000,6.306152,-6.350098,0.000000,0.000000
17.5600,10458,240,0,0,0.001748,0.004503,0.000000,0.000000,1.500000,0.639261,0.000000,0.548733,0.297477,0.007257,1.000000,2.000000,6.174316,-6.569824,0.000000,0.000000
17.5700,10459,240,0,0,0.001868,0.004937,0.000000,0.000000,1.500000,0.662402,0.000000,0.554216,0.302237,0.012832,1.000000,2.000000,6.020508,-6.745605,0.000000,0.000000
17.5800,10460,240,0,0,0.002151,0.005632,0.000000,0.000000,1.500000,0.687451,0.000000,0.553687,0.306997,0.018406,1.000000,2.000000,5.778809,-6.833496,0.000000,0.000000
17.5900,10461,240,0,0,0.002103,0.006222,0.000000,0.000000,1.500000,0.712624,0.000000,0.537055,0.311756,0.023980,1.000000,2.000000,5.493164,-6.899414,0.000000,0.000000
17.6000,10462,240,0,0,0.001801,0.007910,0.000000,0.000000,1.500000,0.736840,0.000000,0.513195,0.316516,0.029554,1.000000,2.000000,5.207520,-6.965332,0.000000,0.000000
17.6100,10463,240,0,0,0.001777,0.008689,0.000000,0.000000,1.500000,0.765469,0.000000,0.499765,0.321276,0.035128,1.000000,2.000000,4.943848,-7.075195,0.000000,0.000000
17.6200,10464,240,0,0,0.001842,0.009419,0.000000,0.000000,1.500000,0.791083,0.000000,0.494592,0.326035,0.040702,1.000000,2.000000,4.680176,-7.185059,0.000000,0.000000
17.6300,10465,240,0,0,0.001597,0.010451,0.000000,0.000000,1.500000,0.814362,0.000000,0.501589,0.330795,0.046276,1.000000,2.000000,4.460449,-7.360840,0.000000,0.000000
17.6400,10466,240,0,0,0.001606,0.011302,0.000000,0.000000,1.500000,0.837001,0.000000,0.520699,0.335555,0.051851,1.000000,2.000000,4.196777,-7.602539,0.000000,0.000000
17.6500,10467,240,0,0,0.001435,0.011572,0.000000,0.000000,1.500000,0.860123,0.023615,0.542020,0.340315,0.057425,1.000000,2.000000,3.977051,-7.756348,0.000000,0.000000
17.6600,10468,240,0,0,0.001630,0.012162,0.000000,0.000000,1.500000,0.878890,0.303532,0.569077,0.345074,0.062999,1.000000,2.000000,3.735352,-7.932129,0.000000,0.000000
17.6700,10469,240,0,0,0.001532,0.011281,0.000000,0.000000,1.500000,0.899237,0.563856,0.592234,0.349834,0.068573,1.000000,2.000000,3.559570,-8.085938,0.000000,0.000000
17.6800,10470,240,0,0,0.001800,0.009874,0.000000,0.000000,1.500000,0.921419,0.777824,0.613471,0.354594,0.074147,1.000000,2.000000,3.405762,-8.195801,0.000000,0.000000
17.6900,10471,240,0,0,0.002730,0.007732,0.000000,0.000000,1.500000,0.940558,0.941851,0.629706,0.359354,0.079721,1.000000,2.000000,3.295898,-8.371582,0.000000,0.000000
17.7000,10472,240,0,0,0.003662,0.006228,0.000000,0.000000,1.500000,0.961905,1.065690,0.641669,0.364113,0.085296,1.000000,2.000000,3.229980,-8.547363,0.000000,0.000000
17.7100,10473,240,0,0,0.004522,0.005154,0.000000,0.000000,1.500000,0.981632,1.160180,0.651681,0.368873,0.090870,1.000000,2.000000,3.164062,-8.679199,0.000000,0.000000
17.7200,10474,240,0,0,0.004185,0.004684,0.000000,0.000000,1.500000,1.000725,1.230244,0.664245,0.373633,0.096444,1.000000,2.000000,3.142090,-8.833008,0.000000,0.000000
17.7300,10475,240,0,0,0.003488,0.004781,0.000000,0.000000,1.500000,1.018252,1.283823,0.678816,0.378392,0.102018,1.000000,2.000000,3.186035,-8.964844,0.000000,0.000000
17.7400,10476,240,0,0,0.003740,0.004703,0.000000,0.000000,1.500000,1.037571,1.324224,0.688923,0.383152,0.107592,1.000000,2.000000,3.186035,-9.030762,0.000000,0.000000
17.7500,10477,240,0,0,0.007503,0.004095,0.000000,0.000000,1.500000,1.051958,1.355917,0.698452,0.387912,0.113166,1.000000,2.000000,3.186035,-9.074707,0.000000,0.000000
17.7600,10478,240,0,0,0.008779,0.003465,0.000000,0.000000,1.500000,1.066828,1.385851,0.706740,0.392672,0.118740,1.000000,2.000000,3.164062,-9.162598,0.000000,0.000000
17.7700,10479,240,0,0,0.008278,0.003633,0.000000,0.000000,1.500000,1.082266,1.412323,0.712989,0.397431,0.124315,1.000000,2.000000,3.186035,-9.316406,0.000000,0.000000
17.7800,10480,240,0,0,0.007249,0.003376,0.000000,0.000000,1.500000,1.095707,1.438433,0.719181,0.402191,0.129889,1.000000,2.000000,3.251953,-9.514160,0.000000,0.000000
17.7900,10481,240,0,0,0.005835,0.003085,0.000000,0.000000,1.500000,1.107759,1.465674,0.724858,0.406951,0.135463,1.000000,2.000000,3.361816,-9.645996,0.000000,0.000000
17.8000,10482,240,0,0,0.004760,0.002785,0.000000,0.000000,1.500000,1.120338,1.495872,0.732037,0.411711,0.141037,1.000000,2.000000,3.493652,-9.799805,0.000000,0.000000
17.8100,10483,240,0,0,0.004290,0.002762,0.000000,0.000000,1.500000,1.135744,1.500000,0.740256,0.416470,0.146611,1.000000,2.000000,3.669434,-10.041504,0.000000,0.000000
17.8200,10484,240,0,0,0.004933,0.003187,0.000000,0.000000,1.500000,1.147533,1.500000,0.747894,0.421230,0.152185,1.000000,2.000000,3.933105,-10.283203,0.000000,0.000000
17.8300,10485,240,0,0,0.005838,0.003966,0.000000,0.000000,1.500000,1.159025,1.500000,0.755555,0.425990,0.157759,1.000000,2.000000,4.262695,-10.546875,0.000000,0.000000
17.8400,10487,240,0,0,0.006625,0.006928,0.000000,0.000000,1.330960,1.193959,1.500000,0.764814,0.435509,0.168907,1.000000,2.000000,5.075684,-11.008301,0.000000,0.000000
17.8500,10488,240,0,0,0.006806,0.008444,0.000000,0.000000,1.115596,1.209463,1.500000,0.764980,0.440269,0.174481,1.000000,2.000000,5.515137,-11.206055,0.000000,0.000000
17.8600,10489,240,0,0,0.007358,0.010005,0.000000,0.000000,0.901647,1.220075,1.500000,0.770715,0.445029,0.180055,1.000000,2.000000,6.020508,-11.425781,0.000000,0.000000
17.8700,10490,240,0,0,0.007773,0.011567,0.000000,0.000000,0.699819,1.228762,1.500000,0.776044,0.449788,0.185629,1.000000,2.000000,6.503906,-11.557617,0.000000,0.000000
17.8800,10491,240,0,0,0.008332,0.013161,0.000000,0.000000,0.521818,1.225688,1.500000,0.781881,0.454548,0.191204,1.000000,2.000000,7.031250,-11.733398,0.000000,0.000000
17.8900,10492,240,0,0,0.008473,0.014572,0.000000,0.000000,0.358015,1.206242,1.500000,0.789638,0.459308,0.196778,1.000000,2.000000,7.558594,-11.887207,0.000000,0.000000
17.9000,10493,240,0,0,0.007686,0.015854,0.000000,0.000000,0.179507,1.175043,1.500000,0.799351,0.464068,0.202352,2.000000,2.000000,8.085938,-11.953125,0.000000,0.000000
17.9100,10494,240,0,0,0.006352,0.016896,0.000000,0.000000,0.001873,1.125840,1.500000,0.811271,0.468827,0.207926,2.000000,2.000000,8.613281,-11.997070,0.000000,0.000000
17.9200,10495,240,0,0,0.005289,0.017431,0.000000,0.000000,0.000000,1.057690,1.500000,0.827336,0.473587,0.213500,2.000000,2.000000,9.140625,-12.084961,0.000000,0.000000
17.9300,10496,240,0,0,0.004871,0.017408,0.000000,0.000000,0.000000,0.962062,1.500000,0.836801,0.478347,0.219074,2.000000,2.000000,9.667969,-12.172852,0.000000,0.000000
17.9400,10497,240,0,0,0.004557,0.017858,0.000000,0.000000,0.000000,0.827579,1.500000,0.847251,0.483106,0.224648,2.000000,2.000000,10.173340,-12.348633,0.000000,0.000000
17.9500,10498,240,0,0,0.004281,0.017481,0.000000,0.000000,0.000000,0.671790,1.500000,0.856105,0.487866,0.230222,2.000000,2.000000,10.656738,-12.480469,0.000000,0.000000
17.9600,10499,240,0,0,0.003580,0.016687,0.000000,0.000000,0.000000,0.539822,1.500000,0.864864,0.492626,0.235796,2.000000,2.000000,11.118164,-12.546387,0.000000,0.000000
17.9700,10500,240,0,0,0.003178,0.016154,0.000000,0.000000,0.000000,0.423168,1.500000,0.872548,0.497386,0.241370,2.000000,2.000000,11.535645,-12.590332,0.000000,0.000000
17.9800,10501,240,0,0,0.003187,0.015455,0.000000,0.000000,0.000000,0.324760,1.500000,0.886703,0.502145,0.246944,3.000000,2.000000,11.953125,-12.656250,0.000000,0.000000
17.9900,10502,240,0,0,0.002894,0.015263,0.000000,0.000000,0.000000,0.257888,1.500000,0.898566,0.506905,0.252518,3.000000,2.000000,12.348633,-12.766113,0.000000,0.000000
18.0000,10503,240,0,0,0.003097,0.014936,0.000000,0.000000,0.000000,0.211483,1.500000,0.911244,0.511664,0.258093,3.000000,2.000000,12.700195,-12.875977,0.000000,0.000000
18.0100,10504,240,0,0,0.003248,0.014137,0.000000,0.000000,0.000000,0.176373,1.500000,0.923791,0.516424,0.263667,3.000000,2.000000,13.095703,-13.095703,0.000000,0.000000
18.0200,10505,240,0,0,0.003034,0.013811,0.000000,0.000000,0.000000,0.144047,1.500000,0.936395,0.521183,0.269241,3.000000,2.000000,13.447266,-13.271484,0.000000,0.000000
18.0300,10506,240,0,0,0.002486,0.012871,0.000000,0.000000,0.000000,0.110761,1.500000,0.946660,0.525942,0.274815,3.000000,2.000000,13.710938,-13.359375,0.000000,0.000000
18.0400,10507,240,0,0,0.002624,0.012715,0.000000,0.000000,0.000000,0.085026,1.500000,0.955231,0.530702,0.280390,3.000000,2.000000,13.996582,-13.403320,0.000000,0.000000
18.0500,10508,240,0,0,0.003025,0.013285,0.000000,0.000000,0.000000,0.059454,1.500000,0.958712,0.535461,0.285964,3.000000,2.000000,14.238281,-13.535156,0.000000,0.000000
18.0600,10509,240,0,0,0.002497,0.012992,0.000000,0.000000,0.000000,0.033193,1.500000,0.961244,0.540221,0.291538,3.000000,2.000000,14.436035,-13.710938,0.000000,0.000000
18.0700,10510,240,0,0,0.002261,0.012297,0.000000,0.000000,0.000000,0.008262,1.500000,0.962424,0.544980,0.297112,3.000000,2.000000,14.611816,-13.776855,0.000000,0.000000
18.0800,10511,240,0,0,0.001863,0.011110,0.000000,0.000000,0.000000,0.000000,1.500000,0.964927,0.549740,0.302686,3.000000,2.000000,14.765625,-13.820801,0.000000,0.000000
18.0900,10512,240,0,0,0.002095,0.010333,0.000000,0.000000,0.000000,0.000000,1.500000,0.970516,0.554499,0.308261,3.000000,2.000000,14.897461,-13.864746,0.000000,0.000000
18.1000,10513,240,0,0,0.002767,0.010003,0.000000,0.000000,0.000000,0.000000,1.500000,0.982538,0.559258,0.313835,3.000000,2.000000,15.029297,-13.908691,0.000000,0.000000
18.1100,10514,240,0,0,0.003666,0.009375,0.000000,0.000000,0.000000,0.000000,1.500000,0.997949,0.564018,0.319409,3.000000,2.000000,15.161133,-13.974609,0.000000,0.000000
