pc_time_s,seq_id,module_id,status,tx_drops,EMG R env,EMG L env,EMG R act,EMG L act,FSR RH,FSR RT,FSR LH,FSR LT,Phase R,Phase L,Gait R,Gait L,Thigh R,Thigh L,Tau R,Tau L
0.0000,0,240,0,0,0.00968,0.00984,0.02339,0.02420,0.69797,0.69907,0.69640,0.69865,0.00000,0.00000,2.00000,2.00000,-5.19456,-5.95691,0.00000,0.00000
0.0100,1,240,0,0,0.00990,0.00996,0.02448,0.02479,0.69955,0.69987,0.69835,0.69862,0.00000,0.00000,2.00000,2.00000,-5.18513,-5.94441,0.00000,0.00000
0.0200,2,240,0,0,0.01019,0.00985,0.02594,0.02423,0.70143,0.70120,0.69999,0.69908,0.00000,0.00000,2.00000,2.00000,-5.19339,-5.93222,0.00000,0.00000
0.0300,3,240,0,0,0.01037,0.00973,0.02684,0.02364,0.70047,0.70186,0.69873,0.69945,0.00000,0.00000,2.00000,2.00000,-5.20580,-5.92507,0.00000,0.00000
0.0400,4,240,0,0,0.01027,0.00990,0.02636,0.02451,0.69808,0.70079,0.69827,0.69987,0.00000,0.00000,2.00000,2.00000,-5.21346,-5.91286,0.00000,0.00000
0.0500,5,240,0,0,0.00964,0.00984,0.02319,0.02421,0.70003,0.70004,0.69509,0.69892,0.00000,0.00000,2.00000,2.00000,-5.22653,-5.88315,0.00000,0.00000
0.0600,6,240,0,0,0.00956,0.00983,0.02281,0.02417,0.69853,0.70020,0.69464,0.69830,0.00000,0.00000,2.00000,2.00000,-5.24135,-5.86027,0.00000,0.00000
0.0700,7,240,0,0,0.00950,0.00982,0.02250,0.02409,0.70004,0.70122,0.69489,0.69857,0.00000,0.00000,2.00000,2.00000,-5.24473,-5.83875,0.00000,0.00000
0.0800,8,240,0,0,0.00956,0.01009,0.02280,0.02546,0.69989,0.70172,0.69641,0.69889,0.00000,0.00000,2.00000,2.00000,-5.24131,-5.81819,0.00000,0.00000
0.0900,9,240,0,0,0.00967,0.01012,0.02334,0.02562,0.69796,0.70371,0.69584,0.69847,0.00000,0.00000,2.00000,2.00000,-5.24085,-5.80875,0.00000,0.00000
0.1000,10,240,0,0,0.00988,0.01016,0.02441,0.02581,0.69740,0.70487,0.69614,0.69942,0.00000,0.00000,2.00000,2.00000,-5.23940,-5.79472,0.00000,0.00000
0.1100,11,240,0,0,0.00997,0.01036,0.02485,0.02679,0.69815,0.70595,0.69518,0.69660,0.00000,0.00000,2.00000,2.00000,-5.23714,-5.78041,0.00000,0.00000
0.1200,12,240,0,0,0.01000,0.01034,0.02498,0.02669,0.69911,0.69959,0.69678,0.69633,0.00000,0.00000,2.00000,2.00000,-5.23630,-5.76445,0.00000,0.00000
0.1300,13,240,0,0,0.01016,0.01029,0.02580,0.02647,0.69861,0.69987,0.69836,0.69688,0.00000,0.00000,2.00000,2.00000,-5.22793,-5.75123,0.00000,0.00000
0.1400,14,240,0,0,0.01075,0.01043,0.02877,0.02713,0.69932,0.70290,0.69947,0.69632,0.00000,0.00000,2.00000,2.00000,-5.22041,-5.74138,0.00000,0.00000
0.1500,15,240,0,0,0.01074,0.01057,0.02872,0.02783,0.69592,0.70048,0.69964,0.70001,0.00000,0.00000,2.00000,2.00000,-5.21025,-5.72135,0.00000,0.00000
0.1600,16,240,0,0,0.01066,0.01049,0.02831,0.02744,0.69784,0.69973,0.69720,0.70004,0.00000,0.00000,2.00000,2.00000,-5.20627,-5.70481,0.00000,0.00000
0.1700,17,240,0,0,0.01089,0.01048,0.02944,0.02741,0.69731,0.69809,0.69695,0.70032,0.00000,0.00000,2.00000,2.00000,-5.21148,-5.71408,0.00000,0.00000
0.1800,18,240,0,0,0.01050,0.01029,0.02752,0.02644,0.69813,0.69747,0.69712,0.69944,0.00000,0.00000,2.00000,2.00000,-5.19980,-5.69341,0.00000,0.00000
0.1900,19,240,0,0,0.01046,0.01013,0.02728,0.02565,0.70097,0.69692,0.69724,0.69956,0.00000,0.00000,2.00000,2.00000,-5.20287,-5.69965,0.00000,0.00000
0.2000,20,240,0,0,0.01046,0.01037,0.02729,0.02686,0.70128,0.69965,0.69812,0.69769,0.00000,0.00000,2.00000,2.00000,-5.19191,-5.68538,0.00000,0.00000
0.2100,21,240,0,0,0.01061,0.01048,0.02806,0.02739,0.70169,0.69728,0.70098,0.69804,0.00000,0.00000,2.00000,2.00000,-5.18274,-5.66166,0.00000,0.00000
0.2200,22,240,0,0,0.01036,0.01056,0.02681,0.02778,0.69760,0.69921,0.70204,0.69704,0.00000,0.00000,2.00000,2.00000,-5.16818,-5.64010,0.00000,0.00000
0.2300,23,240,0,0,0.01031,0.01057,0.02654,0.02787,0.69855,0.69976,0.69986,0.69739,0.00000,0.00000,2.00000,2.00000,-5.15792,-5.62799,0.00000,0.00000
0.2400,24,240,0,0,0.01040,0.01054,0.02698,0.02769,0.69932,0.70152,0.70101,0.69390,0.00000,0.00000,2.00000,2.00000,-5.14683,-5.61816,0.00000,0.00000
0.2500,25,240,0,0,0.01043,0.01065,0.02713,0.02826,0.69900,0.70150,0.70179,0.69372,0.00000,0.00000,2.00000,2.00000,-5.13619,-5.59474,0.00000,0.00000
0.2600,26,240,0,0,0.01031,0.01079,0.02657,0.02894,0.69730,0.70067,0.69997,0.69784,0.00000,0.00000,2.00000,2.00000,-5.13841,-5.58913,0.00000,0.00000
0.2700,27,240,0,0,0.01035,0.01088,0.02676,0.02941,0.70028,0.70426,0.70138,0.69980,0.00000,0.00000,2.00000,2.00000,-5.14563,-5.55838,0.00000,0.00000
0.2800,28,240,0,0,0.01050,0.01073,0.02751,0.02864,0.69812,0.70229,0.70074,0.70202,0.00000,0.00000,2.00000,2.00000,-5.13444,-5.53525,0.00000,0.00000
0.2900,29,240,0,0,0.01059,0.01094,0.02793,0.02971,0.69722,0.69731,0.69822,0.70375,0.00000,0.00000,2.00000,2.00000,-5.12597,-5.51983,0.00000,0.00000
0.3000,30,240,0,0,0.01048,0.01084,0.02739,0.02922,0.70108,0.69933,0.69945,0.70383,0.00000,0.00000,2.00000,2.00000,-5.12953,-5.49536,0.00000,0.00000
0.3100,31,240,0,0,0.01062,0.01086,0.02808,0.02930,0.69856,0.69725,0.69996,0.70203,0.00000,0.00000,2.00000,2.00000,-5.12652,-5.48275,0.00000,0.00000
0.3200,32,240,0,0,0.01057,0.01080,0.02786,0.02898,0.69976,0.70075,0.69960,0.69977,0.00000,0.00000,2.00000,2.00000,-5.12351,-5.46340,0.00000,0.00000
0.3300,33,240,0,0,0.01070,0.01074,0.02852,0.02871,0.70118,0.70506,0.69965,0.70172,0.00000,0.00000,2.00000,2.00000,-5.12334,-5.45155,0.00000,0.00000
0.3400,34,240,0,0,0.01046,0.01049,0.02731,0.02744,0.69809,0.70392,0.69856,0.70135,0.00000,0.00000,2.00000,2.00000,-5.12785,-5.45528,0.00000,0.00000
0.3500,35,240,0,0,0.01070,0.01062,0.02850,0.02808,0.70223,0.70104,0.69996,0.70508,0.00000,0.00000,2.00000,2.00000,-5.14101,-5.45437,0.00000,0.00000
0.3600,36,240,0,0,0.01071,0.01118,0.02854,0.03090,0.70284,0.70084,0.69990,0.70309,0.00000,0.00000,2.00000,2.00000,-5.12738,-5.45026,0.00000,0.00000
0.3700,37,240,0,0,0.01060,0.01088,0.02802,0.02942,0.70154,0.70220,0.70020,0.70548,0.00000,0.00000,2.00000,2.00000,-5.12962,-5.43367,0.00000,0.00000
0.3800,38,240,0,0,0.01074,0.01077,0.02868,0.02884,0.70160,0.70322,0.70073,0.70373,0.00000,0.00000,2.00000,2.00000,-5.13186,-5.44023,0.00000,0.00000
0.3900,39,240,0,0,0.01059,0.01057,0.02797,0.02785,0.70214,0.70258,0.69863,0.70490,0.00000,0.00000,2.00000,2.00000,-5.13223,-5.43069,0.00000,0.00000
0.4000,40,240,0,0,0.01067,0.01042,0.02833,0.02708,0.69953,0.70054,0.69754,0.70635,0.00000,0.00000,2.00000,2.00000,-5.13059,-5.42832,0.00000,0.00000
0.4100,41,240,0,0,0.01114,0.01075,0.03068,0.02875,0.70160,0.70293,0.69458,0.70293,0.00000,0.00000,2.00000,2.00000,-5.12929,-5.42601,0.00000,0.00000
0.4200,42,240,0,0,0.01082,0.01051,0.02910,0.02753,0.70414,0.70456,0.69699,0.70133,0.00000,0.00000,2.00000,2.00000,-5.12798,-5.40964,0.00000,0.00000
0.4300,43,240,0,0,0.01074,0.01037,0.02868,0.02687,0.70159,0.70329,0.69583,0.69927,0.00000,0.00000,2.00000,2.00000,-5.11913,-5.38237,0.00000,0.00000
0.4400,44,240,0,0,0.01046,0.01003,0.02732,0.02517,0.70079,0.70189,0.69719,0.69745,0.00000,0.00000,2.00000,2.00000,-5.11441,-5.36124,0.00000,0.00000
0.4500,45,240,0,0,0.01031,0.00997,0.02657,0.02484,0.70015,0.70037,0.69857,0.69924,0.00000,0.00000,2.00000,2.00000,-5.10315,-5.34117,0.00000,0.00000
0.4600,46,240,0,0,0.01040,0.00971,0.02699,0.02356,0.69785,0.69913,0.69995,0.69913,0.00000,0.00000,2.00000,2.00000,-5.10617,-5.34191,0.00000,0.00000
0.4700,47,240,0,0,0.01033,0.01004,0.02663,0.02519,0.70081,0.69939,0.69798,0.69945,0.00000,0.00000,2.00000,2.00000,-5.11150,-5.34425,0.00000,0.00000
0.4800,48,240,0,0,0.01044,0.01075,0.02722,0.02875,0.69982,0.69913,0.69843,0.70052,0.00000,0.00000,2.00000,2.00000,-5.11879,-5.33786,0.00000,0.00000
0.4900,49,240,0,0,0.01086,0.01057,0.02928,0.02787,0.69948,0.69962,0.70160,0.69732,0.00000,0.00000,2.00000,2.00000,-5.11605,-5.34086,0.00000,0.00000
0.5000,50,240,0,0,0.01049,0.01016,0.02743,0.02581,0.69972,0.69788,0.70398,0.70017,0.00000,0.00000,2.00000,2.00000,-5.12259,-5.33806,0.00000,0.00000
0.5100,51,240,0,0,0.01087,0.01042,0.02935,0.02712,0.69925,0.70012,0.70451,0.69955,0.00000,0.00000,2.00000,2.00000,-5.12188,-5.33543,0.00000,0.00000
0.5200,52,240,0,0,0.01087,0.01026,0.02937,0.02629,0.69677,0.70163,0.70383,0.70055,0.00000,0.00000,2.00000,2.00000,-5.13199,-5.32622,0.00000,0.00000
0.5300,53,240,0,0,0.01084,0.01058,0.02921,0.02791,0.69961,0.70147,0.70113,0.70142,0.00000,0.00000,2.00000,2.00000,-5.13104,-5.30116,0.00000,0.00000
0.5400,54,240,0,0,0.01078,0.01047,0.02891,0.02735,0.69448,0.69982,0.70200,0.70328,0.00000,0.00000,2.00000,2.00000,-5.12030,-5.29251,0.00000,0.00000
0.5500,55,240,0,0,0.01086,0.01031,0.02932,0.02656,0.69686,0.70022,0.70119,0.70221,0.00000,0.00000,2.00000,2.00000,-5.11089,-5.28824,0.00000,0.00000
0.5600,56,240,0,0,0.01060,0.01030,0.02801,0.02649,0.70034,0.70201,0.70179,0.69812,0.00000,0.00000,2.00000,2.00000,-5.12257,-5.30219,0.00000,0.00000
0.5700,57,240,0,0,0.01037,0.01049,0.02686,0.02746,0.70173,0.70211,0.70026,0.69873,0.00000,0.00000,2.00000,2.00000,-5.12345,-5.30642,0.00000,0.00000
0.5800,58,240,0,0,0.01019,0.01042,0.02594,0.02708,0.70638,0.70085,0.69990,0.69940,0.00000,0.00000,2.00000,2.00000,-5.12399,-5.30294,0.00000,0.00000
0.5900,59,240,0,0,0.01019,0.01030,0.02596,0.02652,0.70536,0.70098,0.70020,0.69787,0.00000,0.00000,2.00000,2.00000,-5.12382,-5.29689,0.00000,0.00000
0.6000,60,240,0,0,0.01027,0.01029,0.02635,0.02643,0.70295,0.70144,0.70055,0.69869,0.00000,0.00000,2.00000,2.00000,-5.12814,-5.27956,0.00000,0.00000
0.6100,61,240,0,0,0.01056,0.01004,0.02780,0.02519,0.70182,0.70258,0.70121,0.69846,0.00000,0.00000,2.00000,2.00000,-5.12715,-5.27223,0.00000,0.00000
0.6200,62,240,0,0,0.01032,0.01022,0.02662,0.02612,0.69915,0.70438,0.69993,0.69668,0.00000,0.00000,2.00000,2.00000,-5.10912,-5.26269,0.00000,0.00000
0.6300,63,240,0,0,0.01002,0.00988,0.02509,0.02441,0.69883,0.70267,0.69774,0.69869,0.00000,0.00000,2.00000,2.00000,-5.11293,-5.26142,0.00000,0.00000
0.6400,64,240,0,0,0.01021,0.00993,0.02604,0.02463,0.69985,0.70273,0.70103,0.69812,0.00000,0.00000,2.00000,2.00000,-5.10467,-5.25927,0.00000,0.00000
0.6500,65,240,0,0,0.00988,0.01022,0.02440,0.02611,0.69948,0.70344,0.70484,0.69797,0.00000,0.00000,2.00000,2.00000,-5.10100,-5.26380,0.00000,0.00000
0.6600,66,240,0,0,0.01023,0.01034,0.02613,0.02669,0.69956,0.70531,0.70425,0.69776,0.00000,0.00000,2.00000,2.00000,-5.09008,-5.25330,0.00000,0.00000
0.6700,67,240,0,0,0.01008,0.01048,0.02539,0.02742,0.70226,0.70682,0.70091,0.70041,0.00000,0.00000,2.00000,2.00000,-5.08317,-5.24786,0.00000,0.00000
0.6800,68,240,0,0,0.01004,0.01045,0.02520,0.02723,0.70146,0.70547,0.69939,0.70023,0.00000,0.00000,2.00000,2.00000,-5.07247,-5.24117,0.00000,0.00000
0.6900,69,240,0,0,0.01027,0.01069,0.02634,0.02845,0.70183,0.70418,0.70039,0.70030,0.00000,0.00000,2.00000,2.00000,-5.06717,-5.23248,0.00000,0.00000
0.7000,70,240,0,0,0.01068,0.01081,0.02838,0.02907,0.70401,0.70369,0.70249,0.69949,0.00000,0.00000,2.00000,2.00000,-5.06457,-5.22166,0.00000,0.00000
0.7100,71,240,0,0,0.01038,0.01080,0.02692,0.02899,0.70190,0.70107,0.69982,0.70039,0.00000,0.00000,2.00000,2.00000,-5.07637,-5.21247,0.00000,0.00000
0.7200,72,240,0,0,0.01039,0.01089,0.02694,0.02946,0.70252,0.69910,0.69966,0.70250,0.00000,0.00000,2.00000,2.00000,-5.06581,-5.20714,0.00000,0.00000
0.7300,73,240,0,0,0.01049,0.01092,0.02744,0.02961,0.70212,0.70416,0.70008,0.70288,0.00000,0.00000,2.00000,2.00000,-5.06661,-5.19551,0.00000,0.00000
0.7400,74,240,0,0,0.01070,0.01068,0.02852,0.02841,0.70360,0.70420,0.70148,0.70322,0.00000,0.00000,2.00000,2.00000,-5.07301,-5.19458,0.00000,0.00000
0.7500,75,240,0,0,0.01099,0.01031,0.02994,0.02655,0.70168,0.70047,0.70051,0.70333,0.00000,0.00000,2.00000,2.00000,-5.08844,-5.19094,0.00000,0.00000
0.7600,76,240,0,0,0.01114,0.01043,0.03068,0.02714,0.69850,0.69829,0.69780,0.70015,0.00000,0.00000,2.00000,2.00000,-5.09672,-5.18701,0.00000,0.00000
0.7700,77,240,0,0,0.01102,0.01054,0.03010,0.02770,0.69862,0.69931,0.69942,0.69867,0.00000,0.00000,2.00000,2.00000,-5.11023,-5.18000,0.00000,0.00000
0.7800,78,240,0,0,0.01081,0.01074,0.02907,0.02870,0.69784,0.70045,0.70143,0.69870,0.00000,0.00000,2.00000,2.00000,-5.12003,-5.19622,0.00000,0.00000
0.7900,79,240,0,0,0.01060,0.01044,0.02802,0.02721,0.69935,0.69802,0.70090,0.69786,0.00000,0.00000,2.00000,2.00000,-5.12163,-5.19422,0.00000,0.00000
0.8000,80,240,0,0,0.01065,0.01023,0.02827,0.02616,0.69948,0.69962,0.70132,0.69670,0.00000,0.00000,2.00000,2.00000,-5.11527,-5.19855,0.00000,0.00000
0.8100,81,240,0,0,0.01098,0.01038,0.02988,0.02689,0.70072,0.69945,0.70018,0.69453,0.00000,0.00000,2.00000,2.00000,-5.12993,-5.18824,0.00000,0.00000
0.8200,82,240,0,0,0.01101,0.01037,0.03005,0.02684,0.69964,0.69785,0.69874,0.69381,0.00000,0.00000,2.00000,2.00000,-5.12467,-5.17276,0.00000,0.00000
0.8300,83,240,0,0,0.01061,0.00996,0.02804,0.02482,0.69925,0.69889,0.70077,0.69509,0.00000,0.00000,2.00000,2.00000,-5.13161,-5.16503,0.00000,0.00000
0.8400,84,240,0,0,0.01051,0.01017,0.02757,0.02583,0.70320,0.69563,0.70120,0.69632,0.00000,0.00000,2.00000,2.00000,-5.13148,-5.15398,0.00000,0.00000
0.8500,85,240,0,0,0.01046,0.00982,0.02728,0.02412,0.69974,0.69670,0.70167,0.69602,0.00000,0.00000,2.00000,2.00000,-5.13406,-5.14808,0.00000,0.00000
0.8600,86,240,0,0,0.01025,0.00977,0.02625,0.02387,0.69689,0.69605,0.70368,0.69724,0.00000,0.00000,2.00000,2.00000,-5.12363,-5.14166,0.00000,0.00000
0.8700,87,240,0,0,0.01021,0.01024,0.02604,0.02621,0.69659,0.69495,0.70094,0.69728,0.00000,0.00000,2.00000,2.00000,-5.12977,-5.13252,0.00000,0.00000
0.8800,88,240,0,0,0.01021,0.01068,0.02605,0.02842,0.69805,0.69761,0.69978,0.69982,0.00000,0.00000,2.00000,2.00000,-5.11839,-5.12609,0.00000,0.00000
0.8900,89,240,0,0,0.00972,0.01034,0.02362,0.02670,0.70110,0.70254,0.70010,0.69960,0.00000,0.00000,2.00000,2.00000,-5.10805,-5.11087,0.00000,0.00000
0.9000,90,240,0,0,0.01002,0.01028,0.02509,0.02642,0.69920,0.70015,0.69914,0.70086,0.00000,0.00000,2.00000,2.00000,-5.10029,-5.09584,0.00000,0.00000
0.9100,91,240,0,0,0.01001,0.01033,0.02503,0.02663,0.69880,0.69918,0.70066,0.70096,0.00000,0.00000,2.00000,2.00000,-5.10190,-5.09557,0.00000,0.00000
0.9200,92,240,0,0,0.00957,0.01074,0.02284,0.02868,0.69912,0.70036,0.70018,0.69839,0.00000,0.00000,2.00000,2.00000,-5.08657,-5.10148,0.00000,0.00000
0.9300,93,240,0,0,0.00974,0.01054,0.02370,0.02768,0.69903,0.70123,0.69850,0.69868,0.00000,0.00000,2.00000,2.00000,-5.06933,-5.10037,0.00000,0.00000
0.9400,94,240,0,0,0.00985,0.01039,0.02425,0.02697,0.69691,0.70122,0.69902,0.69701,0.00000,0.00000,2.00000,2.00000,-5.07361,-5.08141,0.00000,0.00000
0.9500,95,240,0,0,0.01006,0.01074,0.02529,0.02868,0.69637,0.70385,0.69957,0.69765,0.00000,0.00000,2.00000,2.00000,-5.05466,-5.06737,0.00000,0.00000
0.9600,96,240,0,0,0.01023,0.01056,0.02613,0.02781,0.69978,0.70162,0.70122,0.69707,0.00000,0.00000,2.00000,2.00000,-5.03676,-5.06042,0.00000,0.00000
0.9700,97,240,0,0,0.00998,0.01068,0.02488,0.02838,0.70025,0.70079,0.70153,0.69850,0.00000,0.00000,2.00000,2.00000,-5.02634,-5.04418,0.00000,0.00000
0.9800,98,240,0,0,0.01009,0.01028,0.02547,0.02638,0.70084,0.70059,0.70187,0.69671,0.00000,0.00000,2.00000,2.00000,-5.01581,-5.04225,0.00000,0.00000
0.9900,99,240,0,0,0.00985,0.01027,0.02424,0.02636,0.70126,0.70189,0.70188,0.69763,0.00000,0.00000,2.00000,2.00000,-5.00744,-5.04313,0.00000,0.00000
1.0000,100,240,0,0,0.01018,0.00994,0.02592,0.02472,0.70263,0.70269,0.70106,0.69922,0.00000,0.00000,2.00000,2.00000,-4.99477,-5.04086,0.00000,0.00000
1.0100,101,240,0,0,0.01027,0.00984,0.02636,0.02419,0.70457,0.70231,0.69959,0.70092,0.00000,0.00000,2.00000,2.00000,-4.98728,-5.04297,0.00000,0.00000
1.0200,102,240,0,0,0.01030,0.01018,0.02650,0.02588,0.70307,0.70297,0.70018,0.69942,0.00000,0.00000,2.00000,2.00000,-4.97683,-5.04661,0.00000,0.00000
1.0300,103,240,0,0,0.01014,0.01023,0.02570,0.02613,0.70541,0.70140,0.69958,0.69961,0.00000,0.00000,2.00000,2.00000,-4.98942,-5.03469,0.00000,0.00000
1.0400,104,240,0,0,0.00975,0.01020,0.02376,0.02602,0.70487,0.70142,0.70247,0.70002,0.00000,0.00000,2.00000,2.00000,-4.99098,-5.03872,0.00000,0.00000
1.0500,105,240,0,0,0.01003,0.01009,0.02514,0.02547,0.70260,0.70328,0.70400,0.70255,0.00000,0.00000,2.00000,2.00000,-4.99198,-5.03594,0.00000,0.00000
1.0600,106,240,0,0,0.01036,0.01013,0.02679,0.02565,0.70395,0.70388,0.70394,0.69942,0.00000,0.00000,2.00000,2.00000,-4.99616,-5.02737,0.00000,0.00000
1.0700,107,240,0,0,0.01047,0.01027,0.02733,0.02635,0.70405,0.70295,0.70349,0.69808,0.00000,0.00000,2.00000,2.00000,-4.98294,-5.01903,0.00000,0.00000
1.0800,108,240,0,0,0.01013,0.01052,0.02563,0.02760,0.70087,0.69976,0.70239,0.70321,0.00000,0.00000,2.00000,2.00000,-4.97380,-5.03166,0.00000,0.00000
1.0900,109,240,0,0,0.01002,0.00991,0.02508,0.02456,0.69892,0.70080,0.69966,0.70189,0.00000,0.00000,2.00000,2.00000,-4.96556,-5.02697,0.00000,0.00000
1.1000,110,240,0,0,0.01053,0.00986,0.02767,0.02432,0.69866,0.70235,0.69940,0.69826,0.00000,0.00000,2.00000,2.00000,-4.96265,-5.03395,0.00000,0.00000
1.1100,111,240,0,0,0.01046,0.01005,0.02730,0.02523,0.69958,0.70099,0.69973,0.69778,0.00000,0.00000,2.00000,2.00000,-4.96976,-5.04997,0.00000,0.00000
1.1200,112,240,0,0,0.01018,0.01012,0.02589,0.02560,0.70048,0.70135,0.70018,0.69384,0.00000,0.00000,2.00000,2.00000,-4.98239,-5.05266,0.00000,0.00000
1.1300,113,240,0,0,0.01056,0.01029,0.02780,0.02643,0.69740,0.70145,0.70090,0.69592,0.00000,0.00000,2.00000,2.00000,-4.98116,-5.05871,0.00000,0.00000
1.1400,114,240,0,0,0.01073,0.01038,0.02865,0.02688,0.69957,0.70353,0.70217,0.69837,0.00000,0.00000,2.00000,2.00000,-4.97927,-5.06857,0.00000,0.00000
1.1500,115,240,0,0,0.01043,0.01032,0.02717,0.02658,0.70013,0.70361,0.70044,0.69732,0.00000,0.00000,2.00000,2.00000,-4.98800,-5.06484,0.00000,0.00000
1.1600,116,240,0,0,0.01031,0.01022,0.02657,0.02612,0.69851,0.70281,0.69920,0.69728,0.00000,0.00000,2.00000,2.00000,-4.99584,-5.06750,0.00000,0.00000
1.1700,117,240,0,0,0.01054,0.01022,0.02770,0.02609,0.69662,0.70184,0.70180,0.69954,0.00000,0.00000,2.00000,2.00000,-4.99607,-5.07478,0.00000,0.00000
1.1800,118,240,0,0,0.01051,0.01052,0.02754,0.02760,0.69777,0.70347,0.70257,0.69679,0.00000,0.00000,2.00000,2.00000,-4.99018,-5.07221,0.00000,0.00000
1.1900,119,240,0,0,0.01043,0.01033,0.02713,0.02663,0.69768,0.70307,0.70123,0.69550,0.00000,0.00000,2.00000,2.00000,-4.97403,-5.07282,0.00000,0.00000
1.2000,120,240,0,0,0.01014,0.01033,0.02568,0.02666,0.69940,0.70165,0.70071,0.69636,0.00000,0.00000,2.00000,2.00000,-4.96068,-5.07124,0.00000,0.00000
1.2100,121,240,0,0,0.01016,0.01039,0.02580,0.02696,0.70176,0.70152,0.70035,0.69612,0.00000,0.00000,2.00000,2.00000,-4.95885,-5.06682,0.00000,0.00000
1.2200,122,240,0,0,0.00988,0.01074,0.02439,0.02868,0.70053,0.70157,0.70031,0.69670,0.00000,0.00000,2.00000,2.00000,-4.96402,-5.05726,0.00000,0.00000
1.2300,123,240,0,0,0.00982,0.01058,0.02412,0.02789,0.69923,0.70137,0.70100,0.69553,0.00000,0.00000,2.00000,2.00000,-4.96784,-5.05387,0.00000,0.00000
1.2400,124,240,0,0,0.01031,0.01074,0.02654,0.02870,0.70026,0.70023,0.70489,0.69710,0.00000,0.00000,2.00000,2.00000,-4.98681,-5.05462,0.00000,0.00000
1.2500,125,240,0,0,0.00979,0.01092,0.02394,0.02958,0.70178,0.70141,0.70386,0.69765,0.00000,0.00000,2.00000,2.00000,-5.00179,-5.05805,0.00000,0.00000
1.2600,126,240,0,0,0.01003,0.01076,0.02514,0.02880,0.69948,0.70356,0.70389,0.69920,0.00000,0.00000,2.00000,2.00000,-5.01843,-5.05433,0.00000,0.00000
1.2700,127,240,0,0,0.00988,0.01062,0.02440,0.02808,0.70261,0.70216,0.70006,0.69975,0.00000,0.00000,2.00000,2.00000,-5.02728,-5.05750,0.00000,0.00000
1.2800,128,240,0,0,0.00993,0.01048,0.02467,0.02742,0.70140,0.69974,0.69925,0.70015,0.00000,0.00000,2.00000,2.00000,-5.03335,-5.06587,0.00000,0.00000
1.2900,129,240,0,0,0.01005,0.01041,0.02523,0.02703,0.69863,0.69582,0.70147,0.69774,0.00000,0.00000,2.00000,2.00000,-5.03831,-5.07122,0.00000,0.00000
1.3000,130,240,0,0,0.01019,0.01059,0.02597,0.02796,0.69998,0.69835,0.70173,0.69917,0.00000,0.00000,2.00000,2.00000,-5.02649,-5.05174,0.00000,0.00000
1.3100,131,240,0,0,0.01043,0.01059,0.02714,0.02795,0.70071,0.69675,0.69405,0.69885,0.00000,0.00000,2.00000,2.00000,-5.01854,-5.04605,0.00000,0.00000
1.3200,132,240,0,0,0.01029,0.01059,0.02644,0.02795,0.69854,0.69710,0.69678,0.69889,0.00000,0.00000,2.00000,2.00000,-5.01791,-5.03069,0.00000,0.00000
1.3300,133,240,0,0,0.01021,0.01029,0.02606,0.02645,0.70237,0.69741,0.70081,0.70092,0.00000,0.00000,2.00000,2.00000,-5.01526,-5.02467,0.00000,0.00000
1.3400,134,240,0,0,0.01027,0.01011,0.02635,0.02554,0.70125,0.69887,0.69731,0.69948,0.00000,0.00000,2.00000,2.00000,-5.01814,-5.01740,0.00000,0.00000
1.3500,135,240,0,0,0.01063,0.01066,0.02814,0.02829,0.69991,0.69776,0.70054,0.70184,0.00000,0.00000,2.00000,2.00000,-5.03532,-5.02459,0.00000,0.00000
1.3600,136,240,0,0,0.01043,0.01055,0.02716,0.02774,0.69953,0.69609,0.69584,0.70371,0.00000,0.00000,2.00000,2.00000,-5.04448,-5.02180,0.00000,0.00000
1.3700,137,240,0,0,0.01032,0.01034,0.02662,0.02669,0.69788,0.69813,0.69852,0.70393,0.00000,0.00000,2.00000,2.00000,-5.04625,-5.01970,0.00000,0.00000
1.3800,138,240,0,0,0.01049,0.01067,0.02745,0.02834,0.69750,0.69903,0.69891,0.70125,0.00000,0.00000,2.00000,2.00000,-5.04130,-5.01877,0.00000,0.00000
1.3900,139,240,0,0,0.01074,0.01066,0.02872,0.02828,0.69668,0.69906,0.69535,0.69731,0.00000,0.00000,2.00000,2.00000,-5.04398,-5.01762,0.00000,0.00000
1.4000,140,240,0,0,0.01085,0.01071,0.02927,0.02857,0.69618,0.69926,0.69736,0.69982,0.00000,0.00000,2.00000,2.00000,-5.05553,-5.03325,0.00000,0.00000
1.4100,141,240,0,0,0.01074,0.01060,0.02870,0.02799,0.69707,0.69812,0.69997,0.70005,0.00000,0.00000,2.00000,2.00000,-5.04766,-5.03694,0.00000,0.00000
1.4200,142,240,0,0,0.01066,0.01047,0.02831,0.02737,0.69922,0.69745,0.70058,0.69881,0.00000,0.00000,2.00000,2.00000,-5.05428,-5.05506,0.00000,0.00000
1.4300,143,240,0,0,0.01065,0.01042,0.02824,0.02708,0.69996,0.69879,0.70138,0.70107,0.00000,0.00000,2.00000,2.00000,-5.04108,-5.06309,0.00000,0.00000
1.4400,144,240,0,0,0.01062,0.01011,0.02809,0.02554,0.70302,0.70015,0.70033,0.69936,0.00000,0.00000,2.00000,2.00000,-5.03011,-5.06900,0.00000,0.00000
1.4500,145,240,0,0,0.01056,0.01017,0.02780,0.02585,0.70094,0.69882,0.69718,0.69884,0.00000,0.00000,2.00000,2.00000,-5.03455,-5.07448,0.00000,0.00000
1.4600,146,240,0,0,0.01071,0.01030,0.02853,0.02649,0.70201,0.70147,0.69909,0.70002,0.00000,0.00000,2.00000,2.00000,-5.04723,-5.07915,0.00000,0.00000
1.4700,147,240,0,0,0.01103,0.01073,0.03014,0.02865,0.70394,0.70101,0.70221,0.69818,0.00000,0.00000,2.00000,2.00000,-5.04487,-5.10324,0.00000,0.00000
1.4800,148,240,0,0,0.01084,0.01066,0.02919,0.02830,0.70318,0.70070,0.70346,0.69850,0.00000,0.00000,2.00000,2.00000,-5.05342,-5.11308,0.00000,0.00000
1.4900,149,240,0,0,0.01066,0.01008,0.02829,0.02538,0.70258,0.70025,0.69925,0.70070,0.00000,0.00000,2.00000,2.00000,-5.04944,-5.12342,0.00000,0.00000
1.5000,150,240,0,0,0.01064,0.01014,0.02818,0.02572,0.70362,0.70050,0.69697,0.70086,0.00000,0.00000,2.00000,2.00000,-5.04642,-5.12615,0.00000,0.00000
1.5100,151,240,0,0,0.01065,0.01081,0.02823,0.02907,0.70364,0.70130,0.69641,0.70267,0.00000,0.00000,2.00000,2.00000,-5.04732,-5.11940,0.00000,0.00000
1.5200,152,240,0,0,0.01075,0.01089,0.02874,0.02945,0.70083,0.70366,0.69477,0.70380,0.00000,0.00000,2.00000,2.00000,-5.05032,-5.10227,0.00000,0.00000
1.5300,153,240,0,0,0.01073,0.01058,0.02865,0.02789,0.70250,0.70253,0.69628,0.70277,0.00000,0.00000,2.00000,2.00000,-5.04009,-5.10164,0.00000,0.00000
1.5400,154,240,0,0,0.01083,0.01066,0.02914,0.02830,0.70309,0.70191,0.69794,0.69818,0.00000,0.00000,2.00000,2.00000,-5.03391,-5.09205,0.00000,0.00000
1.5500,155,240,0,0,0.01042,0.01043,0.02711,0.02713,0.70221,0.69984,0.69616,0.69686,0.00000,0.00000,2.00000,2.00000,-5.03412,-5.09384,0.00000,0.00000
1.5600,156,240,0,0,0.01044,0.01012,0.02719,0.02561,0.70069,0.69873,0.69849,0.69897,0.00000,0.00000,2.00000,2.00000,-5.02615,-5.07346,0.00000,0.00000
1.5700,157,240,0,0,0.01063,0.01012,0.02814,0.02561,0.70183,0.70274,0.69989,0.69671,0.00000,0.00000,2.00000,2.00000,-5.03208,-5.05372,0.00000,0.00000
1.5800,158,240,0,0,0.01080,0.01022,0.02900,0.02609,0.70288,0.69980,0.69902,0.69707,0.00000,0.00000,2.00000,2.00000,-5.01909,-5.05378,0.00000,0.00000
1.5900,159,240,0,0,0.01069,0.00986,0.02847,0.02429,0.70255,0.69833,0.69900,0.69843,0.00000,0.00000,2.00000,2.00000,-5.00124,-5.04857,0.00000,0.00000
1.6000,160,240,0,0,0.01076,0.00975,0.02881,0.02377,0.69947,0.70075,0.69607,0.70127,0.00000,0.00000,2.00000,2.00000,-5.00090,-5.04833,0.00000,0.00000
1.6100,161,240,0,0,0.01090,0.00993,0.02949,0.02467,0.69766,0.70090,0.69660,0.69998,0.00000,0.00000,2.00000,2.00000,-5.00592,-5.05688,0.00000,0.00000
1.6200,162,240,0,0,0.01116,0.00997,0.03082,0.02486,0.69797,0.70197,0.69754,0.69893,0.00000,0.00000,2.00000,2.00000,-4.99893,-5.05681,0.00000,0.00000
1.6300,163,240,0,0,0.01082,0.01018,0.02911,0.02588,0.70008,0.70185,0.69849,0.69914,0.00000,0.00000,2.00000,2.00000,-4.98653,-5.06561,0.00000,0.00000
1.6400,164,240,0,0,0.01086,0.00997,0.02930,0.02485,0.69930,0.69984,0.69953,0.69995,0.00000,0.00000,2.00000,2.00000,-4.98467,-5.07460,0.00000,0.00000
1.6500,165,240,0,0,0.01059,0.01024,0.02797,0.02622,0.69653,0.69816,0.70006,0.69971,0.00000,0.00000,2.00000,2.00000,-4.97262,-5.06457,0.00000,0.00000
1.6600,166,240,0,0,0.01057,0.01003,0.02785,0.02514,0.69929,0.69791,0.69961,0.70151,0.00000,0.00000,2.00000,2.00000,-4.96726,-5.06364,0.00000,0.00000
1.6700,167,240,0,0,0.01063,0.01049,0.02816,0.02745,0.69916,0.70079,0.70019,0.69979,0.00000,0.00000,2.00000,2.00000,-4.97829,-5.06454,0.00000,0.00000
1.6800,168,240,0,0,0.01042,0.01009,0.02711,0.02545,0.70045,0.70294,0.70178,0.70004,0.00000,0.00000,2.00000,2.00000,-4.98822,-5.06626,0.00000,0.00000
1.6900,169,240,0,0,0.01049,0.00994,0.02747,0.02468,0.69810,0.70063,0.70114,0.70076,0.00000,0.00000,2.00000,2.00000,-4.98956,-5.06156,0.00000,0.00000
1.7000,170,240,0,0,0.01056,0.01015,0.02778,0.02577,0.69731,0.70050,0.70135,0.69990,0.00000,0.00000,2.00000,2.00000,-4.98793,-5.05089,0.00000,0.00000
1.7100,171,240,0,0,0.01031,0.01059,0.02655,0.02793,0.69788,0.70141,0.70067,0.70130,0.00000,0.00000,2.00000,2.00000,-4.97967,-5.04666,0.00000,0.00000
1.7200,172,240,0,0,0.01034,0.01060,0.02669,0.02802,0.70058,0.70021,0.69943,0.70119,0.00000,0.00000,2.00000,2.00000,-4.98565,-5.04002,0.00000,0.00000
1.7300,173,240,0,0,0.01028,0.01067,0.02638,0.02836,0.70163,0.69969,0.70044,0.70216,0.00000,0.00000,2.00000,2.00000,-4.98567,-5.03896,0.00000,0.00000
1.7400,174,240,0,0,0.01015,0.01060,0.02575,0.02800,0.70252,0.70080,0.69941,0.70189,0.00000,0.00000,2.00000,2.00000,-4.97894,-5.04216,0.00000,0.00000
1.7500,175,240,0,0,0.00998,0.01032,0.02488,0.02661,0.70066,0.69860,0.70021,0.70199,0.00000,0.00000,2.00000,2.00000,-4.98387,-5.04854,0.00000,0.00000
1.7600,176,240,0,0,0.01033,0.01024,0.02665,0.02618,0.70207,0.69943,0.70020,0.70041,0.00000,0.00000,2.00000,2.00000,-4.98717,-5.05650,0.00000,0.00000
1.7700,177,240,0,0,0.01068,0.01001,0.02840,0.02507,0.70299,0.69835,0.69964,0.69926,0.00000,0.00000,2.00000,2.00000,-4.98881,-5.04280,0.00000,0.00000
1.7800,178,240,0,0,0.01075,0.00984,0.02876,0.02420,0.70297,0.70080,0.69920,0.70147,0.00000,0.00000,2.00000,2.00000,-4.98680,-5.02370,0.00000,0.00000
1.7900,179,240,0,0,0.01019,0.01008,0.02596,0.02541,0.70235,0.70188,0.69859,0.70211,0.00000,0.00000,2.00000,2.00000,-5.00492,-5.01555,0.00000,0.00000
1.8000,180,240,0,0,0.01056,0.00992,0.02781,0.02461,0.70070,0.70183,0.69627,0.69985,0.00000,0.00000,2.00000,2.00000,-5.01184,-5.00657,0.00000,0.00000
1.8100,181,240,0,0,0.01024,0.01012,0.02618,0.02562,0.69705,0.70130,0.69792,0.70019,0.00000,0.00000,2.00000,2.00000,-5.02721,-5.00491,0.00000,0.00000
1.8200,182,240,0,0,0.01029,0.00991,0.02645,0.02457,0.69588,0.70040,0.69887,0.69624,0.00000,0.00000,2.00000,2.00000,-5.04370,-5.01020,0.00000,0.00000
1.8300,183,240,0,0,0.01035,0.01011,0.02673,0.02556,0.69555,0.69950,0.70057,0.69633,0.00000,0.00000,2.00000,2.00000,-5.04379,-5.00614,0.00000,0.00000
1.8400,184,240,0,0,0.01053,0.01008,0.02763,0.02542,0.69550,0.70165,0.69954,0.69891,0.00000,0.00000,2.00000,2.00000,-5.04900,-4.99385,0.00000,0.00000
1.8500,185,240,0,0,0.01007,0.01048,0.02536,0.02739,0.69627,0.70214,0.70278,0.69900,0.00000,0.00000,2.00000,2.00000,-5.04826,-4.99344,0.00000,0.00000
1.8600,186,240,0,0,0.01024,0.01053,0.02618,0.02764,0.69740,0.70223,0.70140,0.69947,0.00000,0.00000,2.00000,2.00000,-5.06261,-4.99721,0.00000,0.00000
1.8700,187,240,0,0,0.01041,0.01076,0.02704,0.02882,0.69891,0.69969,0.69958,0.69466,0.00000,0.00000,2.00000,2.00000,-5.06655,-4.99075,0.00000,0.00000
1.8800,188,240,0,0,0.01030,0.01050,0.02649,0.02749,0.69908,0.69952,0.69806,0.69548,0.00000,0.00000,2.00000,2.00000,-5.06771,-4.98669,0.00000,0.00000
1.8900,189,240,0,0,0.01022,0.01048,0.02610,0.02742,0.69767,0.70150,0.69574,0.69727,0.00000,0.00000,2.00000,2.00000,-5.07700,-4.98733,0.00000,0.00000
1.9000,190,240,0,0,0.01052,0.01025,0.02760,0.02623,0.69768,0.70281,0.69943,0.69878,0.00000,0.00000,2.00000,2.00000,-5.07678,-4.99130,0.00000,0.00000
1.9100,191,240,0,0,0.01049,0.01020,0.02743,0.02599,0.69643,0.69937,0.70184,0.70070,0.00000,0.00000,2.00000,2.00000,-5.07266,-4.99598,0.00000,0.00000
1.9200,192,240,0,0,0.01005,0.01020,0.02524,0.02598,0.69815,0.69820,0.70232,0.70016,0.00000,0.00000,2.00000,2.00000,-5.06144,-5.00164,0.00000,0.00000
1.9300,193,240,0,0,0.01002,0.01009,0.02511,0.02546,0.70130,0.69784,0.70021,0.69984,0.00000,0.00000,2.00000,2.00000,-5.04136,-5.00020,0.00000,0.00000
1.9400,194,240,0,0,0.01025,0.00991,0.02623,0.02455,0.70029,0.69757,0.70313,0.69770,0.00000,0.00000,2.00000,2.00000,-5.02852,-5.00179,0.00000,0.00000
1.9500,195,240,0,0,0.01069,0.00973,0.02846,0.02367,0.69896,0.69815,0.70170,0.69799,0.00000,0.00000,2.00000,2.00000,-5.02836,-4.99979,0.00000,0.00000
1.9600,196,240,0,0,0.01068,0.00940,0.02838,0.02202,0.70252,0.70201,0.70079,0.69647,0.00000,0.00000,2.00000,2.00000,-5.01600,-4.99410,0.00000,0.00000
1.9700,197,240,0,0,0.01099,0.00945,0.02993,0.02223,0.70126,0.70193,0.70293,0.69440,0.00000,0.00000,2.00000,2.00000,-5.00503,-4.99838,0.00000,0.00000
1.9800,198,240,0,0,0.01061,0.00984,0.02807,0.02422,0.69884,0.70196,0.70321,0.69415,0.00000,0.00000,2.00000,2.00000,-5.00180,-5.00640,0.00000,0.00000
1.9900,199,240,0,0,0.01031,0.00965,0.02655,0.02323,0.70053,0.69919,0.70595,0.69823,0.00000,0.00000,2.00000,2.00000,-4.99837,-5.00742,0.00000,0.00000
2.0000,200,240,0,0,0.01015,0.00955,0.02576,0.02277,0.69795,0.69848,0.70473,0.69827,0.00000,0.00000,2.00000,2.00000,-4.99469,-5.00612,0.00000,0.00000
2.0100,201,240,0,0,0.01022,0.01018,0.02608,0.02589,0.69888,0.70085,0.70278,0.69911,0.00000,0.00000,2.00000,2.00000,-4.98800,-5.01596,0.00000,0.00000
2.0200,202,240,0,0,0.01050,0.01010,0.02749,0.02549,0.69733,0.69792,0.70102,0.69851,0.00000,0.00000,2.00000,2.00000,-4.98577,-5.03668,0.00000,0.00000
2.0300,203,240,0,0,0.01043,0.01025,0.02715,0.02626,0.69656,0.69571,0.69770,0.69597,0.00000,0.00000,2.00000,2.00000,-4.97989,-5.03147,0.00000,0.00000
2.0400,204,240,0,0,0.01073,0.01043,0.02866,0.02716,0.69615,0.69688,0.69787,0.69861,0.00000,0.00000,2.00000,2.00000,-4.98595,-5.02629,0.00000,0.00000
2.0500,205,240,0,0,0.01058,0.01057,0.02790,0.02784,0.69547,0.69701,0.70034,0.69543,0.00000,0.00000,2.00000,2.00000,-4.98897,-5.04040,0.00000,0.00000
2.0600,206,240,0,0,0.01056,0.01019,0.02780,0.02595,0.69611,0.69957,0.70123,0.69577,0.00000,0.00000,2.00000,2.00000,-4.99501,-5.04082,0.00000,0.00000
2.0700,207,240,0,0,0.01061,0.01020,0.02803,0.02598,0.69794,0.69942,0.70093,0.69684,0.00000,0.00000,2.00000,2.00000,-5.00604,-5.03435,0.00000,0.00000
2.0800,208,240,0,0,0.01082,0.00990,0.02912,0.02449,0.69870,0.69941,0.69904,0.69808,0.00000,0.00000,2.00000,2.00000,-5.01236,-5.03548,0.00000,0.00000
2.0900,209,240,0,0,0.01026,0.01057,0.02631,0.02786,0.70041,0.69443,0.69967,0.69741,0.00000,0.00000,2.00000,2.00000,-5.03104,-5.04230,0.00000,0.00000
2.1000,210,240,0,0,0.01042,0.01017,0.02712,0.02587,0.70012,0.69530,0.70143,0.69510,0.00000,0.00000,2.00000,2.00000,-5.04009,-5.03801,0.00000,0.00000
2.1100,211,240,0,0,0.01059,0.01001,0.02793,0.02504,0.69950,0.69640,0.70174,0.69513,0.00000,0.00000,2.00000,2.00000,-5.04310,-5.04183,0.00000,0.00000
2.1200,212,240,0,0,0.01042,0.00989,0.02709,0.02443,0.69746,0.70060,0.70154,0.69523,0.00000,0.00000,2.00000,2.00000,-5.04815,-5.04029,0.00000,0.00000
2.1300,213,240,0,0,0.01088,0.00970,0.02939,0.02350,0.69796,0.69925,0.69981,0.69527,0.00000,0.00000,2.00000,2.00000,-5.06096,-5.02537,0.00000,0.00000
2.1400,214,240,0,0,0.01059,0.01019,0.02794,0.02594,0.69937,0.70183,0.70129,0.69816,0.00000,0.00000,2.00000,2.00000,-5.07385,-5.00809,0.00000,0.00000
2.1500,215,240,0,0,0.01045,0.01078,0.02727,0.02888,0.70319,0.70207,0.69579,0.69667,0.00000,0.00000,2.00000,2.00000,-5.06915,-4.99309,0.00000,0.00000
2.1600,216,240,0,0,0.01031,0.01057,0.02657,0.02785,0.70386,0.69971,0.69757,0.69807,0.00000,0.00000,2.00000,2.00000,-5.07059,-4.97199,0.00000,0.00000
2.1700,217,240,0,0,0.01026,0.01023,0.02630,0.02617,0.70240,0.69830,0.70246,0.69886,0.00000,0.00000,2.00000,2.00000,-5.05814,-4.95894,0.00000,0.00000
2.1800,218,240,0,0,0.01075,0.00979,0.02877,0.02395,0.69909,0.69651,0.69931,0.70075,0.00000,0.00000,2.00000,2.00000,-5.07215,-4.94447,0.00000,0.00000
2.1900,219,240,0,0,0.01061,0.00990,0.02803,0.02451,0.69696,0.69970,0.69910,0.70033,0.00000,0.00000,2.00000,2.00000,-5.07510,-4.94001,0.00000,0.00000
2.2000,220,240,0,0,0.01068,0.00997,0.02842,0.02485,0.70135,0.70198,0.69933,0.70154,0.00000,0.00000,2.00000,2.00000,-5.07099,-4.93522,0.00000,0.00000
2.2100,221,240,0,0,0.01101,0.00994,0.03005,0.02472,0.70272,0.69994,0.69876,0.70083,0.00000,0.00000,2.00000,2.00000,-5.08013,-4.93528,0.00000,0.00000
2.2200,222,240,0,0,0.01080,0.01012,0.02902,0.02559,0.69952,0.69863,0.70080,0.70132,0.00000,0.00000,2.00000,2.00000,-5.08034,-4.93050,0.00000,0.00000
2.2300,223,240,0,0,0.01089,0.01028,0.02945,0.02641,0.69916,0.69774,0.70136,0.69849,0.00000,0.00000,2.00000,2.00000,-5.08344,-4.93004,0.00000,0.00000
2.2400,224,240,0,0,0.01092,0.01038,0.02959,0.02692,0.69819,0.70160,0.70124,0.69457,0.00000,0.00000,2.00000,2.00000,-5.08007,-4.92759,0.00000,0.00000
2.2500,225,240,0,0,0.01076,0.01032,0.02879,0.02660,0.69636,0.70129,0.70221,0.69668,0.00000,0.00000,2.00000,2.00000,-5.07327,-4.92997,0.00000,0.00000
2.2600,226,240,0,0,0.01054,0.01010,0.02771,0.02550,0.69922,0.70080,0.70163,0.69829,0.00000,0.00000,2.00000,2.00000,-5.05296,-4.93128,0.00000,0.00000
2.2700,227,240,0,0,0.01053,0.01033,0.02765,0.02664,0.69773,0.69855,0.70641,0.69954,0.00000,0.00000,2.00000,2.00000,-5.05464,-4.92445,0.00000,0.00000
2.2800,228,240,0,0,0.01087,0.01035,0.02933,0.02675,0.69754,0.69845,0.70490,0.69881,0.00000,0.00000,2.00000,2.00000,-5.04851,-4.91208,0.00000,0.00000
2.2900,229,240,0,0,0.01073,0.01056,0.02864,0.02779,0.69661,0.69799,0.70388,0.70158,0.00000,0.00000,2.00000,2.00000,-5.03214,-4.89927,0.00000,0.00000
2.3000,230,240,0,0,0.01086,0.01069,0.02928,0.02844,0.69804,0.69885,0.70001,0.70039,0.00000,0.00000,2.00000,2.00000,-5.03477,-4.88720,0.00000,0.00000
2.3100,231,240,0,0,0.01039,0.01030,0.02695,0.02649,0.70057,0.69851,0.69911,0.70098,0.00000,0.00000,2.00000,2.00000,-5.04456,-4.89438,0.00000,0.00000
2.3200,232,240,0,0,0.01032,0.01001,0.02662,0.02506,0.69982,0.69900,0.70124,0.70169,0.00000,0.00000,2.00000,2.00000,-5.03778,-4.90057,0.00000,0.00000
2.3300,233,240,0,0,0.01011,0.00995,0.02557,0.02476,0.70048,0.69913,0.69871,0.70405,0.00000,0.00000,2.00000,2.00000,-5.05075,-4.90447,0.00000,0.00000
2.3400,234,240,0,0,0.01014,0.00984,0.02568,0.02422,0.70231,0.70046,0.69552,0.70242,0.00000,0.00000,2.00000,2.00000,-5.04460,-4.90593,0.00000,0.00000
2.3500,235,240,0,0,0.01044,0.01016,0.02719,0.02581,0.70202,0.70075,0.69680,0.70068,0.00000,0.00000,2.00000,2.00000,-5.05156,-4.89233,0.00000,0.00000
2.3600,236,240,0,0,0.00998,0.01030,0.02492,0.02652,0.70070,0.69864,0.69993,0.69804,0.00000,0.00000,2.00000,2.00000,-5.04948,-4.90126,0.00000,0.00000
2.3700,237,240,0,0,0.01024,0.01057,0.02622,0.02785,0.70193,0.69747,0.70002,0.70112,0.00000,0.00000,2.00000,2.00000,-5.04199,-4.90922,0.00000,0.00000
2.3800,238,240,0,0,0.01040,0.01061,0.02699,0.02805,0.70126,0.69967,0.69946,0.70151,0.00000,0.00000,2.00000,2.00000,-5.03370,-4.92142,0.00000,0.00000
2.3900,239,240,0,0,0.01034,0.01060,0.02671,0.02799,0.70316,0.70233,0.69655,0.70184,0.00000,0.00000,2.00000,2.00000,-5.03269,-4.93396,0.00000,0.00000
2.4000,240,240,0,0,0.01030,0.01081,0.02649,0.02904,0.70197,0.70423,0.69824,0.70646,0.00000,0.00000,2.00000,2.00000,-5.02448,-4.94320,0.00000,0.00000
2.4100,241,240,0,0,0.01046,0.01080,0.02730,0.02899,0.70216,0.70340,0.69981,0.70522,0.00000,0.00000,2.00000,2.00000,-5.02460,-4.94536,0.00000,0.00000
2.4200,242,240,0,0,0.01060,0.01070,0.02801,0.02852,0.70057,0.70196,0.69693,0.70165,0.00000,0.00000,2.00000,2.00000,-5.01750,-4.94460,0.00000,0.00000
2.4300,243,240,0,0,0.01029,0.01095,0.02646,0.02973,0.70128,0.70083,0.69964,0.70088,0.00000,0.00000,2.00000,2.00000,-5.02535,-4.93638,0.00000,0.00000
2.4400,244,240,0,0,0.01003,0.01082,0.02516,0.02911,0.69712,0.69916,0.70099,0.69904,0.00000,0.00000,2.00000,2.00000,-5.01711,-4.94900,0.00000,0.00000
2.4500,245,240,0,0,0.01009,0.01064,0.02545,0.02820,0.69601,0.70055,0.70258,0.69865,0.00000,0.00000,2.00000,2.00000,-5.00999,-4.95816,0.00000,0.00000
2.4600,246,240,0,0,0.01029,0.01039,0.02645,0.02695,0.69718,0.70298,0.70283,0.69836,0.00000,0.00000,2.00000,2.00000,-4.99355,-4.94801,0.00000,0.00000
2.4700,247,240,0,0,0.01039,0.01055,0.02695,0.02773,0.69706,0.70368,0.70313,0.69784,0.00000,0.00000,2.00000,2.00000,-4.98274,-4.95151,0.00000,0.00000
2.4800,248,240,0,0,0.01038,0.01078,0.02688,0.02889,0.69824,0.70188,0.70313,0.69615,0.00000,0.00000,2.00000,2.00000,-4.96767,-4.95277,0.00000,0.00000
2.4900,249,240,0,0,0.01045,0.01066,0.02724,0.02832,0.69553,0.70169,0.70370,0.69982,0.00000,0.00000,2.00000,2.00000,-4.96854,-4.96363,0.00000,0.00000
2.5000,250,240,0,0,0.01061,0.01088,0.02806,0.02939,0.69669,0.70549,0.69970,0.70036,0.00000,0.00000,2.00000,2.00000,-4.95085,-4.97580,0.00000,0.00000
2.5100,251,240,0,0,0.01074,0.01032,0.02871,0.02658,0.69581,0.70563,0.69732,0.69989,0.00000,0.00000,2.00000,2.00000,-4.93913,-4.97164,0.00000,0.00000
2.5200,252,240,0,0,0.01102,0.01033,0.03012,0.02663,0.69944,0.70352,0.69684,0.70116,0.00000,0.00000,2.00000,2.00000,-4.94811,-4.98331,0.00000,0.00000
2.5300,253,240,0,0,0.01089,0.01034,0.02946,0.02669,0.69930,0.70262,0.69749,0.70162,0.00000,0.00000,2.00000,2.00000,-4.94134,-4.98212,0.00000,0.00000
2.5400,254,240,0,0,0.01077,0.01020,0.02885,0.02598,0.69888,0.70023,0.69882,0.70163,0.00000,0.00000,2.00000,2.00000,-4.92939,-4.98069,0.00000,0.00000
2.5500,255,240,0,0,0.01073,0.01077,0.02865,0.02887,0.69871,0.69906,0.69967,0.70231,0.00000,0.00000,2.00000,2.00000,-4.92293,-4.97148,0.00000,0.00000
2.5600,256,240,0,0,0.01032,0.01066,0.02662,0.02828,0.69911,0.69902,0.70160,0.70190,0.00000,0.00000,2.00000,2.00000,-4.89576,-4.97638,0.00000,0.00000
2.5700,257,240,0,0,0.01059,0.01050,0.02794,0.02749,0.69843,0.69947,0.70305,0.70248,0.00000,0.00000,2.00000,2.00000,-4.89335,-4.97755,0.00000,0.00000
2.5800,258,240,0,0,0.01036,0.01048,0.02679,0.02738,0.69803,0.69872,0.70078,0.70304,0.00000,0.00000,2.00000,2.00000,-4.88259,-4.96653,0.00000,0.00000
2.5900,259,240,0,0,0.01007,0.01002,0.02533,0.02508,0.69784,0.69788,0.70096,0.70247,0.00000,0.00000,2.00000,2.00000,-4.88928,-4.95577,0.00000,0.00000
2.6000,260,240,0,0,0.01036,0.00996,0.02680,0.02478,0.70056,0.70036,0.69930,0.70143,0.00000,0.00000,2.00000,2.00000,-4.89229,-4.94873,0.00000,0.00000
2.6100,261,240,0,0,0.01051,0.01029,0.02757,0.02646,0.70298,0.69854,0.69918,0.70356,0.00000,0.00000,2.00000,2.00000,-4.89594,-4.94902,0.00000,0.00000
2.6200,262,240,0,0,0.01046,0.01018,0.02730,0.02592,0.70200,0.69971,0.69994,0.70180,0.00000,0.00000,2.00000,2.00000,-4.90538,-4.94560,0.00000,0.00000
2.6300,263,240,0,0,0.01016,0.01006,0.02578,0.02531,0.69985,0.69910,0.69435,0.70195,0.00000,0.00000,2.00000,2.00000,-4.91358,-4.95192,0.00000,0.00000
2.6400,264,240,0,0,0.01038,0.01044,0.02691,0.02721,0.70016,0.70012,0.69986,0.70209,0.00000,0.00000,2.00000,2.00000,-4.90731,-4.95632,0.00000,0.00000
2.6500,265,240,0,0,0.01091,0.01072,0.02954,0.02862,0.69771,0.70136,0.70083,0.70052,0.00000,0.00000,2.00000,2.00000,-4.89936,-4.96031,0.00000,0.00000
2.6600,266,240,0,0,0.01026,0.01075,0.02628,0.02874,0.69956,0.70012,0.69962,0.69905,0.00000,0.00000,2.00000,2.00000,-4.90118,-4.94655,0.00000,0.00000
2.6700,267,240,0,0,0.01006,0.01055,0.02532,0.02777,0.70245,0.70118,0.70289,0.69873,0.00000,0.00000,2.00000,2.00000,-4.90184,-4.94560,0.00000,0.00000
2.6800,268,240,0,0,0.01016,0.01046,0.02580,0.02729,0.70036,0.70435,0.70153,0.69827,0.00000,0.00000,2.00000,2.00000,-4.92359,-4.94596,0.00000,0.00000
2.6900,269,240,0,0,0.01024,0.01027,0.02622,0.02633,0.70189,0.70399,0.70133,0.69635,0.00000,0.00000,2.00000,2.00000,-4.94104,-4.93602,0.00000,0.00000
2.7000,270,240,0,0,0.01023,0.01009,0.02615,0.02543,0.70150,0.70347,0.70016,0.69628,0.00000,0.00000,2.00000,2.00000,-4.94059,-4.92416,0.00000,0.00000
2.7100,271,240,0,0,0.01053,0.00994,0.02767,0.02471,0.69708,0.70158,0.70283,0.69773,0.00000,0.00000,2.00000,2.00000,-4.95440,-4.94451,0.00000,0.00000
2.7200,272,240,0,0,0.01038,0.00993,0.02692,0.02466,0.70035,0.70216,0.70189,0.70043,0.00000,0.00000,2.00000,2.00000,-4.95974,-4.95327,0.00000,0.00000
2.7300,273,240,0,0,0.01059,0.00983,0.02796,0.02417,0.69996,0.70182,0.70161,0.70123,0.00000,0.00000,2.00000,2.00000,-4.96606,-4.95524,0.00000,0.00000
2.7400,274,240,0,0,0.01079,0.00965,0.02896,0.02323,0.69782,0.69869,0.70315,0.69662,0.00000,0.00000,2.00000,2.00000,-4.97996,-4.95826,0.00000,0.00000
2.7500,275,240,0,0,0.01072,0.00990,0.02862,0.02450,0.69979,0.70072,0.70325,0.69860,0.00000,0.00000,2.00000,2.00000,-4.99746,-4.95579,0.00000,0.00000
2.7600,276,240,0,0,0.01071,0.01009,0.02856,0.02544,0.69830,0.70316,0.70227,0.69807,0.00000,0.00000,2.00000,2.00000,-4.99354,-4.94619,0.00000,0.00000
2.7700,277,240,0,0,0.01008,0.01055,0.02542,0.02773,0.69909,0.70047,0.70347,0.69934,0.00000,0.00000,2.00000,2.00000,-4.99109,-4.94086,0.00000,0.00000
2.7800,278,240,0,0,0.01017,0.01036,0.02585,0.02680,0.69745,0.70064,0.70669,0.69950,0.00000,0.00000,2.00000,2.00000,-4.99459,-4.92655,0.00000,0.00000
2.7900,279,240,0,0,0.00998,0.01044,0.02491,0.02718,0.69560,0.70196,0.70538,0.69932,0.00000,0.00000,2.00000,2.00000,-4.99812,-4.90747,0.00000,0.00000
2.8000,280,240,0,0,0.01015,0.01049,0.02576,0.02747,0.69875,0.70209,0.70410,0.69934,0.00000,0.00000,2.00000,2.00000,-4.99278,-4.89318,0.00000,0.00000
2.8100,281,240,0,0,0.01049,0.01041,0.02746,0.02707,0.69847,0.70028,0.70326,0.69948,0.00000,0.00000,2.00000,2.00000,-4.98805,-4.89298,0.00000,0.00000
2.8200,282,240,0,0,0.01052,0.01057,0.02760,0.02786,0.69704,0.69883,0.70452,0.70183,0.00000,0.00000,2.00000,2.00000,-4.98748,-4.88543,0.00000,0.00000
2.8300,283,240,0,0,0.01048,0.01070,0.02739,0.02848,0.69800,0.69929,0.70230,0.70130,0.00000,0.00000,2.00000,2.00000,-4.96682,-4.88826,0.00000,0.00000
2.8400,284,240,0,0,0.01082,0.01069,0.02912,0.02843,0.69880,0.70045,0.70121,0.70273,0.00000,0.00000,2.00000,2.00000,-4.96762,-4.87690,0.00000,0.00000
2.8500,285,240,0,0,0.01075,0.01055,0.02874,0.02776,0.70232,0.69908,0.69835,0.70352,0.00000,0.00000,2.00000,2.00000,-4.96326,-4.87358,0.00000,0.00000
2.8600,286,240,0,0,0.01063,0.01043,0.02817,0.02716,0.69881,0.70197,0.69686,0.70365,0.00000,0.00000,2.00000,2.00000,-4.96802,-4.89105,0.00000,0.00000
2.8700,287,240,0,0,0.01078,0.01012,0.02891,0.02562,0.69751,0.70365,0.69687,0.69972,0.00000,0.00000,2.00000,2.00000,-4.95705,-4.90558,0.00000,0.00000
2.8800,288,240,0,0,0.01061,0.01002,0.02806,0.02511,0.69604,0.70594,0.69763,0.70163,0.00000,0.00000,2.00000,2.00000,-4.95142,-4.92820,0.00000,0.00000
2.8900,289,240,0,0,0.01101,0.00999,0.03005,0.02495,0.69689,0.70362,0.70119,0.70043,0.00000,0.00000,2.00000,2.00000,-4.95791,-4.93905,0.00000,0.00000
2.9000,290,240,0,0,0.01077,0.00986,0.02883,0.02428,0.69571,0.70268,0.70174,0.70149,0.00000,0.00000,2.00000,2.00000,-4.95745,-4.94584,0.00000,0.00000
2.9100,291,240,0,0,0.01089,0.01010,0.02947,0.02551,0.69401,0.70214,0.69977,0.69948,0.00000,0.00000,2.00000,2.00000,-4.97053,-4.95047,0.00000,0.00000
2.9200,292,240,0,0,0.01058,0.01045,0.02791,0.02723,0.69672,0.70053,0.69864,0.69768,0.00000,0.00000,2.00000,2.00000,-4.97973,-4.93926,0.00000,0.00000
2.9300,293,240,0,0,0.01031,0.01023,0.02655,0.02617,0.69890,0.69849,0.70127,0.70156,0.00000,0.00000,2.00000,2.00000,-4.99574,-4.94611,0.00000,0.00000
2.9400,294,240,0,0,0.01059,0.01034,0.02796,0.02671,0.69866,0.69796,0.70277,0.69956,0.00000,0.00000,2.00000,2.00000,-4.99675,-4.96113,0.00000,0.00000
2.9500,295,240,0,0,0.01052,0.01013,0.02762,0.02565,0.70065,0.69996,0.70206,0.70156,0.00000,0.00000,2.00000,2.00000,-4.99129,-4.98075,0.00000,0.00000
2.9600,296,240,0,0,0.01043,0.01014,0.02716,0.02569,0.70218,0.69817,0.70077,0.70133,0.00000,0.00000,2.00000,2.00000,-4.99280,-4.99750,0.00000,0.00000
2.9700,297,240,0,0,0.01046,0.01006,0.02731,0.02529,0.70336,0.70093,0.70241,0.70028,0.00000,0.00000,2.00000,2.00000,-4.98892,-5.00168,0.00000,0.00000
2.9800,298,240,0,0,0.01010,0.01028,0.02548,0.02642,0.70223,0.69930,0.70012,0.70013,0.00000,0.00000,2.00000,2.00000,-4.97298,-5.00058,0.00000,0.00000
2.9900,299,240,0,0,0.01024,0.01017,0.02618,0.02583,0.70278,0.69879,0.70073,0.69795,0.00000,0.00000,2.00000,2.00000,-4.96465,-5.01024,0.00000,0.00000
3.0000,300,240,0,0,0.01006,0.01045,0.02529,0.02726,0.70234,0.69894,0.70426,0.69849,0.00000,0.00000,2.00000,2.00000,-4.96361,-5.00451,0.00000,0.00000
3.0100,301,240,0,0,0.01014,0.01038,0.02569,0.02692,0.70052,0.69806,0.70343,0.69713,0.00000,0.00000,2.00000,2.00000,-4.96767,-4.99831,0.00000,0.00000
3.0200,302,240,0,0,0.01037,0.01025,0.02687,0.02623,0.70226,0.69752,0.70122,0.69726,0.00000,0.00000,2.00000,2.00000,-4.96449,-4.99269,0.00000,0.00000
3.0300,303,240,0,0,0.01031,0.01001,0.02653,0.02507,0.70253,0.70025,0.70156,0.69953,0.00000,0.00000,2.00000,2.00000,-4.96951,-4.99537,0.00000,0.00000
3.0400,304,240,0,0,0.01072,0.01018,0.02860,0.02588,0.70193,0.69773,0.70036,0.70008,0.00000,0.00000,2.00000,2.00000,-4.96902,-4.99676,0.00000,0.00000
3.0500,305,240,0,0,0.01077,0.01043,0.02883,0.02716,0.70329,0.69925,0.69797,0.69762,0.00000,0.00000,2.00000,2.00000,-4.95912,-4.99492,0.00000,0.00000
3.0600,306,240,0,0,0.01055,0.01048,0.02776,0.02742,0.70368,0.69880,0.69968,0.69967,0.00000,0.00000,2.00000,2.00000,-4.95300,-4.98836,0.00000,0.00000
3.0700,307,240,0,0,0.01026,0.01095,0.02629,0.02976,0.69994,0.69895,0.70160,0.69975,0.00000,0.00000,2.00000,2.00000,-4.95083,-4.98281,0.00000,0.00000
3.0800,308,240,0,0,0.01012,0.01111,0.02561,0.03057,0.70299,0.69967,0.70065,0.69893,0.00000,0.00000,2.00000,2.00000,-4.96270,-4.97386,0.00000,0.00000
3.0900,309,240,0,0,0.01039,0.01085,0.02697,0.02925,0.70296,0.69739,0.69985,0.70045,0.00000,0.00000,2.00000,2.00000,-4.96773,-4.97633,0.00000,0.00000
3.1000,310,240,0,0,0.01046,0.01066,0.02732,0.02829,0.70060,0.69776,0.69831,0.70005,0.00000,0.00000,2.00000,2.00000,-4.96084,-4.97971,0.00000,0.00000
3.1100,311,240,0,0,0.01057,0.01069,0.02784,0.02845,0.70153,0.69934,0.69853,0.69812,0.00000,0.00000,2.00000,2.00000,-4.95795,-4.97352,0.00000,0.00000
3.1200,312,240,0,0,0.01055,0.01043,0.02774,0.02714,0.70314,0.70200,0.69801,0.70167,0.00000,0.00000,2.00000,2.00000,-4.95671,-4.97766,0.00000,0.00000
3.1300,313,240,0,0,0.01027,0.01068,0.02635,0.02838,0.70447,0.69989,0.69689,0.70119,0.00000,0.00000,2.00000,2.00000,-4.95486,-4.99248,0.00000,0.00000
3.1400,314,240,0,0,0.01063,0.01068,0.02814,0.02839,0.70318,0.69865,0.70085,0.70073,0.00000,0.00000,2.00000,2.00000,-4.95679,-5.00335,0.00000,0.00000
3.1500,315,240,0,0,0.01049,0.01066,0.02743,0.02829,0.70074,0.69846,0.70138,0.69986,0.00000,0.00000,2.00000,2.00000,-4.94441,-5.02084,0.00000,0.00000
3.1600,316,240,0,0,0.01056,0.01074,0.02781,0.02869,0.70181,0.69946,0.70195,0.70184,0.00000,0.00000,2.00000,2.00000,-4.94008,-5.03444,0.00000,0.00000
3.1700,317,240,0,0,0.01047,0.01102,0.02737,0.03012,0.69964,0.69784,0.70286,0.70047,0.00000,0.00000,2.00000,2.00000,-4.96143,-5.03749,0.00000,0.00000
3.1800,318,240,0,0,0.01050,0.01089,0.02751,0.02945,0.70293,0.69994,0.70335,0.69781,0.00000,0.00000,2.00000,2.00000,-4.96066,-5.05498,0.00000,0.00000
3.1900,319,240,0,0,0.01040,0.01073,0.02702,0.02866,0.70231,0.69859,0.70175,0.69729,0.00000,0.00000,2.00000,2.00000,-4.94096,-5.06136,0.00000,0.00000
3.2000,320,240,0,0,0.01042,0.01097,0.02712,0.02985,0.70182,0.69804,0.70172,0.70021,0.00000,0.00000,2.00000,2.00000,-4.94738,-5.06037,0.00000,0.00000
3.2100,321,240,0,0,0.01054,0.01103,0.02772,0.03013,0.70390,0.70304,0.70081,0.70152,0.00000,0.00000,2.00000,2.00000,-4.93712,-5.05362,0.00000,0.00000
3.2200,322,240,0,0,0.01060,0.01078,0.02801,0.02892,0.70325,0.69991,0.70131,0.70069,0.00000,0.00000,2.00000,2.00000,-4.94288,-5.05183,0.00000,0.00000
3.2300,323,240,0,0,0.01040,0.01068,0.02700,0.02840,0.70410,0.70070,0.70151,0.70275,0.00000,0.00000,2.00000,2.00000,-4.94110,-5.04853,0.00000,0.00000
3.2400,324,240,0,0,0.01040,0.01065,0.02698,0.02823,0.70457,0.70053,0.70047,0.70323,0.00000,0.00000,2.00000,2.00000,-4.94768,-5.03699,0.00000,0.00000
3.2500,325,240,0,0,0.01005,0.01066,0.02525,0.02829,0.70187,0.70113,0.69816,0.70191,0.00000,0.00000,2.00000,2.00000,-4.94982,-5.03720,0.00000,0.00000
3.2600,326,240,0,0,0.01046,0.01029,0.02731,0.02645,0.69980,0.70019,0.69890,0.70111,0.00000,0.00000,2.00000,2.00000,-4.95269,-5.03531,0.00000,0.00000
3.2700,327,240,0,0,0.01046,0.00998,0.02732,0.02491,0.69901,0.69875,0.69887,0.70135,0.00000,0.00000,2.00000,2.00000,-4.96241,-5.04551,0.00000,0.00000
3.2800,328,240,0,0,0.01073,0.00990,0.02866,0.02451,0.69862,0.69790,0.69607,0.69961,0.00000,0.00000,2.00000,2.00000,-4.95987,-5.05838,0.00000,0.00000
3.2900,329,240,0,0,0.01073,0.00983,0.02867,0.02414,0.69995,0.69893,0.69798,0.69973,0.00000,0.00000,2.00000,2.00000,-4.96729,-5.06163,0.00000,0.00000
3.3000,330,240,0,0,0.01049,0.00984,0.02745,0.02422,0.69889,0.70140,0.70012,0.70031,0.00000,0.00000,2.00000,2.00000,-4.98023,-5.06016,0.00000,0.00000
3.3100,331,240,0,0,0.01018,0.01013,0.02592,0.02567,0.69968,0.70070,0.70424,0.69745,0.00000,0.00000,2.00000,2.00000,-4.98034,-5.04827,0.00000,0.00000
3.3200,332,240,0,0,0.01017,0.01017,0.02584,0.02585,0.69839,0.70151,0.70244,0.69784,0.00000,0.00000,2.00000,2.00000,-4.97857,-5.03715,0.00000,0.00000
3.3300,333,240,0,0,0.00995,0.01028,0.02473,0.02638,0.69716,0.70036,0.70088,0.69793,0.00000,0.00000,2.00000,2.00000,-4.98521,-5.03732,0.00000,0.00000
3.3400,334,240,0,0,0.01006,0.01004,0.02529,0.02521,0.69740,0.70097,0.69882,0.70019,0.00000,0.00000,2.00000,2.00000,-4.98623,-5.04091,0.00000,0.00000
3.3500,335,240,0,0,0.01013,0.01004,0.02565,0.02519,0.69646,0.70160,0.69949,0.69711,0.00000,0.00000,2.00000,2.00000,-4.99069,-5.04944,0.00000,0.00000
3.3600,336,240,0,0,0.01015,0.01027,0.02576,0.02633,0.69666,0.69773,0.69996,0.69727,0.00000,0.00000,2.00000,2.00000,-5.00618,-5.05706,0.00000,0.00000
3.3700,337,240,0,0,0.01038,0.01043,0.02690,0.02717,0.69934,0.69926,0.69864,0.69723,0.00000,0.00000,2.00000,2.00000,-5.01115,-5.05514,0.00000,0.00000
3.3800,338,240,0,0,0.01058,0.01027,0.02789,0.02633,0.69929,0.69875,0.69872,0.69956,0.00000,0.00000,2.00000,2.00000,-5.00504,-5.06255,0.00000,0.00000
3.3900,339,240,0,0,0.01048,0.01034,0.02741,0.02669,0.69947,0.69790,0.69582,0.69961,0.00000,0.00000,2.00000,2.00000,-5.00879,-5.07101,0.00000,0.00000
3.4000,340,240,0,0,0.01013,0.01084,0.02564,0.02918,0.69689,0.69896,0.69849,0.70267,0.00000,0.00000,2.00000,2.00000,-5.02150,-5.07368,0.00000,0.00000
3.4100,341,240,0,0,0.01055,0.01071,0.02777,0.02857,0.69922,0.70033,0.69764,0.70303,0.00000,0.00000,2.00000,2.00000,-5.02026,-5.08038,0.00000,0.00000
3.4200,342,240,0,0,0.01059,0.01048,0.02796,0.02738,0.70133,0.69794,0.69823,0.70152,0.00000,0.00000,2.00000,2.00000,-5.00914,-5.09212,0.00000,0.00000
3.4300,343,240,0,0,0.01061,0.01042,0.02806,0.02708,0.70016,0.70051,0.69637,0.70150,0.00000,0.00000,2.00000,2.00000,-5.00592,-5.09466,0.00000,0.00000
3.4400,344,240,0,0,0.01035,0.01043,0.02677,0.02716,0.69914,0.70085,0.69641,0.70051,0.00000,0.00000,2.00000,2.00000,-4.99403,-5.08835,0.00000,0.00000
3.4500,345,240,0,0,0.01027,0.01039,0.02637,0.02695,0.69721,0.69759,0.69693,0.70178,0.00000,0.00000,2.00000,2.00000,-4.98582,-5.09273,0.00000,0.00000
3.4600,346,240,0,0,0.01030,0.01039,0.02648,0.02693,0.69876,0.69848,0.69775,0.69910,0.00000,0.00000,2.00000,2.00000,-5.00332,-5.09683,0.00000,0.00000
3.4700,347,240,0,0,0.01041,0.01007,0.02705,0.02537,0.69933,0.69886,0.69916,0.69800,0.00000,0.00000,2.00000,2.00000,-4.99860,-5.08028,0.00000,0.00000
3.4800,348,240,0,0,0.01058,0.00995,0.02791,0.02476,0.70272,0.69963,0.70175,0.69929,0.00000,0.00000,2.00000,2.00000,-4.99608,-5.07196,0.00000,0.00000
3.4900,349,240,0,0,0.01047,0.01004,0.02736,0.02521,0.70052,0.70146,0.70248,0.70150,0.00000,0.00000,2.00000,2.00000,-4.98981,-5.07855,0.00000,0.00000
3.5000,350,240,0,0,0.01026,0.01010,0.02629,0.02552,0.70292,0.69862,0.70338,0.69747,0.00000,0.00000,2.00000,2.00000,-4.98596,-5.08303,0.00000,0.00000
3.5100,351,240,0,0,0.01057,0.01006,0.02783,0.02530,0.70146,0.69705,0.70483,0.70042,0.00000,0.00000,2.00000,2.00000,-4.97299,-5.08283,0.00000,0.00000
3.5200,352,240,0,0,0.01065,0.01012,0.02826,0.02558,0.70171,0.69826,0.70444,0.70008,0.00000,0.00000,2.00000,2.00000,-4.96249,-5.07321,0.00000,0.00000
3.5300,353,240,0,0,0.01037,0.01021,0.02685,0.02603,0.69922,0.69980,0.70317,0.69696,0.00000,0.00000,2.00000,2.00000,-4.96156,-5.05743,0.00000,0.00000
3.5400,354,240,0,0,0.01036,0.01045,0.02679,0.02727,0.70069,0.70167,0.70396,0.69286,0.00000,0.00000,2.00000,2.00000,-4.95928,-5.05839,0.00000,0.00000
3.5500,355,240,0,0,0.01039,0.01042,0.02693,0.02709,0.69812,0.69984,0.70464,0.69230,0.00000,0.00000,2.00000,2.00000,-4.96452,-5.05196,0.00000,0.00000
3.5600,356,240,0,0,0.01050,0.01050,0.02750,0.02750,0.69963,0.70187,0.70443,0.69438,0.00000,0.00000,2.00000,2.00000,-4.97773,-5.03374,0.00000,0.00000
3.5700,357,240,0,0,0.01059,0.01035,0.02793,0.02677,0.70272,0.70225,0.70083,0.69581,0.00000,0.00000,2.00000,2.00000,-4.99459,-5.02750,0.00000,0.00000
3.5800,358,240,0,0,0.01040,0.01049,0.02701,0.02746,0.70162,0.70395,0.69922,0.69800,0.00000,0.00000,2.00000,2.00000,-5.00983,-5.00418,0.00000,0.00000
3.5900,359,240,0,0,0.01009,0.01055,0.02544,0.02775,0.70162,0.70549,0.69898,0.69764,0.00000,0.00000,2.00000,2.00000,-5.00737,-4.99888,0.00000,0.00000
3.6000,360,240,0,0,0.00995,0.01070,0.02473,0.02849,0.70169,0.70331,0.70054,0.69647,0.00000,0.00000,2.00000,2.00000,-5.00003,-4.98194,0.00000,0.00000
3.6100,361,240,0,0,0.00971,0.01077,0.02353,0.02886,0.70500,0.70218,0.70036,0.69676,0.00000,0.00000,2.00000,2.00000,-4.98570,-4.97446,0.00000,0.00000
3.6200,362,240,0,0,0.00984,0.01080,0.02419,0.02900,0.70467,0.70047,0.70213,0.69770,0.00000,0.00000,2.00000,2.00000,-4.98291,-4.96315,0.00000,0.00000
3.6300,363,240,0,0,0.01027,0.01067,0.02636,0.02834,0.70162,0.70013,0.70371,0.69871,0.00000,0.00000,2.00000,2.00000,-4.97877,-4.95828,0.00000,0.00000
3.6400,364,240,0,0,0.01040,0.01065,0.02701,0.02824,0.70036,0.70065,0.70466,0.69777,0.00000,0.00000,2.00000,2.00000,-4.97605,-4.96959,0.00000,0.00000
3.6500,365,240,0,0,0.01042,0.01081,0.02712,0.02907,0.70084,0.70061,0.70537,0.69986,0.00000,0.00000,2.00000,2.00000,-4.97480,-4.97333,0.00000,0.00000
3.6600,366,240,0,0,0.01108,0.01056,0.03042,0.02779,0.70100,0.69909,0.70219,0.69888,0.00000,0.00000,2.00000,2.00000,-4.97975,-4.97867,0.00000,0.00000
3.6700,367,240,0,0,0.01078,0.01038,0.02888,0.02688,0.70474,0.69801,0.70239,0.69776,0.00000,0.00000,2.00000,2.00000,-4.97207,-4.99414,0.00000,0.00000
3.6800,368,240,0,0,0.01073,0.01042,0.02865,0.02711,0.70180,0.69984,0.70073,0.69748,0.00000,0.00000,2.00000,2.00000,-4.96690,-5.00674,0.00000,0.00000
3.6900,369,240,0,0,0.01026,0.01051,0.02630,0.02754,0.69724,0.70003,0.69782,0.69993,0.00000,0.00000,2.00000,2.00000,-4.97117,-5.01600,0.00000,0.00000
3.7000,370,240,0,0,0.01019,0.01030,0.02596,0.02649,0.70178,0.70209,0.69795,0.69973,0.00000,0.00000,2.00000,2.00000,-4.96970,-5.02472,0.00000,0.00000
3.7100,371,240,0,0,0.01027,0.01031,0.02636,0.02655,0.69963,0.70252,0.70069,0.69867,0.00000,0.00000,2.00000,2.00000,-4.97228,-5.02605,0.00000,0.00000
3.7200,372,240,0,0,0.01004,0.01031,0.02521,0.02657,0.69868,0.70098,0.70125,0.70055,0.00000,0.00000,2.00000,2.00000,-4.97393,-5.03058,0.00000,0.00000
3.7300,373,240,0,0,0.00974,0.00985,0.02369,0.02426,0.70093,0.69738,0.70423,0.70392,0.00000,0.00000,2.00000,2.00000,-4.96632,-5.03074,0.00000,0.00000
3.7400,374,240,0,0,0.00999,0.00995,0.02497,0.02477,0.69714,0.70065,0.70336,0.70319,0.00000,0.00000,2.00000,2.00000,-4.97039,-5.02430,0.00000,0.00000
3.7500,375,240,0,0,0.01020,0.01004,0.02598,0.02521,0.69840,0.70028,0.70646,0.70434,0.00000,0.00000,2.00000,2.00000,-4.97368,-5.02969,0.00000,0.00000
3.7600,376,240,0,0,0.01025,0.01010,0.02623,0.02552,0.70162,0.69756,0.70498,0.70486,0.00000,0.00000,2.00000,2.00000,-4.98214,-5.02536,0.00000,0.00000
3.7700,377,240,0,0,0.01054,0.01050,0.02768,0.02748,0.69967,0.69798,0.70366,0.70253,0.00000,0.00000,2.00000,2.00000,-4.98651,-5.01965,0.00000,0.00000
3.7800,378,240,0,0,0.01016,0.01020,0.02579,0.02602,0.69917,0.70004,0.70055,0.70188,0.00000,0.00000,2.00000,2.00000,-4.98720,-5.01672,0.00000,0.00000
3.7900,379,240,0,0,0.01021,0.01008,0.02605,0.02538,0.69919,0.69774,0.70223,0.69926,0.00000,0.00000,2.00000,2.00000,-4.97072,-5.03358,0.00000,0.00000
3.8000,380,240,0,0,0.00986,0.00959,0.02430,0.02296,0.69967,0.69613,0.70079,0.69913,0.00000,0.00000,2.00000,2.00000,-4.97338,-5.03093,0.00000,0.00000
3.8100,381,240,0,0,0.00994,0.00971,0.02472,0.02354,0.69861,0.69843,0.69951,0.69834,0.00000,0.00000,2.00000,2.00000,-4.97952,-5.01706,0.00000,0.00000
3.8200,382,240,0,0,0.00995,0.00981,0.02473,0.02406,0.69968,0.70017,0.70175,0.69813,0.00000,0.00000,2.00000,2.00000,-4.98468,-5.02015,0.00000,0.00000
3.8300,383,240,0,0,0.00971,0.00986,0.02357,0.02430,0.69918,0.69906,0.70317,0.69741,0.00000,0.00000,2.00000,2.00000,-4.97750,-5.01795,0.00000,0.00000
3.8400,384,240,0,0,0.01016,0.01025,0.02578,0.02625,0.70072,0.70315,0.70416,0.69765,0.00000,0.00000,2.00000,2.00000,-4.98219,-4.99786,0.00000,0.00000
3.8500,385,240,0,0,0.01046,0.01048,0.02730,0.02740,0.69979,0.70298,0.70243,0.69917,0.00000,0.00000,2.00000,2.00000,-4.98681,-4.98343,0.00000,0.00000
3.8600,386,240,0,0,0.01030,0.01048,0.02649,0.02738,0.70026,0.70228,0.70168,0.69920,0.00000,0.00000,2.00000,2.00000,-5.00774,-4.96692,0.00000,0.00000
3.8700,387,240,0,0,0.01038,0.01037,0.02690,0.02687,0.69936,0.70069,0.70112,0.69636,0.00000,0.00000,2.00000,2.00000,-5.01169,-4.95709,0.00000,0.00000
3.8800,388,240,0,0,0.01048,0.01061,0.02742,0.02803,0.69782,0.69948,0.70210,0.69613,0.00000,0.00000,2.00000,2.00000,-5.00110,-4.94966,0.00000,0.00000
3.8900,389,240,0,0,0.01060,0.01054,0.02801,0.02772,0.69671,0.69917,0.70408,0.69469,0.00000,0.00000,2.00000,2.00000,-5.01077,-4.94599,0.00000,0.00000
3.9000,390,240,0,0,0.01066,0.01033,0.02829,0.02663,0.69921,0.69960,0.70357,0.69655,0.00000,0.00000,2.00000,2.00000,-5.01029,-4.94554,0.00000,0.00000
3.9100,391,240,0,0,0.01053,0.00997,0.02765,0.02485,0.70083,0.69766,0.70583,0.69832,0.00000,0.00000,2.00000,2.00000,-5.00629,-4.93482,0.00000,0.00000
3.9200,392,240,0,0,0.01040,0.00999,0.02700,0.02496,0.70093,0.69799,0.70571,0.69920,0.00000,0.00000,2.00000,2.00000,-4.99696,-4.93851,0.00000,0.00000
3.9300,393,240,0,0,0.01056,0.01027,0.02778,0.02634,0.70071,0.69778,0.70376,0.69813,0.00000,0.00000,2.00000,2.00000,-4.98180,-4.95225,0.00000,0.00000
3.9400,394,240,0,0,0.01067,0.01080,0.02837,0.02902,0.70067,0.70094,0.70409,0.69904,0.00000,0.00000,2.00000,2.00000,-4.97565,-4.94631,0.00000,0.00000
3.9500,395,240,0,0,0.01089,0.01071,0.02947,0.02853,0.69835,0.69887,0.70577,0.69853,0.00000,0.00000,2.00000,2.00000,-4.98487,-4.93688,0.00000,0.00000
3.9600,396,240,0,0,0.01103,0.01045,0.03014,0.02727,0.70149,0.69621,0.70748,0.69707,0.00000,0.00000,2.00000,2.00000,-4.99285,-4.93149,0.00000,0.00000
3.9700,397,240,0,0,0.01070,0.01018,0.02849,0.02590,0.70114,0.69575,0.70738,0.69909,0.00000,0.00000,2.00000,2.00000,-5.00322,-4.93475,0.00000,0.00000
3.9800,398,240,0,0,0.01089,0.01036,0.02944,0.02681,0.69964,0.69491,0.70540,0.70068,0.00000,0.00000,2.00000,2.00000,-5.01476,-4.93029,0.00000,0.00000
3.9900,399,240,0,0,0.01062,0.00999,0.02812,0.02493,0.69973,0.69659,0.70357,0.70205,0.00000,0.00000,2.00000,2.00000,-5.01844,-4.92435,0.00000,0.00000
4.0000,400,240,0,0,0.01042,0.01022,0.02711,0.02610,0.69903,0.69637,0.70354,0.70049,0.00000,0.00000,2.00000,2.00000,-5.00931,-4.92012,0.00000,0.00000
4.0100,401,240,0,0,0.01051,0.01045,0.02753,0.02724,0.70021,0.69953,0.70532,0.70229,0.00000,0.00000,2.00000,2.00000,-4.99155,-4.93708,0.00000,0.00000
4.0200,402,240,0,0,0.01032,0.01053,0.02662,0.02765,0.70166,0.70029,0.70457,0.70086,0.00000,0.00000,2.00000,2.00000,-4.97210,-4.95765,0.00000,0.00000
4.0300,403,240,0,0,0.01057,0.01045,0.02785,0.02723,0.70241,0.70306,0.70407,0.70169,0.00000,0.00000,2.00000,2.00000,-4.98171,-4.97849,0.00000,0.00000
4.0400,404,240,0,0,0.01062,0.01056,0.02808,0.02779,0.70144,0.70160,0.70304,0.70039,0.00000,0.00000,2.00000,2.00000,-4.98823,-4.98804,0.00000,0.00000
4.0500,405,240,0,0,0.01045,0.01055,0.02726,0.02776,0.69890,0.70060,0.70167,0.69992,0.00000,0.00000,2.00000,2.00000,-4.99053,-4.99294,0.00000,0.00000
4.0600,406,240,0,0,0.01045,0.01034,0.02723,0.02670,0.69797,0.70161,0.70095,0.69596,0.00000,0.00000,2.00000,2.00000,-4.98666,-5.01021,0.00000,0.00000
4.0700,407,240,0,0,0.01062,0.01076,0.02812,0.02881,0.70021,0.69870,0.70091,0.69657,0.00000,0.00000,2.00000,2.00000,-4.98982,-5.01706,0.00000,0.00000
4.0800,408,240,0,0,0.01050,0.01059,0.02752,0.02793,0.70203,0.69729,0.70348,0.69766,0.00000,0.00000,2.00000,2.00000,-4.99901,-5.03138,0.00000,0.00000
4.0900,409,240,0,0,0.01058,0.01070,0.02791,0.02852,0.69931,0.69863,0.70214,0.69763,0.00000,0.00000,2.00000,2.00000,-4.99048,-5.04854,0.00000,0.00000
4.1000,410,240,0,0,0.01028,0.01009,0.02639,0.02546,0.70177,0.69776,0.70164,0.70116,0.00000,0.00000,2.00000,2.00000,-4.98662,-5.03577,0.00000,0.00000
4.1100,411,240,0,0,0.01025,0.01046,0.02624,0.02728,0.70154,0.69926,0.69977,0.69893,0.00000,0.00000,2.00000,2.00000,-4.96675,-5.03470,0.00000,0.00000
4.1200,412,240,0,0,0.01033,0.01076,0.02664,0.02881,0.70402,0.69584,0.70101,0.69830,0.00000,0.00000,2.00000,2.00000,-4.94502,-5.02935,0.00000,0.00000
4.1300,413,240,0,0,0.01040,0.01067,0.02702,0.02835,0.70355,0.69480,0.70298,0.69728,0.00000,0.00000,2.00000,2.00000,-4.93850,-5.02863,0.00000,0.00000
4.1400,414,240,0,0,0.01073,0.01072,0.02866,0.02859,0.69975,0.69559,0.70483,0.69710,0.00000,0.00000,2.00000,2.00000,-4.93433,-5.03214,0.00000,0.00000
4.1500,415,240,0,0,0.01063,0.01075,0.02817,0.02877,0.69837,0.69819,0.70384,0.69959,0.00000,0.00000,2.00000,2.00000,-4.93157,-5.03869,0.00000,0.00000
4.1600,416,240,0,0,0.01055,0.01052,0.02774,0.02758,0.69797,0.70025,0.70373,0.70213,0.00000,0.00000,2.00000,2.00000,-4.92238,-5.03660,0.00000,0.00000
4.1700,417,240,0,0,0.01013,0.01060,0.02567,0.02802,0.69771,0.70083,0.70246,0.70039,0.00000,0.00000,2.00000,2.00000,-4.92444,-5.04229,0.00000,0.00000
4.1800,418,240,0,0,0.01002,0.01037,0.02510,0.02685,0.70004,0.69910,0.70265,0.69910,0.00000,0.00000,2.00000,2.00000,-4.92217,-5.03990,0.00000,0.00000
4.1900,419,240,0,0,0.01020,0.01025,0.02601,0.02623,0.70072,0.70052,0.70244,0.69744,0.00000,0.00000,2.00000,2.00000,-4.90033,-5.03696,0.00000,0.00000
4.2000,420,240,0,0,0.01071,0.01053,0.02854,0.02767,0.69915,0.70027,0.70187,0.70029,0.00000,0.00000,2.00000,2.00000,-4.90880,-5.03503,0.00000,0.00000
4.2100,421,240,0,0,0.01063,0.01071,0.02814,0.02856,0.70073,0.69906,0.70158,0.70205,0.00000,0.00000,2.00000,2.00000,-4.91828,-5.03290,0.00000,0.00000
4.2200,422,240,0,0,0.01055,0.01047,0.02774,0.02736,0.69805,0.69722,0.70189,0.70132,0.00000,0.00000,2.00000,2.00000,-4.91872,-5.01688,0.00000,0.00000
4.2300,423,240,0,0,0.01048,0.01029,0.02741,0.02646,0.69608,0.69963,0.70089,0.69866,0.00000,0.00000,2.00000,2.00000,-4.93142,-5.01118,0.00000,0.00000
4.2400,424,240,0,0,0.01032,0.01018,0.02662,0.02590,0.69723,0.70006,0.70025,0.69688,0.00000,0.00000,2.00000,2.00000,-4.93627,-5.00789,0.00000,0.00000
4.2500,425,240,0,0,0.01037,0.01040,0.02686,0.02700,0.69912,0.70046,0.70299,0.69802,0.00000,0.00000,2.00000,2.00000,-4.93812,-5.00502,0.00000,0.00000
4.2600,426,240,0,0,0.01045,0.01018,0.02725,0.02591,0.69951,0.70053,0.70662,0.69946,0.00000,0.00000,2.00000,2.00000,-4.93370,-4.99716,0.00000,0.00000
4.2700,427,240,0,0,0.01085,0.01032,0.02924,0.02660,0.69927,0.69884,0.70283,0.69622,0.00000,0.00000,2.00000,2.00000,-4.91495,-4.99853,0.00000,0.00000
4.2800,428,240,0,0,0.01073,0.01050,0.02864,0.02752,0.69900,0.69858,0.69999,0.69672,0.00000,0.00000,2.00000,2.00000,-4.92008,-5.00603,0.00000,0.00000
4.2900,429,240,0,0,0.01075,0.01046,0.02873,0.02728,0.69969,0.69945,0.69842,0.70028,0.00000,0.00000,2.00000,2.00000,-4.92624,-4.99783,0.00000,0.00000
4.3000,430,240,0,0,0.01086,0.01066,0.02929,0.02831,0.70159,0.70237,0.69868,0.69985,0.00000,0.00000,2.00000,2.00000,-4.92908,-5.00010,0.00000,0.00000
4.3100,431,240,0,0,0.01058,0.01052,0.02791,0.02762,0.70229,0.70057,0.70051,0.70233,0.00000,0.00000,2.00000,2.00000,-4.95357,-4.98119,0.00000,0.00000
4.3200,432,240,0,0,0.01028,0.01044,0.02640,0.02722,0.70457,0.70140,0.70134,0.70276,0.00000,0.00000,2.00000,2.00000,-4.97058,-4.97363,0.00000,0.00000
4.3300,433,240,0,0,0.01028,0.01022,0.02638,0.02609,0.70235,0.70274,0.70126,0.70022,0.00000,0.00000,2.00000,2.00000,-4.97728,-4.95654,0.00000,0.00000
4.3400,434,240,0,0,0.01049,0.01049,0.02744,0.02745,0.70236,0.70558,0.70178,0.69968,0.00000,0.00000,2.00000,2.00000,-4.98112,-4.95669,0.00000,0.00000
4.3500,435,240,0,0,0.01078,0.01030,0.02888,0.02649,0.70156,0.70427,0.70016,0.69956,0.00000,0.00000,2.00000,2.00000,-4.98485,-4.96520,0.00000,0.00000
4.3600,436,240,0,0,0.01091,0.01040,0.02953,0.02701,0.70048,0.70396,0.69971,0.69811,0.00000,0.00000,2.00000,2.00000,-4.99144,-4.96385,0.00000,0.00000
4.3700,437,240,0,0,0.01122,0.01039,0.03109,0.02693,0.70269,0.70025,0.69976,0.69704,0.00000,0.00000,2.00000,2.00000,-5.00666,-4.96258,0.00000,0.00000
4.3800,438,240,0,0,0.01085,0.01016,0.02925,0.02580,0.70222,0.70154,0.69722,0.70032,0.00000,0.00000,2.00000,2.00000,-5.02054,-4.97181,0.00000,0.00000
4.3900,439,240,0,0,0.01070,0.01009,0.02852,0.02546,0.70210,0.69896,0.69608,0.69863,0.00000,0.00000,2.00000,2.00000,-5.03829,-4.97245,0.00000,0.00000
4.4000,440,240,0,0,0.01034,0.01048,0.02671,0.02740,0.70111,0.69875,0.69531,0.70078,0.00000,0.00000,2.00000,2.00000,-5.04054,-4.96092,0.00000,0.00000
4.4100,441,240,0,0,0.01056,0.01050,0.02780,0.02751,0.70061,0.70099,0.69785,0.69985,0.00000,0.00000,2.00000,2.00000,-5.04915,-4.95783,0.00000,0.00000
4.4200,442,240,0,0,0.01087,0.01025,0.02936,0.02626,0.69912,0.70184,0.69884,0.69985,0.00000,0.00000,2.00000,2.00000,-5.05101,-4.96588,0.00000,0.00000
4.4300,443,240,0,0,0.01085,0.01036,0.02927,0.02680,0.69782,0.70008,0.70016,0.70081,0.00000,0.00000,2.00000,2.00000,-5.04847,-4.97650,0.00000,0.00000
4.4400,444,240,0,0,0.01075,0.01034,0.02874,0.02669,0.69562,0.69808,0.69710,0.69961,0.00000,0.00000,2.00000,2.00000,-5.04773,-4.98851,0.00000,0.00000
4.4500,445,240,0,0,0.01070,0.01111,0.02849,0.03056,0.69685,0.69957,0.69545,0.70065,0.00000,0.00000,2.00000,2.00000,-5.03851,-5.00992,0.00000,0.00000
4.4600,446,240,0,0,0.01045,0.01098,0.02723,0.02990,0.69800,0.69867,0.69779,0.69711,0.00000,0.00000,2.00000,2.00000,-5.02821,-5.03409,0.00000,0.00000
4.4700,447,240,0,0,0.01023,0.01074,0.02614,0.02869,0.69852,0.69918,0.69383,0.69862,0.00000,0.00000,2.00000,2.00000,-5.00781,-5.04189,0.00000,0.00000
4.4800,448,240,0,0,0.01021,0.01096,0.02605,0.02978,0.70112,0.69862,0.69753,0.69494,0.00000,0.00000,2.00000,2.00000,-5.01784,-5.04287,0.00000,0.00000
4.4900,449,240,0,0,0.01024,0.01040,0.02620,0.02700,0.70155,0.70063,0.69521,0.69596,0.00000,0.00000,2.00000,2.00000,-5.02781,-5.05367,0.00000,0.00000
4.5000,450,240,0,0,0.01021,0.01042,0.02603,0.02711,0.69942,0.69715,0.69791,0.69847,0.00000,0.00000,2.00000,2.00000,-5.01285,-5.05579,0.00000,0.00000
4.5100,451,240,0,0,0.01000,0.01085,0.02500,0.02926,0.70078,0.69573,0.69702,0.69991,0.00000,0.00000,2.00000,2.00000,-5.01001,-5.06450,0.00000,0.00000
4.5200,452,240,0,0,0.01021,0.01070,0.02607,0.02851,0.70138,0.69517,0.69956,0.69780,0.00000,0.00000,2.00000,2.00000,-5.03053,-5.05500,0.00000,0.00000
4.5300,453,240,0,0,0.01021,0.01024,0.02603,0.02620,0.69960,0.69724,0.70495,0.69648,0.00000,0.00000,2.00000,2.00000,-5.04423,-5.04870,0.00000,0.00000
4.5400,454,240,0,0,0.01029,0.01020,0.02643,0.02599,0.69950,0.69479,0.69986,0.69631,0.00000,0.00000,2.00000,2.00000,-5.05471,-5.04254,0.00000,0.00000
4.5500,455,240,0,0,0.01052,0.01057,0.02762,0.02786,0.70005,0.70049,0.70104,0.69763,0.00000,0.00000,2.00000,2.00000,-5.05604,-5.03536,0.00000,0.00000
4.5600,456,240,0,0,0.01019,0.01061,0.02597,0.02803,0.69888,0.70026,0.69779,0.69494,0.00000,0.00000,2.00000,2.00000,-5.04074,-5.03216,0.00000,0.00000
4.5700,457,240,0,0,0.01046,0.01037,0.02730,0.02683,0.69821,0.70007,0.69909,0.69630,0.00000,0.00000,2.00000,2.00000,-5.03289,-5.01883,0.00000,0.00000
4.5800,458,240,0,0,0.01060,0.01023,0.02799,0.02613,0.69613,0.70006,0.69900,0.69783,0.00000,0.00000,2.00000,2.00000,-5.03026,-5.01722,0.00000,0.00000
4.5900,459,240,0,0,0.01058,0.01015,0.02789,0.02575,0.69910,0.70114,0.69949,0.69796,0.00000,0.00000,2.00000,2.00000,-5.04293,-5.02305,0.00000,0.00000
4.6000,460,240,0,0,0.01045,0.01030,0.02727,0.02649,0.70094,0.69950,0.69813,0.69938,0.00000,0.00000,2.00000,2.00000,-5.04088,-5.01806,0.00000,0.00000
4.6100,461,240,0,0,0.01080,0.01062,0.02901,0.02810,0.70221,0.69771,0.69992,0.69992,0.00000,0.00000,2.00000,2.00000,-5.04109,-5.01829,0.00000,0.00000
4.6200,462,240,0,0,0.01056,0.01079,0.02780,0.02895,0.70041,0.69780,0.69757,0.69905,0.00000,0.00000,2.00000,2.00000,-5.03463,-5.01928,0.00000,0.00000
4.6300,463,240,0,0,0.01024,0.01078,0.02620,0.02891,0.69915,0.69828,0.70027,0.69613,0.00000,0.00000,2.00000,2.00000,-5.02754,-5.02189,0.00000,0.00000
4.6400,464,240,0,0,0.01040,0.01039,0.02700,0.02693,0.69795,0.69949,0.69953,0.69741,0.00000,0.00000,2.00000,2.00000,-5.03703,-5.02371,0.00000,0.00000
4.6500,465,240,0,0,0.01059,0.01010,0.02796,0.02550,0.70052,0.70015,0.69735,0.69655,0.00000,0.00000,2.00000,2.00000,-5.03734,-5.03713,0.00000,0.00000
4.6600,466,240,0,0,0.01086,0.01030,0.02929,0.02649,0.70162,0.70077,0.70070,0.69655,0.00000,0.00000,2.00000,2.00000,-5.05696,-5.04274,0.00000,0.00000
4.6700,467,240,0,0,0.01085,0.01003,0.02925,0.02516,0.70050,0.70429,0.70040,0.69828,0.00000,0.00000,2.00000,2.00000,-5.06228,-5.04551,0.00000,0.00000
4.6800,468,240,0,0,0.01083,0.01008,0.02917,0.02541,0.69854,0.70269,0.70342,0.70108,0.00000,0.00000,2.00000,2.00000,-5.05666,-5.03165,0.00000,0.00000
4.6900,469,240,0,0,0.01106,0.01024,0.03028,0.02618,0.69675,0.70265,0.70449,0.70072,0.00000,0.00000,2.00000,2.00000,-5.05906,-5.02355,0.00000,0.00000
4.7000,470,240,0,0,0.01051,0.01003,0.02754,0.02516,0.69915,0.70288,0.70195,0.70143,0.00000,0.00000,2.00000,2.00000,-5.05781,-5.02019,0.00000,0.00000
4.7100,471,240,0,0,0.01062,0.00991,0.02810,0.02454,0.69873,0.70389,0.70128,0.69867,0.00000,0.00000,2.00000,2.00000,-5.05741,-5.02884,0.00000,0.00000
4.7200,472,240,0,0,0.01056,0.01002,0.02778,0.02511,0.69716,0.70058,0.70113,0.69944,0.00000,0.00000,2.00000,2.00000,-5.05378,-5.03496,0.00000,0.00000
4.7300,473,240,0,0,0.01035,0.01024,0.02677,0.02618,0.70264,0.70087,0.70332,0.69949,0.00000,0.00000,2.00000,2.00000,-5.04552,-5.02915,0.00000,0.00000
4.7400,474,240,0,0,0.01028,0.01051,0.02639,0.02757,0.70039,0.70200,0.70313,0.70165,0.00000,0.00000,2.00000,2.00000,-5.04766,-5.04188,0.00000,0.00000
4.7500,475,240,0,0,0.01058,0.01062,0.02788,0.02808,0.69845,0.70395,0.70257,0.70031,0.00000,0.00000,2.00000,2.00000,-5.05057,-5.04636,0.00000,0.00000
4.7600,476,240,0,0,0.01095,0.01057,0.02977,0.02786,0.70050,0.70494,0.70153,0.69983,0.00000,0.00000,2.00000,2.00000,-5.06570,-5.04734,0.00000,0.00000
4.7700,477,240,0,0,0.01075,0.01036,0.02875,0.02681,0.69936,0.70103,0.70103,0.70161,0.00000,0.00000,2.00000,2.00000,-5.06318,-5.04262,0.00000,0.00000
4.7800,478,240,0,0,0.01068,0.01014,0.02842,0.02569,0.70093,0.70203,0.70289,0.70102,0.00000,0.00000,2.00000,2.00000,-5.07393,-5.04854,0.00000,0.00000
4.7900,479,240,0,0,0.01063,0.01010,0.02814,0.02549,0.70115,0.70349,0.70211,0.69892,0.00000,0.00000,2.00000,2.00000,-5.07976,-5.07071,0.00000,0.00000
4.8000,480,240,0,0,0.01077,0.01027,0.02885,0.02635,0.69949,0.70494,0.70088,0.70341,0.00000,0.00000,2.00000,2.00000,-5.09114,-5.06387,0.00000,0.00000
4.8100,481,240,0,0,0.01132,0.01038,0.03160,0.02690,0.69971,0.70073,0.69971,0.70070,0.00000,0.00000,2.00000,2.00000,-5.08022,-5.05926,0.00000,0.00000
4.8200,482,240,0,0,0.01047,0.00993,0.02736,0.02463,0.69965,0.70237,0.69888,0.70040,0.00000,0.00000,2.00000,2.00000,-5.08403,-5.05281,0.00000,0.00000
4.8300,483,240,0,0,0.01077,0.00988,0.02887,0.02442,0.69857,0.70226,0.69688,0.70086,0.00000,0.00000,2.00000,2.00000,-5.07631,-5.04688,0.00000,0.00000
4.8400,484,240,0,0,0.01075,0.01029,0.02874,0.02644,0.69898,0.69825,0.69650,0.70107,0.00000,0.00000,2.00000,2.00000,-5.07017,-5.05473,0.00000,0.00000
4.8500,485,240,0,0,0.01079,0.01034,0.02897,0.02668,0.70115,0.69591,0.69992,0.70046,0.00000,0.00000,2.00000,2.00000,-5.07637,-5.05956,0.00000,0.00000
4.8600,486,240,0,0,0.01068,0.01004,0.02841,0.02522,0.70303,0.69812,0.69960,0.70003,0.00000,0.00000,2.00000,2.00000,-5.08558,-5.07658,0.00000,0.00000
4.8700,487,240,0,0,0.01026,0.01066,0.02632,0.02829,0.70401,0.69743,0.70087,0.69964,0.00000,0.00000,2.00000,2.00000,-5.07893,-5.08780,0.00000,0.00000
4.8800,488,240,0,0,0.01049,0.01058,0.02746,0.02790,0.70298,0.69858,0.69656,0.69790,0.00000,0.00000,2.00000,2.00000,-5.07780,-5.08530,0.00000,0.00000
4.8900,489,240,0,0,0.01064,0.01062,0.02821,0.02808,0.70148,0.70407,0.69844,0.70201,0.00000,0.00000,2.00000,2.00000,-5.07406,-5.08059,0.00000,0.00000
4.9000,490,240,0,0,0.01048,0.01064,0.02741,0.02822,0.70339,0.70534,0.69860,0.70110,0.00000,0.00000,2.00000,2.00000,-5.06718,-5.08777,0.00000,0.00000
4.9100,491,240,0,0,0.01023,0.01050,0.02616,0.02748,0.70481,0.70640,0.69819,0.70178,0.00000,0.00000,2.00000,2.00000,-5.06386,-5.08394,0.00000,0.00000
4.9200,492,240,0,0,0.01032,0.01031,0.02658,0.02655,0.70486,0.70324,0.69898,0.70074,0.00000,0.00000,2.00000,2.00000,-5.06651,-5.07698,0.00000,0.00000
4.9300,493,240,0,0,0.01054,0.01080,0.02771,0.02900,0.70399,0.70248,0.69845,0.69996,0.00000,0.00000,2.00000,2.00000,-5.07265,-5.07022,0.00000,0.00000
4.9400,494,240,0,0,0.01052,0.01091,0.02762,0.02955,0.70351,0.70190,0.69538,0.69922,0.00000,0.00000,2.00000,2.00000,-5.06459,-5.08119,0.00000,0.00000
4.9500,495,240,0,0,0.01036,0.01095,0.02681,0.02975,0.70220,0.70256,0.69816,0.69689,0.00000,0.00000,2.00000,2.00000,-5.06018,-5.07291,0.00000,0.00000
4.9600,496,240,0,0,0.01011,0.01093,0.02553,0.02963,0.69929,0.69966,0.69906,0.69748,0.00000,0.00000,2.00000,2.00000,-5.05394,-5.07085,0.00000,0.00000
4.9700,497,240,0,0,0.01028,0.01056,0.02641,0.02781,0.69941,0.69767,0.69881,0.69750,0.00000,0.00000,2.00000,2.00000,-5.05778,-5.06613,0.00000,0.00000
4.9800,498,240,0,0,0.01042,0.01080,0.02708,0.02899,0.70146,0.69835,0.69755,0.70011,0.00000,0.00000,2.00000,2.00000,-5.06910,-5.07486,0.00000,0.00000
4.9900,499,240,0,0,0.01067,0.01050,0.02833,0.02752,0.69904,0.69783,0.69580,0.69811,0.00000,0.00000,2.00000,2.00000,-5.06702,-5.08415,0.00000,0.00000
5.0000,500,240,0,0,0.01068,0.01054,0.02838,0.02769,0.69707,0.69891,0.69732,0.69768,0.00000,0.00000,2.00000,2.00000,-5.07053,-5.08883,0.00000,0.00000
5.0100,501,240,0,0,0.01070,0.01014,0.02849,0.02570,0.69570,0.69975,0.70070,0.69684,0.00000,0.00000,2.00000,2.00000,-5.06744,-5.08638,0.00000,0.00000
5.0200,502,240,0,0,0.01083,0.00976,0.02917,0.02382,0.69778,0.70090,0.70084,0.70007,0.00000,0.00000,2.00000,2.00000,-5.06901,-5.08548,0.00000,0.00000
5.0300,503,240,0,0,0.01026,0.01001,0.02630,0.02504,0.69923,0.70171,0.69834,0.69863,0.00000,0.00000,2.00000,2.00000,-5.06532,-5.08594,0.00000,0.00000
5.0400,504,240,0,0,0.01041,0.00994,0.02706,0.02469,0.69735,0.69890,0.69917,0.69993,0.00000,0.00000,2.00000,2.00000,-5.06625,-5.08885,0.00000,0.00000
5.0500,505,240,0,0,0.01023,0.00963,0.02615,0.02315,0.70136,0.69965,0.69931,0.70154,0.00000,0.00000,2.00000,2.00000,-5.06169,-5.08529,0.00000,0.00000
5.0600,506,240,0,0,0.01008,0.00996,0.02540,0.02479,0.70048,0.69945,0.70092,0.70088,0.00000,0.00000,2.00000,2.00000,-5.04534,-5.07990,0.00000,0.00000
5.0700,507,240,0,0,0.01028,0.01054,0.02640,0.02772,0.70041,0.70089,0.70166,0.69838,0.00000,0.00000,2.00000,2.00000,-5.03241,-5.08381,0.00000,0.00000
5.0800,508,240,0,0,0.01042,0.01081,0.02712,0.02904,0.69919,0.69975,0.69630,0.69658,0.00000,0.00000,2.00000,2.00000,-5.02367,-5.09003,0.00000,0.00000
5.0900,509,240,0,0,0.01046,0.01064,0.02730,0.02820,0.69880,0.69963,0.69821,0.69893,0.00000,0.00000,2.00000,2.00000,-5.02338,-5.09568,0.00000,0.00000
5.1000,510,240,0,0,0.01072,0.01058,0.02861,0.02788,0.70104,0.70107,0.69705,0.69715,0.00000,0.00000,2.00000,2.00000,-5.02332,-5.08507,0.00000,0.00000
5.1100,511,240,0,0,0.01048,0.01072,0.02738,0.02861,0.70008,0.70430,0.69552,0.69858,0.00000,0.00000,2.00000,2.00000,-5.01626,-5.07837,0.00000,0.00000
5.1200,512,240,0,0,0.01053,0.01088,0.02766,0.02940,0.69911,0.70244,0.69644,0.69915,0.00000,0.00000,2.00000,2.00000,-5.01933,-5.09211,0.00000,0.00000
5.1300,513,240,0,0,0.01045,0.01067,0.02727,0.02837,0.69926,0.70360,0.69809,0.70000,0.00000,0.00000,2.00000,2.00000,-5.01613,-5.08896,0.00000,0.00000
5.1400,514,240,0,0,0.01080,0.01061,0.02902,0.02803,0.70164,0.70335,0.69592,0.70078,0.00000,0.00000,2.00000,2.00000,-5.01856,-5.09306,0.00000,0.00000
5.1500,515,240,0,0,0.01052,0.01062,0.02761,0.02808,0.69990,0.70633,0.69819,0.69903,0.00000,0.00000,2.00000,2.00000,-5.02627,-5.08080,0.00000,0.00000
5.1600,516,240,0,0,0.01046,0.01068,0.02730,0.02839,0.70176,0.70424,0.69994,0.69769,0.00000,0.00000,2.00000,2.00000,-5.00990,-5.09600,0.00000,0.00000
5.1700,517,240,0,0,0.01054,0.01057,0.02772,0.02786,0.70307,0.70230,0.70003,0.69950,0.00000,0.00000,2.00000,2.00000,-5.00695,-5.10282,0.00000,0.00000
5.1800,518,240,0,0,0.01101,0.01050,0.03004,0.02750,0.70236,0.69907,0.69860,0.69860,0.00000,0.00000,2.00000,2.00000,-5.01976,-5.09698,0.00000,0.00000
5.1900,519,240,0,0,0.01103,0.01077,0.03017,0.02887,0.70192,0.69645,0.69737,0.69447,0.00000,0.00000,2.00000,2.00000,-5.03838,-5.09672,0.00000,0.00000
5.2000,520,240,0,0,0.01096,0.01094,0.02982,0.02968,0.70378,0.69901,0.69978,0.69705,0.00000,0.00000,2.00000,2.00000,-5.05086,-5.10385,0.00000,0.00000
5.2100,521,240,0,0,0.01084,0.01089,0.02918,0.02947,0.69989,0.70006,0.69736,0.69615,0.00000,0.00000,2.00000,2.00000,-5.04198,-5.10656,0.00000,0.00000
5.2200,522,240,0,0,0.01095,0.01114,0.02975,0.03068,0.69845,0.69950,0.69983,0.69797,0.00000,0.00000,2.00000,2.00000,-5.04290,-5.10389,0.00000,0.00000
5.2300,523,240,0,0,0.01096,0.01085,0.02978,0.02925,0.69869,0.69970,0.69960,0.70082,0.00000,0.00000,2.00000,2.00000,-5.04561,-5.11052,0.00000,0.00000
5.2400,524,240,0,0,0.01073,0.01108,0.02865,0.03041,0.69750,0.69894,0.69956,0.70062,0.00000,0.00000,2.00000,2.00000,-5.05524,-5.11431,0.00000,0.00000
5.2500,525,240,0,0,0.01067,0.01101,0.02834,0.03007,0.69745,0.69791,0.69687,0.70209,0.00000,0.00000,2.00000,2.00000,-5.04907,-5.10767,0.00000,0.00000
5.2600,526,240,0,0,0.01077,0.01156,0.02883,0.03281,0.69659,0.69457,0.69749,0.70177,0.00000,0.00000,2.00000,2.00000,-5.04933,-5.09099,0.00000,0.00000
5.2700,527,240,0,0,0.01052,0.01098,0.02760,0.02991,0.69683,0.69597,0.69918,0.70389,0.00000,0.00000,2.00000,2.00000,-5.04191,-5.09215,0.00000,0.00000
5.2800,528,240,0,0,0.01033,0.01067,0.02666,0.02836,0.69622,0.69730,0.69721,0.70108,0.00000,0.00000,2.00000,2.00000,-5.03581,-5.08725,0.00000,0.00000
5.2900,529,240,0,0,0.01057,0.01069,0.02783,0.02845,0.69694,0.69559,0.69879,0.70077,0.00000,0.00000,2.00000,2.00000,-5.05139,-5.08003,0.00000,0.00000
5.3000,530,240,0,0,0.01075,0.01070,0.02876,0.02849,0.69416,0.69927,0.69927,0.70167,0.00000,0.00000,2.00000,2.00000,-5.04816,-5.07084,0.00000,0.00000
5.3100,531,240,0,0,0.01022,0.01104,0.02611,0.03022,0.69645,0.70030,0.69841,0.70090,0.00000,0.00000,2.00000,2.00000,-5.04119,-5.07186,0.00000,0.00000
5.3200,532,240,0,0,0.01033,0.01072,0.02665,0.02860,0.69686,0.70200,0.70025,0.70254,0.00000,0.00000,2.00000,2.00000,-5.04467,-5.07400,0.00000,0.00000
5.3300,533,240,0,0,0.01028,0.01083,0.02638,0.02916,0.69553,0.69655,0.69656,0.70114,0.00000,0.00000,2.00000,2.00000,-5.04001,-5.07629,0.00000,0.00000
5.3400,534,240,0,0,0.01002,0.01097,0.02511,0.02984,0.69627,0.69710,0.69807,0.70423,0.00000,0.00000,2.00000,2.00000,-5.02149,-5.08789,0.00000,0.00000
5.3500,535,240,0,0,0.01032,0.01097,0.02661,0.02983,0.69876,0.69732,0.70126,0.70655,0.00000,0.00000,2.00000,2.00000,-5.01668,-5.06979,0.00000,0.00000
5.3600,536,240,0,0,0.00992,0.01060,0.02460,0.02800,0.69789,0.69560,0.70328,0.70522,0.00000,0.00000,2.00000,2.00000,-4.99611,-5.06947,0.00000,0.00000
5.3700,537,240,0,0,0.01016,0.01085,0.02582,0.02927,0.70005,0.69589,0.70302,0.70470,0.00000,0.00000,2.00000,2.00000,-4.98162,-5.07187,0.00000,0.00000
5.3800,538,240,0,0,0.01035,0.01100,0.02677,0.03000,0.70014,0.69905,0.70170,0.70537,0.00000,0.00000,2.00000,2.00000,-4.96452,-5.07643,0.00000,0.00000
5.3900,539,240,0,0,0.00971,0.01097,0.02357,0.02983,0.70033,0.69921,0.70019,0.70195,0.00000,0.00000,2.00000,2.00000,-4.96461,-5.08444,0.00000,0.00000
5.4000,540,240,0,0,0.00988,0.01086,0.02441,0.02928,0.70384,0.69848,0.69964,0.69926,0.00000,0.00000,2.00000,2.00000,-4.94999,-5.09070,0.00000,0.00000
5.4100,541,240,0,0,0.01013,0.01078,0.02563,0.02890,0.70363,0.69795,0.70063,0.70153,0.00000,0.00000,2.00000,2.00000,-4.95030,-5.09300,0.00000,0.00000
5.4200,542,240,0,0,0.01022,0.01066,0.02612,0.02830,0.70270,0.69867,0.69913,0.70156,0.00000,0.00000,2.00000,2.00000,-4.95499,-5.08730,0.00000,0.00000
5.4300,543,240,0,0,0.01069,0.01073,0.02845,0.02864,0.70052,0.69585,0.70061,0.70076,0.00000,0.00000,2.00000,2.00000,-4.95232,-5.08625,0.00000,0.00000
5.4400,544,240,0,0,0.01042,0.01065,0.02708,0.02823,0.70338,0.69683,0.70395,0.70057,0.00000,0.00000,2.00000,2.00000,-4.94098,-5.09086,0.00000,0.00000
5.4500,545,240,0,0,0.01047,0.01039,0.02733,0.02696,0.69902,0.69650,0.70277,0.69649,0.00000,0.00000,2.00000,2.00000,-4.93449,-5.08748,0.00000,0.00000
5.4600,546,240,0,0,0.01017,0.01016,0.02583,0.02582,0.70068,0.69846,0.69980,0.69714,0.00000,0.00000,2.00000,2.00000,-4.92811,-5.08323,0.00000,0.00000
5.4700,547,240,0,0,0.01014,0.01006,0.02572,0.02532,0.70240,0.69981,0.69765,0.69669,0.00000,0.00000,2.00000,2.00000,-4.92119,-5.06961,0.00000,0.00000
5.4800,548,240,0,0,0.01051,0.01021,0.02756,0.02603,0.70295,0.70139,0.69957,0.69910,0.00000,0.00000,2.00000,2.00000,-4.93410,-5.06055,0.00000,0.00000
5.4900,549,240,0,0,0.01042,0.01025,0.02711,0.02626,0.70145,0.70213,0.69959,0.70098,0.00000,0.00000,2.00000,2.00000,-4.94483,-5.04450,0.00000,0.00000
5.5000,550,240,0,0,0.01086,0.01034,0.02932,0.02670,0.69966,0.70220,0.70114,0.70166,0.00000,0.00000,2.00000,2.00000,-4.94848,-5.04592,0.00000,0.00000
5.5100,551,240,0,0,0.01064,0.01047,0.02822,0.02733,0.70052,0.70295,0.69995,0.70186,0.00000,0.00000,2.00000,2.00000,-4.94940,-5.05524,0.00000,0.00000
5.5200,552,240,0,0,0.01067,0.01031,0.02836,0.02655,0.70005,0.70179,0.70133,0.69889,0.00000,0.00000,2.00000,2.00000,-4.94592,-5.05404,0.00000,0.00000
5.5300,553,240,0,0,0.01066,0.01066,0.02832,0.02828,0.69914,0.69905,0.70071,0.70016,0.00000,0.00000,2.00000,2.00000,-4.95694,-5.05429,0.00000,0.00000
5.5400,554,240,0,0,0.01074,0.01053,0.02871,0.02764,0.69742,0.69580,0.69931,0.70115,0.00000,0.00000,2.00000,2.00000,-4.95005,-5.05272,0.00000,0.00000
5.5500,555,240,0,0,0.01092,0.01040,0.02959,0.02699,0.69850,0.69386,0.69884,0.70288,0.00000,0.00000,2.00000,2.00000,-4.95217,-5.05143,0.00000,0.00000
5.5600,556,240,0,0,0.01063,0.01050,0.02813,0.02752,0.69898,0.69282,0.69719,0.70557,0.00000,0.00000,2.00000,2.00000,-4.95355,-5.03721,0.00000,0.00000
5.5700,557,240,0,0,0.01048,0.01007,0.02739,0.02537,0.69732,0.69586,0.70123,0.70127,0.00000,0.00000,2.00000,2.00000,-4.95473,-5.03950,0.00000,0.00000
5.5800,558,240,0,0,0.01044,0.00999,0.02719,0.02495,0.69858,0.69633,0.70073,0.70028,0.00000,0.00000,2.00000,2.00000,-4.95586,-5.03592,0.00000,0.00000
5.5900,559,240,0,0,0.01043,0.01032,0.02715,0.02658,0.69672,0.69762,0.70159,0.69899,0.00000,0.00000,2.00000,2.00000,-4.93862,-5.02896,0.00000,0.00000
5.6000,560,240,0,0,0.01078,0.00996,0.02888,0.02480,0.69888,0.69858,0.70027,0.69955,0.00000,0.00000,2.00000,2.00000,-4.94196,-5.02295,0.00000,0.00000
5.6100,561,240,0,0,0.01038,0.01032,0.02689,0.02662,0.69938,0.69944,0.69847,0.69969,0.00000,0.00000,2.00000,2.00000,-4.94073,-5.02633,0.00000,0.00000
5.6200,562,240,0,0,0.01037,0.01068,0.02687,0.02838,0.69966,0.69851,0.69851,0.69939,0.00000,0.00000,2.00000,2.00000,-4.93817,-5.02971,0.00000,0.00000
5.6300,563,240,0,0,0.01036,0.01052,0.02680,0.02760,0.69981,0.69951,0.70072,0.70125,0.00000,0.00000,2.00000,2.00000,-4.94788,-5.03408,0.00000,0.00000
5.6400,564,240,0,0,0.01057,0.01055,0.02786,0.02775,0.69942,0.69747,0.69967,0.69910,0.00000,0.00000,2.00000,2.00000,-4.93814,-5.04156,0.00000,0.00000
5.6500,565,240,0,0,0.01041,0.01075,0.02703,0.02877,0.69802,0.70104,0.69833,0.69763,0.00000,0.00000,2.00000,2.00000,-4.92531,-5.04712,0.00000,0.00000
5.6600,566,240,0,0,0.01047,0.01056,0.02734,0.02778,0.69794,0.69726,0.69904,0.69660,0.00000,0.00000,2.00000,2.00000,-4.91080,-5.04882,0.00000,0.00000
5.6700,567,240,0,0,0.01043,0.01070,0.02714,0.02851,0.69552,0.69541,0.70012,0.69694,0.00000,0.00000,2.00000,2.00000,-4.91582,-5.05698,0.00000,0.00000
5.6800,568,240,0,0,0.01034,0.01047,0.02668,0.02736,0.69782,0.69720,0.70279,0.69576,0.00000,0.00000,2.00000,2.00000,-4.90949,-5.06027,0.00000,0.00000
5.6900,569,240,0,0,0.01046,0.01035,0.02729,0.02674,0.69864,0.69935,0.70261,0.69684,0.00000,0.00000,2.00000,2.00000,-4.91438,-5.07069,0.00000,0.00000
5.7000,570,240,0,0,0.00993,0.01019,0.02464,0.02594,0.50905,0.75235,0.70295,0.69743,0.60000,0.00000,3.00000,2.00000,-5.64731,-5.08346,0.00000,0.00000
5.7100,571,240,0,0,0.00935,0.01032,0.02176,0.02660,0.36891,0.76416,0.70332,0.69684,0.60543,0.00000,3.00000,2.00000,-5.99115,-5.08010,0.00000,0.00000
5.7200,572,240,0,0,0.00876,0.01060,0.01879,0.02798,0.26706,0.74940,0.70052,0.69914,0.61087,0.00000,3.00000,2.00000,-6.04893,-5.08307,0.00000,0.00000
5.7300,573,240,0,0,0.00840,0.01050,0.01700,0.02751,0.19348,0.71633,0.69880,0.69928,0.61630,0.00000,3.00000,2.00000,-5.91415,-5.10011,0.00000,0.00000
5.7400,574,240,0,0,0.00818,0.01020,0.01588,0.02598,0.13990,0.66595,0.69734,0.70122,0.62174,0.00000,3.00000,2.00000,-5.61918,-5.11044,0.00000,0.00000
5.7500,575,240,0,0,0.00813,0.01001,0.01565,0.02507,0.10024,0.60228,0.69588,0.70057,0.62717,0.00000,3.00000,2.00000,-5.19835,-5.11564,0.00000,0.00000
5.7600,576,240,0,0,0.00764,0.01021,0.01321,0.02603,0.07149,0.53179,0.69832,0.70037,0.63261,0.00000,3.00000,2.00000,-4.68023,-5.11780,0.00000,0.00000
5.7700,577,240,0,0,0.00756,0.01066,0.01278,0.02832,0.05128,0.45298,0.69925,0.69935,0.63804,0.00000,3.00000,2.00000,-4.09705,-5.12327,0.00000,0.00000
5.7800,578,240,0,0,0.00747,0.01068,0.01236,0.02839,0.03617,0.37519,0.69959,0.69951,0.64348,0.00000,3.00000,2.00000,-3.44417,-5.13049,0.00000,0.00000
5.7900,579,240,0,0,0.00773,0.01052,0.01363,0.02758,0.02727,0.29414,0.69544,0.70082,0.64891,0.00000,3.00000,2.00000,-2.74121,-5.12803,0.00000,0.00000
5.8000,580,240,0,0,0.00732,0.01065,0.01161,0.02826,0.01874,0.21448,0.70007,0.69992,0.65434,0.00000,3.00000,2.00000,-1.99063,-5.12556,0.00000,0.00000
5.8100,581,240,0,0,0.00722,0.01053,0.01110,0.02765,0.01452,0.15578,0.69858,0.70079,0.65978,0.00000,3.00000,2.00000,-1.20987,-5.10898,0.00000,0.00000
5.8200,582,240,0,0,0.00709,0.01041,0.01044,0.02706,0.00809,0.11151,0.70234,0.69924,0.66521,0.00000,3.00000,2.00000,-0.39280,-5.09164,0.00000,0.00000
5.8300,583,240,0,0,0.00756,0.01020,0.01278,0.02599,0.00504,0.08502,0.69932,0.70069,0.67065,0.00000,3.00000,2.00000,0.45334,-5.08513,0.00000,0.00000
5.8400,584,240,0,0,0.00745,0.01056,0.01224,0.02781,0.00439,0.06071,0.69817,0.69955,0.67608,0.00000,3.00000,2.00000,1.31959,-5.06466,0.00000,0.00000
5.8500,585,240,0,0,0.00755,0.00996,0.01274,0.02481,0.00166,0.04274,0.69505,0.70107,0.68152,0.00000,3.00000,2.00000,2.21030,-5.06132,0.00000,0.00000
5.8600,586,240,0,0,0.00774,0.01026,0.01371,0.02628,0.00202,0.03189,0.69700,0.70088,0.68695,0.00000,3.00000,2.00000,3.11848,-5.04677,0.00000,0.00000
5.8700,587,240,0,0,0.00773,0.01019,0.01364,0.02597,0.00276,0.02289,0.69601,0.70314,0.69238,0.00000,3.00000,2.00000,4.04420,-5.03995,0.00000,0.00000
5.8800,588,240,0,0,0.00754,0.01016,0.01268,0.02580,0.00263,0.01792,0.69534,0.70038,0.69782,0.00000,3.00000,2.00000,4.99426,-5.03725,0.00000,0.00000
5.8900,589,240,0,0,0.00781,0.01060,0.01403,0.02798,0.00114,0.01219,0.69436,0.69785,0.70325,0.00000,3.00000,2.00000,5.95980,-5.03744,0.00000,0.00000
5.9000,590,240,0,0,0.00753,0.01039,0.01264,0.02693,0.00101,0.01061,0.69718,0.69743,0.70869,0.00000,3.00000,2.00000,6.93211,-5.03240,0.00000,0.00000
5.9100,591,240,0,0,0.00781,0.01024,0.01404,0.02621,0.00094,0.01083,0.69912,0.69586,0.71412,0.00000,3.00000,2.00000,7.91984,-5.01751,0.00000,0.00000
5.9200,592,240,0,0,0.00778,0.01026,0.01390,0.02628,0.00257,0.00889,0.70234,0.69472,0.71956,0.00000,3.00000,2.00000,8.91589,-5.00598,0.00000,0.00000
5.9300,593,240,0,0,0.00791,0.01039,0.01454,0.02693,0.00544,0.00688,0.70057,0.69719,0.72499,0.00000,3.00000,2.00000,9.93571,-5.00714,0.00000,0.00000
5.9400,594,240,0,0,0.00735,0.01029,0.01174,0.02647,0.00440,0.00396,0.70078,0.69795,0.73043,0.00000,3.00000,2.00000,10.95145,-5.00196,0.00000,0.00000
5.9500,595,240,0,0,0.00756,0.00998,0.01281,0.02489,0.00116,0.00243,0.69845,0.69772,0.73586,0.00000,3.00000,2.00000,11.98180,-5.00763,0.00000,0.00000
5.9600,596,240,0,0,0.00796,0.00990,0.01479,0.02452,0.00409,0.00131,0.69832,0.69771,0.74129,0.00000,3.00000,2.00000,13.01880,-4.99918,0.00000,0.00000
5.9700,597,240,0,0,0.00787,0.01032,0.01437,0.02660,0.00104,0.00000,0.69793,0.69736,0.74673,0.00000,3.00000,2.00000,14.06994,-5.01204,0.00000,0.00000
5.9800,598,240,0,0,0.00749,0.01036,0.01245,0.02679,0.00193,0.00063,0.69926,0.70079,0.75216,0.00000,3.00000,2.00000,15.11602,-5.01492,0.00000,0.00000
5.9900,599,240,0,0,0.00752,0.01047,0.01259,0.02734,0.00177,0.00046,0.70113,0.69937,0.75760,0.00000,3.00000,2.00000,16.15818,-5.01425,0.00000,0.00000
6.0000,600,240,0,0,0.00770,0.01039,0.01349,0.02696,0.00235,0.00000,0.70245,0.69737,0.76303,0.00000,3.00000,2.00000,17.21152,-5.03706,0.00000,0.00000
6.0100,601,240,0,0,0.00770,0.01025,0.01352,0.02625,0.00113,0.00000,0.70039,0.69940,0.76847,0.00000,3.00000,2.00000,18.25075,-5.06885,0.00000,0.00000
6.0200,602,240,0,0,0.00767,0.01066,0.01333,0.02829,0.00000,0.00000,0.70193,0.69921,0.77390,0.00000,3.00000,2.00000,19.29407,-5.08650,0.00000,0.00000
6.0300,603,240,0,0,0.00792,0.01055,0.01458,0.02773,0.00026,0.00000,0.70133,0.70277,0.77934,0.00000,3.00000,2.00000,20.34302,-5.08969,0.00000,0.00000
6.0400,604,240,0,0,0.00808,0.01041,0.01539,0.02705,0.00000,0.00031,0.70043,0.70115,0.78477,0.00000,3.00000,2.00000,21.38600,-5.08968,0.00000,0.00000
6.0500,605,240,0,0,0.00846,0.01065,0.01732,0.02823,0.00000,0.00000,0.69915,0.70222,0.79020,0.00000,3.00000,2.00000,22.42177,-5.09181,0.00000,0.00000
6.0600,606,240,0,0,0.00862,0.01042,0.01810,0.02711,0.00050,0.00000,0.69846,0.70339,0.79564,0.00000,3.00000,2.00000,23.44655,-5.09335,0.00000,0.00000
6.0700,607,240,0,0,0.00890,0.01029,0.01950,0.02643,0.00000,0.00000,0.70175,0.70161,0.80107,0.00000,3.00000,2.00000,24.47242,-5.09682,0.00000,0.00000
6.0800,608,240,0,0,0.00933,0.01032,0.02163,0.02659,0.00224,0.00000,0.70177,0.69995,0.80651,0.00000,3.00000,2.00000,25.49681,-5.08961,0.00000,0.00000
6.0900,609,240,0,0,0.00984,0.01034,0.02418,0.02671,0.00225,0.00000,0.70157,0.70118,0.81194,0.00000,3.00000,2.00000,26.49650,-5.08997,0.00000,0.00000
6.1000,610,240,0,0,0.01038,0.01041,0.02690,0.02707,0.00310,0.00000,0.70071,0.70180,0.81738,0.00000,3.00000,2.00000,27.50545,-5.09047,0.00000,0.00000
6.1100,611,240,0,0,0.01065,0.01087,0.02825,0.02934,0.00442,0.00000,0.70454,0.69899,0.82281,0.00000,3.00000,2.00000,28.49185,-5.09376,0.00000,0.00000
6.1200,612,240,0,0,0.01105,0.01081,0.03027,0.02907,0.00387,0.00000,0.70544,0.69741,0.82825,0.00000,3.00000,2.00000,29.45447,-5.09346,0.00000,0.00000
6.1300,613,240,0,0,0.01146,0.01018,0.03231,0.02590,0.00313,0.00000,0.70276,0.69396,0.83368,0.00000,3.00000,2.00000,30.41045,-5.09609,0.30000,0.00000
6.1400,614,240,0,0,0.01230,0.01031,0.03649,0.02656,0.00375,0.00000,0.70156,0.69659,0.83911,0.00000,3.00000,2.00000,31.34941,-5.09903,0.60000,0.00000
6.1500,615,240,0,0,0.01263,0.01034,0.03816,0.02672,0.00481,0.00000,0.70078,0.69709,0.84455,0.00000,3.00000,2.00000,32.27507,-5.08459,0.90000,0.00000
6.1600,616,240,0,0,0.01310,0.01037,0.04048,0.02684,0.00285,0.00000,0.70081,0.69762,0.84998,0.00000,3.00000,2.00000,33.19355,-5.08659,1.00000,0.00000
6.1700,617,240,0,0,0.01339,0.01043,0.04197,0.02716,0.00000,0.00000,0.69943,0.69549,0.85542,0.00000,3.00000,2.00000,34.08793,-5.08423,1.00000,0.00000
6.1800,618,240,0,0,0.01380,0.01042,0.04401,0.02708,0.00000,0.00000,0.70031,0.69492,0.86085,0.00000,3.00000,2.00000,34.95190,-5.08661,1.00000,0.00000
6.1900,619,240,0,0,0.01410,0.01040,0.04551,0.02700,0.00000,0.00031,0.70261,0.69553,0.86629,0.00000,3.00000,2.00000,35.80951,-5.09729,1.00000,0.00000
6.2000,620,240,0,0,0.01439,0.01053,0.04697,0.02767,0.00098,0.00179,0.69974,0.69565,0.87172,0.00000,3.00000,2.00000,36.63235,-5.10836,1.00000,0.00000
6.2100,621,240,0,0,0.01476,0.01038,0.04882,0.02689,0.00166,0.00234,0.69796,0.69703,0.87715,0.00000,3.00000,2.00000,37.44242,-5.10445,1.00000,0.00000
6.2200,622,240,0,0,0.01513,0.01018,0.05066,0.02589,0.00337,0.00201,0.69772,0.69880,0.88259,0.00000,3.00000,2.00000,38.22276,-5.10726,1.00000,0.00000
6.2300,623,240,0,0,0.01540,0.01090,0.05199,0.02950,0.00410,0.00003,0.69763,0.70286,0.88802,0.00000,3.00000,2.00000,38.98599,-5.12567,1.00000,0.00000
6.2400,624,240,0,0,0.01543,0.01061,0.05217,0.02803,0.00272,0.00000,0.70156,0.70204,0.89346,0.00000,3.00000,2.00000,39.71209,-5.13035,1.00000,0.00000
6.2500,625,240,0,0,0.01546,0.01057,0.05232,0.02786,0.00000,0.00002,0.70278,0.70332,0.89889,0.00000,3.00000,2.00000,40.42570,-5.11659,1.00000,0.00000
6.2600,626,240,0,0,0.01524,0.01020,0.05119,0.02599,0.00000,0.00000,0.70357,0.70105,0.90433,0.00000,3.00000,2.00000,41.10799,-5.12746,1.00000,0.00000
6.2700,627,240,0,0,0.01498,0.01028,0.04990,0.02639,0.00000,0.00000,0.70216,0.69801,0.90976,0.00000,3.00000,2.00000,41.76246,-5.15006,1.00000,0.00000
6.2800,628,240,0,0,0.01461,0.01011,0.04806,0.02554,0.00000,0.00121,0.70110,0.69797,0.91520,0.00000,3.00000,2.00000,42.39779,-5.14941,1.00000,0.00000
6.2900,629,240,0,0,0.01436,0.01009,0.04678,0.02545,0.00000,0.00090,0.69841,0.69590,0.92063,0.00000,3.00000,2.00000,42.99611,-5.14746,1.00000,0.00000
6.3000,630,240,0,0,0.01393,0.01040,0.04467,0.02702,0.00017,0.00215,0.70013,0.69705,0.92606,0.00000,3.00000,2.00000,43.56174,-5.14779,1.00000,0.00000
6.3100,631,240,0,0,0.01388,0.01051,0.04441,0.02753,0.00057,0.00000,0.70090,0.69658,0.93150,0.00000,3.00000,2.00000,44.09792,-5.14509,1.00000,0.00000
6.3200,632,240,0,0,0.01300,0.01060,0.04002,0.02801,0.00229,0.00178,0.70277,0.69430,0.93693,0.00000,3.00000,2.00000,44.60310,-5.13964,1.00000,0.00000
6.3300,633,240,0,0,0.01252,0.01016,0.03759,0.02579,0.00000,0.00178,0.70166,0.69871,0.94237,0.00000,3.00000,2.00000,45.06731,-5.14886,0.70000,0.00000
6.3400,634,240,0,0,0.01179,0.01063,0.03393,0.02813,0.00000,0.00019,0.70098,0.69818,0.94780,0.00000,3.00000,2.00000,45.51039,-5.14310,0.40000,0.00000
6.3500,635,240,0,0,0.01098,0.01030,0.02992,0.02652,0.00000,0.00000,0.70099,0.69599,0.95324,0.00000,3.00000,2.00000,45.91005,-5.14095,0.10000,0.00000
6.3600,636,240,0,0,0.01049,0.01066,0.02744,0.02832,0.00000,0.00000,0.70218,0.69856,0.95867,0.00000,3.00000,2.00000,46.30182,-5.13746,0.00000,0.00000
6.3700,637,240,0,0,0.01018,0.01082,0.02590,0.02908,0.00000,0.00000,0.69917,0.69776,0.96411,0.00000,3.00000,2.00000,46.64384,-5.13546,0.00000,0.00000
6.3800,638,240,0,0,0.00965,0.01083,0.02325,0.02914,0.00000,0.00000,0.70061,0.70016,0.96954,0.00000,3.00000,2.00000,46.95440,-5.13356,0.00000,0.00000
6.3900,639,240,0,0,0.00964,0.01052,0.02319,0.02762,0.00002,0.00161,0.70041,0.69891,0.97497,0.00000,3.00000,2.00000,47.23264,-5.12392,0.00000,0.00000
6.4000,640,240,0,0,0.00936,0.01052,0.02181,0.02762,0.00358,0.00000,0.69856,0.69832,0.98041,0.00000,3.00000,2.00000,47.46148,-5.12292,0.00000,0.00000
6.4100,641,240,0,0,0.00912,0.01039,0.02061,0.02693,0.00124,0.00000,0.69553,0.69935,0.98584,0.00000,3.00000,2.00000,47.66812,-5.12186,0.00000,0.00000
6.4200,642,240,0,0,0.00863,0.01040,0.01814,0.02698,0.00000,0.00000,0.69653,0.70050,0.99128,0.00000,3.00000,2.00000,47.83470,-5.11587,0.00000,0.00000
6.4300,643,240,0,0,0.00843,0.01034,0.01714,0.02671,0.00000,0.00000,0.69986,0.70163,0.99671,0.00000,3.00000,2.00000,47.97942,-5.12123,0.00000,0.00000
6.4400,644,240,0,0,0.00827,0.00991,0.01637,0.02456,0.00000,0.00000,0.70265,0.70103,0.00224,0.00000,0.00000,2.00000,48.07550,-5.12026,0.00000,0.00000
6.4500,645,240,0,0,0.00820,0.01029,0.01599,0.02646,0.00180,0.00126,0.70251,0.70162,0.00791,0.00000,0.00000,2.00000,48.14186,-5.11351,0.00000,0.00000
6.4600,646,240,0,0,0.00840,0.01030,0.01698,0.02652,0.00099,0.01476,0.70504,0.70240,0.01358,0.00000,0.00000,2.00000,48.16614,-5.11669,0.00000,0.00000
6.4700,647,240,0,0,0.00823,0.01022,0.01616,0.02612,0.00022,0.07184,0.70359,0.70207,0.01925,0.00000,0.00000,2.00000,48.15743,-5.12088,0.00000,0.00000
6.4800,648,240,0,0,0.00823,0.01015,0.01616,0.02575,0.00000,0.16803,0.70417,0.70127,0.02492,0.00000,0.00000,2.00000,48.10727,-5.12703,0.00000,0.00000
6.4900,649,240,0,0,0.00813,0.01030,0.01565,0.02648,0.00000,0.29229,0.70229,0.69855,0.03059,0.00000,0.00000,2.00000,48.01738,-5.12858,0.00000,0.00000
6.5000,650,240,0,0,0.00827,0.01013,0.01636,0.02564,0.00000,0.42987,0.70082,0.69993,0.03626,0.00000,0.00000,2.00000,47.88588,-5.11948,0.00000,0.00000
6.5100,651,240,0,0,0.00827,0.00971,0.01635,0.02355,0.00000,0.58375,0.69948,0.70002,0.04193,0.00000,0.00000,2.00000,47.72304,-5.09707,-0.30000,0.00000
6.5200,652,240,0,0,0.00835,0.00999,0.01676,0.02494,0.00000,0.74493,0.69624,0.69933,0.04759,0.00000,0.00000,2.00000,47.51656,-5.10258,-0.60000,0.00000
6.5300,653,240,0,0,0.00892,0.01021,0.01962,0.02607,0.00000,0.91448,0.69938,0.70162,0.05326,0.00000,1.00000,2.00000,47.28014,-5.09799,-0.90000,0.00000
6.5400,654,240,0,0,0.00928,0.01022,0.02139,0.02611,0.00000,1.07538,0.69850,0.69883,0.05893,0.00000,1.00000,2.00000,47.00087,-5.10589,-1.20000,0.00000
6.5500,655,240,0,0,0.00909,0.01002,0.02046,0.02509,0.00000,1.18962,0.69759,0.70185,0.06460,0.00000,1.00000,2.00000,46.68695,-5.10381,-1.50000,0.00000
6.5600,656,240,0,0,0.00908,0.01014,0.02039,0.02571,0.00000,1.27533,0.69631,0.70131,0.07027,0.00000,1.00000,2.00000,46.32975,-5.10820,-1.80000,0.00000
6.5700,657,240,0,0,0.00956,0.00989,0.02279,0.02446,0.00000,1.33350,0.69699,0.70147,0.07594,0.00000,1.00000,2.00000,45.94215,-5.11006,-2.10000,0.00000
6.5800,658,240,0,0,0.00967,0.00981,0.02337,0.02403,0.00000,1.37781,0.70071,0.70042,0.08161,0.00000,1.00000,2.00000,45.50767,-5.08899,-2.14024,0.00000
6.5900,659,240,0,0,0.01006,0.00980,0.02530,0.02402,0.00000,1.41342,0.70395,0.69757,0.08728,0.00000,1.00000,2.00000,45.03726,-5.07228,-2.15180,0.00000
6.6000,660,240,0,0,0.01076,0.01015,0.02880,0.02576,0.00000,1.43835,0.70014,0.69800,0.09295,0.00000,1.00000,2.00000,44.54825,-5.07375,-2.17283,0.00000
6.6100,661,240,0,0,0.01102,0.01014,0.03012,0.02570,0.00298,1.45442,0.69952,0.69910,0.09862,0.00000,1.00000,2.00000,44.02716,-5.05447,-2.18074,0.00000
6.6200,662,240,0,0,0.01181,0.01011,0.03406,0.02557,0.00138,1.46565,0.69795,0.70046,0.10429,0.00000,1.00000,2.00000,43.46976,-5.03407,-2.20437,0.00000
6.6300,663,240,0,0,0.01240,0.00980,0.03701,0.02399,0.00078,1.47413,0.50849,0.55824,0.10996,0.60540,1.00000,3.00000,42.87123,-4.41332,-2.22204,0.00000
6.6400,664,240,0,0,0.01312,0.00922,0.04060,0.02110,0.00035,1.47957,0.36975,0.42687,0.11563,0.61083,1.00000,3.00000,42.23264,-3.82228,-2.24359,0.00000
6.6500,665,240,0,0,0.01373,0.00880,0.04366,0.01898,0.00000,1.48372,0.26747,0.30773,0.12130,0.61627,1.00000,3.00000,41.56863,-3.24222,-2.26194,0.00000
6.6600,666,240,0,0,0.01460,0.00833,0.04801,0.01666,0.00000,1.48659,0.19436,0.22685,0.12697,0.62170,1.00000,3.00000,40.88768,-2.65549,-2.28804,0.00000
6.6700,667,240,0,0,0.01558,0.00795,0.05290,0.01473,0.00000,1.49139,0.14037,0.16295,0.13264,0.62714,1.00000,3.00000,40.16558,-2.06324,-2.31739,0.00000
6.6800,668,240,0,0,0.01630,0.00732,0.05649,0.01159,0.00262,1.49491,0.10459,0.12068,0.13831,0.63257,1.00000,3.00000,39.41340,-1.46639,-2.33892,0.00000
6.6900,669,240,0,0,0.01719,0.00755,0.06095,0.01276,0.00508,1.49688,0.07685,0.08611,0.14398,0.63801,1.00000,3.00000,38.63150,-0.86919,-2.36569,0.00000
6.7000,670,240,0,0,0.01789,0.00761,0.06444,0.01305,0.02765,1.49666,0.05691,0.06223,0.14964,0.64344,1.00000,3.00000,37.83119,-0.24897,-2.38667,0.00000
6.7100,671,240,0,0,0.01898,0.00751,0.06990,0.01256,0.08238,1.49769,0.03695,0.04622,0.15531,0.64888,1.00000,3.00000,36.99986,0.38795,-2.41941,0.00000
6.7200,672,240,0,0,0.01956,0.00745,0.07279,0.01226,0.15655,1.49607,0.02672,0.03222,0.16098,0.65431,1.00000,3.00000,36.13842,1.02810,-2.43673,0.00000
6.7300,673,240,0,0,0.02036,0.00760,0.07679,0.01299,0.24623,1.49928,0.02283,0.02601,0.16665,0.65974,1.00000,3.00000,35.26681,1.69990,-2.46074,0.00000
6.7400,674,240,0,0,0.02091,0.00720,0.07954,0.01102,0.35096,1.49937,0.01876,0.01902,0.17232,0.66518,1.00000,3.00000,34.36885,2.39635,-2.47721,0.00000
6.7500,675,240,0,0,0.02146,0.00713,0.08231,0.01064,0.46503,1.49879,0.01059,0.01457,0.17799,0.67061,1.00000,3.00000,33.44661,3.09592,-2.49387,0.00000
6.7600,676,240,0,0,0.02230,0.00695,0.08652,0.00977,0.57467,1.49862,0.00717,0.01014,0.18366,0.67605,1.00000,3.00000,32.50873,3.81509,-2.51914,0.00000
6.7700,677,240,0,0,0.02318,0.00747,0.09090,0.01233,0.69696,1.50000,0.00324,0.00845,0.18933,0.68148,1.00000,3.00000,31.54241,4.54041,-2.54538,0.00000
6.7800,678,240,0,0,0.02372,0.00764,0.09361,0.01320,0.81778,1.49918,0.00516,0.00873,0.19500,0.68692,1.00000,3.00000,30.56795,5.27918,-2.56164,0.00000
6.7900,679,240,0,0,0.02419,0.00709,0.09594,0.01047,0.94084,1.49874,0.00415,0.00612,0.20067,0.69235,1.00000,3.00000,29.57054,6.03470,-2.57562,0.00000
6.8000,680,240,0,0,0.02420,0.00685,0.09601,0.00924,1.06851,1.49680,0.00175,0.00729,0.20634,0.69779,1.00000,3.00000,28.56536,6.79615,-2.57607,0.00000
6.8100,681,240,0,0,0.02448,0.00697,0.09742,0.00987,1.18452,1.49743,0.00133,0.00429,0.21201,0.70322,1.00000,3.00000,27.54261,7.57021,-2.58453,0.00000
6.8200,682,240,0,0,0.02461,0.00699,0.09806,0.00997,1.27229,1.49797,0.00000,0.00437,0.21768,0.70865,1.00000,3.00000,26.50062,8.36876,-2.58835,0.00000
6.8300,683,240,0,0,0.02435,0.00682,0.09675,0.00911,1.33463,1.49900,0.00000,0.00398,0.22335,0.71409,1.00000,3.00000,25.45494,9.17551,-2.58051,0.00000
6.8400,684,240,0,0,0.02419,0.00742,0.09593,0.01209,1.37855,1.49783,0.00000,0.00113,0.22902,0.71952,1.00000,3.00000,24.40247,9.97647,-2.57558,0.00000
6.8500,685,240,0,0,0.02389,0.00750,0.09443,0.01249,1.41377,1.49873,0.00000,0.00117,0.23469,0.72496,1.00000,3.00000,23.33519,10.79841,-2.56660,0.00000
6.8600,686,240,0,0,0.02359,0.00760,0.09297,0.01300,1.43576,1.49759,0.00000,0.00086,0.24036,0.73039,1.00000,3.00000,22.26669,11.62033,-2.55782,0.00000
6.8700,687,240,0,0,0.02265,0.00743,0.08826,0.01213,1.45332,1.50000,0.00000,0.00000,0.24602,0.73583,1.00000,3.00000,21.18167,12.45133,-2.52956,0.00000
6.8800,688,240,0,0,0.02187,0.00762,0.08437,0.01311,1.46604,1.50000,0.00000,0.00003,0.25169,0.74126,1.00000,3.00000,20.09891,13.28795,-2.50623,0.00000
6.8900,689,240,0,0,0.02117,0.00754,0.08085,0.01269,1.47221,1.49901,0.00000,0.00026,0.25736,0.74669,1.00000,3.00000,19.01963,14.13136,-2.48509,0.00000
6.9000,690,240,0,0,0.02054,0.00752,0.07769,0.01260,1.47940,1.49640,0.00000,0.00007,0.26303,0.75213,1.00000,3.00000,17.93018,14.97194,-2.46617,0.00000
6.9100,691,240,0,0,0.01986,0.00773,0.07429,0.01364,1.48242,1.49595,0.00000,0.00000,0.26870,0.75756,1.00000,3.00000,16.84260,15.82262,-2.44573,0.00000
6.9200,692,240,0,0,0.01891,0.00742,0.06956,0.01210,1.48634,1.49607,0.00196,0.00000,0.27437,0.76300,1.00000,3.00000,15.76174,16.66696,-2.41737,0.00000
6.9300,693,240,0,0,0.01793,0.00794,0.06465,0.01472,1.49166,1.49631,0.00105,0.00000,0.28004,0.76843,1.00000,3.00000,14.67171,17.51381,-2.38788,0.00000
6.9400,694,240,0,0,0.01730,0.00806,0.06148,0.01532,1.49262,1.49860,0.00048,0.00000,0.28571,0.77387,1.00000,3.00000,13.57838,18.35185,-2.36886,0.00000
6.9500,695,240,0,0,0.01653,0.00845,0.05766,0.01725,1.49231,1.49955,0.00175,0.00000,0.29138,0.77930,1.00000,3.00000,12.49897,19.20666,-2.34594,0.00000
6.9600,696,240,0,0,0.01531,0.00828,0.05154,0.01642,1.49370,1.49946,0.00000,0.00343,0.29705,0.78474,1.00000,3.00000,11.42385,20.04658,-2.30921,0.00000
6.9700,697,240,0,0,0.01461,0.00828,0.04805,0.01640,1.49828,1.50000,0.00000,0.00018,0.30272,0.79017,1.00000,3.00000,10.36052,20.88452,-2.28829,0.00000
6.9800,698,240,0,0,0.01401,0.00832,0.04504,0.01658,1.50000,1.50000,0.00000,0.00000,0.30839,0.79560,1.00000,3.00000,9.30471,21.70501,-2.27023,0.00000
6.9900,699,240,0,0,0.01384,0.00876,0.04418,0.01879,1.50000,1.50000,0.00000,0.00000,0.31406,0.80104,1.00000,3.00000,8.26000,22.52758,-2.26510,0.00000
7.0000,700,240,0,0,0.01314,0.00916,0.04068,0.02078,1.50000,1.50000,0.00044,0.00231,0.31973,0.80647,1.00000,3.00000,7.22865,23.35614,-2.24408,0.00000
7.0100,701,240,0,0,0.01256,0.00946,0.03778,0.02229,1.50000,1.50000,0.00123,0.00000,0.32540,0.81191,1.00000,3.00000,6.21986,24.16979,-2.22670,0.00000
7.0200,702,240,0,0,0.01174,0.00969,0.03368,0.02347,1.50000,1.50000,0.00000,0.00034,0.33107,0.81734,1.00000,3.00000,5.21483,24.96276,-2.20209,0.00000
7.0300,703,240,0,0,0.01113,0.00996,0.03067,0.02478,1.50000,1.50000,0.00000,0.00066,0.33674,0.82278,1.00000,3.00000,4.21936,25.76564,-1.90209,0.00000
7.0400,704,240,0,0,0.01056,0.01056,0.02780,0.02782,1.50000,1.50000,0.00243,0.00103,0.34241,0.82821,1.00000,3.00000,3.25492,26.54740,-1.60209,0.00000
7.0500,705,240,0,0,0.01015,0.01106,0.02573,0.03032,1.50000,1.50000,0.00040,0.00278,0.34807,0.83365,1.00000,3.00000,2.30770,27.32942,-1.30209,0.00000
7.0600,706,240,0,0,0.00977,0.01153,0.02387,0.03265,1.49927,1.50000,0.00053,0.00401,0.35374,0.83908,1.00000,3.00000,1.36991,28.08872,-1.00209,0.00000
7.0700,707,240,0,0,0.00928,0.01250,0.02142,0.03750,1.49847,1.50000,0.00007,0.00217,0.35941,0.84451,1.00000,3.00000,0.44992,28.83712,-0.70209,0.00000
7.0800,708,240,0,0,0.00904,0.01298,0.02019,0.03990,1.49932,1.49840,0.00000,0.00190,0.36508,0.84995,1.00000,3.00000,-0.43457,29.57687,-0.40209,0.00000
7.0900,709,240,0,0,0.00858,0.01374,0.01791,0.04372,1.50000,1.49795,0.00000,0.00000,0.37075,0.85538,1.00000,3.00000,-1.30392,30.28896,-0.10209,0.30000
7.1000,710,240,0,0,0.00841,0.01400,0.01707,0.04501,1.50000,1.50000,0.00034,0.00000,0.37642,0.86082,1.00000,3.00000,-2.14746,30.98693,0.00000,0.60000
7.1100,711,240,0,0,0.00820,0.01444,0.01598,0.04720,1.50000,1.50000,0.00000,0.00000,0.38209,0.86625,1.00000,3.00000,-2.97108,31.67441,0.00000,0.90000
7.1200,712,240,0,0,0.00781,0.01475,0.01405,0.04873,1.50000,1.49715,0.00094,0.00000,0.38776,0.87169,1.00000,3.00000,-3.77407,32.35021,0.00000,1.00000
7.1300,713,240,0,0,0.00783,0.01464,0.01414,0.04819,1.50000,1.49971,0.00000,0.00000,0.39343,0.87712,1.00000,3.00000,-4.53267,32.99461,0.00000,1.00000
7.1400,714,240,0,0,0.00789,0.01524,0.01447,0.05122,1.50000,1.49700,0.00000,0.00000,0.39910,0.88256,1.00000,3.00000,-5.27547,33.62045,0.00000,1.00000
7.1500,715,240,0,0,0.00766,0.01531,0.01332,0.05157,1.50000,1.49739,0.00107,0.00000,0.40477,0.88799,1.00000,3.00000,-5.98558,34.24244,0.00000,1.00000
7.1600,716,240,0,0,0.00767,0.01551,0.01334,0.05254,1.50000,1.49871,0.00241,0.00000,0.41044,0.89342,1.00000,3.00000,-6.67804,34.83410,0.00000,1.00000
7.1700,717,240,0,0,0.00759,0.01524,0.01296,0.05121,1.50000,1.49896,0.00209,0.00000,0.41611,0.89886,1.00000,3.00000,-7.32943,35.40645,0.00000,1.00000
7.1800,718,240,0,0,0.00714,0.01508,0.01069,0.05039,1.50000,1.50000,0.00277,0.00000,0.42178,0.90429,2.00000,3.00000,-7.94826,35.94922,0.00000,1.00000
7.1900,719,240,0,0,0.00717,0.01469,0.01084,0.04844,1.50000,1.49494,0.00154,0.00000,0.42745,0.90973,2.00000,3.00000,-8.52922,36.47839,0.00000,1.00000
7.2000,720,240,0,0,0.00705,0.01473,0.01026,0.04867,1.50000,1.49576,0.00110,0.00000,0.43312,0.91516,2.00000,3.00000,-9.07743,36.98822,0.00000,1.00000
7.2100,721,240,0,0,0.00714,0.01442,0.01069,0.04710,1.50000,1.49608,0.00000,0.00189,0.43879,0.92060,2.00000,3.00000,-9.60119,37.47860,0.00000,1.00000
7.2200,722,240,0,0,0.00712,0.01406,0.01060,0.04529,1.49848,1.49790,0.00128,0.00393,0.44446,0.92603,2.00000,3.00000,-10.09739,37.93342,0.00000,1.00000
7.2300,723,240,0,0,0.00682,0.01386,0.00908,0.04429,1.49764,1.49817,0.00000,0.00159,0.45012,0.93146,2.00000,3.00000,-10.54187,38.37791,0.00000,1.00000
7.2400,724,240,0,0,0.00693,0.01352,0.00963,0.04260,1.49509,1.49798,0.00229,0.00362,0.45579,0.93690,2.00000,3.00000,-10.95551,38.78155,0.00000,1.00000
7.2500,725,240,0,0,0.00679,0.01304,0.00895,0.04022,1.49774,1.50000,0.00114,0.00022,0.46146,0.94233,2.00000,3.00000,-11.32553,39.16101,0.00000,1.00000
7.2600,726,240,0,0,0.00689,0.01208,0.00946,0.03539,1.50000,1.50000,0.00086,0.00138,0.46713,0.94777,2.00000,3.00000,-11.67114,39.52763,0.00000,1.00000
7.2700,727,240,0,0,0.00700,0.01141,0.00998,0.03204,1.49822,1.50000,0.00187,0.00019,0.47280,0.95320,2.00000,3.00000,-11.96825,39.85796,0.00000,1.00000
7.2800,728,240,0,0,0.00703,0.01074,0.01015,0.02868,1.49909,1.50000,0.00140,0.00000,0.47847,0.95864,2.00000,3.00000,-12.24205,40.15740,0.00000,1.00000
7.2900,729,240,0,0,0.00730,0.01052,0.01152,0.02760,1.49669,1.50000,0.00053,0.00000,0.48414,0.96407,2.00000,3.00000,-12.47419,40.43308,0.00000,1.00000
7.3000,730,240,0,0,0.00727,0.01015,0.01134,0.02574,1.47269,1.49884,0.00033,0.00155,0.48981,0.96951,2.00000,3.00000,-12.66388,40.68983,0.00000,1.00000
7.3100,731,240,0,0,0.00737,0.00945,0.01187,0.02226,1.42134,1.50000,0.00171,0.00263,0.49548,0.97494,2.00000,3.00000,-12.81464,40.91737,0.00000,1.00000
7.3200,732,240,0,0,0.00758,0.00914,0.01292,0.02070,1.34907,1.50000,0.00015,0.00226,0.50115,0.98037,2.00000,3.00000,-12.92210,41.10273,0.00000,1.00000
7.3300,733,240,0,0,0.00773,0.00857,0.01365,0.01784,1.25779,1.50000,0.00000,0.00186,0.50682,0.98581,2.00000,3.00000,-12.99698,41.26630,0.00000,1.00000
7.3400,734,240,0,0,0.00799,0.00842,0.01496,0.01710,1.15859,1.50000,0.00000,0.00222,0.51249,0.99124,2.00000,3.00000,-13.04444,41.40260,0.00000,1.00000
7.3500,735,240,0,0,0.00796,0.00792,0.01479,0.01460,1.04809,1.50000,0.00138,0.00211,0.51816,0.99668,2.00000,3.00000,-13.03027,41.50454,0.00000,1.00000
7.3600,736,240,0,0,0.00744,0.00803,0.01219,0.01514,0.93435,1.50000,0.00084,0.00242,0.52383,0.00220,2.00000,0.00000,-12.99593,41.58445,0.00000,0.70000
7.3700,737,240,0,0,0.00736,0.00811,0.01180,0.01556,0.81393,1.49851,0.00358,0.00209,0.52950,0.00787,2.00000,0.00000,-12.91416,41.63460,0.00000,0.40000
7.3800,738,240,0,0,0.00701,0.00855,0.01004,0.01776,0.69005,1.49652,0.00234,0.00290,0.53517,0.01354,2.00000,0.00000,-12.79729,41.65980,0.00000,0.10000
7.3900,739,240,0,0,0.00725,0.00870,0.01127,0.01848,0.56457,1.49437,0.00131,0.00000,0.54084,0.01921,2.00000,0.00000,-12.64554,41.65181,0.00000,0.00000
7.4000,740,240,0,0,0.00736,0.00859,0.01180,0.01793,0.43797,1.49677,0.00067,0.02123,0.54651,0.02488,2.00000,0.00000,-12.44978,41.60177,0.00000,0.00000
7.4100,741,240,0,0,0.00708,0.00886,0.01038,0.01929,0.31783,1.49772,0.00000,0.08544,0.55217,0.03055,2.00000,0.00000,-12.22144,41.52110,0.00000,0.00000
7.4200,742,240,0,0,0.00702,0.00866,0.01011,0.01831,0.23117,1.49607,0.00000,0.18524,0.55784,0.03622,2.00000,0.00000,-11.96045,41.41330,0.00000,0.00000
7.4300,743,240,0,0,0.00729,0.00872,0.01147,0.01860,0.16940,1.49991,0.00000,0.31039,0.56351,0.04189,2.00000,0.00000,-11.66875,41.26514,0.00000,0.00000
7.4400,744,240,0,0,0.00740,0.00917,0.01199,0.02083,0.12216,1.49992,0.00000,0.44824,0.56918,0.04756,2.00000,0.00000,-11.33214,41.09201,0.00000,-0.30000
7.4500,745,240,0,0,0.00731,0.00908,0.01155,0.02041,0.08860,1.50000,0.00000,0.59978,0.57485,0.05323,2.00000,1.00000,-10.95973,40.88179,0.00000,-0.60000
7.4600,746,240,0,0,0.00697,0.00964,0.00986,0.02319,0.06384,1.50000,0.00000,0.76129,0.58052,0.05890,2.00000,1.00000,-10.54775,40.63478,0.00000,-0.90000
7.4700,747,240,0,0,0.00722,0.01000,0.01112,0.02498,0.04432,1.50000,0.00129,0.92439,0.58619,0.06457,2.00000,1.00000,-10.10532,40.35732,0.00000,-1.20000
7.4800,748,240,0,0,0.00732,0.01069,0.01158,0.02843,0.03391,1.50000,0.00349,1.08112,0.59186,0.07024,2.00000,1.00000,-9.62979,40.06237,0.00000,-1.50000
7.4900,749,240,0,0,0.00717,0.01112,0.01085,0.03062,0.02631,1.49814,0.00459,1.19640,0.59753,0.07591,2.00000,1.00000,-9.12476,39.72440,0.00000,-1.80000
7.5000,750,240,0,0,0.00691,0.01198,0.00955,0.03491,0.02046,1.49684,0.00193,1.27476,0.60320,0.08158,3.00000,1.00000,-8.58177,39.36560,0.00000,-2.10000
7.5100,751,240,0,0,0.00682,0.01274,0.00911,0.03868,0.01256,1.49854,0.00059,1.33482,0.60887,0.08724,3.00000,1.00000,-7.99696,38.96199,0.00000,-2.23206
7.5200,752,240,0,0,0.00759,0.01381,0.01295,0.04405,0.00373,1.49841,0.00341,1.38185,0.61454,0.09291,3.00000,1.00000,-7.40161,38.53415,0.00000,-2.26429
7.5300,753,240,0,0,0.00765,0.01451,0.01323,0.04756,0.00414,1.49657,0.00287,1.41585,0.62021,0.09858,3.00000,1.00000,-6.75463,38.08810,0.00000,-2.28538
7.5400,754,240,0,0,0.00731,0.01508,0.01156,0.05040,0.00470,1.49245,0.00165,1.43950,0.62588,0.10425,3.00000,1.00000,-6.07600,37.59090,0.00000,-2.30238
7.5500,755,240,0,0,0.00720,0.01583,0.01101,0.05413,0.00377,1.46541,0.00238,1.45751,0.63155,0.10992,3.00000,1.00000,-5.37409,37.06352,0.00000,-2.32478
7.5600,756,240,0,0,0.00710,0.01634,0.01051,0.05669,0.00221,1.42268,0.00338,1.46950,0.63722,0.11559,3.00000,1.00000,-4.64838,36.52914,0.00000,-2.34013
7.5700,757,240,0,0,0.00747,0.01729,0.01237,0.06144,0.00222,1.36225,0.00152,1.47876,0.64289,0.12126,3.00000,1.00000,-3.89924,35.95375,0.00000,-2.36861
7.5800,758,240,0,0,0.00751,0.01819,0.01253,0.06596,0.00028,1.29536,0.00146,1.48406,0.64856,0.12693,3.00000,1.00000,-3.11483,35.35787,0.00000,-2.39575
7.5900,759,240,0,0,0.00732,0.01941,0.01161,0.07205,0.00057,1.22011,0.00258,1.48861,0.65422,0.13260,3.00000,1.00000,-2.30255,34.73316,0.00000,-2.43231
7.6000,760,240,0,0,0.00732,0.01974,0.01162,0.07371,0.00000,1.14195,0.00000,1.49069,0.65989,0.13827,3.00000,1.00000,-1.47975,34.08907,0.00000,-2.44223
7.6100,761,240,0,0,0.00709,0.02015,0.01047,0.07575,0.00000,1.05888,0.00081,1.49532,0.66556,0.14394,3.00000,1.00000,-0.62438,33.41357,0.00000,-2.45449
7.6200,762,240,0,0,0.00758,0.02044,0.01291,0.07718,0.00000,0.97193,0.03281,1.49910,0.67123,0.14961,3.00000,1.00000,0.24693,32.72046,0.00000,-2.46309
7.6300,763,240,0,0,0.00762,0.02084,0.01311,0.07919,0.00000,0.88272,0.08949,1.50000,0.67690,0.15528,3.00000,1.00000,1.14111,32.00832,0.00000,-2.47517
7.6400,764,240,0,0,0.00758,0.02115,0.01291,0.08077,0.00000,0.79105,0.16459,1.50000,0.68257,0.16095,3.00000,1.00000,2.06059,31.26576,0.00000,-2.48464
7.6500,765,240,0,0,0.00754,0.02124,0.01268,0.08120,0.00000,0.70081,0.25406,1.49880,0.68824,0.16662,3.00000,1.00000,2.99973,30.50587,0.00000,-2.48717
7.6600,766,240,0,0,0.00743,0.02147,0.01214,0.08233,0.00000,0.60827,0.35097,1.50000,0.69391,0.17229,3.00000,1.00000,3.96224,29.72901,0.00000,-2.49399
7.6700,767,240,0,0,0.00715,0.02114,0.01073,0.08071,0.00198,0.51636,0.45404,1.50000,0.69958,0.17796,3.00000,1.00000,4.93171,28.92765,0.00000,-2.48428
7.6800,768,240,0,0,0.00711,0.02111,0.01053,0.08057,0.00350,0.42353,0.56327,1.50000,0.70525,0.18363,3.00000,1.00000,5.91019,28.11587,0.00000,-2.48344
7.6900,769,240,0,0,0.00752,0.02083,0.01261,0.07913,0.00000,0.33003,0.67387,1.50000,0.71092,0.18929,3.00000,1.00000,6.90972,27.29024,0.00000,-2.47479
7.7000,770,240,0,0,0.00742,0.02031,0.01211,0.07653,0.00000,0.23787,0.79001,1.50000,0.71659,0.19496,3.00000,1.00000,7.92230,26.44532,0.00000,-2.45918
7.7100,771,240,0,0,0.00770,0.01965,0.01352,0.07327,0.00070,0.17349,0.90874,1.49888,0.72226,0.20063,3.00000,1.00000,8.95065,25.58679,0.00000,-2.43964
7.7200,772,240,0,0,0.00755,0.01956,0.01274,0.07282,0.00002,0.12676,1.02622,1.50000,0.72793,0.20630,3.00000,1.00000,9.97025,24.71622,0.00000,-2.43692
7.7300,773,240,0,0,0.00753,0.01856,0.01267,0.06781,0.00000,0.09139,1.14456,1.50000,0.73360,0.21197,3.00000,1.00000,11.01522,23.82956,0.00000,-2.40686
7.7400,774,240,0,0,0.00722,0.01785,0.01110,0.06425,0.00000,0.06287,1.24249,1.50000,0.73927,0.21764,3.00000,1.00000,12.06334,22.93987,0.00000,-2.38552
7.7500,775,240,0,0,0.00706,0.01688,0.01028,0.05939,0.00000,0.04389,1.30966,1.50000,0.74494,0.22331,3.00000,1.00000,13.11139,22.04283,0.00000,-2.35636
7.7600,776,240,0,0,0.00724,0.01651,0.01118,0.05754,0.00000,0.03246,1.36265,1.50000,0.75061,0.22898,3.00000,1.00000,14.18131,21.12442,0.00000,-2.34523
7.7700,777,240,0,0,0.00759,0.01583,0.01294,0.05415,0.00096,0.02403,1.40535,1.50000,0.75627,0.23465,3.00000,1.00000,15.23254,20.20487,0.00000,-2.32488
7.7800,778,240,0,0,0.00775,0.01479,0.01373,0.04897,0.00000,0.01692,1.43106,1.50000,0.76194,0.24032,3.00000,1.00000,16.29996,19.27445,0.00000,-2.29381
7.7900,779,240,0,0,0.00748,0.01412,0.01242,0.04558,0.00000,0.00977,1.44974,1.50000,0.76761,0.24599,3.00000,1.00000,17.36581,18.34284,0.00000,-2.27347
7.8000,780,240,0,0,0.00745,0.01340,0.01226,0.04198,0.00000,0.00765,1.46472,1.50000,0.77328,0.25166,3.00000,1.00000,18.43066,17.41340,0.00000,-2.25185
7.8100,781,240,0,0,0.00755,0.01255,0.01274,0.03773,0.00000,0.00487,1.47708,1.50000,0.77895,0.25733,3.00000,1.00000,19.49164,16.47328,0.00000,-2.22637
7.8200,782,240,0,0,0.00815,0.01207,0.01574,0.03534,0.00130,0.00623,1.48496,1.50000,0.78462,0.26300,3.00000,1.00000,20.56600,15.51910,0.00000,-2.21203
7.8300,783,240,0,0,0.00862,0.01152,0.01809,0.03258,0.00122,0.00156,1.48554,1.50000,0.79029,0.26867,3.00000,1.00000,21.61208,14.58018,0.00000,-2.19545
7.8400,784,240,0,0,0.00849,0.01097,0.01747,0.02983,0.00000,0.00151,1.49042,1.50000,0.79596,0.27434,3.00000,1.00000,22.65439,13.64548,0.00000,-2.17900
7.8500,785,240,0,0,0.00891,0.01042,0.01954,0.02709,0.00000,0.00000,1.49727,1.50000,0.80163,0.28001,3.00000,1.00000,23.69345,12.70302,0.00000,-2.16252
7.8600,786,240,0,0,0.00897,0.01004,0.01986,0.02521,0.00000,0.00000,1.49904,1.50000,0.80730,0.28568,3.00000,1.00000,24.73575,11.77129,0.00000,-2.15123
7.8700,787,240,0,0,0.00981,0.00966,0.02404,0.02328,0.00000,0.00000,1.49167,1.49997,0.81297,0.29134,3.00000,1.00000,25.75601,10.83351,0.00000,-2.13965
7.8800,788,240,0,0,0.01046,0.00928,0.02731,0.02140,0.00000,0.00000,1.48104,1.49966,0.81864,0.29701,3.00000,1.00000,26.77370,9.89859,0.00000,-2.12840
7.8900,789,240,0,0,0.01056,0.00881,0.02780,0.01903,0.00000,0.00000,1.46311,1.49964,0.82431,0.30268,3.00000,1.00000,27.76658,8.98169,0.00000,-2.11420
7.9000,790,240,0,0,0.01137,0.00894,0.03183,0.01968,0.00049,0.00150,1.44659,1.50000,0.82998,0.30835,3.00000,1.00000,28.76006,8.06160,0.00000,-2.11805
7.9100,791,240,0,0,0.01156,0.00840,0.03278,0.01698,0.00000,0.00177,1.42336,1.50000,0.83565,0.31402,3.00000,1.00000,29.72367,7.16118,0.00000,-2.10187
7.9200,792,240,0,0,0.01227,0.00830,0.03633,0.01651,0.00000,0.00277,1.40054,1.50000,0.84132,0.31969,3.00000,1.00000,30.67187,6.27874,0.30000,-2.09907
7.9300,793,240,0,0,0.01276,0.00805,0.03880,0.01525,0.00000,0.00489,1.37481,1.50000,0.84699,0.32536,3.00000,1.00000,31.60944,5.38739,0.60000,-2.09151
7.9400,794,240,0,0,0.01311,0.00831,0.04057,0.01654,0.00000,0.00170,1.34899,1.50000,0.85265,0.33103,3.00000,1.00000,32.53504,4.51476,0.90000,-1.79151
7.9500,795,240,0,0,0.01349,0.00790,0.04246,0.01449,0.00000,0.00086,1.32595,1.50000,0.85832,0.33670,3.00000,1.00000,33.42844,3.65812,1.00000,-1.49151
7.9600,796,240,0,0,0.01397,0.00763,0.04485,0.01314,0.00000,0.00000,1.29930,1.50000,0.86399,0.34237,3.00000,1.00000,34.30366,2.82184,1.00000,-1.19151
7.9700,797,240,0,0,0.01474,0.00737,0.04872,0.01187,0.00000,0.00040,1.27123,1.50000,0.86966,0.34804,3.00000,1.00000,35.14417,1.99845,1.00000,-0.89151
7.9800,798,240,0,0,0.01501,0.00747,0.05003,0.01233,0.00000,0.00000,1.24224,1.50000,0.87533,0.35371,3.00000,1.00000,35.97849,1.20107,1.00000,-0.59151
7.9900,799,240,0,0,0.01519,0.00716,0.05094,0.01079,0.00041,0.00000,1.21236,1.50000,0.88100,0.35938,3.00000,1.00000,36.78776,0.41610,1.00000,-0.29151
8.0000,800,240,0,0,0.01513,0.00713,0.05064,0.01064,0.00022,0.00000,1.18572,1.49987,0.88667,0.36505,3.00000,1.00000,37.58063,-0.35407,1.00000,0.00000
8.0100,801,240,0,0,0.01550,0.00674,0.05249,0.00868,0.00000,0.00000,1.16862,1.49903,0.89234,0.37072,3.00000,1.00000,38.33518,-1.10680,1.00000,0.00000
8.0200,802,240,0,0,0.01551,0.00697,0.05255,0.00987,0.00000,0.00000,1.15762,1.49927,0.89801,0.37639,3.00000,1.00000,39.06859,-1.83722,1.00000,0.00000
8.0300,803,240,0,0,0.01544,0.00698,0.05220,0.00992,0.00000,0.00000,1.14711,1.50000,0.90368,0.38206,3.00000,1.00000,39.77387,-2.55307,1.00000,0.00000
8.0400,804,240,0,0,0.01505,0.00677,0.05025,0.00887,0.00250,0.00000,1.14297,1.50000,0.90935,0.38773,3.00000,1.00000,40.44188,-3.23525,1.00000,0.00000
8.0500,805,240,0,0,0.01471,0.00718,0.04855,0.01092,0.00258,0.00000,1.13621,1.50000,0.91502,0.39339,3.00000,1.00000,41.07413,-3.90613,1.00000,0.00000
8.0600,806,240,0,0,0.01430,0.00696,0.04650,0.00979,0.00061,0.00000,1.13208,1.49982,0.92069,0.39906,3.00000,1.00000,41.68871,-4.54012,1.00000,0.00000
8.0700,807,240,0,0,0.01371,0.00725,0.04353,0.01127,0.00000,0.00000,1.12771,1.50000,0.92636,0.40473,3.00000,1.00000,42.27010,-5.14860,1.00000,0.00000
8.0800,808,240,0,0,0.01331,0.00714,0.04156,0.01070,0.00000,0.00000,1.12793,1.50000,0.93203,0.41040,3.00000,1.00000,42.81778,-5.73820,1.00000,0.00000
8.0900,809,240,0,0,0.01277,0.00756,0.03885,0.01281,0.00000,0.00000,1.12991,1.49820,0.93770,0.41607,3.00000,1.00000,43.33439,-6.30304,1.00000,0.00000
8.1000,810,240,0,0,0.01223,0.00768,0.03616,0.01341,0.00000,0.00000,1.12501,1.49986,0.94337,0.42174,3.00000,2.00000,43.82452,-6.83663,1.00000,0.00000
8.1100,811,240,0,0,0.01212,0.00738,0.03562,0.01192,0.00030,0.00000,1.12377,1.50000,0.94904,0.42741,3.00000,2.00000,44.26415,-7.36041,1.00000,0.00000
8.1200,812,240,0,0,0.01141,0.00719,0.03203,0.01094,0.00000,0.00000,1.12552,1.49716,0.95470,0.43308,3.00000,2.00000,44.66687,-7.83358,1.00000,0.00000
8.1300,813,240,0,0,0.01096,0.00738,0.02981,0.01189,0.00204,0.00000,1.12234,1.49659,0.96037,0.43875,3.00000,2.00000,45.04137,-8.28116,0.70000,0.00000
8.1400,814,240,0,0,0.01077,0.00733,0.02884,0.01164,0.00158,0.00000,1.12333,1.49734,0.96604,0.44442,3.00000,2.00000,45.37789,-8.69896,0.40000,0.00000
8.1500,815,240,0,0,0.01017,0.00731,0.02585,0.01155,0.00000,0.00000,1.12513,1.49927,0.97171,0.45009,3.00000,2.00000,45.68650,-9.08266,0.10000,0.00000
8.1600,816,240,0,0,0.00958,0.00761,0.02288,0.01307,0.00000,0.00000,1.12456,1.49863,0.97738,0.45576,3.00000,2.00000,45.94854,-9.44122,0.00000,0.00000
8.1700,817,240,0,0,0.00952,0.00739,0.02258,0.01195,0.00000,0.00000,1.12492,1.49764,0.98305,0.46143,3.00000,2.00000,46.18725,-9.77419,0.00000,0.00000
8.1800,818,240,0,0,0.00940,0.00741,0.02199,0.01207,0.00034,0.00000,1.12717,1.49948,0.98872,0.46710,3.00000,2.00000,46.37996,-10.06830,0.00000,0.00000
8.1900,819,240,0,0,0.00895,0.00762,0.01974,0.01309,0.00000,0.00169,1.12911,1.49885,0.99439,0.47277,3.00000,2.00000,46.54019,-10.32948,0.00000,0.00000
8.2000,820,240,0,0,0.01114,0.00774,0.03071,0.01368,0.00034,0.00000,1.12722,1.50000,0.00006,0.47844,0.00000,2.00000,46.64824,-10.55851,0.00000,0.00000
8.2100,821,240,0,0,0.01293,0.00761,0.03964,0.01305,0.00000,0.01596,1.12507,1.49821,0.00603,0.48411,0.00000,2.00000,46.73417,-10.75505,0.00000,0.00000
8.2200,822,240,0,0,0.01487,0.00749,0.04936,0.01244,0.00185,0.08092,1.12288,1.49648,0.01200,0.48978,0.00000,2.00000,46.77937,-10.91424,0.00000,0.00000
8.2300,823,240,0,0,0.01640,0.00708,0.05700,0.01042,0.00221,0.18149,1.12440,1.49869,0.01796,0.49544,0.00000,2.00000,46.77280,-11.05352,0.00000,0.00000
8.2400,824,240,0,0,0.01768,0.00694,0.06340,0.00969,0.00056,0.30077,1.12165,1.49946,0.02393,0.50111,0.00000,2.00000,46.72350,-11.15055,0.00000,0.00000
8.2500,825,240,0,0,0.01902,0.00713,0.07009,0.01067,0.00107,0.44299,1.12149,1.50000,0.02990,0.50678,0.00000,2.00000,46.64822,-11.20738,0.00000,0.00000
8.2600,826,240,0,0,0.02002,0.00718,0.07509,0.01089,0.00304,0.59795,1.12195,1.49994,0.03586,0.51245,0.00000,2.00000,46.53685,-11.24691,0.00000,0.00000
8.2700,827,240,0,0,0.02136,0.00725,0.08180,0.01127,0.00474,0.76366,1.12130,1.49865,0.04183,0.51812,0.00000,2.00000,46.38479,-11.23607,0.00000,0.00000
8.2800,828,240,0,0,0.02281,0.00752,0.08906,0.01261,0.00229,0.93313,1.12211,1.50000,0.04780,0.52379,0.00000,2.00000,46.18966,-11.19259,-0.30000,0.00000
8.2900,829,240,0,0,0.02396,0.00723,0.09481,0.01114,0.00198,1.08891,1.11371,1.49841,0.05376,0.52946,1.00000,2.00000,45.95019,-11.10936,-0.60000,0.00000
8.3000,830,240,0,0,0.02521,0.00722,0.10103,0.01112,0.00151,1.20047,1.06996,1.50000,0.05973,0.53513,1.00000,2.00000,45.66925,-10.99075,-0.90000,0.00000
8.3100,831,240,0,0,0.02635,0.00731,0.10675,0.01157,0.00000,1.27853,1.00445,1.50000,0.06570,0.54080,1.00000,2.00000,45.35616,-10.82897,-1.20000,0.00000
8.3200,832,240,0,0,0.02743,0.00718,0.11217,0.01091,0.00000,1.33866,0.92601,1.50000,0.07166,0.54647,1.00000,2.00000,45.02007,-10.61840,-1.50000,0.00000
8.3300,833,240,0,0,0.02913,0.00756,0.12066,0.01278,0.00000,1.38184,0.83454,1.50000,0.07763,0.55214,1.00000,2.00000,44.62760,-10.39008,-1.80000,0.00000
8.3400,834,240,0,0,0.03035,0.00771,0.12677,0.01356,0.00000,1.41599,0.73685,1.49966,0.08360,0.55781,1.00000,2.00000,44.20229,-10.12112,-2.10000,0.00000
8.3500,835,240,0,0,0.03124,0.00769,0.13122,0.01345,0.00000,1.44031,0.63058,1.49941,0.08956,0.56348,1.00000,2.00000,43.73554,-9.81380,-2.40000,0.00000
8.3600,836,240,0,0,0.03213,0.00800,0.13567,0.01502,0.00000,1.45541,0.51949,1.49745,0.09553,0.56915,1.00000,2.00000,43.24153,-9.45136,-2.70000,0.00000
8.3700,837,240,0,0,0.03376,0.00751,0.14382,0.01255,0.00000,1.46632,0.40305,1.49656,0.10150,0.57482,1.00000,2.00000,42.70789,-9.06767,-2.86293,0.00000
8.3800,838,240,0,0,0.03478,0.00748,0.14889,0.01239,0.00000,1.47651,0.29005,1.49856,0.10746,0.58049,1.00000,2.00000,42.13652,-8.64454,-2.89334,0.00000
8.3900,839,240,0,0,0.03584,0.00754,0.15421,0.01269,0.00000,1.48130,0.20762,1.50000,0.11343,0.58616,1.00000,2.00000,41.52969,-8.18779,-2.92526,0.00000
8.4000,840,240,0,0,0.03648,0.00730,0.15741,0.01150,0.00000,1.48656,0.15140,1.49829,0.11940,0.59182,1.00000,2.00000,40.91283,-7.69826,-2.94446,0.00000
8.4100,841,240,0,0,0.03724,0.00739,0.16120,0.01196,0.00312,1.48927,0.10771,1.49987,0.12536,0.59749,1.00000,2.00000,40.23125,-7.16903,-2.96719,0.00000
8.4200,842,240,0,0,0.03715,0.00715,0.16076,0.01076,0.00426,1.49142,0.08029,1.50000,0.13133,0.60316,1.00000,3.00000,39.52360,-6.59127,-2.96454,0.00000
8.4300,843,240,0,0,0.03795,0.00737,0.16477,0.01186,0.00315,1.49521,0.05836,1.50000,0.13729,0.60883,1.00000,3.00000,38.79660,-5.99024,-2.98859,0.00000
8.4400,844,240,0,0,0.03843,0.00761,0.16713,0.01305,0.00221,1.49643,0.04198,1.50000,0.14326,0.61450,1.00000,3.00000,38.03968,-5.37041,-3.00276,0.00000
8.4500,845,240,0,0,0.03852,0.00761,0.16759,0.01306,0.00466,1.49820,0.02910,1.50000,0.14923,0.62017,1.00000,3.00000,37.26025,-4.70828,-3.00553,0.00000
8.4600,846,240,0,0,0.03897,0.00715,0.16987,0.01074,0.00264,1.50000,0.02215,1.48176,0.15519,0.62584,1.00000,3.00000,36.44148,-4.02390,-3.01922,0.00000
8.4700,847,240,0,0,0.03910,0.00701,0.17052,0.01003,0.00484,1.50000,0.01477,1.44124,0.16116,0.63151,1.00000,3.00000,35.60600,-3.31283,-3.02311,0.00000
8.4800,848,240,0,0,0.03878,0.00724,0.16891,0.01119,0.02254,1.50000,0.00911,1.38286,0.16713,0.63718,1.00000,3.00000,34.72926,-2.55458,-3.01344,0.00000
8.4900,849,240,0,0,0.03852,0.00729,0.16759,0.01143,0.07126,1.50000,0.00856,1.31717,0.17309,0.64285,1.00000,3.00000,33.83877,-1.76958,-3.00552,0.00000
8.5000,850,240,0,0,0.03815,0.00673,0.16577,0.00864,0.13611,1.50000,0.00680,1.24437,0.17906,0.64852,1.00000,3.00000,32.92220,-0.95982,-2.99464,0.00000
8.5100,851,240,0,0,0.03813,0.00718,0.16563,0.01092,0.21353,1.50000,0.00455,1.16596,0.18503,0.65419,1.00000,3.00000,31.98404,-0.13332,-2.99375,0.00000
8.5200,852,240,0,0,0.03742,0.00727,0.16211,0.01137,0.29941,1.50000,0.00436,1.08492,0.19099,0.65986,1.00000,3.00000,31.04109,0.72141,-2.97264,0.00000
8.5300,853,240,0,0,0.03638,0.00713,0.15691,0.01064,0.39516,1.49946,0.00318,1.00116,0.19696,0.66553,1.00000,3.00000,30.07850,1.60579,-2.94147,0.00000
8.5400,854,240,0,0,0.03576,0.00742,0.15381,0.01211,0.49478,1.49833,0.00294,0.91472,0.20293,0.67120,1.00000,3.00000,29.10071,2.51019,-2.92285,0.00000
8.5500,855,240,0,0,0.03500,0.00727,0.15001,0.01134,0.59995,1.49685,0.00079,0.82579,0.20889,0.67687,1.00000,3.00000,28.09534,3.43192,-2.90004,0.00000
8.5600,856,240,0,0,0.03444,0.00715,0.14719,0.01077,0.70804,1.49717,0.00398,0.73507,0.21486,0.68254,1.00000,3.00000,27.08493,4.36862,-2.88315,0.00000
8.5700,857,240,0,0,0.03358,0.00730,0.14290,0.01150,0.81659,1.49571,0.00194,0.64698,0.22083,0.68821,1.00000,3.00000,26.05233,5.33682,-2.85741,0.00000
8.5800,858,240,0,0,0.03242,0.00772,0.13711,0.01360,0.92596,1.49376,0.00396,0.55656,0.22679,0.69387,1.00000,3.00000,25.01194,6.32779,-2.82266,0.00000
8.5900,859,240,0,0,0.03135,0.00799,0.13176,0.01496,1.03986,1.49546,0.00257,0.46343,0.23276,0.69954,1.00000,3.00000,23.95925,7.32127,-2.79058,0.00000
8.6000,860,240,0,0,0.02991,0.00791,0.12457,0.01456,1.15291,1.49810,0.00319,0.37193,0.23873,0.70521,1.00000,3.00000,22.90437,8.34246,-2.74742,0.00000
8.6100,861,240,0,0,0.02875,0.00788,0.11877,0.01440,1.24389,1.50000,0.00352,0.27772,0.24469,0.71088,1.00000,3.00000,21.84552,9.37503,-2.71261,0.00000
8.6200,862,240,0,0,0.02754,0.00793,0.11268,0.01466,1.31404,1.50000,0.00444,0.20174,0.25066,0.71655,1.00000,3.00000,20.77387,10.42247,-2.67606,0.00000
8.6300,863,240,0,0,0.02659,0.00753,0.10793,0.01263,1.36518,1.50000,0.00185,0.14619,0.25663,0.72222,1.00000,3.00000,19.70643,11.48134,-2.64757,0.00000
8.6400,864,240,0,0,0.02506,0.00765,0.10030,0.01326,1.40051,1.50000,0.00311,0.10522,0.26259,0.72789,1.00000,3.00000,18.63019,12.54114,-2.60177,0.00000
8.6500,865,240,0,0,0.02400,0.00745,0.09498,0.01225,1.42802,1.49991,0.00529,0.07902,0.26856,0.73356,1.00000,3.00000,17.54492,13.60663,-2.56987,0.00000
8.6600,866,240,0,0,0.02312,0.00755,0.09058,0.01273,1.44255,1.49932,0.00342,0.05548,0.27453,0.73923,1.00000,3.00000,16.45960,14.68835,-2.54349,0.00000
8.6700,867,240,0,0,0.02177,0.00751,0.08385,0.01256,1.44932,1.50000,0.00254,0.04145,0.28049,0.74490,1.00000,3.00000,15.38484,15.78445,-2.50310,0.00000
8.6800,868,240,0,0,0.02072,0.00767,0.07862,0.01333,1.45273,1.49916,0.00098,0.03370,0.28646,0.75057,1.00000,3.00000,14.31697,16.87571,-2.47171,0.00000
8.6900,869,240,0,0,0.01990,0.00772,0.07452,0.01359,1.44657,1.50000,0.00015,0.02624,0.29243,0.75624,1.00000,3.00000,13.25812,17.97042,-2.44709,0.00000
8.7000,870,240,0,0,0.01916,0.00709,0.07082,0.01045,1.43711,1.50000,0.00292,0.01900,0.29839,0.76191,1.00000,3.00000,12.19135,19.06187,-2.42495,0.00000
8.7100,871,240,0,0,0.01815,0.00739,0.06577,0.01194,1.42261,1.50000,0.00047,0.01194,0.30436,0.76758,1.00000,3.00000,11.14932,20.17590,-2.39460,0.00000
8.7200,872,240,0,0,0.01752,0.00775,0.06259,0.01377,1.40810,1.49981,0.00000,0.00643,0.31033,0.77325,1.00000,3.00000,10.11034,21.28047,-2.37555,0.00000
8.7300,873,240,0,0,0.01633,0.00804,0.05666,0.01519,1.39523,1.50000,0.00177,0.00400,0.31629,0.77892,1.00000,3.00000,9.07837,22.38139,-2.33997,0.00000
8.7400,874,240,0,0,0.01537,0.00820,0.05184,0.01598,1.37762,1.50000,0.00231,0.00177,0.32226,0.78459,1.00000,3.00000,8.06383,23.47909,-2.31102,0.00000
8.7500,875,240,0,0,0.01447,0.00878,0.04734,0.01889,1.36373,1.50000,0.00516,0.00011,0.32823,0.79026,1.00000,3.00000,7.05949,24.56889,-2.28405,0.00000
8.7600,876,240,0,0,0.01396,0.00901,0.04480,0.02004,1.34029,1.49631,0.00301,0.00000,0.33419,0.79592,1.00000,3.00000,6.07024,25.64791,-2.26881,0.00000
8.7700,877,240,0,0,0.01298,0.00931,0.03990,0.02156,1.32264,1.49900,0.00239,0.00000,0.34016,0.80159,1.00000,3.00000,5.10497,26.72096,-2.23943,0.00000
8.7800,878,240,0,0,0.01231,0.00979,0.03657,0.02396,1.30447,1.49760,0.00065,0.00043,0.34612,0.80726,1.00000,3.00000,4.15824,27.78435,-1.93943,0.00000
8.7900,879,240,0,0,0.01146,0.01013,0.03231,0.02563,1.28340,1.49749,0.00071,0.00000,0.35209,0.81293,1.00000,3.00000,3.22740,28.85513,-1.63943,0.00000
8.8000,880,240,0,0,0.01098,0.01024,0.02991,0.02619,1.26709,1.49728,0.00000,0.00000,0.35806,0.81860,1.00000,3.00000,2.32090,29.89898,-1.33943,0.00000
8.8100,881,240,0,0,0.01086,0.01014,0.02930,0.02568,1.24850,1.49813,0.00000,0.00000,0.36402,0.82427,1.00000,3.00000,1.42922,30.92455,-1.03943,0.30000
8.8200,882,240,0,0,0.01036,0.01065,0.02682,0.02824,1.22696,1.49569,0.00008,0.00000,0.36999,0.82994,1.00000,3.00000,0.55539,31.94266,-0.73943,0.60000
8.8300,883,240,0,0,0.01044,0.01145,0.02719,0.03225,1.20934,1.49901,0.00000,0.00174,0.37596,0.83561,1.00000,3.00000,-0.29042,32.93699,-0.43943,0.90000
8.8400,884,240,0,0,0.01033,0.01194,0.02665,0.03470,1.18943,1.49902,0.00000,0.00164,0.38192,0.84128,1.00000,3.00000,-1.10739,33.93036,-0.13943,1.00000
8.8500,885,240,0,0,0.00981,0.01270,0.02405,0.03848,1.17400,1.49984,0.00000,0.00000,0.38789,0.84695,1.00000,3.00000,-1.89590,34.89156,0.00000,1.00000
8.8600,886,240,0,0,0.00897,0.01323,0.01984,0.04117,1.16446,1.50000,0.00000,0.00000,0.39386,0.85262,1.00000,3.00000,-2.65580,35.84143,0.00000,1.00000
8.8700,887,240,0,0,0.00865,0.01399,0.01824,0.04494,1.15773,1.50000,0.00000,0.00063,0.39982,0.85829,1.00000,3.00000,-3.38650,36.77332,0.00000,1.00000
8.8800,888,240,0,0,0.00855,0.01428,0.01775,0.04640,1.15180,1.50000,0.00000,0.00025,0.40579,0.86396,1.00000,3.00000,-4.08286,37.67854,0.00000,1.00000
8.8900,889,240,0,0,0.00868,0.01473,0.01840,0.04864,1.14825,1.50000,0.00292,0.00000,0.41176,0.86963,1.00000,3.00000,-4.75000,38.55943,0.00000,1.00000
8.9000,890,240,0,0,0.00864,0.01510,0.01818,0.05050,1.14625,1.50000,0.00456,0.00157,0.41772,0.87530,1.00000,3.00000,-5.38640,39.41642,0.00000,1.00000
8.9100,891,240,0,0,0.00824,0.01560,0.01622,0.05299,1.13865,1.50000,0.00084,0.00000,0.42369,0.88097,2.00000,3.00000,-6.00153,40.24849,0.00000,1.00000
8.9200,892,240,0,0,0.00820,0.01524,0.01598,0.05119,1.13989,1.50000,0.00000,0.00064,0.42966,0.88664,2.00000,3.00000,-6.57679,41.05208,0.00000,1.00000
8.9300,893,240,0,0,0.00772,0.01520,0.01359,0.05100,1.13746,1.50000,0.00049,0.00079,0.43562,0.89231,2.00000,3.00000,-7.11736,41.83034,0.00000,1.00000
8.9400,894,240,0,0,0.00748,0.01538,0.01238,0.05191,1.13435,1.50000,0.00024,0.00156,0.44159,0.89797,2.00000,3.00000,-7.61726,42.59167,0.00000,1.00000
8.9500,895,240,0,0,0.00724,0.01557,0.01120,0.05284,1.13596,1.50000,0.00000,0.00394,0.44756,0.90364,2.00000,3.00000,-8.08174,43.31278,0.00000,1.00000
8.9600,896,240,0,0,0.00753,0.01530,0.01267,0.05148,1.13619,1.50000,0.00000,0.00378,0.45352,0.90931,2.00000,3.00000,-8.50395,44.00080,0.00000,1.00000
8.9700,897,240,0,0,0.00750,0.01484,0.01252,0.04922,1.13281,1.49979,0.00000,0.00183,0.45949,0.91498,2.00000,3.00000,-8.89949,44.66088,0.00000,1.00000
8.9800,898,240,0,0,0.00757,0.01460,0.01284,0.04799,1.13257,1.50000,0.00265,0.00315,0.46546,0.92065,2.00000,3.00000,-9.26063,45.29875,0.00000,0.70000
8.9900,899,240,0,0,0.00777,0.01429,0.01385,0.04644,1.13526,1.49931,0.00151,0.00125,0.47142,0.92632,2.00000,3.00000,-9.57639,45.89983,0.00000,0.40000
9.0000,900,240,0,0,0.00757,0.01364,0.01286,0.04318,1.13328,1.49978,0.00302,0.00117,0.47739,0.93199,2.00000,3.00000,-9.84564,46.46623,0.00000,0.10000
9.0100,901,240,0,0,0.00736,0.01316,0.01179,0.04078,1.13397,1.50000,0.00011,0.00000,0.48336,0.93766,2.00000,3.00000,-10.07997,46.99377,0.00000,0.00000
9.0200,902,240,0,0,0.00724,0.01284,0.01119,0.03922,1.13152,1.50000,0.00000,0.00000,0.48932,0.94333,2.00000,3.00000,-10.28375,47.49213,0.00000,0.00000
9.0300,903,240,0,0,0.00744,0.01263,0.01222,0.03815,1.13383,1.50000,0.00002,0.00000,0.49529,0.94900,2.00000,3.00000,-10.42835,47.94798,0.00000,0.00000
9.0400,904,240,0,0,0.00745,0.01209,0.01224,0.03545,1.13721,1.50000,0.00179,0.00000,0.50126,0.95467,2.00000,3.00000,-10.55320,48.37147,0.00000,0.00000
9.0500,905,240,0,0,0.00740,0.01143,0.01200,0.03213,1.13576,1.50000,0.00000,0.00000,0.50722,0.96034,2.00000,3.00000,-10.63240,48.76572,0.00000,0.00000
9.0600,906,240,0,0,0.00749,0.01082,0.01243,0.02908,1.13198,1.50000,0.00000,0.00000,0.51319,0.96601,2.00000,3.00000,-10.66836,49.12103,0.00000,0.00000
9.0700,907,240,0,0,0.00754,0.01041,0.01268,0.02706,1.13107,1.50000,0.00000,0.00000,0.51916,0.97168,2.00000,3.00000,-10.65910,49.42786,0.00000,0.00000
9.0800,908,240,0,0,0.00739,0.00989,0.01193,0.02446,1.13234,1.50000,0.00000,0.00029,0.52512,0.97735,2.00000,3.00000,-10.61801,49.69971,0.00000,0.00000
9.0900,909,240,0,0,0.00741,0.00951,0.01203,0.02256,1.13231,1.50000,0.00000,0.00000,0.53109,0.98302,2.00000,3.00000,-10.52859,49.94007,0.00000,0.00000
9.1000,910,240,0,0,0.00752,0.00891,0.01261,0.01953,1.13378,1.50000,0.00000,0.00000,0.53706,0.98869,2.00000,3.00000,-10.39650,50.15038,0.00000,0.00000
9.1100,911,240,0,0,0.00752,0.00894,0.01262,0.01968,1.13515,1.50000,0.00000,0.00000,0.54302,0.99436,2.00000,3.00000,-10.22166,50.29932,0.00000,0.00000
9.1200,912,240,0,0,0.00726,0.00909,0.01130,0.02044,1.13343,1.50000,0.00000,0.11435,0.54899,0.00003,2.00000,0.00000,-10.01973,50.42485,0.00000,0.00000
9.1300,913,240,0,0,0.00706,0.00952,0.01031,0.02258,1.13232,1.49927,0.00000,0.25559,0.55496,0.00599,2.00000,0.00000,-9.76801,50.50159,0.00000,0.00000
9.1400,914,240,0,0,0.00721,0.01013,0.01105,0.02563,1.13242,1.50000,0.00076,0.40966,0.56092,0.01196,2.00000,0.00000,-9.47606,50.54541,0.00000,0.00000
9.1500,915,240,0,0,0.00729,0.01120,0.01145,0.03098,1.13330,1.50000,0.00067,0.57489,0.56689,0.01793,2.00000,0.00000,-9.14495,50.55214,0.00000,0.00000
9.1600,916,240,0,0,0.00730,0.01169,0.01150,0.03343,1.12955,1.50000,0.00000,0.74970,0.57285,0.02389,2.00000,0.00000,-8.77077,50.51959,0.00000,0.00000
9.1700,917,240,0,0,0.00708,0.01226,0.01040,0.03631,1.13346,1.50000,0.00000,0.92761,0.57882,0.02986,2.00000,0.00000,-8.35433,50.44769,0.00000,0.00000
9.1800,918,240,0,0,0.00755,0.01301,0.01273,0.04006,1.13465,1.50000,0.00000,1.08220,0.58479,0.03583,2.00000,0.00000,-7.89378,50.34037,0.00000,0.00000
9.1900,919,240,0,0,0.00764,0.01438,0.01320,0.04691,1.11517,1.49995,0.00000,1.19725,0.59075,0.04179,2.00000,0.00000,-7.39846,50.19103,0.00000,0.00000
9.2000,920,240,0,0,0.00763,0.01478,0.01317,0.04888,1.07005,1.49609,0.00000,1.27833,0.59672,0.04776,2.00000,0.00000,-6.87335,49.99880,0.00000,-0.30000
9.2100,921,240,0,0,0.00770,0.01587,0.01349,0.05436,1.00685,1.49600,0.00000,1.33721,0.60269,0.05372,3.00000,1.00000,-6.30879,49.78264,0.00000,-0.60000
9.2200,922,240,0,0,0.00744,0.01794,0.01220,0.06470,0.92956,1.49596,0.00247,1.38316,0.60865,0.05969,3.00000,1.00000,-5.70780,49.52664,0.00000,-0.90000
9.2300,923,240,0,0,0.00726,0.01946,0.01128,0.07232,0.84041,1.49674,0.00164,1.41601,0.61462,0.06566,3.00000,1.00000,-5.07118,49.23247,0.00000,-1.20000
9.2400,924,240,0,0,0.00708,0.02072,0.01040,0.07862,0.74588,1.49717,0.00113,1.43694,0.62059,0.07162,3.00000,1.00000,-4.39930,48.88729,0.00000,-1.50000
9.2500,925,240,0,0,0.00706,0.02243,0.01029,0.08717,0.64345,1.50000,0.00187,1.45319,0.62655,0.07759,3.00000,1.00000,-3.69411,48.51863,0.00000,-1.80000
9.2600,926,240,0,0,0.00719,0.02429,0.01094,0.09646,0.54242,1.50000,0.00000,1.46452,0.63252,0.08356,3.00000,1.00000,-2.95284,48.11552,0.00000,-2.10000
9.2700,927,240,0,0,0.00712,0.02643,0.01060,0.10716,0.43810,1.49892,0.00000,1.47715,0.63849,0.08952,3.00000,1.00000,-2.18997,47.66679,0.00000,-2.40000
9.2800,928,240,0,0,0.00713,0.02885,0.01064,0.11924,0.33036,1.49888,0.00000,1.48490,0.64445,0.09549,3.00000,1.00000,-1.38507,47.19098,0.00000,-2.70000
9.2900,929,240,0,0,0.00709,0.03095,0.01047,0.12974,0.24015,1.49696,0.00140,1.48834,0.65042,0.10146,3.00000,1.00000,-0.55366,46.68036,0.00000,-2.77846
9.3000,930,240,0,0,0.00733,0.03295,0.01166,0.13973,0.17369,1.49597,0.00260,1.49248,0.65639,0.10742,3.00000,1.00000,0.29556,46.14732,0.00000,-2.83837
9.3100,931,240,0,0,0.00735,0.03537,0.01175,0.15184,0.12435,1.49686,0.01783,1.49231,0.66235,0.11339,3.00000,1.00000,1.18080,45.57944,0.00000,-2.91103
9.3200,932,240,0,0,0.00729,0.03748,0.01146,0.16240,0.08843,1.49653,0.06037,1.49331,0.66832,0.11936,3.00000,1.00000,2.09038,44.95811,0.00000,-2.97439
9.3300,933,240,0,0,0.00708,0.03961,0.01040,0.17305,0.06233,1.49783,0.11636,1.49531,0.67429,0.12532,3.00000,1.00000,3.01968,44.33261,0.00000,-3.03827
9.3400,934,240,0,0,0.00672,0.04165,0.00862,0.18323,0.04588,1.49874,0.18354,1.49734,0.68025,0.13129,3.00000,1.00000,3.98887,43.65515,0.00000,-3.09939
9.3500,935,240,0,0,0.00675,0.04379,0.00873,0.19396,0.03486,1.50000,0.26171,1.49791,0.68622,0.13726,3.00000,1.00000,4.96381,42.96179,0.00000,-3.16374
9.3600,936,240,0,0,0.00697,0.04608,0.00987,0.20541,0.02573,1.49281,0.34539,1.49889,0.69219,0.14322,3.00000,1.00000,5.95996,42.23953,0.00000,-3.23248
9.3700,937,240,0,0,0.00722,0.04823,0.01111,0.21614,0.01754,1.45948,0.43660,1.49932,0.69815,0.14919,3.00000,1.00000,6.97181,41.47898,0.00000,-3.29682
9.3800,938,240,0,0,0.00708,0.05060,0.01040,0.22801,0.01182,1.41035,0.52844,1.49924,0.70412,0.15516,3.00000,1.00000,8.01378,40.70324,0.00000,-3.36804
9.3900,939,240,0,0,0.00714,0.05242,0.01069,0.23712,0.00886,1.34930,0.62249,1.49896,0.71009,0.16112,3.00000,1.00000,9.04813,39.89906,0.00000,-3.42271
9.4000,940,240,0,0,0.00743,0.05368,0.01216,0.24342,0.00630,1.27899,0.71950,1.49854,0.71605,0.16709,3.00000,1.00000,10.10858,39.07552,0.00000,-3.46051
9.4100,941,240,0,0,0.00750,0.05535,0.01250,0.25174,0.00271,1.19993,0.81784,1.49932,0.72202,0.17306,3.00000,1.00000,11.18360,38.22724,0.00000,-3.51043
9.4200,942,240,0,0,0.00760,0.05689,0.01301,0.25947,0.00172,1.11671,0.91633,1.50000,0.72799,0.17902,3.00000,1.00000,12.27938,37.36310,0.00000,-3.55680
9.4300,943,240,0,0,0.00725,0.05812,0.01124,0.26558,0.00000,1.03288,1.01646,1.50000,0.73395,0.18499,3.00000,1.00000,13.36993,36.47144,0.00000,-3.59351
9.4400,944,240,0,0,0.00736,0.05952,0.01179,0.27259,0.00000,0.94548,1.10887,1.49840,0.73992,0.19096,3.00000,1.00000,14.47343,35.56038,0.00000,-3.63553
9.4500,945,240,0,0,0.00733,0.06003,0.01163,0.27515,0.00000,0.85637,1.17526,1.49720,0.74589,0.19692,3.00000,1.00000,15.57399,34.63963,0.00000,-3.65091
9.4600,946,240,0,0,0.00757,0.06061,0.01285,0.27805,0.00000,0.76360,1.22523,1.49862,0.75185,0.20289,3.00000,1.00000,16.68860,33.69862,0.00000,-3.66827
9.4700,947,240,0,0,0.00774,0.06063,0.01372,0.27815,0.00000,0.67438,1.25934,1.50000,0.75782,0.20886,3.00000,1.00000,17.81881,32.74346,0.00000,-3.66889
9.4800,948,240,0,0,0.00756,0.06036,0.01282,0.27679,0.00000,0.58374,1.27834,1.50000,0.76379,0.21482,3.00000,1.00000,18.94586,31.76682,0.00000,-3.66075
9.4900,949,240,0,0,0.00765,0.05963,0.01324,0.27317,0.00000,0.48927,1.28818,1.50000,0.76975,0.22079,3.00000,1.00000,20.07214,30.77782,0.00000,-3.63900
9.5000,950,240,0,0,0.00778,0.05885,0.01388,0.26927,0.00029,0.39589,1.28842,1.50000,0.77572,0.22676,3.00000,1.00000,21.20121,29.78260,0.00000,-3.61564
9.5100,951,240,0,0,0.00793,0.05765,0.01464,0.26326,0.00000,0.29965,1.27918,1.49853,0.78169,0.23272,3.00000,1.00000,22.32645,28.77842,0.00000,-3.57953
9.5200,952,240,0,0,0.00816,0.05644,0.01578,0.25722,0.00000,0.22008,1.26500,1.50000,0.78765,0.23869,3.00000,1.00000,23.43262,27.77456,0.00000,-3.54335
9.5300,953,240,0,0,0.00828,0.05490,0.01640,0.24949,0.00038,0.15925,1.25112,1.50000,0.79362,0.24466,3.00000,1.00000,24.55251,26.76353,0.00000,-3.49693
9.5400,954,240,0,0,0.00884,0.05300,0.01920,0.24000,0.00147,0.11545,1.23320,1.49969,0.79958,0.25062,3.00000,1.00000,25.65755,25.73969,0.00000,-3.43999
9.5500,955,240,0,0,0.00883,0.05140,0.01917,0.23199,0.00000,0.08439,1.21266,1.49950,0.80555,0.25659,3.00000,1.00000,26.74732,24.72148,0.00000,-3.39193
9.5600,956,240,0,0,0.00891,0.04944,0.01953,0.22222,0.00000,0.06201,1.18996,1.49877,0.81152,0.26256,3.00000,1.00000,27.82963,23.69876,0.00000,-3.33331
9.5700,957,240,0,0,0.00988,0.04715,0.02442,0.21077,0.00005,0.04590,1.16781,1.50000,0.81748,0.26852,3.00000,1.00000,28.89295,22.66779,0.00000,-3.26464
9.5800,958,240,0,0,0.01023,0.04494,0.02616,0.19971,0.00403,0.03271,1.14441,1.50000,0.82345,0.27449,3.00000,1.00000,29.94789,21.63239,0.00000,-3.19825
9.5900,959,240,0,0,0.01073,0.04261,0.02866,0.18804,0.00228,0.02609,1.11962,1.50000,0.82942,0.28045,3.00000,1.00000,30.99463,20.61435,0.30000,-3.12824
9.6000,960,240,0,0,0.01180,0.04008,0.03402,0.17538,0.00279,0.01949,1.09618,1.50000,0.83538,0.28642,3.00000,1.00000,32.02176,19.58887,0.60000,-3.05230
9.6100,961,240,0,0,0.01214,0.03780,0.03572,0.16399,0.00390,0.01627,1.07264,1.49983,0.84135,0.29239,3.00000,1.00000,33.02879,18.57037,0.90000,-2.98392
9.6200,962,240,0,0,0.01262,0.03537,0.03811,0.15183,0.00122,0.01052,1.04776,1.50000,0.84732,0.29835,3.00000,1.00000,34.01526,17.55616,1.00000,-2.91100
9.6300,963,240,0,0,0.01301,0.03293,0.04007,0.13967,0.00000,0.00903,1.02506,1.50000,0.85328,0.30432,3.00000,1.00000,34.98671,16.54779,1.00000,-2.83805
9.6400,964,240,0,0,0.01367,0.03046,0.04333,0.12728,0.00258,0.00537,1.00246,1.49788,0.85925,0.31029,3.00000,1.00000,35.93206,15.54705,1.00000,-2.76367
9.6500,965,240,0,0,0.01409,0.02840,0.04547,0.11701,0.00126,0.00286,0.97879,1.49887,0.86522,0.31625,3.00000,1.00000,36.85424,14.57047,1.00000,-2.70206
9.6600,966,240,0,0,0.01481,0.02662,0.04907,0.10809,0.00000,0.00434,0.95282,1.49911,0.87118,0.32222,3.00000,1.00000,37.75743,13.59646,1.00000,-2.64856
9.6700,967,240,0,0,0.01519,0.02459,0.05097,0.09795,0.00000,0.00583,0.92891,1.49956,0.87715,0.32819,3.00000,1.00000,38.62825,12.65777,1.00000,-2.58771
9.6800,968,240,0,0,0.01538,0.02340,0.05191,0.09201,0.00000,0.00247,0.90891,1.49974,0.88312,0.33415,3.00000,1.00000,39.48186,11.70601,1.00000,-2.55206
9.6900,969,240,0,0,0.01548,0.02180,0.05240,0.08399,0.00000,0.00067,0.89223,1.50000,0.88908,0.34012,3.00000,1.00000,40.29617,10.77187,1.00000,-2.50396
9.7000,970,240,0,0,0.01559,0.02038,0.05296,0.07690,0.00000,0.00284,0.88325,1.50000,0.89505,0.34609,3.00000,1.00000,41.07745,9.86685,1.00000,-2.46141
9.7100,971,240,0,0,0.01526,0.01893,0.05128,0.06964,0.00073,0.00084,0.87586,1.49978,0.90102,0.35205,3.00000,1.00000,41.84403,8.98490,1.00000,-2.41785
9.7200,972,240,0,0,0.01473,0.01783,0.04864,0.06415,0.00224,0.00020,0.87452,1.49928,0.90698,0.35802,3.00000,1.00000,42.57571,8.11248,1.00000,-2.38487
9.7300,973,240,0,0,0.01449,0.01621,0.04743,0.05604,0.00000,0.00206,0.87168,1.50000,0.91295,0.36399,3.00000,1.00000,43.26062,7.26443,1.00000,-2.33623
9.7400,974,240,0,0,0.01449,0.01443,0.04744,0.04713,0.00196,0.00132,0.86839,1.50000,0.91892,0.36995,3.00000,1.00000,43.92003,6.42506,1.00000,-2.28280
9.7500,975,240,0,0,0.01407,0.01341,0.04534,0.04204,0.00286,0.00131,0.86524,1.50000,0.92488,0.37592,3.00000,1.00000,44.54678,5.61887,1.00000,-2.25224
9.7600,976,240,0,0,0.01339,0.01273,0.04197,0.03863,0.00419,0.00004,0.86281,1.50000,0.93085,0.38189,3.00000,1.00000,45.13397,4.83579,0.70000,-1.95224
9.7700,977,240,0,0,0.01291,0.01200,0.03956,0.03500,0.00321,0.00000,0.85913,1.50000,0.93682,0.38785,3.00000,1.00000,45.68038,4.07498,0.40000,-1.65224
9.7800,978,240,0,0,0.01237,0.01138,0.03686,0.03190,0.00422,0.00187,0.85525,1.50000,0.94278,0.39382,3.00000,1.00000,46.20598,3.35396,0.10000,-1.35224
9.7900,979,240,0,0,0.01220,0.01106,0.03599,0.03028,0.00436,0.00063,0.85386,1.50000,0.94875,0.39979,3.00000,1.00000,46.68216,2.64625,0.00000,-1.05224
9.8000,980,240,0,0,0.01158,0.01053,0.03289,0.02765,0.00101,0.00111,0.85420,1.50000,0.95472,0.40575,3.00000,1.00000,47.12119,1.97474,0.00000,-0.75224
9.8100,981,240,0,0,0.01094,0.01017,0.02968,0.02583,0.00000,0.00434,0.85107,1.50000,0.96068,0.41172,3.00000,1.00000,47.52063,1.33761,0.00000,-0.45224
9.8200,982,240,0,0,0.00985,0.00946,0.02424,0.02230,0.00007,0.00208,0.85136,1.50000,0.96665,0.41769,3.00000,1.00000,47.89295,0.72857,0.00000,-0.15224
9.8300,983,240,0,0,0.00940,0.00886,0.02199,0.01931,0.00000,0.00319,0.85206,1.50000,0.97262,0.42365,3.00000,2.00000,48.21799,0.15748,0.00000,0.00000
9.8400,984,240,0,0,0.00957,0.00898,0.02286,0.01991,0.00128,0.00104,0.85262,1.50000,0.97858,0.42962,3.00000,2.00000,48.48946,-0.38382,0.00000,0.00000
9.8500,985,240,0,0,0.00938,0.00870,0.02191,0.01851,0.00000,0.00133,0.85229,1.50000,0.98455,0.43559,3.00000,2.00000,48.71970,-0.89018,0.00000,0.00000
9.8600,986,240,0,0,0.00886,0.00831,0.01932,0.01657,0.00000,0.00000,0.85258,1.50000,0.99052,0.44155,3.00000,2.00000,48.90941,-1.36539,0.00000,0.00000
9.8700,987,240,0,0,0.00844,0.00801,0.01720,0.01505,0.00000,0.00015,0.85618,1.49977,0.99648,0.44752,3.00000,2.00000,49.07488,-1.80516,0.00000,0.00000
9.8800,988,240,0,0,0.00972,0.00776,0.02359,0.01382,0.00000,0.09662,0.85705,1.50000,0.00256,0.45349,0.00000,2.00000,49.18720,-2.21752,0.00000,0.00000
9.8900,989,240,0,0,0.01096,0.00756,0.02980,0.01280,0.00126,0.21772,0.85568,1.50000,0.00879,0.45945,0.00000,2.00000,49.25965,-2.59188,0.00000,0.00000
9.9000,990,240,0,0,0.01182,0.00727,0.03411,0.01137,0.00135,0.35721,0.85549,1.49989,0.01503,0.46542,0.00000,2.00000,49.29602,-2.92889,0.00000,0.00000
9.9100,991,240,0,0,0.01282,0.00701,0.03908,0.01005,0.00000,0.50981,0.85541,1.50000,0.02126,0.47139,0.00000,2.00000,49.29242,-3.23156,0.00000,0.00000
9.9200,992,240,0,0,0.01359,0.00710,0.04294,0.01048,0.00000,0.67052,0.85415,1.49978,0.02750,0.47735,0.00000,2.00000,49.24703,-3.49976,0.00000,0.00000
9.9300,993,240,0,0,0.01453,0.00707,0.04763,0.01034,0.00000,0.83922,0.85322,1.50000,0.03373,0.48332,0.00000,2.00000,49.16177,-3.72912,0.00000,0.00000
9.9400,994,240,0,0,0.01527,0.00741,0.05136,0.01207,0.00274,1.01803,0.85548,1.50000,0.03997,0.48929,0.00000,2.00000,49.04105,-3.92270,0.00000,0.00000
9.9500,995,240,0,0,0.01634,0.00748,0.05670,0.01242,0.00359,1.15047,0.84697,1.50000,0.04620,0.49525,0.00000,2.00000,48.86337,-4.07026,0.00000,0.00000
9.9600,996,240,0,0,0.01698,0.00753,0.05989,0.01263,0.00306,1.24546,0.81212,1.50000,0.05243,0.50122,1.00000,2.00000,48.65605,-4.18339,-0.30000,0.00000
9.9700,997,240,0,0,0.01747,0.00733,0.06236,0.01167,0.00000,1.31535,0.76096,1.50000,0.05867,0.50718,1.00000,2.00000,48.41476,-4.26105,-0.60000,0.00000
9.9800,998,240,0,0,0.01878,0.00733,0.06888,0.01165,0.00000,1.36467,0.69650,1.50000,0.06490,0.51315,1.00000,2.00000,48.11533,-4.29904,-0.90000,0.00000
9.9900,999,240,0,0,0.01957,0.00743,0.07286,0.01216,0.00240,1.40277,0.61867,1.49992,0.07114,0.51912,1.00000,2.00000,47.78257,-4.30044,-1.20000,0.00000
10.0000,1000,240,0,0,0.02094,0.00758,0.07970,0.01291,0.00250,1.42781,0.53776,1.49982,0.07737,0.52508,1.00000,2.00000,47.41322,-4.24957,-1.50000,0.00000
10.0100,1001,240,0,0,0.02178,0.00751,0.08391,0.01257,0.00160,1.44576,0.45292,1.49943,0.08361,0.53105,1.00000,2.00000,47.01657,-4.16697,-1.80000,0.00000
10.0200,1002,240,0,0,0.02323,0.00772,0.09115,0.01360,0.00266,1.45924,0.36305,1.49874,0.08984,0.53702,1.00000,2.00000,46.58443,-4.05095,-2.10000,0.00000
10.0300,1003,240,0,0,0.02426,0.00763,0.09628,0.01317,0.00391,1.46949,0.27313,1.49837,0.09608,0.54298,1.00000,2.00000,46.11290,-3.88585,-2.40000,0.00000
10.0400,1004,240,0,0,0.02527,0.00774,0.10137,0.01372,0.00252,1.47684,0.20041,1.50000,0.10231,0.54895,1.00000,2.00000,45.59977,-3.69132,-2.60823,0.00000
10.0500,1005,240,0,0,0.02641,0.00754,0.10703,0.01272,0.00087,1.48408,0.14792,1.49948,0.10854,0.55492,1.00000,2.00000,45.04247,-3.46226,-2.64218,0.00000
10.0600,1006,240,0,0,0.02757,0.00711,0.11287,0.01054,0.00093,1.48814,0.11202,1.50000,0.11478,0.56088,1.00000,2.00000,44.46350,-3.18002,-2.67719,0.00000
10.0700,1007,240,0,0,0.02830,0.00725,0.11650,0.01123,0.00158,1.48877,0.08260,1.50000,0.12101,0.56685,1.00000,2.00000,43.85796,-2.87097,-2.69901,0.00000
10.0800,1008,240,0,0,0.02896,0.00745,0.11979,0.01224,0.00030,1.49077,0.06025,1.49837,0.12725,0.57282,1.00000,2.00000,43.22388,-2.52334,-2.71873,0.00000
10.0900,1009,240,0,0,0.02964,0.00756,0.12321,0.01280,0.00000,1.49260,0.04536,1.49967,0.13348,0.57878,1.00000,2.00000,42.55396,-2.13624,-2.73928,0.00000
10.1000,1010,240,0,0,0.03082,0.00761,0.12909,0.01305,0.00020,1.49315,0.03202,1.49744,0.13972,0.58475,1.00000,2.00000,41.85145,-1.70739,-2.77455,0.00000
10.1100,1011,240,0,0,0.03133,0.00748,0.13167,0.01238,0.00179,1.49624,0.02343,1.49917,0.14595,0.59072,1.00000,2.00000,41.12817,-1.25109,-2.79004,0.00000
10.1200,1012,240,0,0,0.03157,0.00728,0.13283,0.01139,0.01311,1.49863,0.01595,1.49857,0.15219,0.59668,1.00000,2.00000,40.35795,-0.76629,-2.79696,0.00000
10.1300,1013,240,0,0,0.03172,0.00743,0.13361,0.01216,0.06062,1.49986,0.01224,1.47930,0.15842,0.60265,1.00000,3.00000,39.57371,-0.23569,-2.80167,0.00000
10.1400,1014,240,0,0,0.03214,0.00752,0.13568,0.01258,0.13685,1.49896,0.00782,1.43638,0.16466,0.60862,1.00000,3.00000,38.76420,0.32163,-2.81410,0.00000
10.1500,1015,240,0,0,0.03272,0.00736,0.13861,0.01181,0.22862,1.49834,0.00455,1.38075,0.17089,0.61458,1.00000,3.00000,37.93338,0.92536,-2.83164,0.00000
10.1600,1016,240,0,0,0.03305,0.00762,0.14027,0.01308,0.33476,1.49959,0.00398,1.31487,0.17712,0.62055,1.00000,3.00000,37.07766,1.54759,-2.84161,0.00000
10.1700,1017,240,0,0,0.03276,0.00736,0.13878,0.01182,0.44989,1.50000,0.00267,1.23739,0.18336,0.62652,1.00000,3.00000,36.19346,2.18922,-2.83270,0.00000
10.1800,1018,240,0,0,0.03241,0.00725,0.13707,0.01123,0.57305,1.50000,0.00000,1.15465,0.18959,0.63248,1.00000,3.00000,35.29987,2.87893,-2.82244,0.00000
10.1900,1019,240,0,0,0.03219,0.00765,0.13597,0.01323,0.70594,1.50000,0.00000,1.06952,0.19583,0.63845,1.00000,3.00000,34.38102,3.60533,-2.81582,0.00000
10.2000,1020,240,0,0,0.03146,0.00777,0.13231,0.01385,0.84128,1.50000,0.00000,0.98094,0.20206,0.64442,1.00000,3.00000,33.43419,4.35464,-2.79389,0.00000
10.2100,1021,240,0,0,0.03113,0.00759,0.13065,0.01295,0.97556,1.49814,0.00000,0.88503,0.20830,0.65038,1.00000,3.00000,32.49061,5.13066,-2.78392,0.00000
10.2200,1022,240,0,0,0.03031,0.00760,0.12655,0.01300,1.11569,1.50000,0.00000,0.79590,0.21453,0.65635,1.00000,3.00000,31.52602,5.91539,-2.75931,0.00000
10.2300,1023,240,0,0,0.02969,0.00758,0.12347,0.01290,1.22427,1.49717,0.00000,0.70193,0.22077,0.66232,1.00000,3.00000,30.54474,6.73864,-2.74079,0.00000
10.2400,1024,240,0,0,0.02891,0.00693,0.11955,0.00965,1.29987,1.49757,0.00063,0.60717,0.22700,0.66828,1.00000,3.00000,29.55970,7.57600,-2.71733,0.00000
10.2500,1025,240,0,0,0.02795,0.00686,0.11473,0.00930,1.35177,1.50000,0.00169,0.51018,0.23324,0.67425,1.00000,3.00000,28.55520,8.44305,-2.68840,0.00000
10.2600,1026,240,0,0,0.02660,0.00700,0.10802,0.00999,1.39361,1.49792,0.00299,0.41014,0.23947,0.68022,1.00000,3.00000,27.54791,9.32322,-2.64810,0.00000
10.2700,1027,240,0,0,0.02598,0.00703,0.10488,0.01015,1.42353,1.50000,0.00317,0.31485,0.24570,0.68618,1.00000,3.00000,26.52451,10.22915,-2.62929,0.00000
10.2800,1028,240,0,0,0.02529,0.00719,0.10146,0.01094,1.44514,1.50000,0.00265,0.22772,0.25194,0.69215,1.00000,3.00000,25.50636,11.15439,-2.60879,0.00000
10.2900,1029,240,0,0,0.02445,0.00750,0.09727,0.01248,1.45875,1.50000,0.00373,0.16627,0.25817,0.69812,1.00000,3.00000,24.47906,12.10630,-2.58361,0.00000
10.3000,1030,240,0,0,0.02327,0.00740,0.09137,0.01202,1.47146,1.50000,0.00422,0.12039,0.26441,0.70408,1.00000,3.00000,23.45018,13.07187,-2.54824,0.00000
10.3100,1031,240,0,0,0.02236,0.00718,0.08682,0.01088,1.47663,1.50000,0.00368,0.08782,0.27064,0.71005,1.00000,3.00000,22.42080,14.04812,-2.52090,0.00000
10.3200,1032,240,0,0,0.02113,0.00732,0.08063,0.01159,1.48173,1.50000,0.00476,0.06250,0.27688,0.71602,1.00000,3.00000,21.39771,15.02875,-2.48379,0.00000
10.3300,1033,240,0,0,0.02019,0.00728,0.07593,0.01142,1.48529,1.50000,0.00000,0.04681,0.28311,0.72198,1.00000,3.00000,20.38295,16.02946,-2.45560,0.00000
10.3400,1034,240,0,0,0.01930,0.00730,0.07148,0.01151,1.48855,1.50000,0.00000,0.03204,0.28935,0.72795,1.00000,3.00000,19.36545,17.03858,-2.42886,0.00000
10.3500,1035,240,0,0,0.01847,0.00729,0.06736,0.01147,1.49448,1.50000,0.00000,0.02696,0.29558,0.73391,1.00000,3.00000,18.35518,18.06652,-2.40413,0.00000
10.3600,1036,240,0,0,0.01704,0.00786,0.06019,0.01428,1.49508,1.50000,0.00113,0.02325,0.30181,0.73988,1.00000,3.00000,17.35134,19.10206,-2.36113,0.00000
10.3700,1037,240,0,0,0.01610,0.00730,0.05549,0.01149,1.49585,1.50000,0.00340,0.01957,0.30805,0.74585,1.00000,3.00000,16.35913,20.14145,-2.33297,0.00000
10.3800,1038,240,0,0,0.01558,0.00732,0.05290,0.01160,1.49693,1.50000,0.00009,0.01631,0.31428,0.75181,1.00000,3.00000,15.37780,21.17467,-2.31743,0.00000
10.3900,1039,240,0,0,0.01480,0.00745,0.04900,0.01225,1.49741,1.50000,0.00238,0.01170,0.32052,0.75778,1.00000,3.00000,14.40403,22.20234,-2.29399,0.00000
10.4000,1040,240,0,0,0.01388,0.00741,0.04442,0.01205,1.49466,1.50000,0.00000,0.01042,0.32675,0.76375,1.00000,3.00000,13.44077,23.24164,-2.26652,0.00000
10.4100,1041,240,0,0,0.01335,0.00779,0.04173,0.01397,1.49477,1.50000,0.00000,0.00741,0.33299,0.76971,1.00000,3.00000,12.49148,24.30059,-2.25037,0.00000
10.4200,1042,240,0,0,0.01229,0.00811,0.03643,0.01556,1.49413,1.50000,0.00000,0.00283,0.33922,0.77568,1.00000,3.00000,11.56751,25.34503,-2.21859,0.00000
10.4300,1043,240,0,0,0.01179,0.00822,0.03396,0.01611,1.49675,1.50000,0.00000,0.00452,0.34546,0.78165,1.00000,3.00000,10.65370,26.38526,-2.20374,0.00000
10.4400,1044,240,0,0,0.01096,0.00834,0.02981,0.01669,1.49743,1.50000,0.00000,0.00514,0.35169,0.78761,1.00000,3.00000,9.76726,27.43533,-2.17888,0.00000
10.4500,1045,240,0,0,0.01053,0.00855,0.02763,0.01776,1.49629,1.50000,0.00000,0.00368,0.35793,0.79358,1.00000,3.00000,8.90142,28.47483,-2.16579,0.00000
10.4600,1046,240,0,0,0.00976,0.00882,0.02382,0.01911,1.49454,1.50000,0.00000,0.00066,0.36416,0.79955,1.00000,3.00000,8.04346,29.49901,-2.14290,0.00000
10.4700,1047,240,0,0,0.00949,0.00915,0.02244,0.02075,1.49635,1.50000,0.00161,0.00000,0.37039,0.80551,1.00000,3.00000,7.21932,30.51381,-2.13466,0.30000
10.4800,1048,240,0,0,0.00929,0.00950,0.02144,0.02252,1.49908,1.50000,0.00045,0.00000,0.37663,0.81148,1.00000,3.00000,6.41397,31.52072,-2.12866,0.60000
10.4900,1049,240,0,0,0.00907,0.01001,0.02037,0.02504,1.49513,1.50000,0.00026,0.00000,0.38286,0.81745,1.00000,3.00000,5.63162,32.51891,-2.12221,0.90000
10.5000,1050,240,0,0,0.00856,0.01064,0.01781,0.02822,1.49346,1.50000,0.00014,0.00000,0.38910,0.82341,1.00000,3.00000,4.88862,33.51189,-1.82221,1.00000
10.5100,1051,240,0,0,0.00844,0.01084,0.01719,0.02918,1.49475,1.50000,0.00288,0.00000,0.39533,0.82938,1.00000,3.00000,4.16355,34.48229,-1.52221,1.00000
10.5200,1052,240,0,0,0.00857,0.01118,0.01784,0.03091,1.49713,1.49864,0.00000,0.00000,0.40157,0.83535,1.00000,3.00000,3.46384,35.43925,-1.22221,1.00000
10.5300,1053,240,0,0,0.00864,0.01144,0.01818,0.03221,1.49888,1.49509,0.00000,0.00000,0.40780,0.84131,1.00000,3.00000,2.80138,36.38168,-0.92221,1.00000
10.5400,1054,240,0,0,0.00821,0.01236,0.01607,0.03678,1.49957,1.49549,0.00000,0.00000,0.41404,0.84728,1.00000,3.00000,2.17368,37.29247,-0.62221,1.00000
10.5500,1055,240,0,0,0.00820,0.01302,0.01599,0.04011,1.49823,1.49652,0.00000,0.00000,0.42027,0.85325,2.00000,3.00000,1.57565,38.19741,-0.32221,1.00000
10.5600,1056,240,0,0,0.00794,0.01368,0.01470,0.04340,1.49877,1.50000,0.00000,0.00000,0.42650,0.85921,2.00000,3.00000,1.00643,39.07529,-0.02221,1.00000
10.5700,1057,240,0,0,0.00762,0.01382,0.01312,0.04412,1.49936,1.49722,0.00000,0.00000,0.43274,0.86518,2.00000,3.00000,0.47566,39.92026,0.00000,1.00000
10.5800,1058,240,0,0,0.00771,0.01470,0.01357,0.04849,1.49712,1.49726,0.00000,0.00000,0.43897,0.87115,2.00000,3.00000,-0.01941,40.74846,0.00000,1.00000
10.5900,1059,240,0,0,0.00741,0.01484,0.01204,0.04920,1.49779,1.50000,0.00000,0.00000,0.44521,0.87711,2.00000,3.00000,-0.48343,41.56098,0.00000,1.00000
10.6000,1060,240,0,0,0.00784,0.01511,0.01419,0.05057,1.50000,1.50000,0.00000,0.00000,0.45144,0.88308,2.00000,3.00000,-0.91951,42.35677,0.00000,1.00000
10.6100,1061,240,0,0,0.00805,0.01543,0.01526,0.05215,1.50000,1.50000,0.00000,0.00000,0.45768,0.88905,2.00000,3.00000,-1.30064,43.12162,0.00000,1.00000
10.6200,1062,240,0,0,0.00776,0.01519,0.01380,0.05095,1.50000,1.49993,0.00000,0.00134,0.46391,0.89501,2.00000,3.00000,-1.64868,43.85840,0.00000,1.00000
10.6300,1063,240,0,0,0.00735,0.01502,0.01176,0.05010,1.50000,1.50000,0.00000,0.00112,0.47015,0.90098,2.00000,3.00000,-1.97282,44.57553,0.00000,1.00000
10.6400,1064,240,0,0,0.00743,0.01494,0.01213,0.04969,1.50000,1.50000,0.00000,0.00000,0.47638,0.90695,2.00000,3.00000,-2.24263,45.24230,0.00000,0.70000
10.6500,1065,240,0,0,0.00723,0.01533,0.01114,0.05163,1.49930,1.50000,0.00000,0.00000,0.48262,0.91291,2.00000,3.00000,-2.47582,45.88792,0.00000,0.40000
10.6600,1066,240,0,0,0.00710,0.01489,0.01048,0.04947,1.49895,1.50000,0.00000,0.00080,0.48885,0.91888,2.00000,3.00000,-2.67370,46.50396,0.00000,0.10000
10.6700,1067,240,0,0,0.00682,0.01471,0.00909,0.04853,1.49540,1.50000,0.00000,0.00000,0.49508,0.92485,2.00000,3.00000,-2.82693,47.08159,0.00000,0.00000
10.6800,1068,240,0,0,0.00708,0.01431,0.01040,0.04657,1.49625,1.50000,0.00060,0.00020,0.50132,0.93081,2.00000,3.00000,-2.93713,47.63156,0.00000,0.00000
10.6900,1069,240,0,0,0.00694,0.01368,0.00971,0.04341,1.49683,1.50000,0.00141,0.00012,0.50755,0.93678,2.00000,3.00000,-3.02443,48.13855,0.00000,0.00000
10.7000,1070,240,0,0,0.00707,0.01277,0.01034,0.03883,1.49516,1.50000,0.00294,0.00000,0.51379,0.94274,2.00000,3.00000,-3.05942,48.62976,0.00000,0.00000
10.7100,1071,240,0,0,0.00744,0.01240,0.01219,0.03699,1.49530,1.50000,0.00048,0.00000,0.52002,0.94871,2.00000,3.00000,-3.06486,49.07146,0.00000,0.00000
10.7200,1072,240,0,0,0.00768,0.01143,0.01339,0.03216,1.49774,1.50000,0.00000,0.00000,0.52626,0.95468,2.00000,3.00000,-3.03806,49.49325,0.00000,0.00000
10.7300,1073,240,0,0,0.00744,0.01128,0.01220,0.03141,1.49614,1.49839,0.00000,0.00000,0.53249,0.96064,2.00000,3.00000,-2.97074,49.86406,0.00000,0.00000
10.7400,1074,240,0,0,0.00760,0.01076,0.01298,0.02878,1.49789,1.49817,0.00000,0.00000,0.53873,0.96661,2.00000,3.00000,-2.87165,50.20448,0.00000,0.00000
10.7500,1075,240,0,0,0.00746,0.00965,0.01230,0.02326,1.49823,1.49826,0.00004,0.00000,0.54496,0.97258,2.00000,3.00000,-2.74355,50.50052,0.00000,0.00000
10.7600,1076,240,0,0,0.00744,0.00928,0.01222,0.02138,1.49745,1.50000,0.00247,0.00000,0.55120,0.97854,2.00000,3.00000,-2.57278,50.75973,0.00000,0.00000
10.7700,1077,240,0,0,0.00731,0.00915,0.01156,0.02075,1.49700,1.50000,0.00000,0.00174,0.55743,0.98451,2.00000,3.00000,-2.36158,50.97834,0.00000,0.00000
10.7800,1078,240,0,0,0.00773,0.00881,0.01365,0.01904,1.49834,1.50000,0.00000,0.00098,0.56366,0.99048,2.00000,3.00000,-2.12578,51.16358,0.00000,0.00000
10.7900,1079,240,0,0,0.00733,0.00872,0.01166,0.01861,1.49783,1.50000,0.00000,0.00223,0.56990,0.99644,2.00000,3.00000,-1.86382,51.31103,0.00000,0.00000
10.8000,1080,240,0,0,0.00731,0.00921,0.01155,0.02103,1.49841,1.49937,0.00044,0.00000,0.57613,0.00252,2.00000,0.00000,-1.56230,51.41303,0.00000,0.00000
10.8100,1081,240,0,0,0.00741,0.00962,0.01204,0.02312,1.50000,1.50000,0.00000,0.00000,0.58237,0.00875,2.00000,0.00000,-1.23456,51.47997,0.00000,0.00000
10.8200,1082,240,0,0,0.00743,0.01038,0.01216,0.02691,1.49994,1.50000,0.00000,0.00301,0.58860,0.01499,2.00000,0.00000,-0.87334,51.50332,0.00000,0.00000
10.8300,1083,240,0,0,0.00739,0.01116,0.01196,0.03080,1.50000,1.50000,0.00000,0.06638,0.59484,0.02122,2.00000,0.00000,-0.48089,51.50176,0.00000,0.00000
10.8400,1084,240,0,0,0.00783,0.01187,0.01415,0.03433,1.49264,1.50000,0.00000,0.16284,0.60107,0.02746,3.00000,0.00000,-0.06500,51.44132,0.00000,0.00000
10.8500,1085,240,0,0,0.00751,0.01297,0.01254,0.03986,1.44858,1.50000,0.00000,0.29276,0.60731,0.03369,3.00000,0.00000,0.37907,51.34845,0.00000,0.00000
10.8600,1086,240,0,0,0.00724,0.01359,0.01121,0.04295,1.37528,1.50000,0.00000,0.44647,0.61354,0.03993,3.00000,0.00000,0.86100,51.20191,0.00000,0.00000
10.8700,1087,240,0,0,0.00727,0.01458,0.01133,0.04791,1.28156,1.49965,0.00000,0.61123,0.61977,0.04616,3.00000,0.00000,1.36386,51.01691,0.00000,-0.30000
10.8800,1088,240,0,0,0.00738,0.01556,0.01191,0.05281,1.17685,1.50000,0.00000,0.78863,0.62601,0.05240,3.00000,1.00000,1.88057,50.78145,0.00000,-0.60000
10.8900,1089,240,0,0,0.00726,0.01625,0.01132,0.05624,1.06198,1.50000,0.00000,0.97517,0.63224,0.05863,3.00000,1.00000,2.45409,50.51154,0.00000,-0.90000
10.9000,1090,240,0,0,0.00719,0.01715,0.01095,0.06074,0.93834,1.50000,0.00028,1.11916,0.63848,0.06486,3.00000,1.00000,3.03709,50.20433,0.00000,-1.20000
10.9100,1091,240,0,0,0.00727,0.01846,0.01134,0.06731,0.80824,1.50000,0.00067,1.22600,0.64471,0.07110,3.00000,1.00000,3.64949,49.86305,0.00000,-1.50000
10.9200,1092,240,0,0,0.00729,0.02023,0.01145,0.07614,0.67280,1.50000,0.00000,1.30175,0.65095,0.07733,3.00000,1.00000,4.27810,49.47131,0.00000,-1.80000
10.9300,1093,240,0,0,0.00717,0.02160,0.01085,0.08299,0.53569,1.50000,0.00000,1.35821,0.65718,0.08357,3.00000,1.00000,4.94383,49.04624,0.00000,-2.10000
10.9400,1094,240,0,0,0.00726,0.02249,0.01132,0.08745,0.39671,1.49994,0.00037,1.39644,0.66342,0.08980,3.00000,1.00000,5.62267,48.57626,0.00000,-2.40000
10.9500,1095,240,0,0,0.00730,0.02324,0.01151,0.09121,0.29065,1.50000,0.00309,1.42357,0.66965,0.09604,3.00000,1.00000,6.31944,48.07309,0.00000,-2.54727
10.9600,1096,240,0,0,0.00730,0.02504,0.01150,0.10020,0.20974,1.49930,0.00354,1.44413,0.67589,0.10227,3.00000,1.00000,7.04182,47.52139,0.00000,-2.60118
10.9700,1097,240,0,0,0.00746,0.02657,0.01230,0.10785,0.15337,1.49995,0.01774,1.45752,0.68212,0.10851,3.00000,1.00000,7.76771,46.94758,0.00000,-2.64707
10.9800,1098,240,0,0,0.00756,0.02835,0.01281,0.11675,0.10946,1.50000,0.05960,1.46994,0.68835,0.11474,3.00000,1.00000,8.52484,46.31933,0.00000,-2.70048
10.9900,1099,240,0,0,0.00740,0.02959,0.01200,0.12293,0.08326,1.50000,0.12471,1.47754,0.69459,0.12097,3.00000,1.00000,9.27506,45.65681,0.00000,-2.73756
11.0000,1100,240,0,0,0.00744,0.03112,0.01221,0.13061,0.06018,1.48023,0.20702,1.48258,0.70082,0.12721,3.00000,1.00000,10.06260,44.95991,0.00000,-2.78365
11.0100,1101,240,0,0,0.00720,0.03269,0.01102,0.13847,0.04325,1.43519,0.30150,1.48817,0.70706,0.13344,3.00000,1.00000,10.85809,44.25157,0.00000,-2.83080
11.0200,1102,240,0,0,0.00706,0.03387,0.01032,0.14436,0.03229,1.37815,0.40326,1.48953,0.71329,0.13968,3.00000,1.00000,11.65749,43.49931,0.00000,-2.86615
11.0300,1103,240,0,0,0.00692,0.03502,0.00959,0.15011,0.02461,1.31343,0.51545,1.49366,0.71953,0.14591,3.00000,1.00000,12.48659,42.70952,0.00000,-2.90066
11.0400,1104,240,0,0,0.00710,0.03621,0.01051,0.15605,0.01808,1.23514,0.63085,1.49461,0.72576,0.15215,3.00000,1.00000,13.31567,41.90022,0.00000,-2.93632
11.0500,1105,240,0,0,0.00707,0.03740,0.01033,0.16201,0.01166,1.15574,0.74726,1.49799,0.73200,0.15838,3.00000,1.00000,14.15746,41.05817,0.00000,-2.97209
11.0600,1106,240,0,0,0.00734,0.03832,0.01172,0.16660,0.00588,1.06977,0.86791,1.49790,0.73823,0.16462,3.00000,1.00000,14.99423,40.19593,0.00000,-2.99961
11.0700,1107,240,0,0,0.00725,0.03933,0.01125,0.17166,0.00401,0.97996,0.98940,1.49951,0.74446,0.17085,3.00000,1.00000,15.84853,39.28671,0.00000,-3.02996
11.0800,1108,240,0,0,0.00724,0.03983,0.01119,0.17417,0.00602,0.89245,1.11300,1.49994,0.75070,0.17709,3.00000,1.00000,16.69917,38.36396,0.00000,-3.04503
11.0900,1109,240,0,0,0.00757,0.04004,0.01284,0.17522,0.00533,0.80438,1.21674,1.50000,0.75693,0.18332,3.00000,1.00000,17.56093,37.41804,0.00000,-3.05131
11.1000,1110,240,0,0,0.00767,0.04091,0.01336,0.17953,0.00229,0.71482,1.29405,1.50000,0.76317,0.18955,3.00000,1.00000,18.42298,36.44326,0.00000,-3.07716
11.1100,1111,240,0,0,0.00766,0.04090,0.01332,0.17952,0.00213,0.61991,1.35034,1.49802,0.76940,0.19579,3.00000,1.00000,19.28873,35.46799,0.00000,-3.07710
11.1200,1112,240,0,0,0.00802,0.04080,0.01508,0.17900,0.00282,0.52448,1.39234,1.50000,0.77564,0.20202,3.00000,1.00000,20.15015,34.46451,0.00000,-3.07401
11.1300,1113,240,0,0,0.00833,0.04068,0.01664,0.17840,0.00451,0.43165,1.42078,1.50000,0.78187,0.20826,3.00000,1.00000,21.00346,33.44981,0.00000,-3.07041
11.1400,1114,240,0,0,0.00835,0.04042,0.01675,0.17712,0.00253,0.33608,1.43836,1.50000,0.78811,0.21449,3.00000,1.00000,21.84668,32.42725,0.00000,-3.06271
11.1500,1115,240,0,0,0.00900,0.03990,0.02002,0.17450,0.00037,0.24645,1.45346,1.50000,0.79434,0.22073,3.00000,1.00000,22.70508,31.37260,0.00000,-3.04698
11.1600,1116,240,0,0,0.00955,0.03932,0.02274,0.17162,0.00184,0.17856,1.46610,1.50000,0.80058,0.22696,3.00000,1.00000,23.55592,30.30697,0.00000,-3.02971
11.1700,1117,240,0,0,0.00953,0.03859,0.02266,0.16796,0.00278,0.12976,1.47549,1.49867,0.80681,0.23320,3.00000,1.00000,24.38990,29.23497,0.00000,-3.00778
11.1800,1118,240,0,0,0.01019,0.03777,0.02594,0.16386,0.00309,0.09297,1.48202,1.50000,0.81304,0.23943,3.00000,1.00000,25.21789,28.15890,0.00000,-2.98316
11.1900,1119,240,0,0,0.01033,0.03626,0.02663,0.15631,0.00272,0.06748,1.47827,1.49958,0.81928,0.24566,3.00000,1.00000,26.03678,27.06581,0.00000,-2.93783
11.2000,1120,240,0,0,0.01072,0.03571,0.02860,0.15356,0.00464,0.05274,1.46803,1.50000,0.82551,0.25190,3.00000,1.00000,26.85210,25.96820,0.00000,-2.92137
11.2100,1121,240,0,0,0.01127,0.03448,0.03136,0.14738,0.00507,0.03964,1.45373,1.50000,0.83175,0.25813,3.00000,1.00000,27.65539,24.87705,0.00000,-2.88427
11.2200,1122,240,0,0,0.01144,0.03333,0.03218,0.14167,0.00550,0.03101,1.43853,1.50000,0.83798,0.26437,3.00000,1.00000,28.43082,23.77823,0.00000,-2.85002
11.2300,1123,240,0,0,0.01232,0.03167,0.03662,0.13334,0.00585,0.01996,1.41802,1.50000,0.84422,0.27060,3.00000,1.00000,29.19413,22.66536,0.00000,-2.80002
11.2400,1124,240,0,0,0.01266,0.03025,0.03832,0.12623,0.00463,0.01616,1.39718,1.50000,0.85045,0.27684,3.00000,1.00000,29.94564,21.56158,0.00000,-2.75740
11.2500,1125,240,0,0,0.01304,0.02877,0.04018,0.11883,0.00590,0.01169,1.37380,1.50000,0.85669,0.28307,3.00000,1.00000,30.67566,20.47684,0.30000,-2.71298
11.2600,1126,240,0,0,0.01373,0.02776,0.04366,0.11381,0.00553,0.00719,1.35426,1.50000,0.86292,0.28931,3.00000,1.00000,31.38135,19.38742,0.60000,-2.68286
11.2700,1127,240,0,0,0.01413,0.02620,0.04567,0.10598,0.00364,0.00600,1.33170,1.50000,0.86915,0.29554,3.00000,1.00000,32.08001,18.29717,0.90000,-2.63586
11.2800,1128,240,0,0,0.01448,0.02498,0.04738,0.09989,0.00328,0.00074,1.30682,1.50000,0.87539,0.30178,3.00000,1.00000,32.76183,17.21927,1.00000,-2.59936
11.2900,1129,240,0,0,0.01465,0.02343,0.04823,0.09215,0.00000,0.00041,1.28305,1.50000,0.88162,0.30801,3.00000,1.00000,33.41247,16.15191,1.00000,-2.55287
11.3000,1130,240,0,0,0.01485,0.02201,0.04925,0.08504,0.00017,0.00000,1.26012,1.50000,0.88786,0.31424,3.00000,1.00000,34.04569,15.09939,1.00000,-2.51023
11.3100,1131,240,0,0,0.01468,0.02070,0.04841,0.07850,0.00086,0.00000,1.23554,1.50000,0.89409,0.32048,3.00000,1.00000,34.66832,14.04690,1.00000,-2.47103
11.3200,1132,240,0,0,0.01483,0.01979,0.04917,0.07394,0.00000,0.00000,1.21116,1.50000,0.90033,0.32671,3.00000,1.00000,35.25588,13.01381,1.00000,-2.44363
11.3300,1133,240,0,0,0.01508,0.01815,0.05042,0.06576,0.00032,0.00014,1.19326,1.50000,0.90656,0.33295,3.00000,1.00000,35.81178,12.00360,1.00000,-2.39455
11.3400,1134,240,0,0,0.01466,0.01683,0.04829,0.05917,0.00000,0.00000,1.18189,1.50000,0.91280,0.33918,3.00000,1.00000,36.34607,11.00777,1.00000,-2.35499
11.3500,1135,240,0,0,0.01444,0.01550,0.04720,0.05251,0.00000,0.00000,1.17249,1.50000,0.91903,0.34542,3.00000,1.00000,36.85779,10.03443,1.00000,-2.31507
11.3600,1136,240,0,0,0.01371,0.01451,0.04353,0.04756,0.00000,0.00000,1.16551,1.50000,0.92527,0.35165,3.00000,1.00000,37.34356,9.07059,1.00000,-2.28533
11.3700,1137,240,0,0,0.01295,0.01366,0.03973,0.04329,0.00000,0.00133,1.15899,1.50000,0.93150,0.35789,3.00000,1.00000,37.79983,8.13927,1.00000,-2.25976
11.3800,1138,240,0,0,0.01268,0.01269,0.03840,0.03845,0.00000,0.00000,1.15657,1.50000,0.93773,0.36412,3.00000,1.00000,38.20746,7.23437,1.00000,-2.23071
11.3900,1139,240,0,0,0.01225,0.01203,0.03625,0.03513,0.00000,0.00000,1.15440,1.50000,0.94397,0.37035,3.00000,1.00000,38.59767,6.34913,1.00000,-2.21077
11.4000,1140,240,0,0,0.01166,0.01113,0.03329,0.03063,0.00000,0.00107,1.15258,1.50000,0.95020,0.37659,3.00000,1.00000,38.96435,5.48773,1.00000,-2.18376
11.4100,1141,240,0,0,0.01140,0.01057,0.03199,0.02785,0.00000,0.00233,1.15212,1.50000,0.95644,0.38282,3.00000,1.00000,39.30128,4.65274,1.00000,-1.88376
11.4200,1142,240,0,0,0.01104,0.01055,0.03020,0.02773,0.00000,0.00109,1.15269,1.50000,0.96267,0.38906,3.00000,1.00000,39.59063,3.84299,1.00000,-1.58376
11.4300,1143,240,0,0,0.01058,0.01026,0.02789,0.02631,0.00084,0.00441,1.15302,1.50000,0.96891,0.39529,3.00000,1.00000,39.86386,3.06891,1.00000,-1.28376
11.4400,1144,240,0,0,0.00965,0.00993,0.02325,0.02464,0.00056,0.00601,1.15302,1.49917,0.97514,0.40153,3.00000,1.00000,40.10220,2.33324,1.00000,-0.98376
11.4500,1145,240,0,0,0.00930,0.00936,0.02152,0.02179,0.00000,0.00589,1.15172,1.50000,0.98138,0.40776,3.00000,1.00000,40.31188,1.62031,1.00000,-0.68376
11.4600,1146,240,0,0,0.00873,0.00877,0.01864,0.01884,0.00000,0.00531,1.15024,1.50000,0.98761,0.41400,3.00000,1.00000,40.48724,0.93717,1.00000,-0.38376
11.4700,1147,240,0,0,0.00857,0.00838,0.01783,0.01689,0.00000,0.00373,1.14838,1.50000,0.99385,0.42023,3.00000,2.00000,40.63036,0.29226,1.00000,-0.08376
11.4800,1148,240,0,0,0.00831,0.00829,0.01655,0.01646,0.00000,0.00198,1.14777,1.50000,0.00008,0.42647,0.00000,2.00000,40.72351,-0.31286,0.70000,0.00000
11.4900,1149,240,0,0,0.00828,0.00839,0.01638,0.01697,0.00000,0.00022,1.14833,1.50000,0.00657,0.43270,0.00000,2.00000,40.79405,-0.88537,0.40000,0.00000
11.5000,1150,240,0,0,0.00804,0.00845,0.01522,0.01723,0.00037,0.05820,1.14741,1.50000,0.01307,0.43893,0.00000,2.00000,40.82791,-1.41552,0.10000,0.00000
11.5100,1151,240,0,0,0.00783,0.00840,0.01417,0.01700,0.00000,0.15339,1.14820,1.50000,0.01956,0.44517,0.00000,2.00000,40.82964,-1.90837,0.00000,0.00000
11.5200,1152,240,0,0,0.00824,0.00805,0.01621,0.01524,0.00243,0.27936,1.14703,1.50000,0.02605,0.45140,0.00000,2.00000,40.79385,-2.36116,0.00000,0.00000
11.5300,1153,240,0,0,0.00798,0.00794,0.01492,0.01471,0.00172,0.42867,1.14503,1.50000,0.03254,0.45764,0.00000,2.00000,40.72056,-2.77259,0.00000,0.00000
11.5400,1154,240,0,0,0.00770,0.00777,0.01349,0.01387,0.00207,0.59075,1.14766,1.50000,0.03903,0.46387,0.00000,2.00000,40.60936,-3.14779,0.00000,0.00000
11.5500,1155,240,0,0,0.00751,0.00767,0.01257,0.01335,0.00183,0.76530,1.14744,1.50000,0.04552,0.47011,0.00000,2.00000,40.46437,-3.49333,0.00000,0.00000
11.5600,1156,240,0,0,0.00783,0.00807,0.01417,0.01537,0.00226,0.94990,1.14668,1.50000,0.05201,0.47634,1.00000,2.00000,40.28932,-3.79490,-0.30000,0.00000
11.5700,1157,240,0,0,0.00778,0.00753,0.01390,0.01265,0.00108,1.09968,1.14571,1.50000,0.05850,0.48258,1.00000,2.00000,40.06837,-4.04843,-0.60000,0.00000
11.5800,1158,240,0,0,0.00764,0.00746,0.01319,0.01231,0.00340,1.20912,1.14750,1.50000,0.06500,0.48881,1.00000,2.00000,39.81411,-4.26185,-0.90000,0.00000
11.5900,1159,240,0,0,0.00820,0.00773,0.01600,0.01363,0.00000,1.28704,1.15036,1.50000,0.07149,0.49505,1.00000,2.00000,39.53097,-4.43598,-1.20000,0.00000
11.6000,1160,240,0,0,0.00831,0.00733,0.01656,0.01164,0.00043,1.34693,1.14952,1.50000,0.07798,0.50128,1.00000,2.00000,39.21194,-4.56218,-1.50000,0.00000
11.6100,1161,240,0,0,0.00808,0.00722,0.01539,0.01108,0.00037,1.38718,1.14922,1.50000,0.08447,0.50751,1.00000,2.00000,38.84524,-4.64721,-1.80000,0.00000
11.6200,1162,240,0,0,0.00805,0.00716,0.01523,0.01079,0.00000,1.41567,1.15111,1.49842,0.09096,0.51375,1.00000,2.00000,38.45812,-4.69362,-2.09139,0.00000
11.6300,1163,240,0,0,0.00837,0.00718,0.01683,0.01090,0.00000,1.43555,1.14775,1.49949,0.09745,0.51998,1.00000,2.00000,38.02420,-4.69934,-2.10101,0.00000
11.6400,1164,240,0,0,0.00858,0.00689,0.01789,0.00947,0.00000,1.45236,1.15152,1.49875,0.10394,0.52622,1.00000,2.00000,37.55677,-4.65973,-2.10733,0.00000
11.6500,1165,240,0,0,0.00858,0.00717,0.01792,0.01083,0.00130,1.46547,1.15504,1.49933,0.11043,0.53245,1.00000,2.00000,37.05774,-4.59123,-2.10751,0.00000
11.6600,1166,240,0,0,0.00914,0.00738,0.02072,0.01189,0.00176,1.47527,1.14913,1.49731,0.11693,0.53869,1.00000,2.00000,36.52970,-4.47450,-2.12430,0.00000
11.6700,1167,240,0,0,0.00973,0.00750,0.02364,0.01249,0.00053,1.48204,1.13438,1.49763,0.12342,0.54492,1.00000,2.00000,35.97245,-4.33845,-2.14182,0.00000
11.6800,1168,240,0,0,0.01016,0.00728,0.02579,0.01141,0.00984,1.48618,1.08809,1.49945,0.12991,0.55116,1.00000,2.00000,35.38991,-4.16902,-2.15474,0.00000
11.6900,1169,240,0,0,0.01051,0.00733,0.02754,0.01167,0.04628,1.48994,1.02067,1.50000,0.13640,0.55739,1.00000,2.00000,34.76714,-3.96208,-2.16524,0.00000
11.7000,1170,240,0,0,0.01122,0.00716,0.03108,0.01078,0.09627,1.49070,0.93689,1.49914,0.14289,0.56362,1.00000,2.00000,34.12539,-3.71910,-2.18650,0.00000
11.7100,1171,240,0,0,0.01248,0.00715,0.03741,0.01075,0.16146,1.49369,0.84351,1.49746,0.14938,0.56986,1.00000,2.00000,33.46816,-3.44148,-2.22444,0.00000
11.7200,1172,240,0,0,0.01385,0.00769,0.04426,0.01345,0.23678,1.49457,0.73963,1.49818,0.15587,0.57609,1.00000,2.00000,32.77127,-3.12197,-2.26557,0.00000
11.7300,1173,240,0,0,0.01542,0.00763,0.05212,0.01316,0.31862,1.49884,0.62831,1.49960,0.16236,0.58233,1.00000,2.00000,32.06414,-2.78847,-2.31273,0.00000
11.7400,1174,240,0,0,0.01677,0.00731,0.05883,0.01154,0.40543,1.49885,0.51413,1.50000,0.16886,0.58856,1.00000,2.00000,31.32117,-2.41109,-2.35296,0.00000
11.7500,1175,240,0,0,0.01851,0.00737,0.06753,0.01187,0.49567,1.49967,0.39778,1.49943,0.17535,0.59480,1.00000,2.00000,30.56232,-2.00657,-2.40521,0.00000
11.7600,1176,240,0,0,0.01998,0.00708,0.07490,0.01042,0.58708,1.50000,0.28693,1.50000,0.18184,0.60103,1.00000,3.00000,29.78226,-1.58054,-2.44939,0.00000
11.7700,1177,240,0,0,0.02253,0.00691,0.08765,0.00954,0.68059,1.50000,0.20567,1.50000,0.18833,0.60727,1.00000,3.00000,28.98755,-1.10855,-2.52589,0.00000
11.7800,1178,240,0,0,0.02503,0.00682,0.10015,0.00908,0.77757,1.50000,0.15264,1.50000,0.19482,0.61350,1.00000,3.00000,28.17488,-0.60577,-2.60089,0.00000
11.7900,1179,240,0,0,0.02722,0.00688,0.11111,0.00939,0.87607,1.49985,0.10979,1.49889,0.20131,0.61974,1.00000,3.00000,27.34835,-0.08768,-2.66668,0.00000
11.8000,1180,240,0,0,0.02970,0.00723,0.12349,0.01113,0.97237,1.50000,0.07951,1.49953,0.20780,0.62597,1.00000,3.00000,26.48938,0.46483,-2.74095,0.00000
11.8100,1181,240,0,0,0.03212,0.00740,0.13561,0.01200,1.04488,1.49938,0.05709,1.50000,0.21429,0.63220,1.00000,3.00000,25.62689,1.03507,-2.81364,0.00000
11.8200,1182,240,0,0,0.03485,0.00751,0.14926,0.01257,1.09599,1.50000,0.04236,1.50000,0.22079,0.63844,1.00000,3.00000,24.75054,1.63665,-2.89554,0.00000
11.8300,1183,240,0,0,0.03680,0.00724,0.15900,0.01121,1.13484,1.50000,0.03367,1.50000,0.22728,0.64467,1.00000,3.00000,23.86109,2.27727,-2.95401,0.00000
11.8400,1184,240,0,0,0.03886,0.00717,0.16928,0.01084,1.15463,1.50000,0.02541,1.49970,0.23377,0.65091,1.00000,3.00000,22.97053,2.93124,-3.01566,0.00000
11.8500,1185,240,0,0,0.04069,0.00729,0.17845,0.01145,1.16009,1.50000,0.01596,1.48401,0.24026,0.65714,1.00000,3.00000,22.07627,3.60531,-3.07068,0.00000
11.8600,1186,240,0,0,0.04202,0.00718,0.18511,0.01092,1.15291,1.50000,0.00931,1.44437,0.24675,0.66338,1.00000,3.00000,21.15857,4.31013,-3.11063,0.00000
11.8700,1187,240,0,0,0.04326,0.00718,0.19131,0.01091,1.14497,1.50000,0.00611,1.38872,0.25324,0.66961,1.00000,3.00000,20.24390,5.03082,-3.14783,0.00000
11.8800,1188,240,0,0,0.04417,0.00734,0.19583,0.01169,1.12809,1.50000,0.00400,1.31818,0.25973,0.67585,1.00000,3.00000,19.33075,5.77210,-3.17500,0.00000
11.8900,1189,240,0,0,0.04421,0.00728,0.19606,0.01140,1.10970,1.49928,0.00007,1.24050,0.26622,0.68208,1.00000,3.00000,18.41157,6.53901,-3.17635,0.00000
11.9000,1190,240,0,0,0.04348,0.00736,0.19242,0.01182,1.09127,1.49805,0.00140,1.15339,0.27271,0.68831,1.00000,3.00000,17.48695,7.31149,-3.15450,0.00000
11.9100,1191,240,0,0,0.04238,0.00772,0.18690,0.01362,1.06775,1.50000,0.00000,1.06134,0.27921,0.69455,1.00000,3.00000,16.57042,8.10346,-3.12143,0.00000
11.9200,1192,240,0,0,0.04113,0.00760,0.18064,0.01301,1.04189,1.50000,0.00190,0.96556,0.28570,0.70078,1.00000,3.00000,15.65783,8.91729,-3.08382,0.00000
11.9300,1193,240,0,0,0.03955,0.00781,0.17276,0.01405,1.01647,1.50000,0.00437,0.86572,0.29219,0.70702,1.00000,3.00000,14.74650,9.74857,-3.03657,0.00000
11.9400,1194,240,0,0,0.03767,0.00783,0.16337,0.01414,0.98986,1.50000,0.00276,0.76824,0.29868,0.71325,1.00000,3.00000,13.84927,10.59211,-2.98024,0.00000
11.9500,1195,240,0,0,0.03564,0.00740,0.15321,0.01201,0.96518,1.50000,0.00273,0.67196,0.30517,0.71949,1.00000,3.00000,12.95228,11.43487,-2.91925,0.00000
11.9600,1196,240,0,0,0.03310,0.00718,0.14049,0.01089,0.93586,1.49795,0.00000,0.57102,0.31166,0.72572,1.00000,3.00000,12.06387,12.29809,-2.84292,0.00000
11.9700,1197,240,0,0,0.03086,0.00708,0.12929,0.01041,0.90550,1.49789,0.00099,0.46968,0.31815,0.73196,1.00000,3.00000,11.18880,13.15944,-2.77572,0.00000
11.9800,1198,240,0,0,0.02849,0.00702,0.11745,0.01010,0.87783,1.49916,0.00000,0.36587,0.32464,0.73819,1.00000,3.00000,10.31858,14.04424,-2.70468,0.00000
11.9900,1199,240,0,0,0.02636,0.00716,0.10678,0.01079,0.85022,1.50000,0.00000,0.26530,0.33114,0.74443,1.00000,3.00000,9.46542,14.91627,-2.64071,0.00000
12.0000,1200,240,0,0,0.02371,0.00743,0.09353,0.01217,0.81907,1.50000,0.00000,0.19429,0.33763,0.75066,1.00000,3.00000,8.62380,15.80907,-2.56121,0.00000
12.0100,1201,240,0,0,0.02151,0.00780,0.08254,0.01401,0.78978,1.50000,0.00000,0.14439,0.34412,0.75689,1.00000,3.00000,7.79973,16.69256,-2.49525,0.00000
12.0200,1202,240,0,0,0.01992,0.00790,0.07459,0.01450,0.76453,1.49980,0.00000,0.10731,0.35061,0.76313,1.00000,3.00000,6.99645,17.59435,-2.44755,0.00000
12.0300,1203,240,0,0,0.01832,0.00785,0.06658,0.01426,0.75094,1.49663,0.00007,0.07925,0.35710,0.76936,1.00000,3.00000,6.21466,18.48624,-2.39949,0.00000
12.0400,1204,240,0,0,0.01650,0.00752,0.05750,0.01260,0.73864,1.49832,0.00000,0.05761,0.36359,0.77560,1.00000,3.00000,5.45795,19.36875,-2.34498,0.00000
12.0500,1205,240,0,0,0.01506,0.00782,0.05030,0.01410,0.72796,1.49742,0.00195,0.04218,0.37008,0.78183,1.00000,3.00000,4.70707,20.25441,-2.04498,0.00000
12.0600,1206,240,0,0,0.01359,0.00812,0.04296,0.01559,0.71915,1.49849,0.00000,0.02940,0.37657,0.78807,1.00000,3.00000,3.99255,21.14488,-1.74498,0.00000
12.0700,1207,240,0,0,0.01258,0.00847,0.03789,0.01735,0.71393,1.50000,0.00210,0.01897,0.38307,0.79430,1.00000,3.00000,3.29230,22.03091,-1.44498,0.00000
12.0800,1208,240,0,0,0.01156,0.00927,0.03280,0.02133,0.70904,1.50000,0.00000,0.01193,0.38956,0.80054,1.00000,3.00000,2.61161,22.90342,-1.14498,0.00000
12.0900,1209,240,0,0,0.01045,0.00979,0.02723,0.02395,0.70670,1.50000,0.00000,0.00874,0.39605,0.80677,1.00000,3.00000,1.96852,23.76989,-0.84498,0.00000
12.1000,1210,240,0,0,0.00985,0.01022,0.02427,0.02609,0.70299,1.50000,0.00000,0.00587,0.40254,0.81301,1.00000,3.00000,1.34060,24.63189,-0.54498,0.00000
12.1100,1211,240,0,0,0.00926,0.01031,0.02132,0.02654,0.70109,1.50000,0.00000,0.00185,0.40903,0.81924,1.00000,3.00000,0.75858,25.47959,-0.24498,0.00000
12.1200,1212,240,0,0,0.00895,0.01064,0.01977,0.02821,0.70486,1.50000,0.00044,0.00128,0.41552,0.82547,1.00000,3.00000,0.19432,26.30846,0.00000,0.00000
12.1300,1213,240,0,0,0.00837,0.01115,0.01684,0.03074,0.70382,1.50000,0.00278,0.00041,0.42201,0.83171,2.00000,3.00000,-0.33893,27.12969,0.00000,0.00000
12.1400,1214,240,0,0,0.00818,0.01154,0.01589,0.03270,0.70664,1.50000,0.00398,0.00000,0.42850,0.83794,2.00000,3.00000,-0.83008,27.94376,0.00000,0.00000
12.1500,1215,240,0,0,0.00810,0.01227,0.01551,0.03635,0.70438,1.50000,0.00222,0.00000,0.43500,0.84418,2.00000,3.00000,-1.30084,28.74718,0.00000,0.00000
12.1600,1216,240,0,0,0.00801,0.01292,0.01505,0.03960,0.70338,1.49780,0.00192,0.00000,0.44149,0.85041,2.00000,3.00000,-1.73404,29.53433,0.00000,0.00000
12.1700,1217,240,0,0,0.00751,0.01321,0.01257,0.04104,0.70156,1.49875,0.00011,0.00000,0.44798,0.85665,2.00000,3.00000,-2.13419,30.29720,0.00000,0.30000
12.1800,1218,240,0,0,0.00740,0.01403,0.01199,0.04513,0.70299,1.50000,0.00000,0.00000,0.45447,0.86288,2.00000,3.00000,-2.51415,31.03834,0.00000,0.60000
12.1900,1219,240,0,0,0.00717,0.01446,0.01083,0.04729,0.70301,1.50000,0.00000,0.00000,0.46096,0.86912,2.00000,3.00000,-2.85420,31.76264,0.00000,0.90000
12.2000,1220,240,0,0,0.00765,0.01441,0.01325,0.04707,0.70004,1.50000,0.00000,0.00000,0.46745,0.87535,2.00000,3.00000,-3.15299,32.45788,0.00000,1.00000
12.2100,1221,240,0,0,0.00769,0.01476,0.01344,0.04880,0.69955,1.50000,0.00000,0.00000,0.47394,0.88158,2.00000,3.00000,-3.41483,33.13574,0.00000,1.00000
12.2200,1222,240,0,0,0.00757,0.01506,0.01286,0.05028,0.69780,1.50000,0.00000,0.00000,0.48043,0.88782,2.00000,3.00000,-3.64653,33.78741,0.00000,1.00000
12.2300,1223,240,0,0,0.00736,0.01536,0.01178,0.05180,0.67932,1.50000,0.00000,0.00000,0.48693,0.89405,2.00000,3.00000,-3.83115,34.41406,0.00000,1.00000
12.2400,1224,240,0,0,0.00763,0.01520,0.01315,0.05101,0.63968,1.50000,0.00013,0.00000,0.49342,0.90029,2.00000,3.00000,-3.99497,35.02596,0.00000,1.00000
12.2500,1225,240,0,0,0.00735,0.01522,0.01173,0.05110,0.58235,1.49558,0.00194,0.00000,0.49991,0.90652,2.00000,3.00000,-4.11232,35.60986,0.00000,1.00000
12.2600,1226,240,0,0,0.00756,0.01495,0.01278,0.04975,0.51180,1.49523,0.00044,0.00000,0.50640,0.91276,2.00000,3.00000,-4.19944,36.16896,0.00000,1.00000
12.2700,1227,240,0,0,0.00720,0.01427,0.01098,0.04633,0.43505,1.49534,0.00000,0.00000,0.51289,0.91899,2.00000,3.00000,-4.23095,36.69830,0.00000,1.00000
12.2800,1228,240,0,0,0.00705,0.01358,0.01024,0.04288,0.35424,1.49663,0.00000,0.00091,0.51938,0.92523,2.00000,3.00000,-4.22862,37.19672,0.00000,1.00000
12.2900,1229,240,0,0,0.00750,0.01346,0.01252,0.04229,0.26925,1.49607,0.00000,0.00013,0.52587,0.93146,2.00000,3.00000,-4.18475,37.66749,0.00000,1.00000
12.3000,1230,240,0,0,0.00750,0.01322,0.01249,0.04108,0.19833,1.49768,0.00000,0.00001,0.53236,0.93770,2.00000,3.00000,-4.08540,38.10440,0.00000,1.00000
12.3100,1231,240,0,0,0.00711,0.01268,0.01057,0.03842,0.14325,1.49968,0.00000,0.00407,0.53886,0.94393,2.00000,3.00000,-3.94413,38.51361,0.00000,1.00000
12.3200,1232,240,0,0,0.00744,0.01240,0.01222,0.03699,0.10165,1.50000,0.00207,0.00264,0.54535,0.95016,2.00000,3.00000,-3.75400,38.88490,0.00000,1.00000
12.3300,1233,240,0,0,0.00720,0.01195,0.01101,0.03477,0.07379,1.49990,0.00000,0.00283,0.55184,0.95640,2.00000,3.00000,-3.52743,39.23174,0.00000,1.00000
12.3400,1234,240,0,0,0.00752,0.01142,0.01259,0.03211,0.05471,1.49866,0.00054,0.00312,0.55833,0.96263,2.00000,3.00000,-3.24554,39.54718,0.00000,1.00000
12.3500,1235,240,0,0,0.00678,0.01058,0.00888,0.02788,0.04158,1.49774,0.00023,0.00346,0.56482,0.96887,2.00000,3.00000,-2.93583,39.82147,0.00000,1.00000
12.3600,1236,240,0,0,0.00649,0.01045,0.00747,0.02723,0.03281,1.50000,0.00000,0.00299,0.57131,0.97510,2.00000,3.00000,-2.57370,40.06770,0.00000,1.00000
12.3700,1237,240,0,0,0.00640,0.01001,0.00702,0.02505,0.02348,1.50000,0.00000,0.00249,0.57780,0.98134,2.00000,3.00000,-2.16967,40.27639,0.00000,1.00000
12.3800,1238,240,0,0,0.00670,0.00943,0.00848,0.02213,0.01487,1.50000,0.00000,0.00197,0.58429,0.98757,2.00000,3.00000,-1.72647,40.45247,0.00000,1.00000
12.3900,1239,240,0,0,0.00691,0.00889,0.00953,0.01943,0.01053,1.49957,0.00049,0.00049,0.59079,0.99381,2.00000,3.00000,-1.22972,40.59146,0.00000,1.00000
12.4000,1240,240,0,0,0.00692,0.00876,0.00961,0.01880,0.00440,1.47764,0.00329,0.21106,0.59728,0.00004,2.00000,0.00000,-0.69127,40.71024,0.00000,0.70000
12.4100,1241,240,0,0,0.00700,0.00831,0.00998,0.01655,0.00469,1.43482,0.00404,0.42073,0.60377,0.00653,3.00000,0.00000,-0.11196,40.78978,0.00000,0.40000
12.4200,1242,240,0,0,0.00697,0.00858,0.00983,0.01790,0.00262,1.37574,0.00196,0.62561,0.61026,0.01302,3.00000,0.00000,0.49520,40.82795,0.00000,0.10000
12.4300,1243,240,0,0,0.00703,0.00851,0.01013,0.01755,0.00163,1.30292,0.00000,0.82686,0.61675,0.01952,3.00000,0.00000,1.15405,40.83576,0.00000,0.00000
12.4400,1244,240,0,0,0.00722,0.00887,0.01112,0.01933,0.00259,1.22301,0.00000,1.01256,0.62324,0.02601,3.00000,0.00000,1.85442,40.79082,0.00000,0.00000
12.4500,1245,240,0,0,0.00726,0.00906,0.01130,0.02032,0.00374,1.13797,0.00067,1.14458,0.62973,0.03250,3.00000,0.00000,2.57666,40.72609,0.00000,0.00000
12.4600,1246,240,0,0,0.00711,0.00943,0.01053,0.02214,0.00277,1.04706,0.00000,1.24146,0.63622,0.03899,3.00000,0.00000,3.35004,40.60065,0.00000,0.00000
12.4700,1247,240,0,0,0.00673,0.00978,0.00866,0.02388,0.00186,0.95038,0.00186,1.31380,0.64272,0.04548,3.00000,0.00000,4.14228,40.44083,0.00000,0.00000
12.4800,1248,240,0,0,0.00650,0.01038,0.00751,0.02689,0.00149,0.85549,0.00221,1.36722,0.64921,0.05197,3.00000,1.00000,4.97592,40.23919,0.00000,-0.30000
12.4900,1249,240,0,0,0.00671,0.01152,0.00855,0.03258,0.00036,0.75877,0.00215,1.40231,0.65570,0.05846,3.00000,1.00000,5.84381,40.00446,0.00000,-0.60000
12.5000,1250,240,0,0,0.00686,0.01252,0.00928,0.03758,0.00057,0.65694,0.00106,1.42826,0.66219,0.06495,3.00000,1.00000,6.74925,39.73366,0.00000,-0.90000
12.5100,1251,240,0,0,0.00685,0.01334,0.00926,0.04168,0.00000,0.55539,0.00185,1.45148,0.66868,0.07145,3.00000,1.00000,7.67403,39.41874,0.00000,-1.20000
12.5200,1252,240,0,0,0.00733,0.01420,0.01164,0.04600,0.00000,0.45831,0.00132,1.46492,0.67517,0.07794,3.00000,1.00000,8.63128,39.07735,0.00000,-1.50000
12.5300,1253,240,0,0,0.00731,0.01540,0.01157,0.05201,0.00000,0.35677,0.00035,1.47752,0.68166,0.08443,3.00000,1.00000,9.60628,38.68816,0.00000,-1.80000
12.5400,1254,240,0,0,0.00738,0.01675,0.01190,0.05875,0.00000,0.25997,0.00140,1.48402,0.68815,0.09092,3.00000,1.00000,10.61022,38.26328,0.00000,-2.10000
12.5500,1255,240,0,0,0.00724,0.01774,0.01118,0.06371,0.00000,0.18803,0.00078,1.48880,0.69465,0.09741,3.00000,1.00000,11.64026,37.79651,0.00000,-2.38223
12.5600,1256,240,0,0,0.00721,0.01909,0.01105,0.07044,0.00000,0.13711,0.00000,1.49136,0.70114,0.10390,3.00000,1.00000,12.69194,37.30397,0.00000,-2.42263
12.5700,1257,240,0,0,0.00727,0.02016,0.01136,0.07581,0.00000,0.09905,0.00044,1.49528,0.70763,0.11039,3.00000,1.00000,13.75721,36.77361,0.00000,-2.45484
12.5800,1258,240,0,0,0.00733,0.02207,0.01163,0.08536,0.00000,0.06877,0.00022,1.49880,0.71412,0.11688,3.00000,1.00000,14.82545,36.20768,0.00000,-2.51218
12.5900,1259,240,0,0,0.00737,0.02415,0.01184,0.09577,0.00105,0.04928,0.00096,1.49743,0.72061,0.12338,3.00000,1.00000,15.92536,35.60935,0.00000,-2.57463
12.6000,1260,240,0,0,0.00742,0.02571,0.01210,0.10355,0.00000,0.03394,0.00000,1.49755,0.72710,0.12987,3.00000,1.00000,17.04031,34.99938,0.00000,-2.62131
12.6100,1261,240,0,0,0.00760,0.02682,0.01298,0.10909,0.00000,0.02215,0.00000,1.49973,0.73359,0.13636,3.00000,1.00000,18.16932,34.33839,0.00000,-2.65455
12.6200,1262,240,0,0,0.00757,0.02866,0.01285,0.11828,0.00000,0.01453,0.00138,1.49959,0.74008,0.14285,3.00000,1.00000,19.29269,33.64262,0.00000,-2.70967
12.6300,1263,240,0,0,0.00778,0.03006,0.01388,0.12528,0.00000,0.00938,0.02308,1.49889,0.74658,0.14934,3.00000,1.00000,20.44586,32.92536,0.00000,-2.75165
12.6400,1264,240,0,0,0.00767,0.03147,0.01334,0.13237,0.00000,0.00917,0.07296,1.50000,0.75307,0.15583,3.00000,1.00000,21.58682,32.18533,0.00000,-2.79422
12.6500,1265,240,0,0,0.00758,0.03308,0.01291,0.14041,0.00000,0.00681,0.14230,1.50000,0.75956,0.16232,3.00000,1.00000,22.73753,31.42231,0.00000,-2.84247
12.6600,1266,240,0,0,0.00813,0.03440,0.01565,0.14701,0.00059,0.00260,0.22801,1.50000,0.76605,0.16881,3.00000,1.00000,23.88063,30.63354,0.00000,-2.88205
12.6700,1267,240,0,0,0.00838,0.03536,0.01689,0.15181,0.00000,0.00371,0.32823,1.50000,0.77254,0.17531,3.00000,1.00000,25.02367,29.82129,0.00000,-2.91085
12.6800,1268,240,0,0,0.00850,0.03612,0.01750,0.15558,0.00000,0.00259,0.43337,1.49881,0.77903,0.18180,3.00000,1.00000,26.16521,28.97906,0.00000,-2.93346
12.6900,1269,240,0,0,0.00858,0.03685,0.01790,0.15925,0.00000,0.00000,0.54448,1.49766,0.78552,0.18829,3.00000,1.00000,27.31507,28.12308,0.00000,-2.95549
12.7000,1270,240,0,0,0.00844,0.03721,0.01718,0.16104,0.00000,0.00000,0.66449,1.49851,0.79201,0.19478,3.00000,1.00000,28.46014,27.24086,0.00000,-2.96622
12.7100,1271,240,0,0,0.00889,0.03718,0.01943,0.16091,0.00000,0.00057,0.78371,1.49897,0.79851,0.20127,3.00000,1.00000,29.60269,26.34388,0.00000,-2.96545
12.7200,1272,240,0,0,0.00868,0.03713,0.01840,0.16065,0.00077,0.00000,0.90847,1.49766,0.80500,0.20776,3.00000,1.00000,30.72924,25.42979,0.30000,-2.96392
12.7300,1273,240,0,0,0.00922,0.03697,0.02110,0.15986,0.00216,0.00000,1.02909,1.49713,0.81149,0.21425,3.00000,1.00000,31.83989,24.50053,0.60000,-2.95919
12.7400,1274,240,0,0,0.00953,0.03642,0.02266,0.15709,0.00127,0.00000,1.15504,1.49616,0.81798,0.22074,3.00000,1.00000,32.94830,23.57159,0.90000,-2.94256
12.7500,1275,240,0,0,0.00991,0.03537,0.02457,0.15185,0.00132,0.00000,1.25289,1.49796,0.82447,0.22724,3.00000,1.00000,34.03376,22.62646,1.00000,-2.91107
12.7600,1276,240,0,0,0.01048,0.03471,0.02742,0.14857,0.00431,0.00000,1.32059,1.49529,0.83096,0.23373,3.00000,1.00000,35.10071,21.67163,1.00000,-2.89145
12.7700,1277,240,0,0,0.01103,0.03297,0.03017,0.13987,0.00351,0.00000,1.36928,1.49492,0.83745,0.24022,3.00000,1.00000,36.14743,20.70191,1.00000,-2.83920
12.7800,1278,240,0,0,0.01186,0.03174,0.03430,0.13369,0.00209,0.00000,1.40315,1.49325,0.84394,0.24671,3.00000,1.00000,37.17063,19.72986,1.00000,-2.80216
12.7900,1279,240,0,0,0.01229,0.03032,0.03644,0.12660,0.00025,0.00000,1.43144,1.49578,0.85044,0.25320,3.00000,1.00000,38.18940,18.73797,1.00000,-2.75958
12.8000,1280,240,0,0,0.01305,0.02897,0.04027,0.11984,0.00000,0.00000,1.44895,1.49398,0.85693,0.25969,3.00000,1.00000,39.17523,17.76014,1.00000,-2.71906
12.8100,1281,240,0,0,0.01346,0.02760,0.04230,0.11298,0.00000,0.00332,1.46277,1.49568,0.86342,0.26618,3.00000,1.00000,40.12650,16.77509,1.00000,-2.67788
12.8200,1282,240,0,0,0.01387,0.02625,0.04437,0.10626,0.00005,0.00271,1.46911,1.49955,0.86991,0.27267,3.00000,1.00000,41.06323,15.79214,1.00000,-2.63758
12.8300,1283,240,0,0,0.01421,0.02442,0.04603,0.09712,0.00361,0.00173,1.47225,1.50000,0.87640,0.27917,3.00000,1.00000,41.97568,14.80846,1.00000,-2.58270
12.8400,1284,240,0,0,0.01473,0.02295,0.04866,0.08976,0.00300,0.00169,1.46782,1.49879,0.88289,0.28566,3.00000,1.00000,42.85791,13.82015,1.00000,-2.53859
12.8500,1285,240,0,0,0.01564,0.02140,0.05321,0.08201,0.00185,0.00066,1.45661,1.49962,0.88938,0.29215,3.00000,1.00000,43.69507,12.83563,1.00000,-2.49205
12.8600,1286,240,0,0,0.01571,0.01949,0.05356,0.07245,0.00355,0.00000,1.44058,1.49810,0.89587,0.29864,3.00000,1.00000,44.49718,11.86386,1.00000,-2.43473
12.8700,1287,240,0,0,0.01538,0.01856,0.05192,0.06780,0.00033,0.00000,1.42730,1.49666,0.90237,0.30513,3.00000,1.00000,45.27836,10.90739,0.70000,-2.40682
12.8800,1288,240,0,0,0.01495,0.01685,0.04977,0.05927,0.00000,0.00000,1.40849,1.49739,0.90886,0.31162,3.00000,1.00000,46.02845,9.95948,0.40000,-2.35562
12.8900,1289,240,0,0,0.01446,0.01576,0.04732,0.05378,0.00206,0.00000,1.38756,1.50000,0.91535,0.31811,3.00000,1.00000,46.72034,9.01003,0.10000,-2.32266
12.9000,1290,240,0,0,0.01436,0.01472,0.04682,0.04858,0.00000,0.00000,1.36524,1.50000,0.92184,0.32460,3.00000,1.00000,47.39017,8.07745,0.00000,-2.29150
12.9100,1291,240,0,0,0.01383,0.01373,0.04413,0.04367,0.00000,0.00000,1.34481,1.49960,0.92833,0.33110,3.00000,1.00000,48.02223,7.16142,0.00000,-2.26202
12.9200,1292,240,0,0,0.01346,0.01268,0.04230,0.03838,0.00000,0.00000,1.32260,1.50000,0.93482,0.33759,3.00000,1.00000,48.61459,6.26343,0.00000,-2.23030
12.9300,1293,240,0,0,0.01258,0.01205,0.03792,0.03525,0.00000,0.00000,1.30179,1.49695,0.94131,0.34408,3.00000,1.00000,49.16006,5.37683,0.00000,-2.21150
12.9400,1294,240,0,0,0.01240,0.01095,0.03698,0.02973,0.00116,0.00041,1.28287,1.49655,0.94780,0.35057,3.00000,1.00000,49.66639,4.50985,0.00000,-1.91150
12.9500,1295,240,0,0,0.01165,0.01037,0.03323,0.02684,0.00000,0.00000,1.26125,1.49614,0.95430,0.35706,3.00000,1.00000,50.13691,3.66731,0.00000,-1.61150
12.9600,1296,240,0,0,0.01085,0.00975,0.02924,0.02377,0.00000,0.00068,1.24069,1.49732,0.96079,0.36355,3.00000,1.00000,50.56641,2.85109,0.00000,-1.31150
12.9700,1297,240,0,0,0.01043,0.00921,0.02713,0.02107,0.00000,0.00179,1.22196,1.49772,0.96728,0.37004,3.00000,1.00000,50.94010,2.04936,0.00000,-1.01150
12.9800,1298,240,0,0,0.00973,0.00901,0.02363,0.02003,0.00000,0.00223,1.20965,1.49811,0.97377,0.37653,3.00000,1.00000,51.27218,1.27851,0.00000,-0.71150
12.9900,1299,240,0,0,0.00918,0.00895,0.02088,0.01976,0.00000,0.00000,1.20375,1.49834,0.98026,0.38303,3.00000,1.00000,51.55821,0.53860,0.00000,-0.41150
13.0000,1300,240,0,0,0.00920,0.00857,0.02102,0.01783,0.00000,0.00062,1.19575,1.49883,0.98675,0.38952,3.00000,1.00000,51.79748,-0.18995,0.00000,-0.11150
13.0100,1301,240,0,0,0.00907,0.00850,0.02034,0.01752,0.00000,0.00000,1.19114,1.50000,0.99324,0.39601,3.00000,1.00000,51.98833,-0.88281,0.00000,0.00000
13.0200,1302,240,0,0,0.00837,0.00828,0.01684,0.01639,0.00000,0.00000,1.18458,1.50000,0.99973,0.40250,3.00000,1.00000,52.13911,-1.54019,0.00000,0.00000
13.0300,1303,240,0,0,0.00973,0.00789,0.02364,0.01445,0.00038,0.00000,1.18489,1.49973,0.00554,0.40899,0.00000,1.00000,52.23917,-2.17738,0.00000,0.00000
13.0400,1304,240,0,0,0.01082,0.00773,0.02912,0.01367,0.00000,0.03021,1.18184,1.50000,0.01131,0.41548,0.00000,1.00000,52.31454,-2.78351,0.00000,0.00000
13.0500,1305,240,0,0,0.01189,0.00760,0.03445,0.01302,0.00031,0.10757,1.18213,1.50000,0.01709,0.42197,0.00000,2.00000,52.33354,-3.34717,0.00000,0.00000
13.0600,1306,240,0,0,0.01328,0.00741,0.04141,0.01207,0.00000,0.21643,1.17729,1.50000,0.02286,0.42846,0.00000,2.00000,52.31591,-3.88774,0.00000,0.00000
13.0700,1307,240,0,0,0.01379,0.00752,0.04397,0.01259,0.00000,0.34391,1.13977,1.50000,0.02863,0.43495,0.00000,2.00000,52.24171,-4.38579,0.00000,0.00000
13.0800,1308,240,0,0,0.01503,0.00755,0.05016,0.01273,0.00000,0.48996,1.07742,1.50000,0.03441,0.44145,0.00000,2.00000,52.12327,-4.85419,0.00000,0.00000
13.0900,1309,240,0,0,0.01612,0.00716,0.05561,0.01082,0.00209,0.64440,0.99508,1.49964,0.04018,0.44794,0.00000,2.00000,51.96892,-5.29124,0.00000,0.00000
13.1000,1310,240,0,0,0.01815,0.00687,0.06573,0.00936,0.00000,0.80757,0.90260,1.50000,0.04596,0.45443,0.00000,2.00000,51.77240,-5.68628,-0.30000,0.00000
13.1100,1311,240,0,0,0.01983,0.00711,0.07415,0.01056,0.00000,0.97923,0.79720,1.49977,0.05173,0.46092,1.00000,2.00000,51.53992,-6.04555,-0.60000,0.00000
13.1200,1312,240,0,0,0.02115,0.00701,0.08076,0.01007,0.00000,1.11965,0.68797,1.49926,0.05750,0.46741,1.00000,2.00000,51.25760,-6.36337,-0.90000,0.00000
13.1300,1313,240,0,0,0.02327,0.00719,0.09136,0.01094,0.00000,1.22337,0.57151,1.49790,0.06328,0.47390,1.00000,2.00000,50.94681,-6.65264,-1.20000,0.00000
13.1400,1314,240,0,0,0.02508,0.00742,0.10041,0.01209,0.00000,1.29998,0.45294,1.50000,0.06905,0.48039,1.00000,2.00000,50.59254,-6.89843,-1.50000,0.00000
13.1500,1315,240,0,0,0.02729,0.00714,0.11147,0.01068,0.00000,1.35267,0.33029,1.50000,0.07483,0.48688,1.00000,2.00000,50.19134,-7.10540,-1.80000,0.00000
13.1600,1316,240,0,0,0.02937,0.00690,0.12187,0.00950,0.00033,1.39299,0.23995,1.49967,0.08060,0.49338,1.00000,2.00000,49.74957,-7.26838,-2.10000,0.00000
13.1700,1317,240,0,0,0.03223,0.00740,0.13615,0.01202,0.00000,1.42580,0.17249,1.49915,0.08638,0.49987,1.00000,2.00000,49.27708,-7.40198,-2.40000,0.00000
13.1800,1318,240,0,0,0.03460,0.00748,0.14802,0.01240,0.00000,1.44468,0.12567,1.47572,0.09215,0.50636,1.00000,2.00000,48.76896,-7.48250,-2.70000,0.00000
13.1900,1319,240,0,0,0.03690,0.00737,0.15950,0.01183,0.00083,1.45795,0.09134,1.43103,0.09792,0.51285,1.00000,2.00000,48.22005,-7.52759,-2.95700,0.00000
13.2000,1320,240,0,0,0.03961,0.00717,0.17304,0.01085,0.00117,1.46911,0.06544,1.37192,0.10370,0.51934,1.00000,2.00000,47.63431,-7.54262,-3.03824,0.00000
13.2100,1321,240,0,0,0.04215,0.00712,0.18575,0.01061,0.01788,1.47540,0.04744,1.29643,0.10947,0.52583,1.00000,2.00000,47.02681,-7.50123,-3.11447,0.00000
13.2200,1322,240,0,0,0.04464,0.00694,0.19820,0.00969,0.06082,1.48191,0.03467,1.22053,0.11525,0.53232,1.00000,2.00000,46.39013,-7.41612,-3.18922,0.00000
13.2300,1323,240,0,0,0.04706,0.00726,0.21028,0.01129,0.12437,1.48600,0.02417,1.13836,0.12102,0.53881,1.00000,2.00000,45.71327,-7.30076,-3.26168,0.00000
13.2400,1324,240,0,0,0.04914,0.00713,0.22069,0.01063,0.19776,1.49016,0.01734,1.05339,0.12679,0.54531,1.00000,2.00000,45.00039,-7.14358,-3.32413,0.00000
13.2500,1325,240,0,0,0.05128,0.00744,0.23141,0.01220,0.28716,1.48943,0.01094,0.96515,0.13257,0.55180,1.00000,2.00000,44.24810,-6.95507,-3.38845,0.00000
13.2600,1326,240,0,0,0.05369,0.00734,0.24346,0.01171,0.38160,1.49285,0.01180,0.87164,0.13834,0.55829,1.00000,2.00000,43.46841,-6.73549,-3.46075,0.00000
13.2700,1327,240,0,0,0.05498,0.00713,0.24988,0.01065,0.48386,1.49579,0.01031,0.77839,0.14412,0.56478,1.00000,2.00000,42.66410,-6.47444,-3.49930,0.00000
13.2800,1328,240,0,0,0.05660,0.00711,0.25801,0.01055,0.58480,1.49462,0.00793,0.68055,0.14989,0.57127,1.00000,2.00000,41.83474,-6.16058,-3.54808,0.00000
13.2900,1329,240,0,0,0.05805,0.00661,0.26527,0.00807,0.69197,1.49794,0.00769,0.58559,0.15566,0.57776,1.00000,2.00000,40.97157,-5.81451,-3.59161,0.00000
13.3000,1330,240,0,0,0.05954,0.00680,0.27271,0.00902,0.80431,1.49777,0.00233,0.48744,0.16144,0.58425,1.00000,2.00000,40.08750,-5.43236,-3.63627,0.00000
13.3100,1331,240,0,0,0.06036,0.00693,0.27681,0.00965,0.91407,1.49838,0.00000,0.38819,0.16721,0.59074,1.00000,2.00000,39.18340,-5.00802,-3.66084,0.00000
13.3200,1332,240,0,0,0.06067,0.00724,0.27835,0.01119,1.02367,1.50000,0.00000,0.29077,0.17299,0.59724,1.00000,2.00000,38.25253,-4.54463,-3.67010,0.00000
13.3300,1333,240,0,0,0.06102,0.00687,0.28010,0.00935,1.13781,1.50000,0.00000,0.21346,0.17876,0.60373,1.00000,3.00000,37.28961,-4.05885,-3.68061,0.00000
13.3400,1334,240,0,0,0.06083,0.00727,0.27915,0.01135,1.23791,1.50000,0.00000,0.15532,0.18454,0.61022,1.00000,3.00000,36.30833,-3.53115,-3.67493,0.00000
13.3500,1335,240,0,0,0.05983,0.00748,0.27413,0.01242,1.31011,1.50000,0.00000,0.11525,0.19031,0.61671,1.00000,3.00000,35.30674,-2.95925,-3.64476,0.00000
13.3600,1336,240,0,0,0.05905,0.00774,0.27024,0.01368,1.36176,1.50000,0.00000,0.08247,0.19608,0.62320,1.00000,3.00000,34.29111,-2.37189,-3.62143,0.00000
13.3700,1337,240,0,0,0.05772,0.00763,0.26362,0.01316,1.39950,1.50000,0.00000,0.06161,0.20186,0.62969,1.00000,3.00000,33.26729,-1.74055,-3.58173,0.00000
13.3800,1338,240,0,0,0.05632,0.00779,0.25659,0.01395,1.42623,1.50000,0.00000,0.04367,0.20763,0.63618,1.00000,3.00000,32.22193,-1.08773,-3.53952,0.00000
13.3900,1339,240,0,0,0.05471,0.00736,0.24853,0.01181,1.44699,1.50000,0.00000,0.03209,0.21341,0.64267,1.00000,3.00000,31.15916,-0.39899,-3.49119,0.00000
13.4000,1340,240,0,0,0.05259,0.00753,0.23793,0.01264,1.46143,1.50000,0.00022,0.02366,0.21918,0.64917,1.00000,3.00000,30.08107,0.32016,-3.42758,0.00000
13.4100,1341,240,0,0,0.05077,0.00732,0.22884,0.01162,1.47193,1.50000,0.00000,0.01827,0.22495,0.65566,1.00000,3.00000,28.99319,1.06299,-3.37302,0.00000
13.4200,1342,240,0,0,0.04865,0.00698,0.21825,0.00992,1.47770,1.49994,0.00177,0.01368,0.23073,0.66215,1.00000,3.00000,27.89180,1.83208,-3.30949,0.00000
13.4300,1343,240,0,0,0.04589,0.00685,0.20447,0.00926,1.47858,1.49975,0.00111,0.00872,0.23650,0.66864,1.00000,3.00000,26.78660,2.61386,-3.22682,0.00000
13.4400,1344,240,0,0,0.04311,0.00700,0.19054,0.01002,1.47437,1.50000,0.00372,0.00778,0.24228,0.67513,1.00000,3.00000,25.66866,3.43397,-3.14324,0.00000
13.4500,1345,240,0,0,0.04036,0.00693,0.17678,0.00966,1.46513,1.50000,0.00141,0.00849,0.24805,0.68162,1.00000,3.00000,24.54302,4.26377,-3.06071,0.00000
13.4600,1346,240,0,0,0.03773,0.00714,0.16364,0.01072,1.44923,1.50000,0.00224,0.00521,0.25382,0.68811,1.00000,3.00000,23.42750,5.12209,-2.98184,0.00000
13.4700,1347,240,0,0,0.03558,0.00682,0.15289,0.00910,1.43291,1.49906,0.00153,0.00077,0.25960,0.69460,1.00000,3.00000,22.29427,5.99924,-2.91735,0.00000
13.4800,1348,240,0,0,0.03272,0.00652,0.13858,0.00758,1.41897,1.50000,0.00057,0.00138,0.26537,0.70110,1.00000,3.00000,21.16290,6.89509,-2.83148,0.00000
13.4900,1349,240,0,0,0.03055,0.00706,0.12777,0.01032,1.40281,1.50000,0.00145,0.00046,0.27115,0.70759,1.00000,3.00000,20.03257,7.80582,-2.76665,0.00000
13.5000,1350,240,0,0,0.02845,0.00736,0.11725,0.01181,1.38116,1.49857,0.00056,0.00012,0.27692,0.71408,1.00000,3.00000,18.90714,8.72463,-2.70348,0.00000
13.5100,1351,240,0,0,0.02649,0.00716,0.10747,0.01078,1.36124,1.49864,0.00000,0.00100,0.28270,0.72057,1.00000,3.00000,17.77421,9.65548,-2.64481,0.00000
13.5200,1352,240,0,0,0.02416,0.00724,0.09581,0.01121,1.34308,1.50000,0.00000,0.00000,0.28847,0.72706,1.00000,3.00000,16.65094,10.61206,-2.57485,0.00000
13.5300,1353,240,0,0,0.02277,0.00754,0.08886,0.01268,1.32337,1.50000,0.00000,0.00000,0.29424,0.73355,1.00000,3.00000,15.53229,11.57299,-2.53314,0.00000
13.5400,1354,240,0,0,0.02084,0.00763,0.07919,0.01316,1.30249,1.50000,0.00000,0.00000,0.30002,0.74004,1.00000,3.00000,14.42364,12.54725,-2.47511,0.00000
13.5500,1355,240,0,0,0.01899,0.00766,0.06996,0.01331,1.28088,1.49877,0.00264,0.00205,0.30579,0.74653,1.00000,3.00000,13.32685,13.52009,-2.41975,0.00000
13.5600,1356,240,0,0,0.01772,0.00791,0.06362,0.01457,1.25866,1.49759,0.00189,0.00154,0.31157,0.75303,1.00000,3.00000,12.23707,14.49121,-2.38174,0.00000
13.5700,1357,240,0,0,0.01621,0.00773,0.05603,0.01366,1.23739,1.49746,0.00000,0.00000,0.31734,0.75952,1.00000,3.00000,11.15748,15.48131,-2.33616,0.00000
13.5800,1358,240,0,0,0.01534,0.00781,0.05171,0.01404,1.21794,1.49905,0.00000,0.00000,0.32311,0.76601,1.00000,3.00000,10.09377,16.46423,-2.31024,0.00000
13.5900,1359,240,0,0,0.01413,0.00791,0.04565,0.01454,1.20061,1.49626,0.00000,0.00000,0.32889,0.77250,1.00000,3.00000,9.05107,17.45204,-2.27390,0.00000
13.6000,1360,240,0,0,0.01320,0.00799,0.04101,0.01497,1.18496,1.49743,0.00000,0.00000,0.33466,0.77899,1.00000,3.00000,8.01701,18.43252,-2.24604,0.00000
13.6100,1361,240,0,0,0.01217,0.00811,0.03584,0.01557,1.17492,1.49789,0.00104,0.00000,0.34044,0.78548,1.00000,3.00000,7.00853,19.42363,-2.21503,0.00000
13.6200,1362,240,0,0,0.01162,0.00840,0.03311,0.01701,1.16868,1.50000,0.00444,0.00000,0.34621,0.79197,1.00000,3.00000,6.00617,20.39365,-2.19863,0.00000
13.6300,1363,240,0,0,0.01093,0.00872,0.02965,0.01861,1.16498,1.49913,0.00401,0.00000,0.35198,0.79846,1.00000,3.00000,5.01987,21.36223,-2.17789,0.00000
13.6400,1364,240,0,0,0.01043,0.00885,0.02713,0.01926,1.16181,1.49884,0.00289,0.00000,0.35776,0.80496,1.00000,3.00000,4.06754,22.32591,-1.87789,0.00000
13.6500,1365,240,0,0,0.00958,0.00950,0.02290,0.02252,1.15641,1.50000,0.00000,0.00000,0.36353,0.81145,1.00000,3.00000,3.14100,23.27328,-1.57789,0.00000
13.6600,1366,240,0,0,0.00976,0.00975,0.02378,0.02376,1.15319,1.50000,0.00252,0.00009,0.36931,0.81794,1.00000,3.00000,2.23689,24.21898,-1.27789,0.00000
13.6700,1367,240,0,0,0.00922,0.01027,0.02112,0.02636,1.15332,1.50000,0.00196,0.00106,0.37508,0.82443,1.00000,3.00000,1.34726,25.15810,-0.97789,0.00000
13.6800,1368,240,0,0,0.00857,0.01081,0.01783,0.02907,1.14868,1.50000,0.00095,0.00176,0.38086,0.83092,1.00000,3.00000,0.49649,26.06891,-0.67789,0.00000
13.6900,1369,240,0,0,0.00855,0.01153,0.01776,0.03266,1.14973,1.50000,0.00148,0.00000,0.38663,0.83741,1.00000,3.00000,-0.34410,26.97012,-0.37789,0.00000
13.7000,1370,240,0,0,0.00855,0.01168,0.01773,0.03341,1.15211,1.50000,0.00011,0.00000,0.39240,0.84390,1.00000,3.00000,-1.14429,27.83650,-0.07789,0.00000
13.7100,1371,240,0,0,0.00790,0.01261,0.01448,0.03805,1.14922,1.50000,0.00032,0.00000,0.39818,0.85039,1.00000,3.00000,-1.90567,28.70347,0.00000,0.00000
13.7200,1372,240,0,0,0.00768,0.01308,0.01339,0.04039,1.14919,1.50000,0.00000,0.00000,0.40395,0.85689,1.00000,3.00000,-2.65633,29.54799,0.00000,0.00000
13.7300,1373,240,0,0,0.00739,0.01394,0.01196,0.04472,1.15079,1.49909,0.00023,0.00000,0.40973,0.86338,1.00000,3.00000,-3.37076,30.36803,0.00000,0.30000
13.7400,1374,240,0,0,0.00755,0.01428,0.01277,0.04639,1.14960,1.49938,0.00000,0.00053,0.41550,0.86987,1.00000,3.00000,-4.05586,31.17620,0.00000,0.60000
13.7500,1375,240,0,0,0.00723,0.01466,0.01117,0.04828,1.14957,1.50000,0.00190,0.00052,0.42127,0.87636,2.00000,3.00000,-4.70707,31.95006,0.00000,0.90000
13.7600,1376,240,0,0,0.00712,0.01536,0.01058,0.05181,1.14566,1.50000,0.00105,0.00285,0.42705,0.88285,2.00000,3.00000,-5.32041,32.69962,0.00000,1.00000
13.7700,1377,240,0,0,0.00707,0.01536,0.01036,0.05180,1.14438,1.50000,0.00054,0.00392,0.43282,0.88934,2.00000,3.00000,-5.88579,33.42138,0.00000,1.00000
13.7800,1378,240,0,0,0.00711,0.01562,0.01055,0.05308,1.14575,1.50000,0.00000,0.00265,0.43860,0.89583,2.00000,3.00000,-6.42845,34.10712,0.00000,1.00000
13.7900,1379,240,0,0,0.00723,0.01543,0.01116,0.05216,1.14627,1.50000,0.00009,0.00160,0.44437,0.90232,2.00000,3.00000,-6.93313,34.77060,0.00000,1.00000
13.8000,1380,240,0,0,0.00721,0.01525,0.01107,0.05124,1.14833,1.50000,0.00000,0.00000,0.45014,0.90882,2.00000,3.00000,-7.40448,35.41602,0.00000,1.00000
13.8100,1381,240,0,0,0.00717,0.01488,0.01083,0.04940,1.14908,1.50000,0.00000,0.00000,0.45592,0.91531,2.00000,3.00000,-7.82868,36.01073,0.00000,1.00000
13.8200,1382,240,0,0,0.00738,0.01461,0.01190,0.04806,1.14820,1.50000,0.00000,0.00000,0.46169,0.92180,2.00000,3.00000,-8.23534,36.58321,0.00000,1.00000
13.8300,1383,240,0,0,0.00722,0.01390,0.01109,0.04452,1.14634,1.49992,0.00000,0.00000,0.46747,0.92829,2.00000,3.00000,-8.58832,37.12442,0.00000,1.00000
13.8400,1384,240,0,0,0.00738,0.01314,0.01192,0.04071,1.14781,1.50000,0.00000,0.00000,0.47324,0.93478,2.00000,3.00000,-8.89904,37.64267,0.00000,1.00000
13.8500,1385,240,0,0,0.00734,0.01249,0.01170,0.03744,1.14976,1.50000,0.00000,0.00000,0.47902,0.94127,2.00000,3.00000,-9.17144,38.11698,0.00000,1.00000
13.8600,1386,240,0,0,0.00737,0.01201,0.01187,0.03505,1.14808,1.49845,0.00000,0.00215,0.48479,0.94776,2.00000,3.00000,-9.39708,38.54711,0.00000,1.00000
13.8700,1387,240,0,0,0.00713,0.01144,0.01065,0.03219,1.14444,1.49876,0.00000,0.00152,0.49056,0.95425,2.00000,3.00000,-9.59722,38.95211,0.00000,1.00000
13.8800,1388,240,0,0,0.00708,0.01109,0.01040,0.03045,1.14606,1.49805,0.00000,0.00485,0.49634,0.96075,2.00000,3.00000,-9.75443,39.30683,0.00000,1.00000
13.8900,1389,240,0,0,0.00712,0.01085,0.01058,0.02924,1.14367,1.49710,0.00000,0.00390,0.50211,0.96724,2.00000,3.00000,-9.86129,39.63505,0.00000,1.00000
13.9000,1390,240,0,0,0.00722,0.01007,0.01110,0.02535,1.14424,1.49638,0.00000,0.00068,0.50789,0.97373,2.00000,3.00000,-9.93122,39.91061,0.00000,1.00000
13.9100,1391,240,0,0,0.00669,0.00947,0.00845,0.02236,1.13264,1.49843,0.00000,0.00000,0.51366,0.98022,2.00000,3.00000,-9.96484,40.16328,0.00000,1.00000
13.9200,1392,240,0,0,0.00726,0.00881,0.01129,0.01906,1.09701,1.49875,0.00000,0.00000,0.51943,0.98671,2.00000,3.00000,-9.95809,40.36689,0.00000,1.00000
13.9300,1393,240,0,0,0.00757,0.00904,0.01284,0.02019,1.03636,1.50000,0.00045,0.00030,0.52521,0.99320,2.00000,3.00000,-9.92172,40.52850,0.00000,1.00000
13.9400,1394,240,0,0,0.00756,0.00878,0.01281,0.01889,0.95999,1.50000,0.00000,0.00000,0.53098,0.99969,2.00000,3.00000,-9.84909,40.65639,0.00000,1.00000
13.9500,1395,240,0,0,0.00750,0.00855,0.01251,0.01777,0.87084,1.49962,0.00000,0.09060,0.53676,0.00550,2.00000,0.00000,-9.72649,40.74834,0.00000,0.70000
13.9600,1396,240,0,0,0.00753,0.00801,0.01264,0.01504,0.77648,1.50000,0.00000,0.20811,0.54253,0.01127,2.00000,0.00000,-9.56949,40.79926,0.00000,0.40000
13.9700,1397,240,0,0,0.00734,0.00793,0.01171,0.01463,0.67623,1.50000,0.00000,0.34348,0.54831,0.01705,2.00000,0.00000,-9.37659,40.82234,0.00000,0.10000
13.9800,1398,240,0,0,0.00733,0.00801,0.01163,0.01503,0.56948,1.49901,0.00000,0.49438,0.55408,0.02282,2.00000,0.00000,-9.14842,40.80527,0.00000,0.00000
13.9900,1399,240,0,0,0.00772,0.00793,0.01360,0.01466,0.46147,1.49586,0.00000,0.65419,0.55985,0.02860,2.00000,0.00000,-8.88203,40.76393,0.00000,0.00000
14.0000,1400,240,0,0,0.00728,0.00821,0.01142,0.01607,0.35641,1.47830,0.00000,0.82163,0.56563,0.03437,2.00000,0.00000,-8.57507,40.68951,0.00000,0.00000
14.0100,1401,240,0,0,0.00739,0.00874,0.01193,0.01871,0.25993,1.44039,0.00000,0.99127,0.57140,0.04015,2.00000,0.00000,-8.23247,40.58145,0.00000,0.00000
14.0200,1402,240,0,0,0.00738,0.00848,0.01191,0.01740,0.18853,1.38624,0.00000,1.13253,0.57718,0.04592,2.00000,0.00000,-7.85483,40.44188,0.00000,0.00000
14.0300,1403,240,0,0,0.00719,0.00835,0.01095,0.01677,0.13420,1.31937,0.00000,1.23089,0.58295,0.05169,2.00000,1.00000,-7.44249,40.27707,0.00000,-0.30000
14.0400,1404,240,0,0,0.00724,0.00839,0.01119,0.01696,0.09672,1.24733,0.00000,1.30229,0.58872,0.05747,2.00000,1.00000,-6.99955,40.08527,0.00000,-0.60000
14.0500,1405,240,0,0,0.00760,0.00908,0.01299,0.02039,0.07209,1.16999,0.00000,1.35442,0.59450,0.06324,2.00000,1.00000,-6.51726,39.87247,0.00000,-0.90000
14.0600,1406,240,0,0,0.00716,0.00959,0.01080,0.02295,0.05382,1.08514,0.00000,1.39429,0.60027,0.06902,3.00000,1.00000,-6.00059,39.62259,0.00000,-1.20000
14.0700,1407,240,0,0,0.00664,0.00986,0.00821,0.02431,0.03832,0.99903,0.00000,1.42521,0.60605,0.07479,3.00000,1.00000,-5.45833,39.34487,0.00000,-1.50000
14.0800,1408,240,0,0,0.00683,0.01028,0.00913,0.02638,0.02674,0.90994,0.00000,1.44470,0.61182,0.08056,3.00000,1.00000,-4.87829,39.05114,0.00000,-1.80000
14.0900,1409,240,0,0,0.00698,0.01060,0.00991,0.02798,0.01890,0.82648,0.00000,1.45905,0.61759,0.08634,3.00000,1.00000,-4.27726,38.71313,0.00000,-2.10000
14.1000,1410,240,0,0,0.00692,0.01143,0.00961,0.03215,0.01387,0.73488,0.00000,1.46991,0.62337,0.09211,3.00000,1.00000,-3.64566,38.35001,0.00000,-2.19287
14.1100,1411,240,0,0,0.00689,0.01201,0.00946,0.03504,0.01386,0.64544,0.00000,1.47909,0.62914,0.09789,3.00000,1.00000,-2.97553,37.96332,0.00000,-2.21025
14.1200,1412,240,0,0,0.00717,0.01273,0.01083,0.03864,0.01051,0.55330,0.00000,1.48403,0.63492,0.10366,3.00000,1.00000,-2.28066,37.54238,0.00000,-2.23187
14.1300,1413,240,0,0,0.00659,0.01374,0.00794,0.04368,0.00752,0.46212,0.00319,1.48753,0.64069,0.10944,3.00000,1.00000,-1.55375,37.10267,0.00000,-2.26210
14.1400,1414,240,0,0,0.00659,0.01460,0.00794,0.04802,0.00851,0.36623,0.00860,1.48873,0.64647,0.11521,3.00000,1.00000,-0.80449,36.63969,0.00000,-2.28813
14.1500,1415,240,0,0,0.00692,0.01555,0.00958,0.05274,0.00651,0.27600,0.04244,1.49088,0.65224,0.12098,3.00000,1.00000,-0.03842,36.16048,0.00000,-2.31643
14.1600,1416,240,0,0,0.00685,0.01662,0.00924,0.05809,0.00633,0.20149,0.10104,1.49531,0.65801,0.12676,3.00000,1.00000,0.75540,35.65284,0.00000,-2.34851
14.1700,1417,240,0,0,0.00686,0.01790,0.00930,0.06449,0.00813,0.14732,0.17791,1.49674,0.66379,0.13253,3.00000,1.00000,1.58826,35.12517,0.00000,-2.38695
14.1800,1418,240,0,0,0.00686,0.01934,0.00928,0.07172,0.00546,0.10595,0.25947,1.49642,0.66956,0.13831,3.00000,1.00000,2.43924,34.58105,0.00000,-2.43029
14.1900,1419,240,0,0,0.00682,0.02048,0.00910,0.07738,0.00205,0.07857,0.35192,1.49943,0.67534,0.14408,3.00000,1.00000,3.30356,34.01338,0.00000,-2.46428
14.2000,1420,240,0,0,0.00688,0.02164,0.00940,0.08322,0.00422,0.05638,0.45197,1.49862,0.68111,0.14985,3.00000,1.00000,4.19273,33.41927,0.00000,-2.49930
14.2100,1421,240,0,0,0.00696,0.02254,0.00980,0.08771,0.00509,0.04082,0.55627,1.50000,0.68688,0.15563,3.00000,1.00000,5.09971,32.80407,0.00000,-2.52626
14.2200,1422,240,0,0,0.00717,0.02332,0.01087,0.09161,0.00350,0.02699,0.66407,1.50000,0.69266,0.16140,3.00000,1.00000,6.02452,32.18175,0.00000,-2.54964
14.2300,1423,240,0,0,0.00749,0.02438,0.01245,0.09692,0.00367,0.01940,0.77269,1.50000,0.69843,0.16718,3.00000,1.00000,6.97105,31.53815,0.00000,-2.58151
14.2400,1424,240,0,0,0.00756,0.02520,0.01279,0.10101,0.00317,0.01348,0.88794,1.49933,0.70421,0.17295,3.00000,1.00000,7.92693,30.86407,0.00000,-2.60608
14.2500,1425,240,0,0,0.00739,0.02555,0.01195,0.10276,0.00319,0.01118,0.99893,1.50000,0.70998,0.17872,3.00000,1.00000,8.90461,30.18423,0.00000,-2.61658
14.2600,1426,240,0,0,0.00738,0.02610,0.01192,0.10549,0.00427,0.00679,1.11346,1.50000,0.71575,0.18450,3.00000,1.00000,9.88740,29.49227,0.00000,-2.63296
14.2700,1427,240,0,0,0.00768,0.02655,0.01341,0.10774,0.00612,0.00204,1.22100,1.50000,0.72153,0.19027,3.00000,1.00000,10.87445,28.78905,0.00000,-2.64643
14.2800,1428,240,0,0,0.00752,0.02673,0.01261,0.10863,0.00254,0.00100,1.29734,1.50000,0.72730,0.19605,3.00000,1.00000,11.87720,28.07208,0.00000,-2.65175
14.2900,1429,240,0,0,0.00746,0.02718,0.01230,0.11092,0.00359,0.00162,1.35121,1.50000,0.73308,0.20182,3.00000,1.00000,12.88401,27.33829,0.00000,-2.66550
14.3000,1430,240,0,0,0.00725,0.02714,0.01124,0.11070,0.00018,0.00000,1.38973,1.50000,0.73885,0.20760,3.00000,1.00000,13.92255,26.59499,0.00000,-2.66422
14.3100,1431,240,0,0,0.00755,0.02710,0.01273,0.11052,0.00178,0.00137,1.41954,1.50000,0.74463,0.21337,3.00000,1.00000,14.94943,25.83817,0.00000,-2.66315
14.3200,1432,240,0,0,0.00771,0.02660,0.01353,0.10798,0.00127,0.00246,1.44033,1.50000,0.75040,0.21914,3.00000,1.00000,15.97282,25.06852,0.00000,-2.64789
14.3300,1433,240,0,0,0.00758,0.02591,0.01290,0.10457,0.00118,0.00155,1.45700,1.49956,0.75617,0.22492,3.00000,1.00000,17.00066,24.29429,0.00000,-2.62745
14.3400,1434,240,0,0,0.00778,0.02490,0.01391,0.09949,0.00000,0.00030,1.46647,1.50000,0.76195,0.23069,3.00000,1.00000,18.03893,23.51477,0.00000,-2.59696
14.3500,1435,240,0,0,0.00811,0.02405,0.01555,0.09526,0.00000,0.00000,1.47699,1.50000,0.76772,0.23647,3.00000,1.00000,19.08211,22.72859,0.00000,-2.57155
14.3600,1436,240,0,0,0.00812,0.02311,0.01560,0.09054,0.00000,0.00000,1.48348,1.50000,0.77350,0.24224,3.00000,1.00000,20.12644,21.92707,0.00000,-2.54326
14.3700,1437,240,0,0,0.00832,0.02179,0.01659,0.08394,0.00079,0.00000,1.48363,1.50000,0.77927,0.24801,3.00000,1.00000,21.16592,21.13230,0.00000,-2.50366
14.3800,1438,240,0,0,0.00832,0.02068,0.01661,0.07840,0.00236,0.00000,1.47958,1.49986,0.78504,0.25379,3.00000,1.00000,22.19224,20.33666,0.00000,-2.47043
14.3900,1439,240,0,0,0.00846,0.01960,0.01729,0.07301,0.00033,0.00050,1.46734,1.49847,0.79082,0.25956,3.00000,1.00000,23.23217,19.53625,0.00000,-2.43803
14.4000,1440,240,0,0,0.00862,0.01867,0.01811,0.06834,0.00356,0.00000,1.45176,1.50000,0.79659,0.26534,3.00000,1.00000,24.24691,18.73490,0.00000,-2.41005
14.4100,1441,240,0,0,0.00922,0.01771,0.02110,0.06354,0.00285,0.00000,1.43453,1.50000,0.80237,0.27111,3.00000,1.00000,25.27418,17.93746,0.00000,-2.38126
14.4200,1442,240,0,0,0.00969,0.01651,0.02347,0.05755,0.00300,0.00000,1.41638,1.50000,0.80814,0.27688,3.00000,1.00000,26.27620,17.13133,0.00000,-2.34532
14.4300,1443,240,0,0,0.01014,0.01562,0.02571,0.05310,0.00166,0.00014,1.39715,1.50000,0.81391,0.28266,3.00000,1.00000,27.26037,16.32580,0.00000,-2.31860
14.4400,1444,240,0,0,0.01045,0.01460,0.02724,0.04802,0.00000,0.00244,1.37575,1.50000,0.81969,0.28843,3.00000,1.00000,28.24611,15.53236,0.00000,-2.28810
14.4500,1445,240,0,0,0.01123,0.01307,0.03116,0.04037,0.00038,0.00000,1.35204,1.50000,0.82546,0.29421,3.00000,1.00000,29.21942,14.74869,0.00000,-2.24221
14.4600,1446,240,0,0,0.01166,0.01231,0.03330,0.03653,0.00000,0.00000,1.33101,1.49849,0.83124,0.29998,3.00000,1.00000,30.17877,13.97329,0.30000,-2.21917
14.4700,1447,240,0,0,0.01186,0.01193,0.03429,0.03467,0.00000,0.00000,1.31103,1.49677,0.83701,0.30576,3.00000,1.00000,31.11670,13.19636,0.60000,-2.20802
14.4800,1448,240,0,0,0.01226,0.01092,0.03631,0.02962,0.00103,0.00240,1.28994,1.49637,0.84279,0.31153,3.00000,1.00000,32.04592,12.41369,0.90000,-2.17773
14.4900,1449,240,0,0,0.01287,0.01047,0.03933,0.02735,0.00009,0.00142,1.27015,1.49385,0.84856,0.31730,3.00000,1.00000,32.96059,11.64897,1.00000,-2.16409
14.5000,1450,240,0,0,0.01316,0.01037,0.04081,0.02683,0.00000,0.00034,1.25081,1.49785,0.85433,0.32308,3.00000,1.00000,33.85078,10.89650,1.00000,-2.16096
14.5100,1451,240,0,0,0.01409,0.00970,0.04546,0.02348,0.00000,0.00075,1.22858,1.49904,0.86011,0.32885,3.00000,1.00000,34.71503,10.15334,1.00000,-2.14087
14.5200,1452,240,0,0,0.01438,0.00931,0.04689,0.02155,0.00000,0.00012,1.20764,1.49925,0.86588,0.33463,3.00000,1.00000,35.56994,9.42319,1.00000,-2.12930
14.5300,1453,240,0,0,0.01456,0.00869,0.04779,0.01845,0.00000,0.00125,1.19143,1.49586,0.87166,0.34040,3.00000,1.00000,36.39462,8.69659,1.00000,-2.11070
14.5400,1454,240,0,0,0.01486,0.00884,0.04928,0.01919,0.00000,0.00070,1.18120,1.49400,0.87743,0.34617,3.00000,1.00000,37.19937,7.99022,1.00000,-2.11516
14.5500,1455,240,0,0,0.01499,0.00854,0.04997,0.01769,0.00276,0.00000,1.17400,1.49564,0.88320,0.35195,3.00000,1.00000,37.97544,7.29968,1.00000,-2.10613
14.5600,1456,240,0,0,0.01507,0.00832,0.05036,0.01660,0.00499,0.00095,1.16730,1.50000,0.88898,0.35772,3.00000,1.00000,38.72850,6.62570,1.00000,-2.09961
14.5700,1457,240,0,0,0.01532,0.00843,0.05161,0.01714,0.00350,0.00130,1.16202,1.49890,0.89475,0.36350,3.00000,1.00000,39.46311,5.95760,1.00000,-2.10283
14.5800,1458,240,0,0,0.01510,0.00834,0.05050,0.01669,0.00085,0.00274,1.15670,1.50000,0.90053,0.36927,3.00000,1.00000,40.15937,5.31048,1.00000,-2.10014
14.5900,1459,240,0,0,0.01525,0.00792,0.05126,0.01462,0.00126,0.00275,1.15310,1.49966,0.90630,0.37504,3.00000,1.00000,40.81886,4.66861,1.00000,-1.80014
14.6000,1460,240,0,0,0.01495,0.00766,0.04974,0.01332,0.00400,0.00380,1.15000,1.49985,0.91208,0.38082,3.00000,1.00000,41.47154,4.06055,1.00000,-1.50014
14.6100,1461,240,0,0,0.01489,0.00772,0.04944,0.01359,0.00345,0.00077,1.14932,1.50000,0.91785,0.38659,3.00000,1.00000,42.08617,3.47204,1.00000,-1.20014
14.6200,1462,240,0,0,0.01416,0.00751,0.04578,0.01253,0.00347,0.00482,1.14663,1.50000,0.92362,0.39237,3.00000,1.00000,42.67093,2.90055,1.00000,-0.90014
14.6300,1463,240,0,0,0.01371,0.00702,0.04353,0.01011,0.00346,0.00472,1.14554,1.49945,0.92940,0.39814,3.00000,1.00000,43.22145,2.35687,1.00000,-0.60014
14.6400,1464,240,0,0,0.01301,0.00712,0.04006,0.01060,0.00274,0.00415,1.14120,1.50000,0.93517,0.40392,3.00000,1.00000,43.73643,1.83211,1.00000,-0.30014
14.6500,1465,240,0,0,0.01225,0.00688,0.03625,0.00939,0.00531,0.00315,1.14474,1.50000,0.94095,0.40969,3.00000,1.00000,44.22053,1.31685,1.00000,-0.00014
14.6600,1466,240,0,0,0.01142,0.00738,0.03208,0.01189,0.00007,0.00042,1.14412,1.50000,0.94672,0.41546,3.00000,1.00000,44.67647,0.84085,1.00000,0.00000
14.6700,1467,240,0,0,0.01088,0.00742,0.02939,0.01212,0.00115,0.00000,1.14478,1.50000,0.95249,0.42124,3.00000,2.00000,45.09771,0.38046,0.70000,0.00000
14.6800,1468,240,0,0,0.01068,0.00722,0.02840,0.01110,0.00053,0.00000,1.14691,1.50000,0.95827,0.42701,3.00000,2.00000,45.47303,-0.04752,0.40000,0.00000
14.6900,1469,240,0,0,0.01054,0.00712,0.02768,0.01059,0.00089,0.00000,1.14655,1.50000,0.96404,0.43279,3.00000,2.00000,45.81911,-0.46222,0.10000,0.00000
14.7000,1470,240,0,0,0.01018,0.00678,0.02588,0.00891,0.00069,0.00000,1.14817,1.50000,0.96982,0.43856,3.00000,2.00000,46.13146,-0.84308,0.00000,0.00000
14.7100,1471,240,0,0,0.00961,0.00671,0.02305,0.00855,0.00000,0.00075,1.14494,1.50000,0.97559,0.44433,3.00000,2.00000,46.40929,-1.20085,0.00000,0.00000
14.7200,1472,240,0,0,0.00924,0.00712,0.02122,0.01061,0.00075,0.00000,1.14856,1.50000,0.98136,0.45011,3.00000,2.00000,46.64262,-1.52939,0.00000,0.00000
14.7300,1473,240,0,0,0.00900,0.00769,0.02001,0.01344,0.00099,0.00000,1.14905,1.50000,0.98714,0.45588,3.00000,2.00000,46.83864,-1.83328,0.00000,0.00000
14.7400,1474,240,0,0,0.00861,0.00777,0.01807,0.01384,0.00273,0.00000,1.14796,1.49965,0.99291,0.46166,3.00000,2.00000,46.99567,-2.11264,0.00000,0.00000
14.7500,1475,240,0,0,0.00858,0.00765,0.01790,0.01324,0.00150,0.00000,1.14916,1.50000,0.99869,0.46743,3.00000,2.00000,47.12319,-2.37135,0.00000,0.00000
14.7600,1476,240,0,0,0.00851,0.00748,0.01755,0.01242,0.00000,0.06662,1.14577,1.50000,0.00469,0.47321,0.00000,2.00000,47.21531,-2.59988,0.00000,0.00000
14.7700,1477,240,0,0,0.00820,0.00725,0.01602,0.01126,0.00000,0.16682,1.14476,1.49800,0.01075,0.47898,0.00000,2.00000,47.27422,-2.79401,0.00000,0.00000
14.7800,1478,240,0,0,0.00810,0.00774,0.01548,0.01372,0.00000,0.29420,1.14687,1.49579,0.01681,0.48475,0.00000,2.00000,47.28795,-2.95696,0.00000,0.00000
14.7900,1479,240,0,0,0.00789,0.00761,0.01446,0.01304,0.00000,0.44177,1.13571,1.49410,0.02288,0.49053,0.00000,2.00000,47.25250,-3.09573,0.00000,0.00000
14.8000,1480,240,0,0,0.00821,0.00801,0.01606,0.01507,0.00000,0.59922,1.09968,1.49673,0.02894,0.49630,0.00000,2.00000,47.17304,-3.19888,0.00000,0.00000
14.8100,1481,240,0,0,0.00823,0.00815,0.01615,0.01576,0.00000,0.76385,1.04153,1.49574,0.03501,0.50208,0.00000,2.00000,47.06301,-3.27980,0.00000,0.00000
14.8200,1482,240,0,0,0.00893,0.00756,0.01963,0.01282,0.00000,0.93795,0.96974,1.49740,0.04107,0.50785,0.00000,2.00000,46.91443,-3.33441,0.00000,0.00000
14.8300,1483,240,0,0,0.00869,0.00737,0.01847,0.01187,0.00000,1.09191,0.87985,1.49833,0.04714,0.51362,0.00000,2.00000,46.72648,-3.35318,-0.30000,0.00000
14.8400,1484,240,0,0,0.00944,0.00723,0.02222,0.01117,0.00000,1.20338,0.78788,1.49868,0.05320,0.51940,1.00000,2.00000,46.49032,-3.33776,-0.60000,0.00000
14.8500,1485,240,0,0,0.00973,0.00726,0.02364,0.01131,0.00011,1.28177,0.68561,1.49976,0.05927,0.52517,1.00000,2.00000,46.22178,-3.29059,-0.90000,0.00000
14.8600,1486,240,0,0,0.00981,0.00729,0.02405,0.01143,0.00052,1.34201,0.57959,1.50000,0.06533,0.53095,1.00000,2.00000,45.90320,-3.20329,-1.20000,0.00000
14.8700,1487,240,0,0,0.01023,0.00797,0.02615,0.01487,0.00000,1.38521,0.46940,1.49561,0.07139,0.53672,1.00000,2.00000,45.55424,-3.10026,-1.50000,0.00000
14.8800,1488,240,0,0,0.01132,0.00758,0.03160,0.01290,0.00000,1.41649,0.35768,1.49628,0.07746,0.54249,1.00000,2.00000,45.16783,-2.95964,-1.80000,0.00000
14.8900,1489,240,0,0,0.01220,0.00758,0.03601,0.01291,0.00000,1.44084,0.26042,1.49800,0.08352,0.54827,1.00000,2.00000,44.73692,-2.78336,-2.10000,0.00000
14.9000,1490,240,0,0,0.01354,0.00767,0.04268,0.01333,0.00000,1.45599,0.18729,1.50000,0.08959,0.55404,1.00000,2.00000,44.26242,-2.57759,-2.25611,0.00000
14.9100,1491,240,0,0,0.01442,0.00759,0.04712,0.01297,0.00000,1.46654,0.13723,1.50000,0.09565,0.55982,1.00000,2.00000,43.75276,-2.34186,-2.28273,0.00000
14.9200,1492,240,0,0,0.01589,0.00756,0.05444,0.01282,0.00000,1.47808,0.09857,1.50000,0.10172,0.56559,1.00000,2.00000,43.22317,-2.07895,-2.32663,0.00000
14.9300,1493,240,0,0,0.01731,0.00729,0.06156,0.01145,0.00000,1.48437,0.06959,1.49974,0.10778,0.57137,1.00000,2.00000,42.64195,-1.77642,-2.36934,0.00000
14.9400,1494,240,0,0,0.01902,0.00734,0.07011,0.01172,0.02312,1.48691,0.04967,1.49724,0.11385,0.57714,1.00000,2.00000,42.02395,-1.44558,-2.42069,0.00000
14.9500,1495,240,0,0,0.02077,0.00747,0.07887,0.01236,0.07195,1.49213,0.03663,1.50000,0.11991,0.58291,1.00000,2.00000,41.37768,-1.08654,-2.47324,0.00000
14.9600,1496,240,0,0,0.02279,0.00752,0.08893,0.01262,0.13654,1.49490,0.02614,1.50000,0.12598,0.58869,1.00000,2.00000,40.69610,-0.69034,-2.53358,0.00000
14.9700,1497,240,0,0,0.02471,0.00761,0.09857,0.01307,0.21873,1.49852,0.01904,1.50000,0.13204,0.59446,1.00000,2.00000,39.98056,-0.26582,-2.59144,0.00000
14.9800,1498,240,0,0,0.02643,0.00787,0.10715,0.01433,0.31289,1.49734,0.01497,1.50000,0.13810,0.60024,1.00000,3.00000,39.24678,0.19721,-2.64292,0.00000
14.9900,1499,240,0,0,0.02861,0.00794,0.11806,0.01472,0.41359,1.49707,0.01265,1.50000,0.14417,0.60601,1.00000,3.00000,38.47235,0.68681,-2.70838,0.00000
15.0000,1500,240,0,0,0.02987,0.00781,0.12437,0.01405,0.51647,1.49721,0.00868,1.50000,0.15023,0.61178,1.00000,3.00000,37.66806,1.19463,-2.74621,0.00000
15.0100,1501,240,0,0,0.03151,0.00744,0.13257,0.01221,0.62602,1.49654,0.00459,1.50000,0.15630,0.61756,1.00000,3.00000,36.83739,1.73446,-2.79541,0.00000
15.0200,1502,240,0,0,0.03275,0.00730,0.13874,0.01149,0.73756,1.49546,0.00346,1.50000,0.16236,0.62333,1.00000,3.00000,35.98692,2.29209,-2.83245,0.00000
15.0300,1503,240,0,0,0.03350,0.00728,0.14252,0.01139,0.85371,1.49827,0.00328,1.50000,0.16843,0.62911,1.00000,3.00000,35.11339,2.88543,-2.85511,0.00000
15.0400,1504,240,0,0,0.03436,0.00737,0.14678,0.01183,0.96834,1.50000,0.00000,1.48820,0.17449,0.63488,1.00000,3.00000,34.21714,3.50848,-2.88066,0.00000
15.0500,1505,240,0,0,0.03453,0.00727,0.14764,0.01136,1.08517,1.50000,0.00000,1.45248,0.18056,0.64065,1.00000,3.00000,33.28529,4.15664,-2.88584,0.00000
15.0600,1506,240,0,0,0.03457,0.00710,0.14784,0.01051,1.19911,1.50000,0.00000,1.39963,0.18662,0.64643,1.00000,3.00000,32.33303,4.81812,-2.88703,0.00000
15.0700,1507,240,0,0,0.03439,0.00692,0.14695,0.00962,1.27810,1.50000,0.00000,1.33573,0.19268,0.65220,1.00000,3.00000,31.36579,5.51295,-2.88169,0.00000
15.0800,1508,240,0,0,0.03408,0.00669,0.14542,0.00846,1.34212,1.50000,0.00000,1.26651,0.19875,0.65798,1.00000,3.00000,30.38047,6.21358,-2.87251,0.00000
15.0900,1509,240,0,0,0.03353,0.00683,0.14265,0.00917,1.38748,1.50000,0.00000,1.19186,0.20481,0.66375,1.00000,3.00000,29.37386,6.93898,-2.85593,0.00000
15.1000,1510,240,0,0,0.03265,0.00667,0.13823,0.00834,1.41860,1.50000,0.00000,1.10842,0.21088,0.66953,1.00000,3.00000,28.35206,7.69637,-2.82938,0.00000
15.1100,1511,240,0,0,0.03147,0.00665,0.13237,0.00825,1.43977,1.50000,0.00000,1.02337,0.21694,0.67530,1.00000,3.00000,27.32478,8.47601,-2.79420,0.00000
15.1200,1512,240,0,0,0.02948,0.00677,0.12240,0.00885,1.45659,1.50000,0.00000,0.93736,0.22301,0.68107,1.00000,3.00000,26.27461,9.26426,-2.73439,0.00000
15.1300,1513,240,0,0,0.02766,0.00665,0.11329,0.00825,1.46820,1.50000,0.00000,0.84986,0.22907,0.68685,1.00000,3.00000,25.21601,10.06614,-2.67975,0.00000
15.1400,1514,240,0,0,0.02623,0.00694,0.10613,0.00970,1.47281,1.50000,0.00000,0.75940,0.23514,0.69262,1.00000,3.00000,24.14480,10.87262,-2.63676,0.00000
15.1500,1515,240,0,0,0.02464,0.00723,0.09818,0.01116,1.46707,1.50000,0.00000,0.67241,0.24120,0.69840,1.00000,3.00000,23.07132,11.69842,-2.58909,0.00000
15.1600,1516,240,0,0,0.02252,0.00716,0.08761,0.01081,1.45253,1.50000,0.00000,0.58158,0.24727,0.70417,1.00000,3.00000,21.99405,12.55204,-2.52566,0.00000
15.1700,1517,240,0,0,0.02078,0.00714,0.07891,0.01069,1.43804,1.50000,0.00000,0.49054,0.25333,0.70994,1.00000,3.00000,20.91559,13.41401,-2.47348,0.00000
15.1800,1518,240,0,0,0.01874,0.00734,0.06870,0.01168,1.41989,1.50000,0.00000,0.40118,0.25939,0.71572,1.00000,3.00000,19.82849,14.28292,-2.41223,0.00000
15.1900,1519,240,0,0,0.01717,0.00721,0.06085,0.01105,1.39743,1.50000,0.00000,0.30741,0.26546,0.72149,1.00000,3.00000,18.73597,15.16934,-2.36510,0.00000
15.2000,1520,240,0,0,0.01607,0.00711,0.05537,0.01055,1.37657,1.49767,0.00044,0.22310,0.27152,0.72727,1.00000,3.00000,17.64733,16.06399,-2.33220,0.00000
15.2100,1521,240,0,0,0.01472,0.00748,0.04861,0.01240,1.35402,1.49970,0.00112,0.15996,0.27759,0.73304,1.00000,3.00000,16.56225,16.97019,-2.29166,0.00000
15.2200,1522,240,0,0,0.01327,0.00769,0.04133,0.01345,1.32801,1.50000,0.00000,0.11588,0.28365,0.73881,1.00000,3.00000,15.48065,17.87679,-2.24800,0.00000
15.2300,1523,240,0,0,0.01268,0.00780,0.03842,0.01398,1.30551,1.49967,0.00000,0.08171,0.28972,0.74459,1.00000,3.00000,14.39051,18.79473,-2.23054,0.00000
15.2400,1524,240,0,0,0.01175,0.00796,0.03377,0.01482,1.27984,1.49793,0.00005,0.06057,0.29578,0.75036,1.00000,3.00000,13.31705,19.70856,-2.20264,0.00000
15.2500,1525,240,0,0,0.01096,0.00748,0.02982,0.01238,1.25436,1.50000,0.00203,0.04468,0.30185,0.75614,1.00000,3.00000,12.24542,20.62539,-2.17895,0.00000
15.2600,1526,240,0,0,0.01039,0.00788,0.02697,0.01442,1.22767,1.50000,0.00049,0.03199,0.30791,0.76191,1.00000,3.00000,11.19112,21.55118,-2.16182,0.00000
15.2700,1527,240,0,0,0.00993,0.00801,0.02463,0.01506,1.20117,1.50000,0.00161,0.02307,0.31397,0.76769,1.00000,3.00000,10.14657,22.46514,-2.14777,0.00000
15.2800,1528,240,0,0,0.00968,0.00829,0.02339,0.01645,1.17589,1.50000,0.00124,0.01800,0.32004,0.77346,1.00000,3.00000,9.10914,23.40144,-2.14033,0.00000
15.2900,1529,240,0,0,0.00907,0.00842,0.02037,0.01709,1.15249,1.49983,0.00335,0.01121,0.32610,0.77923,1.00000,3.00000,8.09865,24.31850,-2.12222,0.00000
15.3000,1530,240,0,0,0.00856,0.00851,0.01782,0.01756,1.13025,1.49962,0.00455,0.00847,0.33217,0.78501,1.00000,3.00000,7.08332,25.23327,-2.10693,0.00000
15.3100,1531,240,0,0,0.00818,0.00860,0.01588,0.01798,1.11579,1.49732,0.00363,0.00730,0.33823,0.79078,1.00000,3.00000,6.09691,26.14514,-2.09529,0.00000
15.3200,1532,240,0,0,0.00845,0.00890,0.01727,0.01949,1.10219,1.49854,0.00221,0.00238,0.34430,0.79656,1.00000,3.00000,5.12440,27.05919,-2.10363,0.00000
15.3300,1533,240,0,0,0.00851,0.00909,0.01757,0.02043,1.09282,1.49922,0.00243,0.00285,0.35036,0.80233,1.00000,3.00000,4.17377,27.95880,-1.80363,0.00000
15.3400,1534,240,0,0,0.00848,0.00961,0.01740,0.02304,1.08552,1.49891,0.00147,0.00000,0.35643,0.80810,1.00000,3.00000,3.24614,28.83779,-1.50363,0.00000
15.3500,1535,240,0,0,0.00789,0.00959,0.01446,0.02294,1.05678,1.49982,0.00383,0.00000,0.36249,0.81388,1.00000,3.00000,2.33781,29.72809,-1.20363,0.00000
15.3600,1536,240,0,0,0.00757,0.00995,0.01285,0.02477,1.00179,1.50000,0.00291,0.00000,0.36855,0.81965,1.00000,3.00000,1.45156,30.59700,-0.90363,0.30000
15.3700,1537,240,0,0,0.00750,0.01094,0.01252,0.02972,0.93106,1.50000,0.00145,0.00060,0.37462,0.82543,1.00000,3.00000,0.58760,31.45847,-0.60363,0.60000
15.3800,1538,240,0,0,0.00736,0.01124,0.01178,0.03119,0.85134,1.50000,0.00030,0.00000,0.38068,0.83120,1.00000,3.00000,-0.25859,32.30028,-0.30363,0.90000
15.3900,1539,240,0,0,0.00699,0.01170,0.00995,0.03348,0.75616,1.50000,0.00000,0.00000,0.38675,0.83697,1.00000,3.00000,-1.05079,33.14081,-0.00363,1.00000
15.4000,1540,240,0,0,0.00724,0.01204,0.01120,0.03521,0.65558,1.50000,0.00000,0.00000,0.39281,0.84275,1.00000,3.00000,-1.82833,33.95927,0.00000,1.00000
15.4100,1541,240,0,0,0.00713,0.01271,0.01063,0.03853,0.55148,1.49861,0.00000,0.00000,0.39888,0.84852,1.00000,3.00000,-2.58016,34.76721,0.00000,1.00000
15.4200,1542,240,0,0,0.00709,0.01308,0.01047,0.04041,0.44071,1.50000,0.00063,0.00000,0.40494,0.85430,1.00000,3.00000,-3.29558,35.55594,0.00000,1.00000
15.4300,1543,240,0,0,0.00768,0.01359,0.01339,0.04293,0.32759,1.49964,0.00000,0.00000,0.41101,0.86007,1.00000,3.00000,-3.97848,36.33931,0.00000,1.00000
15.4400,1544,240,0,0,0.00750,0.01427,0.01249,0.04633,0.24206,1.50000,0.00000,0.00000,0.41707,0.86585,1.00000,3.00000,-4.63295,37.10112,0.00000,1.00000
15.4500,1545,240,0,0,0.00723,0.01448,0.01115,0.04739,0.17748,1.50000,0.00116,0.00000,0.42314,0.87162,2.00000,3.00000,-5.24937,37.83024,0.00000,1.00000
15.4600,1546,240,0,0,0.00687,0.01499,0.00933,0.04994,0.12918,1.50000,0.00000,0.00000,0.42920,0.87739,2.00000,3.00000,-5.82801,38.53994,0.00000,1.00000
15.4700,1547,240,0,0,0.00697,0.01536,0.00986,0.05182,0.09177,1.50000,0.00136,0.00000,0.43526,0.88317,2.00000,3.00000,-6.38358,39.22644,0.00000,1.00000
15.4800,1548,240,0,0,0.00691,0.01566,0.00956,0.05328,0.06657,1.49963,0.00029,0.00057,0.44133,0.88894,2.00000,3.00000,-6.89246,39.89974,0.00000,1.00000
15.4900,1549,240,0,0,0.00718,0.01561,0.01089,0.05303,0.04941,1.50000,0.00044,0.00222,0.44739,0.89472,2.00000,3.00000,-7.36203,40.54044,0.00000,1.00000
15.5000,1550,240,0,0,0.00710,0.01616,0.01051,0.05580,0.03578,1.50000,0.00126,0.00136,0.45346,0.90049,2.00000,3.00000,-7.79758,41.15754,0.00000,1.00000
15.5100,1551,240,0,0,0.00715,0.01597,0.01076,0.05486,0.02609,1.50000,0.00211,0.00000,0.45952,0.90626,2.00000,3.00000,-8.20844,41.75822,0.00000,1.00000
15.5200,1552,240,0,0,0.00747,0.01554,0.01234,0.05271,0.02059,1.49997,0.00198,0.00000,0.46559,0.91204,2.00000,3.00000,-8.56719,42.32334,0.00000,1.00000
15.5300,1553,240,0,0,0.00773,0.01482,0.01364,0.04912,0.01469,1.50000,0.00308,0.00130,0.47165,0.91781,2.00000,3.00000,-8.88106,42.86583,0.00000,1.00000
15.5400,1554,240,0,0,0.00780,0.01432,0.01398,0.04658,0.01094,1.48447,0.00309,0.00297,0.47772,0.92359,2.00000,3.00000,-9.16119,43.37270,0.00000,1.00000
15.5500,1555,240,0,0,0.00774,0.01412,0.01372,0.04560,0.00775,1.44529,0.00513,0.00292,0.48378,0.92936,2.00000,3.00000,-9.40390,43.86648,0.00000,1.00000
15.5600,1556,240,0,0,0.00751,0.01388,0.01253,0.04440,0.00787,1.39147,0.00459,0.00017,0.48984,0.93514,2.00000,3.00000,-9.58959,44.33671,0.00000,1.00000
15.5700,1557,240,0,0,0.00756,0.01350,0.01280,0.04249,0.00444,1.32512,0.00656,0.00000,0.49591,0.94091,2.00000,3.00000,-9.74588,44.76792,0.00000,1.00000
15.5800,1558,240,0,0,0.00753,0.01292,0.01263,0.03960,0.00176,1.25043,0.00624,0.00264,0.50197,0.94668,2.00000,3.00000,-9.86221,45.17294,0.00000,0.70000
15.5900,1559,240,0,0,0.00756,0.01191,0.01280,0.03457,0.00000,1.16933,0.00157,0.00000,0.50804,0.95246,2.00000,3.00000,-9.93738,45.53355,0.00000,0.40000
15.6000,1560,240,0,0,0.00726,0.01144,0.01131,0.03219,0.00056,1.08368,0.00543,0.00000,0.51410,0.95823,2.00000,3.00000,-9.97229,45.87168,0.00000,0.10000
15.6100,1561,240,0,0,0.00697,0.01060,0.00987,0.02800,0.00397,0.99557,0.00300,0.00000,0.52017,0.96401,2.00000,3.00000,-9.97199,46.17219,0.00000,0.00000
15.6200,1562,240,0,0,0.00739,0.00984,0.01196,0.02419,0.00431,0.90816,0.00463,0.00000,0.52623,0.96978,2.00000,3.00000,-9.93600,46.44679,0.00000,0.00000
15.6300,1563,240,0,0,0.00758,0.00958,0.01292,0.02288,0.00253,0.81863,0.00341,0.00000,0.53230,0.97555,2.00000,3.00000,-9.86333,46.69507,0.00000,0.00000
15.6400,1564,240,0,0,0.00762,0.00938,0.01309,0.02188,0.00201,0.72726,0.00422,0.00071,0.53836,0.98133,2.00000,3.00000,-9.75364,46.90600,0.00000,0.00000
15.6500,1565,240,0,0,0.00754,0.00925,0.01272,0.02126,0.00117,0.63250,0.00193,0.00127,0.54443,0.98710,2.00000,3.00000,-9.60379,47.07603,0.00000,0.00000
15.6600,1566,240,0,0,0.00783,0.00902,0.01417,0.02011,0.00191,0.53855,0.00243,0.00030,0.55049,0.99288,2.00000,3.00000,-9.41065,47.21600,0.00000,0.00000
15.6700,1567,240,0,0,0.00736,0.00882,0.01179,0.01912,0.00141,0.44120,0.00135,0.00000,0.55655,0.99865,2.00000,3.00000,-9.18481,47.32405,0.00000,0.00000
15.6800,1568,240,0,0,0.00722,0.00822,0.01110,0.01610,0.00141,0.34636,0.00357,0.02132,0.56262,0.00465,2.00000,0.00000,-8.91459,47.40989,0.00000,0.00000
15.6900,1569,240,0,0,0.00694,0.00798,0.00972,0.01488,0.00192,0.25419,0.00332,0.08732,0.56868,0.01071,2.00000,0.00000,-8.62045,47.46731,0.00000,0.00000
15.7000,1570,240,0,0,0.00712,0.00749,0.01062,0.01246,0.00074,0.18684,0.00395,0.19028,0.57475,0.01678,2.00000,0.00000,-8.28390,47.48098,0.00000,0.00000
15.7100,1571,240,0,0,0.00695,0.00704,0.00975,0.01018,0.00236,0.13571,0.00000,0.31692,0.58081,0.02284,2.00000,0.00000,-7.92023,47.43825,0.00000,0.00000
15.7200,1572,240,0,0,0.00741,0.00731,0.01206,0.01154,0.00122,0.10228,0.00000,0.45928,0.58688,0.02891,2.00000,0.00000,-7.52077,47.37999,0.00000,0.00000
15.7300,1573,240,0,0,0.00760,0.00718,0.01302,0.01092,0.00442,0.07308,0.00021,0.61537,0.59294,0.03497,2.00000,0.00000,-7.08933,47.27913,0.00000,0.00000
15.7400,1574,240,0,0,0.00762,0.00746,0.01311,0.01229,0.00580,0.05378,0.00052,0.78465,0.59901,0.04103,2.00000,0.00000,-6.62394,47.12596,0.00000,0.00000
15.7500,1575,240,0,0,0.00780,0.00772,0.01400,0.01359,0.00286,0.03957,0.00196,0.96031,0.60507,0.04710,3.00000,0.00000,-6.11758,46.94487,0.00000,-0.30000
15.7600,1576,240,0,0,0.00766,0.00754,0.01332,0.01271,0.00098,0.02635,0.00082,1.10498,0.61113,0.05316,3.00000,1.00000,-5.57450,46.73413,0.00000,-0.60000
15.7700,1577,240,0,0,0.00800,0.00770,0.01500,0.01350,0.00077,0.01975,0.00068,1.21403,0.61720,0.05923,3.00000,1.00000,-5.02319,46.48113,0.00000,-0.90000
15.7800,1578,240,0,0,0.00755,0.00757,0.01275,0.01284,0.00000,0.01293,0.00243,1.29212,0.62326,0.06529,3.00000,1.00000,-4.42228,46.18028,0.00000,-1.20000
15.7900,1579,240,0,0,0.00731,0.00725,0.01157,0.01124,0.00205,0.00823,0.00000,1.34734,0.62933,0.07136,3.00000,1.00000,-3.81065,45.85558,0.00000,-1.50000
15.8000,1580,240,0,0,0.00725,0.00750,0.01125,0.01248,0.00073,0.00799,0.00000,1.38956,0.63539,0.07742,3.00000,1.00000,-3.16524,45.47837,0.00000,-1.80000
15.8100,1581,240,0,0,0.00760,0.00761,0.01298,0.01304,0.00290,0.00555,0.01000,1.41758,0.64146,0.08349,3.00000,1.00000,-2.48094,45.07911,0.00000,-2.07826
15.8200,1582,240,0,0,0.00767,0.00778,0.01335,0.01390,0.00297,0.00194,0.05424,1.43938,0.64752,0.08955,3.00000,1.00000,-1.78362,44.65155,0.00000,-2.08342
15.8300,1583,240,0,0,0.00770,0.00854,0.01350,0.01771,0.00213,0.00312,0.12602,1.45467,0.65359,0.09561,3.00000,1.00000,-1.05843,44.18083,0.00000,-2.10624
15.8400,1584,240,0,0,0.00782,0.00846,0.01410,0.01731,0.00000,0.00420,0.21721,1.46626,0.65965,0.10168,3.00000,1.00000,-0.30831,43.67324,0.00000,-2.10388
15.8500,1585,240,0,0,0.00724,0.00899,0.01119,0.01997,0.00000,0.00563,0.32071,1.47538,0.66571,0.10774,3.00000,1.00000,0.46199,43.14073,0.00000,-2.11982
15.8600,1586,240,0,0,0.00746,0.00929,0.01228,0.02145,0.00000,0.00545,0.43154,1.48045,0.67178,0.11381,3.00000,1.00000,1.26097,42.57466,0.00000,-2.12869
15.8700,1587,240,0,0,0.00749,0.01018,0.01243,0.02590,0.00000,0.00290,0.55129,1.48839,0.67784,0.11987,3.00000,1.00000,2.07256,41.97753,0.00000,-2.15542
15.8800,1588,240,0,0,0.00747,0.01101,0.01234,0.03004,0.00000,0.00453,0.67583,1.49238,0.68391,0.12594,3.00000,1.00000,2.90973,41.34581,0.00000,-2.18025
15.8900,1589,240,0,0,0.00721,0.01200,0.01105,0.03501,0.00000,0.00320,0.80230,1.49741,0.68997,0.13200,3.00000,1.00000,3.75896,40.68499,0.00000,-2.21009
15.9000,1590,240,0,0,0.00714,0.01288,0.01071,0.03939,0.00000,0.00528,0.93075,1.49786,0.69604,0.13807,3.00000,1.00000,4.62569,39.99278,0.00000,-2.23635
15.9100,1591,240,0,0,0.00640,0.01407,0.00698,0.04535,0.00000,0.00630,1.06172,1.49754,0.70210,0.14413,3.00000,1.00000,5.50554,39.27020,0.00000,-2.27210
15.9200,1592,240,0,0,0.00662,0.01590,0.00812,0.05450,0.00000,0.00722,1.18309,1.50000,0.70817,0.15019,3.00000,1.00000,6.41527,38.52057,0.00000,-2.32700
15.9300,1593,240,0,0,0.00659,0.01809,0.00797,0.06543,0.00000,0.00601,1.26978,1.49985,0.71423,0.15626,3.00000,1.00000,7.34441,37.74420,0.00000,-2.39261
15.9400,1594,240,0,0,0.00678,0.02015,0.00888,0.07573,0.00000,0.00268,1.33109,1.49960,0.72030,0.16232,3.00000,1.00000,8.27197,36.93893,0.00000,-2.45437
15.9500,1595,240,0,0,0.00674,0.02217,0.00871,0.08584,0.00000,0.00269,1.37457,1.50000,0.72636,0.16839,3.00000,1.00000,9.21195,36.11382,0.00000,-2.51506
15.9600,1596,240,0,0,0.00683,0.02481,0.00915,0.09905,0.00000,0.00599,1.41027,1.49861,0.73242,0.17445,3.00000,1.00000,10.15195,35.27135,0.00000,-2.59428
15.9700,1597,240,0,0,0.00694,0.02815,0.00971,0.11574,0.00186,0.00502,1.43394,1.50000,0.73849,0.18052,3.00000,1.00000,11.10321,34.41055,0.00000,-2.69442
15.9800,1598,240,0,0,0.00695,0.03107,0.00974,0.13037,0.00249,0.00202,1.45257,1.50000,0.74455,0.18658,3.00000,1.00000,12.06343,33.53563,0.00000,-2.78223
15.9900,1599,240,0,0,0.00730,0.03454,0.01151,0.14771,0.00267,0.00000,1.46759,1.50000,0.75062,0.19265,3.00000,1.00000,13.02698,32.63163,0.00000,-2.88627
16.0000,1600,240,0,0,0.00697,0.03764,0.00984,0.16319,0.00322,0.00019,1.47431,1.50000,0.75668,0.19871,3.00000,1.00000,13.99450,31.71657,0.00000,-2.97913
16.0100,1601,240,0,0,0.00721,0.04109,0.01104,0.18045,0.00308,0.00213,1.48127,1.50000,0.76275,0.20478,3.00000,1.00000,14.96311,30.78480,0.00000,-3.08269
16.0200,1602,240,0,0,0.00764,0.04476,0.01318,0.19880,0.00000,0.00184,1.48612,1.50000,0.76881,0.21084,3.00000,1.00000,15.93257,29.83030,0.00000,-3.19280
16.0300,1603,240,0,0,0.00783,0.04834,0.01413,0.21669,0.00348,0.00294,1.49054,1.50000,0.77488,0.21690,3.00000,1.00000,16.90051,28.86840,0.00000,-3.30017
16.0400,1604,240,0,0,0.00838,0.05156,0.01689,0.23281,0.00131,0.00289,1.49517,1.50000,0.78094,0.22297,3.00000,1.00000,17.86507,27.88979,0.00000,-3.39688
16.0500,1605,240,0,0,0.00880,0.05467,0.01898,0.24834,0.00000,0.00223,1.49431,1.50000,0.78700,0.22903,3.00000,1.00000,18.82761,26.91042,0.00000,-3.49002
16.0600,1606,240,0,0,0.00884,0.05796,0.01919,0.26480,0.00000,0.00171,1.49680,1.49802,0.79307,0.23510,3.00000,1.00000,19.80151,25.91675,0.00000,-3.58880
16.0700,1607,240,0,0,0.00918,0.06089,0.02092,0.27946,0.00000,0.00375,1.49937,1.49949,0.79913,0.24116,3.00000,1.00000,20.73712,24.90546,0.00000,-3.67675
16.0800,1608,240,0,0,0.00949,0.06342,0.02246,0.29212,0.00000,0.00494,1.49924,1.50000,0.80520,0.24723,3.00000,1.00000,21.69368,23.89818,0.00000,-3.75271
16.0900,1609,240,0,0,0.00979,0.06549,0.02395,0.30243,0.00000,0.00759,1.49922,1.50000,0.81126,0.25329,3.00000,1.00000,22.62440,22.89436,0.00000,-3.81457
16.1000,1610,240,0,0,0.01051,0.06660,0.02754,0.30799,0.00000,0.00436,1.50000,1.50000,0.81733,0.25936,3.00000,1.00000,23.55265,21.87513,0.00000,-3.84794
16.1100,1611,240,0,0,0.01083,0.06711,0.02916,0.31055,0.00000,0.00124,1.50000,1.49896,0.82339,0.26542,3.00000,1.00000,24.46594,20.85879,0.00000,-3.86332
16.1200,1612,240,0,0,0.01142,0.06748,0.03210,0.31239,0.00000,0.00000,1.50000,1.49842,0.82946,0.27148,3.00000,1.00000,25.36642,19.84267,0.00000,-3.87434
16.1300,1613,240,0,0,0.01193,0.06708,0.03464,0.31038,0.00000,0.00000,1.50000,1.49578,0.83552,0.27755,3.00000,1.00000,26.24892,18.81895,0.00000,-3.86226
16.1400,1614,240,0,0,0.01255,0.06574,0.03777,0.30369,0.00136,0.00000,1.49981,1.49821,0.84159,0.28361,3.00000,1.00000,27.12198,17.80869,0.00000,-3.82213
16.1500,1615,240,0,0,0.01315,0.06396,0.04074,0.29479,0.00343,0.00000,1.50000,1.49616,0.84765,0.28968,3.00000,1.00000,27.97959,16.79155,0.00000,-3.76871
16.1600,1616,240,0,0,0.01339,0.06210,0.04194,0.28549,0.00378,0.00000,1.50000,1.49511,0.85371,0.29574,3.00000,1.00000,28.81633,15.78667,0.00000,-3.71295
16.1700,1617,240,0,0,0.01394,0.05963,0.04471,0.27313,0.00433,0.00000,1.50000,1.49730,0.85978,0.30181,3.00000,1.00000,29.63388,14.79885,0.00000,-3.63877
16.1800,1618,240,0,0,0.01448,0.05683,0.04742,0.25917,0.00384,0.00000,1.49935,1.49978,0.86584,0.30787,3.00000,1.00000,30.43353,13.81357,0.30000,-3.55505
16.1900,1619,240,0,0,0.01512,0.05399,0.05060,0.24497,0.00000,0.00000,1.49934,1.49958,0.87191,0.31394,3.00000,1.00000,31.21772,12.83425,0.60000,-3.46983
16.2000,1620,240,0,0,0.01523,0.05081,0.05113,0.22903,0.00000,0.00241,1.49984,1.50000,0.87797,0.32000,3.00000,1.00000,31.97463,11.87118,0.90000,-3.37415
16.2100,1621,240,0,0,0.01572,0.04757,0.05360,0.21287,0.00000,0.00087,1.49800,1.50000,0.88404,0.32607,3.00000,1.00000,32.69688,10.91757,1.00000,-3.27724
16.2200,1622,240,0,0,0.01565,0.04351,0.05326,0.19256,0.00000,0.00198,1.49796,1.50000,0.89010,0.33213,3.00000,1.00000,33.39672,9.97892,1.00000,-3.15536
16.2300,1623,240,0,0,0.01540,0.04009,0.05199,0.17545,0.00047,0.00023,1.49620,1.49865,0.89617,0.33819,3.00000,1.00000,34.08314,9.05952,1.00000,-3.05269
16.2400,1624,240,0,0,0.01584,0.03681,0.05422,0.15907,0.00230,0.00168,1.49824,1.49995,0.90223,0.34426,3.00000,1.00000,34.73497,8.14864,1.00000,-2.95445
16.2500,1625,240,0,0,0.01528,0.03314,0.05140,0.14068,0.00034,0.00047,1.49899,1.50000,0.90829,0.35032,3.00000,1.00000,35.34636,7.26168,1.00000,-2.84410
16.2600,1626,240,0,0,0.01486,0.02992,0.04932,0.12460,0.00000,0.00048,1.49657,1.50000,0.91436,0.35639,3.00000,1.00000,35.94163,6.39226,1.00000,-2.74762
16.2700,1627,240,0,0,0.01427,0.02689,0.04635,0.10944,0.00000,0.00000,1.49808,1.50000,0.92042,0.36245,3.00000,1.00000,36.51202,5.53716,1.00000,-2.65665
16.2800,1628,240,0,0,0.01428,0.02430,0.04642,0.09649,0.00000,0.00036,1.49852,1.49960,0.92649,0.36852,3.00000,1.00000,37.04749,4.71000,1.00000,-2.35665
16.2900,1629,240,0,0,0.01416,0.02227,0.04579,0.08634,0.00013,0.00059,1.49977,1.50000,0.93255,0.37458,3.00000,1.00000,37.54587,3.92038,1.00000,-2.05665
16.3000,1630,240,0,0,0.01376,0.02045,0.04378,0.07727,0.00182,0.00090,1.49919,1.50000,0.93862,0.38065,3.00000,1.00000,38.01342,3.14543,1.00000,-1.75665
16.3100,1631,240,0,0,0.01312,0.01815,0.04058,0.06576,0.00155,0.00000,1.49810,1.49965,0.94468,0.38671,3.00000,1.00000,38.45088,2.38609,1.00000,-1.45665
16.3200,1632,240,0,0,0.01235,0.01647,0.03677,0.05736,0.00052,0.00000,1.49735,1.49926,0.95075,0.39277,3.00000,1.00000,38.85970,1.65433,1.00000,-1.15665
16.3300,1633,240,0,0,0.01165,0.01501,0.03325,0.05006,0.00270,0.00000,1.49719,1.49833,0.95681,0.39884,3.00000,1.00000,39.22840,0.95998,1.00000,-0.85665
16.3400,1634,240,0,0,0.01127,0.01371,0.03134,0.04355,0.00204,0.00081,1.49799,1.50000,0.96287,0.40490,3.00000,1.00000,39.57647,0.30272,1.00000,-0.55665
16.3500,1635,240,0,0,0.01054,0.01261,0.02769,0.03803,0.00149,0.00000,1.49878,1.49785,0.96894,0.41097,3.00000,1.00000,39.87634,-0.33749,1.00000,-0.25665
16.3600,1636,240,0,0,0.01000,0.01165,0.02498,0.03327,0.00141,0.00000,1.49880,1.49681,0.97500,0.41703,3.00000,1.00000,40.13896,-0.93852,1.00000,0.00000
16.3700,1637,240,0,0,0.00954,0.01116,0.02271,0.03082,0.00241,0.00000,1.49844,1.49714,0.98107,0.42310,3.00000,2.00000,40.37214,-1.51524,1.00000,0.00000
16.3800,1638,240,0,0,0.00890,0.01060,0.01949,0.02801,0.00177,0.00149,1.49829,1.50000,0.98713,0.42916,3.00000,2.00000,40.55314,-2.05895,1.00000,0.00000
16.3900,1639,240,0,0,0.00883,0.00966,0.01916,0.02330,0.00117,0.00107,1.50000,1.50000,0.99320,0.43523,3.00000,2.00000,40.71394,-2.57961,1.00000,0.00000
16.4000,1640,240,0,0,0.00841,0.00934,0.01706,0.02169,0.00273,0.00270,1.50000,1.49887,0.99926,0.44129,3.00000,2.00000,40.83024,-3.05135,1.00000,0.00000
16.4100,1641,240,0,0,0.00821,0.00909,0.01603,0.02045,0.00304,0.10062,1.49968,1.50000,0.00535,0.44735,0.00000,2.00000,40.91315,-3.49703,0.70000,0.00000
16.4200,1642,240,0,0,0.00792,0.00876,0.01462,0.01880,0.00228,0.22052,1.50000,1.50000,0.01143,0.45342,0.00000,2.00000,40.96074,-3.90015,0.40000,0.00000
16.4300,1643,240,0,0,0.00768,0.00868,0.01339,0.01839,0.00183,0.35705,1.50000,1.50000,0.01752,0.45948,0.00000,2.00000,40.97556,-4.27787,0.10000,0.00000
16.4400,1644,240,0,0,0.00752,0.00840,0.01261,0.01700,0.00142,0.50965,1.50000,1.49616,0.02361,0.46555,0.00000,2.00000,40.96017,-4.61219,0.00000,0.00000
16.4500,1645,240,0,0,0.00724,0.00819,0.01118,0.01596,0.00108,0.66895,1.50000,1.49709,0.02970,0.47161,0.00000,2.00000,40.90388,-4.90903,0.00000,0.00000
16.4600,1646,240,0,0,0.00731,0.00802,0.01154,0.01508,0.00222,0.83628,1.50000,1.49973,0.03578,0.47768,0.00000,2.00000,40.83702,-5.17186,0.00000,0.00000
16.4700,1647,240,0,0,0.00724,0.00742,0.01119,0.01208,0.00340,1.00813,1.50000,1.50000,0.04187,0.48374,0.00000,2.00000,40.72920,-5.39358,0.00000,0.00000
16.4800,1648,240,0,0,0.00743,0.00740,0.01214,0.01200,0.00414,1.14508,1.50000,1.50000,0.04796,0.48981,0.00000,2.00000,40.58973,-5.58155,0.00000,0.00000
16.4900,1649,240,0,0,0.00745,0.00726,0.01226,0.01129,0.00072,1.24377,1.49982,1.50000,0.05404,0.49587,1.00000,2.00000,40.43095,-5.73277,-0.30000,0.00000
16.5000,1650,240,0,0,0.00787,0.00704,0.01433,0.01020,0.00079,1.31334,1.50000,1.49860,0.06013,0.50194,1.00000,2.00000,40.22082,-5.83220,-0.60000,0.00000
16.5100,1651,240,0,0,0.00852,0.00745,0.01760,0.01227,0.00000,1.36419,1.50000,1.49838,0.06622,0.50800,1.00000,2.00000,39.98214,-5.89907,-0.90000,0.00000
16.5200,1652,240,0,0,0.00942,0.00755,0.02209,0.01276,0.00000,1.40114,1.50000,1.49814,0.07231,0.51406,1.00000,2.00000,39.73158,-5.93891,-1.20000,0.00000
16.5300,1653,240,0,0,0.01008,0.00750,0.02542,0.01252,0.00000,1.42566,1.50000,1.50000,0.07839,0.52013,1.00000,2.00000,39.43761,-5.93175,-1.50000,0.00000
16.5400,1654,240,0,0,0.01051,0.00735,0.02757,0.01176,0.00000,1.44386,1.50000,1.50000,0.08448,0.52619,1.00000,2.00000,39.12841,-5.89473,-1.80000,0.00000
16.5500,1655,240,0,0,0.01133,0.00743,0.03163,0.01215,0.00000,1.45980,1.46538,1.50000,0.09057,0.53226,1.00000,2.00000,38.78683,-5.82118,-2.10000,0.00000
16.5600,1656,240,0,0,0.01210,0.00764,0.03548,0.01320,0.00000,1.46800,1.40240,1.50000,0.09665,0.53832,1.00000,2.00000,38.42133,-5.69648,-2.21286,0.00000
16.5700,1657,240,0,0,0.01315,0.00739,0.04075,0.01196,0.00412,1.47647,1.31730,1.50000,0.10274,0.54439,1.00000,2.00000,38.02195,-5.55184,-2.24453,0.00000
16.5800,1658,240,0,0,0.01479,0.00739,0.04894,0.01197,0.03812,1.48316,1.22064,1.50000,0.10883,0.55045,1.00000,2.00000,37.60409,-5.35346,-2.29363,0.00000
16.5900,1659,240,0,0,0.01654,0.00759,0.05770,0.01293,0.09326,1.48607,1.11129,1.49871,0.11492,0.55652,1.00000,2.00000,37.16544,-5.12720,-2.34622,0.00000
16.6000,1660,240,0,0,0.01871,0.00711,0.06854,0.01055,0.16750,1.48879,0.99323,1.49566,0.12100,0.56258,1.00000,2.00000,36.70465,-4.86439,-2.41122,0.00000
16.6100,1661,240,0,0,0.02135,0.00718,0.08176,0.01089,0.25623,1.49113,0.86997,1.49856,0.12709,0.56864,1.00000,2.00000,36.19969,-4.56240,-2.49058,0.00000
16.6200,1662,240,0,0,0.02420,0.00714,0.09601,0.01072,0.35344,1.49735,0.74267,1.49866,0.13318,0.57471,1.00000,2.00000,35.67293,-4.22511,-2.57604,0.00000
16.6300,1663,240,0,0,0.02681,0.00719,0.10906,0.01093,0.45722,1.50000,0.61034,1.49691,0.13927,0.58077,1.00000,2.00000,35.14615,-3.86171,-2.65437,0.00000
16.6400,1664,240,0,0,0.02941,0.00713,0.12207,0.01067,0.56573,1.49937,0.47856,1.49742,0.14535,0.58684,1.00000,2.00000,34.58108,-3.45422,-2.73240,0.00000
16.6500,1665,240,0,0,0.03229,0.00724,0.13645,0.01118,0.67540,1.49920,0.34790,1.49872,0.15144,0.59290,1.00000,2.00000,34.00136,-3.01772,-2.81869,0.00000
16.6600,1666,240,0,0,0.03557,0.00770,0.15287,0.01351,0.78756,1.49722,0.25197,1.49894,0.15753,0.59897,1.00000,2.00000,33.40017,-2.55579,-2.91719,0.00000
16.6700,1667,240,0,0,0.03827,0.00755,0.16636,0.01275,0.90263,1.49579,0.18354,1.49668,0.16361,0.60503,1.00000,3.00000,32.77217,-2.05363,-2.99813,0.00000
16.6800,1668,240,0,0,0.04082,0.00757,0.17909,0.01286,1.02074,1.49578,0.13333,1.50000,0.16970,0.61110,1.00000,3.00000,32.13101,-1.51160,-3.07454,0.00000
16.6900,1669,240,0,0,0.04306,0.00796,0.19032,0.01481,1.13955,1.49655,0.09810,1.50000,0.17579,0.61716,1.00000,3.00000,31.48055,-0.93966,-3.14193,0.00000
16.7000,1670,240,0,0,0.04539,0.00769,0.20196,0.01344,1.23664,1.50000,0.07233,1.50000,0.18188,0.62323,1.00000,3.00000,30.80819,-0.34526,-3.21177,0.00000
16.7100,1671,240,0,0,0.04730,0.00801,0.21151,0.01503,1.30992,1.50000,0.05280,1.50000,0.18796,0.62929,1.00000,3.00000,30.12663,0.26757,-3.26905,0.00000
16.7200,1672,240,0,0,0.04820,0.00784,0.21602,0.01421,1.36126,1.50000,0.03610,1.50000,0.19405,0.63535,1.00000,3.00000,29.41799,0.92048,-3.29612,0.00000
16.7300,1673,240,0,0,0.04816,0.00811,0.21580,0.01555,1.39845,1.49940,0.02916,1.48937,0.20014,0.64142,1.00000,3.00000,28.70289,1.60203,-3.29482,0.00000
16.7400,1674,240,0,0,0.04800,0.00808,0.21502,0.01540,1.42658,1.49795,0.02094,1.45712,0.20622,0.64748,1.00000,3.00000,27.97949,2.30817,-3.29011,0.00000
16.7500,1675,240,0,0,0.04776,0.00796,0.21382,0.01481,1.44603,1.49994,0.01508,1.40463,0.21231,0.65355,1.00000,3.00000,27.24368,3.03934,-3.28294,0.00000
16.7600,1676,240,0,0,0.04611,0.00779,0.20557,0.01397,1.46116,1.50000,0.01039,1.34224,0.21840,0.65961,1.00000,3.00000,26.49487,3.79189,-3.23344,0.00000
16.7700,1677,240,0,0,0.04422,0.00755,0.19610,0.01275,1.47186,1.50000,0.00674,1.26877,0.22449,0.66568,1.00000,3.00000,25.73678,4.56539,-3.17660,0.00000
16.7800,1678,240,0,0,0.04233,0.00753,0.18666,0.01263,1.47901,1.49983,0.00743,1.18915,0.23057,0.67174,1.00000,3.00000,24.97622,5.35874,-3.11998,0.00000
16.7900,1679,240,0,0,0.03996,0.00769,0.17482,0.01344,1.48764,1.50000,0.00767,1.10951,0.23666,0.67781,1.00000,3.00000,24.19562,6.16721,-3.04893,0.00000
16.8000,1680,240,0,0,0.03759,0.00761,0.16297,0.01304,1.49076,1.50000,0.00630,1.02272,0.24275,0.68387,1.00000,3.00000,23.42671,7.01047,-2.97781,0.00000
16.8100,1681,240,0,0,0.03471,0.00748,0.14856,0.01241,1.48879,1.50000,0.00440,0.93359,0.24884,0.68993,1.00000,3.00000,22.64959,7.87003,-2.89135,0.00000
16.8200,1682,240,0,0,0.03208,0.00741,0.13538,0.01204,1.48803,1.50000,0.00421,0.83886,0.25492,0.69600,1.00000,3.00000,21.86378,8.74809,-2.81228,0.00000
16.8300,1683,240,0,0,0.02916,0.00763,0.12078,0.01313,1.48150,1.50000,0.00318,0.74604,0.26101,0.70206,1.00000,3.00000,21.09160,9.63057,-2.72468,0.00000
16.8400,1684,240,0,0,0.02644,0.00784,0.10719,0.01419,1.46967,1.50000,0.00200,0.65402,0.26710,0.70813,1.00000,3.00000,20.31733,10.54053,-2.64313,0.00000
16.8500,1685,240,0,0,0.02415,0.00758,0.09574,0.01290,1.46378,1.50000,0.00201,0.56041,0.27318,0.71419,1.00000,3.00000,19.52161,11.46999,-2.57444,0.00000
16.8600,1686,240,0,0,0.02146,0.00740,0.08232,0.01199,1.45361,1.50000,0.00073,0.46221,0.27927,0.72026,1.00000,3.00000,18.71952,12.39734,-2.49394,0.00000
16.8700,1687,240,0,0,0.01927,0.00750,0.07136,0.01250,1.44364,1.50000,0.00095,0.36843,0.28536,0.72632,1.00000,3.00000,17.93859,13.33513,-2.42817,0.00000
16.8800,1688,240,0,0,0.01737,0.00783,0.06187,0.01417,1.43105,1.50000,0.00102,0.27423,0.29145,0.73239,1.00000,3.00000,17.16737,14.28481,-2.37123,0.00000
16.8900,1689,240,0,0,0.01577,0.00800,0.05387,0.01502,1.42120,1.50000,0.00173,0.20126,0.29753,0.73845,1.00000,3.00000,16.39778,15.25166,-2.32322,0.00000
16.9000,1690,240,0,0,0.01399,0.00762,0.04496,0.01309,1.40917,1.49934,0.00024,0.14508,0.30362,0.74451,1.00000,3.00000,15.63261,16.20555,-2.26979,0.00000
16.9100,1691,240,0,0,0.01258,0.00758,0.03792,0.01288,1.39673,1.50000,0.00134,0.10168,0.30971,0.75058,1.00000,3.00000,14.87642,17.17384,-2.22751,0.00000
16.9200,1692,240,0,0,0.01140,0.00743,0.03202,0.01213,1.38720,1.49950,0.00000,0.07221,0.31579,0.75664,1.00000,3.00000,14.11947,18.14034,-2.19212,0.00000
16.9300,1693,240,0,0,0.01069,0.00750,0.02847,0.01249,1.37711,1.50000,0.00000,0.05063,0.32188,0.76271,1.00000,3.00000,13.37882,19.11198,-2.17081,0.00000
16.9400,1694,240,0,0,0.01016,0.00800,0.02578,0.01502,1.36958,1.49986,0.00000,0.03798,0.32797,0.76877,1.00000,3.00000,12.63829,20.08789,-2.15467,0.00000
16.9500,1695,240,0,0,0.00933,0.00777,0.02166,0.01383,1.36307,1.49870,0.00000,0.02312,0.33406,0.77484,1.00000,3.00000,11.91660,21.07060,-2.12997,0.00000
16.9600,1696,240,0,0,0.00905,0.00762,0.02023,0.01309,1.35857,1.50000,0.00000,0.01605,0.34014,0.78090,1.00000,3.00000,11.20759,22.05151,-2.12135,0.00000
16.9700,1697,240,0,0,0.00839,0.00777,0.01695,0.01383,1.35436,1.50000,0.00000,0.01400,0.34623,0.78697,1.00000,3.00000,10.50903,23.01924,-2.10172,0.00000
16.9800,1698,240,0,0,0.00873,0.00822,0.01863,0.01608,1.35167,1.49965,0.00000,0.01018,0.35232,0.79303,1.00000,3.00000,9.82744,23.97793,-2.11177,0.00000
16.9900,1699,240,0,0,0.00822,0.00873,0.01608,0.01864,1.35013,1.49830,0.00017,0.00887,0.35841,0.79910,1.00000,3.00000,9.15859,24.94754,-2.09649,0.00000
17.0000,1700,240,0,0,0.00781,0.00919,0.01403,0.02093,1.35045,1.49608,0.00000,0.00374,0.36449,0.80516,1.00000,3.00000,8.50204,25.89028,-2.08417,0.00000
17.0100,1701,240,0,0,0.00761,0.00982,0.01307,0.02411,1.34886,1.49729,0.00000,0.00009,0.37058,0.81122,1.00000,3.00000,7.87321,26.82522,-2.07839,0.00000
17.0200,1702,240,0,0,0.00757,0.00979,0.01285,0.02397,1.34540,1.49834,0.00000,0.00242,0.37667,0.81729,1.00000,3.00000,7.25920,27.74486,-2.07709,0.00000
17.0300,1703,240,0,0,0.00736,0.01058,0.01180,0.02791,1.34559,1.49668,0.00000,0.00193,0.38275,0.82335,1.00000,3.00000,6.66205,28.67312,-2.07081,0.00000
17.0400,1704,240,0,0,0.00751,0.01099,0.01257,0.02997,1.34489,1.49703,0.00116,0.00157,0.38884,0.82942,1.00000,3.00000,6.09468,29.58339,-2.07542,0.00000
17.0500,1705,240,0,0,0.00759,0.01169,0.01295,0.03345,1.33944,1.50000,0.00206,0.00000,0.39493,0.83548,1.00000,3.00000,5.54401,30.48598,-2.07768,0.30000
17.0600,1706,240,0,0,0.00756,0.01191,0.01279,0.03455,1.30221,1.50000,0.00238,0.00000,0.40102,0.84155,1.00000,3.00000,5.00890,31.34895,-2.07674,0.60000
17.0700,1707,240,0,0,0.00793,0.01252,0.01467,0.03758,1.24206,1.50000,0.00185,0.00000,0.40710,0.84761,1.00000,3.00000,4.49534,32.21403,-1.77674,0.90000
17.0800,1708,240,0,0,0.00769,0.01314,0.01346,0.04072,1.16689,1.49997,0.00048,0.00040,0.41319,0.85368,1.00000,3.00000,4.01096,33.05154,-1.47674,1.00000
17.0900,1709,240,0,0,0.00744,0.01392,0.01220,0.04460,1.08171,1.49975,0.00000,0.00477,0.41928,0.85974,1.00000,3.00000,3.54261,33.87446,-1.17674,1.00000
17.1000,1710,240,0,0,0.00754,0.01397,0.01270,0.04487,0.98169,1.50000,0.00140,0.00426,0.42536,0.86580,2.00000,3.00000,3.12026,34.66278,-0.87674,1.00000
17.1100,1711,240,0,0,0.00723,0.01443,0.01116,0.04714,0.87742,1.50000,0.00227,0.00205,0.43145,0.87187,2.00000,3.00000,2.70523,35.44968,-0.57674,1.00000
17.1200,1712,240,0,0,0.00766,0.01454,0.01330,0.04771,0.76849,1.49816,0.00051,0.00000,0.43754,0.87793,2.00000,3.00000,2.32894,36.20765,-0.27674,1.00000
17.1300,1713,240,0,0,0.00715,0.01497,0.01074,0.04984,0.65816,1.50000,0.00044,0.00000,0.44363,0.88400,2.00000,3.00000,1.95567,36.93643,0.00000,1.00000
17.1400,1714,240,0,0,0.00688,0.01530,0.00940,0.05149,0.54990,1.50000,0.00000,0.00000,0.44971,0.89006,2.00000,3.00000,1.62776,37.64466,0.00000,1.00000
17.1500,1715,240,0,0,0.00702,0.01558,0.01009,0.05289,0.43392,1.49792,0.00000,0.00000,0.45580,0.89613,2.00000,3.00000,1.31672,38.31858,0.00000,1.00000
17.1600,1716,240,0,0,0.00709,0.01528,0.01043,0.05141,0.31548,1.49731,0.00000,0.00000,0.46189,0.90219,2.00000,3.00000,1.04422,38.96820,0.00000,1.00000
17.1700,1717,240,0,0,0.00710,0.01526,0.01050,0.05131,0.23158,1.49631,0.00000,0.00000,0.46798,0.90826,2.00000,3.00000,0.78931,39.59142,0.00000,1.00000
17.1800,1718,240,0,0,0.00699,0.01520,0.00995,0.05099,0.16676,1.49256,0.00000,0.00201,0.47406,0.91432,2.00000,3.00000,0.57449,40.17862,0.00000,1.00000
17.1900,1719,240,0,0,0.00743,0.01434,0.01214,0.04668,0.12082,1.49378,0.00000,0.00113,0.48015,0.92039,2.00000,3.00000,0.37580,40.75336,0.00000,1.00000
17.2000,1720,240,0,0,0.00733,0.01404,0.01165,0.04519,0.08724,1.49549,0.00000,0.00016,0.48624,0.92645,2.00000,3.00000,0.21616,41.29699,0.00000,1.00000
17.2100,1721,240,0,0,0.00739,0.01373,0.01195,0.04364,0.06511,1.49555,0.00000,0.00023,0.49232,0.93251,2.00000,3.00000,0.08103,41.79668,0.00000,1.00000
17.2200,1722,240,0,0,0.00710,0.01307,0.01049,0.04035,0.04879,1.49712,0.00000,0.00000,0.49841,0.93858,2.00000,3.00000,-0.01546,42.27125,0.00000,1.00000
17.2300,1723,240,0,0,0.00700,0.01222,0.01002,0.03612,0.03501,1.49684,0.00000,0.00000,0.50450,0.94464,2.00000,3.00000,-0.09088,42.70898,0.00000,1.00000
17.2400,1724,240,0,0,0.00723,0.01193,0.01115,0.03465,0.02531,1.49415,0.00000,0.00000,0.51059,0.95071,2.00000,3.00000,-0.13067,43.11692,0.00000,1.00000
17.2500,1725,240,0,0,0.00742,0.01111,0.01212,0.03056,0.01832,1.49718,0.00000,0.00000,0.51667,0.95677,2.00000,3.00000,-0.14236,43.48500,0.00000,1.00000
17.2600,1726,240,0,0,0.00755,0.01062,0.01275,0.02809,0.01290,1.49532,0.00000,0.00348,0.52276,0.96284,2.00000,3.00000,-0.12719,43.81809,0.00000,1.00000
17.2700,1727,240,0,0,0.00760,0.01018,0.01299,0.02591,0.00594,1.49651,0.00000,0.00325,0.52885,0.96890,2.00000,3.00000,-0.07665,44.12780,0.00000,1.00000
17.2800,1728,240,0,0,0.00769,0.00994,0.01347,0.02469,0.00399,1.49720,0.00000,0.00425,0.53493,0.97497,2.00000,3.00000,0.00375,44.39378,0.00000,1.00000
17.2900,1729,240,0,0,0.00718,0.00939,0.01089,0.02195,0.00180,1.49903,0.00000,0.00133,0.54102,0.98103,2.00000,3.00000,0.10802,44.63541,0.00000,1.00000
17.3000,1730,240,0,0,0.00730,0.00891,0.01151,0.01957,0.00095,1.47239,0.00000,0.00183,0.54711,0.98709,2.00000,3.00000,0.24148,44.82695,0.00000,1.00000
17.3100,1731,240,0,0,0.00755,0.00869,0.01277,0.01844,0.00072,1.42855,0.00000,0.00014,0.55320,0.99316,2.00000,3.00000,0.41031,44.97740,0.00000,1.00000
17.3200,1732,240,0,0,0.00749,0.00868,0.01246,0.01841,0.00150,1.37593,0.00000,0.00075,0.55928,0.99922,2.00000,3.00000,0.61171,45.10487,0.00000,0.70000
17.3300,1733,240,0,0,0.00776,0.01039,0.01378,0.02695,0.00221,1.31111,0.00000,0.00168,0.56537,0.00531,2.00000,0.00000,0.83723,45.18994,0.00000,0.40000
17.3400,1734,240,0,0,0.00743,0.01103,0.01214,0.03017,0.00354,1.23654,0.00000,0.02374,0.57146,0.01140,2.00000,0.00000,1.09032,45.23664,0.00000,0.10000
17.3500,1735,240,0,0,0.00727,0.01215,0.01133,0.03577,0.00310,1.15818,0.00123,0.09614,0.57755,0.01748,2.00000,0.00000,1.37798,45.24612,0.00000,0.00000
17.3600,1736,240,0,0,0.00721,0.01294,0.01107,0.03968,0.00428,1.07406,0.00000,0.19962,0.58363,0.02357,2.00000,0.00000,1.68866,45.20463,0.00000,0.00000
17.3700,1737,240,0,0,0.00730,0.01427,0.01148,0.04633,0.00351,0.99323,0.00000,0.32686,0.58972,0.02966,2.00000,0.00000,2.02717,45.12783,0.00000,0.00000
17.3800,1738,240,0,0,0.00716,0.01512,0.01082,0.05061,0.00232,0.90733,0.00000,0.47109,0.59581,0.03574,2.00000,0.00000,2.39496,45.01109,0.00000,0.00000
17.3900,1739,240,0,0,0.00675,0.01614,0.00876,0.05572,0.00361,0.81625,0.00143,0.62998,0.60189,0.04183,3.00000,0.00000,2.77969,44.84836,0.00000,0.00000
17.4000,1740,240,0,0,0.00686,0.01726,0.00929,0.06131,0.00229,0.72739,0.00377,0.79262,0.60798,0.04792,3.00000,0.00000,3.19253,44.65298,0.00000,-0.30000
17.4100,1741,240,0,0,0.00700,0.01856,0.00998,0.06782,0.00036,0.63667,0.00281,0.96785,0.61407,0.05401,3.00000,1.00000,3.63510,44.42617,0.00000,-0.60000
17.4200,1742,240,0,0,0.00731,0.01998,0.01154,0.07491,0.00000,0.54644,0.00506,1.11191,0.62016,0.06009,3.00000,1.00000,4.09937,44.15100,0.00000,-0.90000
17.4300,1743,240,0,0,0.00715,0.02145,0.01074,0.08223,0.00000,0.45417,0.00320,1.21724,0.62624,0.06618,3.00000,1.00000,4.59758,43.82750,0.00000,-1.20000
17.4400,1744,240,0,0,0.00751,0.02280,0.01257,0.08902,0.00000,0.36247,0.00413,1.29557,0.63233,0.07227,3.00000,1.00000,5.10735,43.46599,0.00000,-1.50000
17.4500,1745,240,0,0,0.00757,0.02391,0.01283,0.09453,0.00000,0.27223,0.00145,1.35357,0.63842,0.07835,3.00000,1.00000,5.64309,43.08544,0.00000,-1.80000
17.4600,1746,240,0,0,0.00702,0.02556,0.01012,0.10278,0.00071,0.19748,0.00174,1.39176,0.64450,0.08444,3.00000,1.00000,6.20903,42.65378,0.00000,-2.10000
17.4700,1747,240,0,0,0.00689,0.02697,0.00943,0.10987,0.00241,0.14175,0.02247,1.42055,0.65059,0.09053,3.00000,1.00000,6.78418,42.18174,0.00000,-2.40000
17.4800,1748,240,0,0,0.00678,0.02865,0.00891,0.11825,0.00062,0.10238,0.07322,1.44246,0.65668,0.09662,3.00000,1.00000,7.37476,41.67589,0.00000,-2.70000
17.4900,1749,240,0,0,0.00693,0.02982,0.00967,0.12408,0.00254,0.07598,0.14637,1.45791,0.66277,0.10270,3.00000,1.00000,7.98911,41.12750,0.00000,-2.74445
17.5000,1750,240,0,0,0.00733,0.03080,0.01167,0.12900,0.00149,0.05552,0.23026,1.47084,0.66885,0.10879,3.00000,1.00000,8.63186,40.56159,0.00000,-2.77399
17.5100,1751,240,0,0,0.00754,0.03216,0.01269,0.13581,0.00002,0.04050,0.32772,1.48446,0.67494,0.11488,3.00000,1.00000,9.27661,39.94830,0.00000,-2.81489
17.5200,1752,240,0,0,0.00771,0.03371,0.01354,0.14357,0.00000,0.03050,0.43298,1.48941,0.68103,0.12097,3.00000,1.00000,9.95105,39.31165,0.00000,-2.86143
17.5300,1753,240,0,0,0.00750,0.03482,0.01251,0.14912,0.00000,0.02152,0.54079,1.49110,0.68712,0.12705,3.00000,1.00000,10.63508,38.63293,0.00000,-2.89471
17.5400,1754,240,0,0,0.00746,0.03574,0.01228,0.15370,0.00000,0.01363,0.65201,1.49141,0.69320,0.13314,3.00000,1.00000,11.34015,37.93047,0.00000,-2.92217
17.5500,1755,240,0,0,0.00748,0.03640,0.01242,0.15700,0.00000,0.00805,0.76727,1.49322,0.69929,0.13923,3.00000,1.00000,12.05386,37.18917,0.00000,-2.94200
17.5600,1756,240,0,0,0.00712,0.03755,0.01059,0.16275,0.00000,0.00628,0.88386,1.49354,0.70538,0.14531,3.00000,1.00000,12.78266,36.42206,0.00000,-2.97650
17.5700,1757,240,0,0,0.00687,0.03782,0.00933,0.16410,0.00000,0.00429,1.00364,1.49607,0.71146,0.15140,3.00000,1.00000,13.52121,35.62524,0.00000,-2.98459
17.5800,1758,240,0,0,0.00688,0.03808,0.00941,0.16538,0.00124,0.00253,1.12464,1.49789,0.71755,0.15749,3.00000,1.00000,14.26784,34.80044,0.00000,-2.99229
17.5900,1759,240,0,0,0.00732,0.03849,0.01158,0.16745,0.00043,0.00290,1.22690,1.49771,0.72364,0.16358,3.00000,1.00000,15.02102,33.94810,0.00000,-3.00470
17.6000,1760,240,0,0,0.00730,0.03815,0.01150,0.16576,0.00057,0.00500,1.30442,1.50000,0.72973,0.16966,3.00000,1.00000,15.78876,33.06819,0.00000,-2.99459
17.6100,1761,240,0,0,0.00757,0.03844,0.01286,0.16720,0.00071,0.00208,1.35679,1.49995,0.73581,0.17575,3.00000,1.00000,16.56090,32.17771,0.00000,-3.00321
17.6200,1762,240,0,0,0.00798,0.03831,0.01491,0.16654,0.00000,0.00080,1.39828,1.49977,0.74190,0.18184,3.00000,1.00000,17.32928,31.24720,0.00000,-2.99923
17.6300,1763,240,0,0,0.00815,0.03803,0.01573,0.16515,0.00000,0.00062,1.42442,1.50000,0.74799,0.18792,3.00000,1.00000,18.10380,30.30335,0.00000,-2.99092
17.6400,1764,240,0,0,0.00801,0.03748,0.01505,0.16238,0.00000,0.00000,1.44523,1.50000,0.75408,0.19401,3.00000,1.00000,18.88275,29.34054,0.00000,-2.97430
17.6500,1765,240,0,0,0.00790,0.03660,0.01451,0.15802,0.00028,0.00000,1.46217,1.50000,0.76016,0.20010,3.00000,1.00000,19.66504,28.36212,0.00000,-2.94814
17.6600,1766,240,0,0,0.00820,0.03543,0.01600,0.15217,0.00155,0.00000,1.47438,1.50000,0.76625,0.20619,3.00000,1.00000,20.45030,27.36216,0.00000,-2.91301
17.6700,1767,240,0,0,0.00800,0.03442,0.01502,0.14711,0.00451,0.00000,1.48071,1.50000,0.77234,0.21227,3.00000,1.00000,21.23576,26.35209,0.00000,-2.88266
17.6800,1768,240,0,0,0.00807,0.03312,0.01534,0.14061,0.00400,0.00000,1.48690,1.50000,0.77842,0.21836,3.00000,1.00000,22.02872,25.32530,0.00000,-2.84368
17.6900,1769,240,0,0,0.00776,0.03210,0.01380,0.13552,0.00478,0.00000,1.49118,1.50000,0.78451,0.22445,3.00000,1.00000,22.80532,24.27901,0.00000,-2.81315
17.7000,1770,240,0,0,0.00796,0.03103,0.01478,0.13017,0.00127,0.00000,1.49271,1.50000,0.79060,0.23054,3.00000,1.00000,23.59283,23.23320,0.00000,-2.78103
17.7100,1771,240,0,0,0.00836,0.03000,0.01680,0.12500,0.00243,0.00000,1.49572,1.50000,0.79669,0.23662,3.00000,1.00000,24.37483,22.17156,0.00000,-2.74998
17.7200,1772,240,0,0,0.00854,0.02860,0.01771,0.11802,0.00154,0.00000,1.49951,1.50000,0.80277,0.24271,3.00000,1.00000,25.14810,21.10007,0.00000,-2.70811
17.7300,1773,240,0,0,0.00901,0.02732,0.02007,0.11158,0.00179,0.00000,1.49650,1.49921,0.80886,0.24880,3.00000,1.00000,25.90698,20.03463,0.00000,-2.66947
17.7400,1774,240,0,0,0.00957,0.02573,0.02283,0.10364,0.00412,0.00000,1.49098,1.50000,0.81495,0.25488,3.00000,1.00000,26.64903,18.96516,0.00000,-2.62182
17.7500,1775,240,0,0,0.01013,0.02416,0.02564,0.09581,0.00246,0.00000,1.48365,1.49621,0.82103,0.26097,3.00000,1.00000,27.39936,17.89142,0.00000,-2.57489
17.7600,1776,240,0,0,0.01070,0.02288,0.02852,0.08940,0.00000,0.00000,1.47134,1.49805,0.82712,0.26706,3.00000,1.00000,28.14098,16.81536,0.00000,-2.53641
17.7700,1777,240,0,0,0.01112,0.02142,0.03058,0.08212,0.00118,0.00000,1.46207,1.50000,0.83321,0.27315,3.00000,1.00000,28.85642,15.72492,0.00000,-2.49272
17.7800,1778,240,0,0,0.01207,0.02019,0.03535,0.07597,0.00278,0.00000,1.44943,1.49929,0.83930,0.27923,3.00000,1.00000,29.56339,14.64252,0.00000,-2.45583
17.7900,1779,240,0,0,0.01267,0.01872,0.03836,0.06858,0.00391,0.00000,1.43746,1.49878,0.84538,0.28532,3.00000,1.00000,30.25903,13.58315,0.30000,-2.41147
17.8000,1780,240,0,0,0.01310,0.01741,0.04049,0.06205,0.00230,0.00000,1.42980,1.49735,0.85147,0.29141,3.00000,1.00000,30.94231,12.50823,0.60000,-2.37229
17.8100,1781,240,0,0,0.01382,0.01654,0.04412,0.05772,0.00000,0.00000,1.41678,1.49722,0.85756,0.29749,3.00000,1.00000,31.61246,11.45055,0.90000,-2.34632
17.8200,1782,240,0,0,0.01398,0.01574,0.04490,0.05372,0.00000,0.00000,1.40304,1.49717,0.86365,0.30358,3.00000,1.00000,32.25298,10.39255,1.00000,-2.32232
17.8300,1783,240,0,0,0.01469,0.01455,0.04847,0.04774,0.00000,0.00000,1.39478,1.49682,0.86973,0.30967,3.00000,1.00000,32.89579,9.34940,1.00000,-2.28644
17.8400,1784,240,0,0,0.01467,0.01386,0.04834,0.04430,0.00203,0.00000,1.38533,1.49648,0.87582,0.31576,3.00000,1.00000,33.51416,8.31308,1.00000,-2.26577
17.8500,1785,240,0,0,0.01508,0.01293,0.05040,0.03966,0.00218,0.00000,1.37930,1.49700,0.88191,0.32184,3.00000,1.00000,34.10108,7.29675,1.00000,-2.23795
17.8600,1786,240,0,0,0.01498,0.01223,0.04991,0.03617,0.00553,0.00263,1.37770,1.49736,0.88799,0.32793,3.00000,1.00000,34.68791,6.29104,1.00000,-2.21704
17.8700,1787,240,0,0,0.01492,0.01191,0.04960,0.03454,0.00600,0.00521,1.37456,1.50000,0.89408,0.33402,3.00000,1.00000,35.24266,5.29750,1.00000,-2.20725
17.8800,1788,240,0,0,0.01482,0.01143,0.04910,0.03214,0.00328,0.00467,1.36964,1.50000,0.90017,0.34011,3.00000,1.00000,35.77414,4.31846,1.00000,-1.90725
17.8900,1789,240,0,0,0.01484,0.01098,0.04920,0.02991,0.00288,0.00352,1.36953,1.50000,0.90626,0.34619,3.00000,1.00000,36.28850,3.36656,1.00000,-1.60725
17.9000,1790,240,0,0,0.01463,0.01082,0.04816,0.02909,0.00230,0.00313,1.36790,1.49957,0.91234,0.35228,3.00000,1.00000,36.77932,2.42551,1.00000,-1.30725
17.9100,1791,240,0,0,0.01424,0.01006,0.04620,0.02529,0.00206,0.00104,1.36990,1.49872,0.91843,0.35837,3.00000,1.00000,37.25166,1.51626,1.00000,-1.00725
17.9200,1792,240,0,0,0.01356,0.00939,0.04280,0.02193,0.00000,0.00000,1.36783,1.49627,0.92452,0.36445,3.00000,1.00000,37.69082,0.64032,1.00000,-0.70725
17.9300,1793,240,0,0,0.01344,0.00890,0.04220,0.01952,0.00156,0.00338,1.36904,1.49471,0.93060,0.37054,3.00000,1.00000,38.10683,-0.22295,1.00000,-0.40725
17.9400,1794,240,0,0,0.01294,0.00862,0.03971,0.01808,0.00086,0.00392,1.37112,1.49417,0.93669,0.37663,3.00000,1.00000,38.49890,-1.06568,1.00000,-0.10725
17.9500,1795,240,0,0,0.01251,0.00791,0.03753,0.01456,0.00000,0.00242,1.36831,1.49607,0.94278,0.38272,3.00000,1.00000,38.86570,-1.88630,1.00000,0.00000
17.9600,1796,240,0,0,0.01215,0.00784,0.03576,0.01421,0.00012,0.00121,1.36735,1.49891,0.94887,0.38880,3.00000,1.00000,39.19343,-2.68817,1.00000,0.00000
17.9700,1797,240,0,0,0.01164,0.00769,0.03321,0.01347,0.00000,0.00209,1.36761,1.49628,0.95495,0.39489,3.00000,1.00000,39.50772,-3.45419,1.00000,0.00000
17.9800,1798,240,0,0,0.01124,0.00786,0.03122,0.01429,0.00000,0.00151,1.36575,1.49639,0.96104,0.40098,3.00000,1.00000,39.77730,-4.17430,1.00000,0.00000
17.9900,1799,240,0,0,0.01103,0.00787,0.03016,0.01434,0.00000,0.00000,1.36625,1.49514,0.96713,0.40706,3.00000,1.00000,40.03087,-4.87743,1.00000,0.00000
