pc_time_s,seq_id,module_id,status,tx_drops,EMG R env,EMG L env,EMG R act,EMG L act,FSR RH,FSR RT,FSR LH,FSR LT,Phase R,Phase L,Gait R,Gait L,Thigh R,Thigh L,Tau R,Tau L
0.0000,20345,240,0,0,0.001751,0.009501,0.000000,0.000000,1.500000,1.490208,1.409054,1.500000,0.924760,0.965359,1.000000,2.000000,3.427734,-19.841309,0.000000,0.000000
0.0100,20346,240,0,0,0.001765,0.009125,0.000000,0.000000,1.500000,1.490295,1.407964,1.500000,0.927865,0.967858,1.000000,2.000000,3.427734,-19.841309,0.000000,0.000000
0.0200,20347,240,0,0,0.001612,0.009144,0.000000,0.000000,1.500000,1.490768,1.407483,1.500000,0.930971,0.970358,1.000000,2.000000,3.427734,-19.819336,0.000000,0.000000
0.0300,20348,240,0,0,0.001616,0.008995,0.000000,0.000000,1.500000,1.488194,1.406763,1.500000,0.934076,0.972858,1.000000,2.000000,3.449707,-19.819336,0.000000,0.000000
0.0400,20349,240,0,0,0.001610,0.008546,0.000000,0.000000,1.500000,1.488204,1.407637,1.500000,0.937182,0.975358,1.000000,2.000000,3.449707,-19.819336,0.000000,0.000000
0.0500,20350,240,0,0,0.001669,0.007839,0.000000,0.000000,1.500000,1.488193,1.406916,1.500000,0.940287,0.977858,1.000000,2.000000,3.449707,-19.819336,0.000000,0.000000
0.0600,20351,240,0,0,0.001868,0.007394,0.000000,0.000000,1.500000,1.489880,1.407937,1.500000,0.943392,0.980358,1.000000,2.000000,3.449707,-19.819336,0.000000,0.000000
0.0700,20352,240,0,0,0.001629,0.007504,0.000000,0.000000,1.500000,1.489243,1.407108,1.500000,0.946498,0.982857,1.000000,2.000000,3.449707,-19.819336,0.000000,0.000000
0.0800,20353,240,0,0,0.001612,0.007873,0.000000,0.000000,1.500000,1.490057,1.407663,1.500000,0.949603,0.985357,1.000000,2.000000,3.449707,-19.819336,0.000000,0.000000
0.0900,20354,240,0,0,0.001636,0.007733,0.000000,0.000000,1.500000,1.490957,1.408460,1.500000,0.952709,0.987857,1.000000,2.000000,3.449707,-19.819336,0.000000,0.000000
0.1000,20355,240,0,0,0.001543,0.008300,0.000000,0.000000,1.500000,1.491112,1.408722,1.500000,0.955814,0.990357,1.000000,2.000000,3.449707,-19.819336,0.000000,0.000000
0.1100,20356,240,0,0,0.001555,0.008770,0.000000,0.000000,1.500000,1.491553,1.409119,1.500000,0.958919,0.992857,1.000000,2.000000,3.449707,-19.819336,0.000000,0.000000
0.1200,20357,240,0,0,0.001352,0.008594,0.000000,0.000000,1.500000,1.493130,1.408667,1.500000,0.962025,0.995357,1.000000,2.000000,3.471680,-19.819336,0.000000,0.000000
0.1300,20358,240,0,0,0.001278,0.008511,0.000000,0.000000,1.500000,1.493995,1.409779,1.500000,0.965130,0.997856,1.000000,2.000000,3.471680,-19.819336,0.000000,0.000000
0.1400,20359,240,0,0,0.001273,0.008526,0.000000,0.000000,1.500000,1.494188,1.409203,1.500000,0.968236,0.000356,1.000000,2.000000,3.471680,-19.819336,0.000000,0.000000
0.1500,20360,240,0,0,0.001287,0.008548,0.000000,0.000000,1.500000,1.493152,1.408298,1.500000,0.971341,0.002856,1.000000,2.000000,3.471680,-19.819336,0.000000,0.000000
0.1600,20361,240,0,0,0.001316,0.008683,0.000000,0.000000,1.500000,1.493050,1.409377,1.500000,0.974446,0.005356,1.000000,2.000000,3.471680,-19.819336,0.000000,0.000000
0.1700,20362,240,0,0,0.001393,0.009111,0.000000,0.000000,1.500000,1.493274,1.410223,1.500000,0.977552,0.007856,1.000000,2.000000,3.471680,-19.819336,0.000000,0.000000
0.1800,20363,240,0,0,0.001246,0.009589,0.000000,0.000000,1.500000,1.493227,1.411090,1.500000,0.980657,0.010356,1.000000,2.000000,3.471680,-19.819336,0.000000,0.000000
0.1900,20364,240,0,0,0.001341,0.009138,0.000000,0.000000,1.500000,1.492711,1.410510,1.500000,0.983763,0.012856,1.000000,2.000000,3.471680,-19.819336,0.000000,0.000000
0.2000,20365,240,0,0,0.001453,0.009305,0.000000,0.000000,1.500000,1.494758,1.411084,1.500000,0.986868,0.015356,1.000000,2.000000,3.449707,-19.819336,0.000000,0.000000
0.2100,20366,240,0,0,0.001469,0.009492,0.000000,0.000000,1.500000,1.495244,1.410749,1.500000,0.989973,0.017856,1.000000,2.000000,3.449707,-19.819336,0.000000,0.000000
0.2200,20367,240,0,0,0.001410,0.009424,0.000000,0.000000,1.500000,1.493663,1.410260,1.500000,0.993079,0.020356,1.000000,2.000000,3.449707,-19.819336,0.000000,0.000000
0.2300,20368,240,0,0,0.001477,0.009366,0.000000,0.000000,1.500000,1.493709,1.409685,1.500000,0.996184,0.022856,1.000000,2.000000,3.449707,-19.819336,0.000000,0.000000
0.2400,20369,240,0,0,0.001775,0.009386,0.000000,0.000000,1.500000,1.492537,1.410121,1.500000,0.999290,0.025356,1.000000,2.000000,3.449707,-19.819336,0.000000,0.000000
0.2500,20370,240,0,0,0.001819,0.009385,0.000000,0.000000,1.500000,1.494799,1.411055,1.500000,0.002395,0.027856,1.000000,2.000000,3.449707,-19.819336,0.000000,0.000000
0.2600,20371,240,0,0,0.001929,0.009160,0.000000,0.000000,1.500000,1.495957,1.411688,1.500000,0.005501,0.030356,1.000000,2.000000,3.449707,-19.819336,0.000000,0.000000
0.2700,20372,240,0,0,0.001976,0.009104,0.000000,0.000000,1.500000,1.498054,1.412501,1.500000,0.008606,0.032856,1.000000,2.000000,3.449707,-19.819336,0.000000,0.000000
0.2800,20373,240,0,0,0.001803,0.008787,0.000000,0.000000,1.500000,1.498604,1.412083,1.500000,0.011712,0.035356,1.000000,2.000000,3.449707,-19.819336,0.000000,0.000000
0.2900,20374,240,0,0,0.002162,0.008732,0.000000,0.000000,1.500000,1.500000,1.412458,1.500000,0.014818,0.037856,1.000000,2.000000,3.449707,-19.819336,0.000000,0.000000
0.3000,20375,240,0,0,0.001888,0.008864,0.000000,0.000000,1.500000,1.500000,1.411937,1.500000,0.017923,0.040356,1.000000,2.000000,3.449707,-19.819336,0.000000,0.000000
0.3100,20376,240,0,0,0.002046,0.009059,0.000000,0.000000,1.500000,1.500000,1.412676,1.500000,0.021029,0.042856,1.000000,2.000000,3.449707,-19.819336,0.000000,0.000000
0.3200,20377,240,0,0,0.001930,0.009027,0.000000,0.000000,1.500000,1.500000,1.412559,1.500000,0.024134,0.045356,1.000000,2.000000,3.449707,-19.819336,0.000000,0.000000
0.3300,20378,240,0,0,0.001641,0.008587,0.000000,0.000000,1.500000,1.500000,1.412703,1.500000,0.027240,0.047856,1.000000,2.000000,3.449707,-19.819336,0.000000,0.000000
0.3400,20379,240,0,0,0.001719,0.008589,0.000000,0.000000,1.500000,1.500000,1.413785,1.500000,0.030346,0.050356,1.000000,2.000000,3.449707,-19.819336,0.000000,0.000000
0.3500,20380,240,0,0,0.001447,0.008326,0.000000,0.000000,1.500000,1.500000,1.414357,1.500000,0.033451,0.052856,1.000000,2.000000,3.449707,-19.819336,0.000000,0.000000
0.3600,20381,240,0,0,0.001495,0.008300,0.000000,0.000000,1.500000,1.500000,1.414007,1.500000,0.036557,0.055356,1.000000,2.000000,3.449707,-19.819336,0.000000,0.000000
0.3700,20382,240,0,0,0.001488,0.007898,0.000000,0.000000,1.500000,1.500000,1.414416,1.500000,0.039662,0.057856,1.000000,2.000000,3.471680,-19.819336,0.000000,0.000000
0.3800,20383,240,0,0,0.001438,0.008118,0.000000,0.000000,1.500000,1.500000,1.415327,1.500000,0.042768,0.060356,1.000000,2.000000,3.471680,-19.797363,0.000000,0.000000
0.3900,20384,240,0,0,0.001546,0.007791,0.000000,0.000000,1.500000,1.500000,1.415638,1.500000,0.045874,0.062856,1.000000,2.000000,3.471680,-19.797363,0.000000,0.000000
0.4000,20385,240,0,0,0.001760,0.008378,0.000000,0.000000,1.500000,1.500000,1.416160,1.500000,0.048979,0.065356,1.000000,2.000000,3.471680,-19.797363,0.000000,0.000000
0.4100,20387,240,0,0,0.001580,0.008639,0.000000,0.000000,1.500000,1.500000,1.416255,1.500000,0.055190,0.070356,1.000000,2.000000,3.471680,-19.797363,0.000000,0.000000
0.4200,20388,240,0,0,0.001575,0.008393,0.000000,0.000000,1.500000,1.500000,1.415735,1.500000,0.058296,0.072856,1.000000,2.000000,3.471680,-19.797363,0.000000,0.000000
0.4300,20389,240,0,0,0.001443,0.007936,0.000000,0.000000,1.500000,1.500000,1.415098,1.500000,0.061401,0.075356,1.000000,2.000000,3.471680,-19.797363,0.000000,0.000000
0.4400,20390,240,0,0,0.001620,0.008089,0.000000,0.000000,1.500000,1.500000,1.415949,1.500000,0.064507,0.077856,1.000000,2.000000,3.471680,-19.797363,0.000000,0.000000
0.4500,20391,240,0,0,0.001490,0.007835,0.000000,0.000000,1.500000,1.500000,1.416291,1.500000,0.067613,0.080356,1.000000,2.000000,3.471680,-19.797363,0.000000,0.000000
0.4600,20392,240,0,0,0.002141,0.008211,0.000000,0.000000,1.500000,1.500000,1.415060,1.500000,0.070718,0.082856,1.000000,2.000000,3.471680,-19.797363,0.000000,0.000000
0.4700,20393,240,0,0,0.002499,0.008364,0.000000,0.000000,1.500000,1.500000,1.415482,1.500000,0.073824,0.085356,1.000000,2.000000,3.471680,-19.797363,0.000000,0.000000
0.4800,20394,240,0,0,0.002465,0.008566,0.000000,0.000000,1.500000,1.500000,1.416343,1.500000,0.076930,0.087856,1.000000,2.000000,3.471680,-19.797363,0.000000,0.000000
0.4900,20395,240,0,0,0.002903,0.008946,0.000000,0.000000,1.500000,1.500000,1.417155,1.500000,0.080035,0.090356,1.000000,2.000000,3.471680,-19.797363,0.000000,0.000000
0.5000,20396,240,0,0,0.002671,0.009095,0.000000,0.000000,1.500000,1.500000,1.415365,1.500000,0.083141,0.092856,1.000000,2.000000,3.471680,-19.797363,0.000000,0.000000
0.5100,20397,240,0,0,0.002364,0.009653,0.000000,0.000000,1.500000,1.500000,1.416438,1.500000,0.086246,0.095356,1.000000,2.000000,3.471680,-19.797363,0.000000,0.000000
0.5200,20398,240,0,0,0.002188,0.009486,0.000000,0.000000,1.500000,1.500000,1.415259,1.500000,0.089352,0.097856,1.000000,2.000000,3.471680,-19.797363,0.000000,0.000000
0.5300,20399,240,0,0,0.002149,0.009756,0.000000,0.000000,1.500000,1.500000,1.415340,1.500000,0.092458,0.100356,1.000000,2.000000,3.471680,-19.797363,0.000000,0.000000
0.5400,20400,240,0,0,0.002094,0.009830,0.000000,0.000000,1.500000,1.500000,1.414973,1.500000,0.095563,0.102856,1.000000,2.000000,3.471680,-19.797363,0.000000,0.000000
0.5500,20401,240,0,0,0.002025,0.009818,0.000000,0.000000,1.500000,1.500000,1.415114,1.500000,0.098669,0.105356,1.000000,2.000000,3.471680,-19.775391,0.000000,0.000000
0.5600,20402,240,0,0,0.001898,0.009917,0.000000,0.000000,1.500000,1.500000,1.414602,1.500000,0.101775,0.107856,1.000000,2.000000,3.471680,-19.775391,0.000000,0.000000
0.5700,20403,240,0,0,0.001923,0.010159,0.000000,0.000000,1.500000,1.500000,1.415439,1.500000,0.104880,0.110356,1.000000,2.000000,3.471680,-19.775391,0.000000,0.000000
0.5800,20404,240,0,0,0.001881,0.009597,0.000000,0.000000,1.500000,1.500000,1.415890,1.500000,0.107986,0.112856,1.000000,2.000000,3.471680,-19.775391,0.000000,0.000000
0.5900,20405,240,0,0,0.001696,0.009868,0.000000,0.000000,1.500000,1.500000,1.415964,1.500000,0.111091,0.115356,1.000000,2.000000,3.471680,-19.775391,0.000000,0.000000
0.6000,20406,240,0,0,0.001702,0.009913,0.000000,0.000000,1.500000,1.500000,1.415964,1.500000,0.114197,0.117856,1.000000,2.000000,3.471680,-19.775391,0.000000,0.000000
0.6100,20407,240,0,0,0.001691,0.009999,0.000000,0.000000,1.500000,1.500000,1.415720,1.500000,0.117303,0.120356,1.000000,2.000000,3.471680,-19.775391,0.000000,0.000000
0.6200,20408,240,0,0,0.001630,0.010005,0.000000,0.000000,1.500000,1.500000,1.415967,1.500000,0.120408,0.122856,1.000000,2.000000,3.471680,-19.775391,0.000000,0.000000
0.6300,20409,240,0,0,0.001610,0.009375,0.000000,0.000000,1.500000,1.500000,1.415063,1.500000,0.123514,0.125355,1.000000,2.000000,3.471680,-19.775391,0.000000,0.000000
0.6400,20410,240,0,0,0.001514,0.008838,0.000000,0.000000,1.500000,1.500000,1.414702,1.500000,0.126620,0.127855,1.000000,2.000000,3.471680,-19.797363,0.000000,0.000000
0.6500,20411,240,0,0,0.001563,0.009182,0.000000,0.000000,1.500000,1.500000,1.415111,1.500000,0.129725,0.130355,1.000000,2.000000,3.471680,-19.797363,0.000000,0.000000
0.6600,20412,240,0,0,0.001477,0.009490,0.000000,0.000000,1.500000,1.500000,1.416226,1.500000,0.132831,0.132855,1.000000,2.000000,3.471680,-19.797363,0.000000,0.000000
0.6700,20413,240,0,0,0.001363,0.008935,0.000000,0.000000,1.500000,1.500000,1.415391,1.500000,0.135936,0.135355,1.000000,2.000000,3.471680,-19.797363,0.000000,0.000000
0.6800,20414,240,0,0,0.001409,0.008627,0.000000,0.000000,1.500000,1.500000,1.415502,1.500000,0.139042,0.137855,1.000000,2.000000,3.471680,-19.797363,0.000000,0.000000
0.6900,20415,240,0,0,0.001436,0.008627,0.000000,0.000000,1.500000,1.500000,1.414793,1.500000,0.142147,0.140355,1.000000,2.000000,3.471680,-19.797363,0.000000,0.000000
0.7000,20416,240,0,0,0.001733,0.009295,0.000000,0.000000,1.500000,1.500000,1.416146,1.500000,0.145253,0.142855,1.000000,2.000000,3.471680,-19.797363,0.000000,0.000000
0.7100,20417,240,0,0,0.001445,0.009086,0.000000,0.000000,1.500000,1.500000,1.415840,1.500000,0.148358,0.145355,1.000000,2.000000,3.449707,-19.797363,0.000000,0.000000
0.7200,20418,240,0,0,0.001853,0.009240,0.000000,0.000000,1.500000,1.500000,1.415581,1.500000,0.151464,0.147855,1.000000,2.000000,3.449707,-19.797363,0.000000,0.000000
0.7300,20419,240,0,0,0.001946,0.009027,0.000000,0.000000,1.500000,1.500000,1.415340,1.500000,0.154570,0.150355,1.000000,2.000000,3.449707,-19.797363,0.000000,0.000000
0.7400,20420,240,0,0,0.001821,0.008896,0.000000,0.000000,1.500000,1.500000,1.416091,1.500000,0.157675,0.152855,1.000000,2.000000,3.449707,-19.797363,0.000000,0.000000
0.7500,20421,240,0,0,0.001753,0.009412,0.000000,0.000000,1.500000,1.500000,1.414855,1.500000,0.160781,0.155355,1.000000,2.000000,3.449707,-19.797363,0.000000,0.000000
0.7600,20422,240,0,0,0.001866,0.010131,0.000000,0.000000,1.500000,1.500000,1.414895,1.500000,0.163886,0.157855,1.000000,2.000000,3.449707,-19.797363,0.000000,0.000000
0.7700,20423,240,0,0,0.001745,0.010442,0.000000,0.000000,1.500000,1.500000,1.413704,1.500000,0.166992,0.160355,1.000000,2.000000,3.449707,-19.797363,0.000000,0.000000
0.7800,20424,240,0,0,0.001678,0.010609,0.000000,0.000000,1.500000,1.500000,1.413970,1.500000,0.170097,0.162855,1.000000,2.000000,3.449707,-19.797363,0.000000,0.000000
0.7900,20425,240,0,0,0.001575,0.010503,0.000000,0.000000,1.500000,1.500000,1.413960,1.500000,0.173203,0.165355,1.000000,2.000000,3.449707,-19.797363,0.000000,0.000000
0.8000,20426,240,0,0,0.001455,0.010388,0.000000,0.000000,1.500000,1.500000,1.415090,1.500000,0.176308,0.167855,1.000000,2.000000,3.449707,-19.797363,0.000000,0.000000
0.8100,20427,240,0,0,0.001464,0.010724,0.000000,0.000000,1.500000,1.500000,1.414173,1.500000,0.179414,0.170355,1.000000,2.000000,3.449707,-19.797363,0.000000,0.000000
0.8200,20428,240,0,0,0.001414,0.010492,0.000000,0.000000,1.500000,1.500000,1.413331,1.500000,0.182519,0.172855,1.000000,2.000000,3.471680,-19.797363,0.000000,0.000000
0.8300,20429,240,0,0,0.001465,0.010010,0.000000,0.000000,1.500000,1.500000,1.413873,1.500000,0.185625,0.175355,1.000000,2.000000,3.471680,-19.797363,0.000000,0.000000
0.8400,20430,240,0,0,0.001566,0.010363,0.000000,0.000000,1.500000,1.500000,1.413057,1.500000,0.188731,0.177855,1.000000,2.000000,3.471680,-19.797363,0.000000,0.000000
0.8500,20431,240,0,0,0.001653,0.010646,0.000000,0.000000,1.500000,1.500000,1.412728,1.500000,0.191836,0.180355,1.000000,2.000000,3.471680,-19.797363,0.000000,0.000000
0.8600,20432,240,0,0,0.001742,0.010271,0.000000,0.000000,1.500000,1.500000,1.409896,1.500000,0.194942,0.182855,1.000000,2.000000,3.471680,-19.797363,0.000000,0.000000
0.8700,20433,240,0,0,0.001729,0.010128,0.000000,0.000000,1.500000,1.500000,1.409779,1.500000,0.198047,0.185355,1.000000,2.000000,3.471680,-19.797363,0.000000,0.000000
0.8800,20434,240,0,0,0.001575,0.009795,0.000000,0.000000,1.500000,1.500000,1.409277,1.500000,0.201153,0.187855,1.000000,2.000000,3.471680,-19.797363,0.000000,0.000000
0.8900,20435,240,0,0,0.001419,0.009911,0.000000,0.000000,1.500000,1.500000,1.410429,1.500000,0.204258,0.190355,1.000000,2.000000,3.471680,-19.797363,0.000000,0.000000
0.9000,20437,240,0,0,0.001490,0.009274,0.000000,0.000000,1.500000,1.500000,1.408976,1.500000,0.210469,0.195355,1.000000,2.000000,3.471680,-19.797363,0.000000,0.000000
0.9100,20438,240,0,0,0.001529,0.009881,0.000000,0.000000,1.500000,1.500000,1.407746,1.500000,0.213575,0.197855,1.000000,2.000000,3.471680,-19.797363,0.000000,0.000000
0.9200,20439,240,0,0,0.001340,0.009545,0.000000,0.000000,1.500000,1.500000,1.407133,1.500000,0.216681,0.200355,1.000000,2.000000,3.471680,-19.797363,0.000000,0.000000
0.9300,20440,240,0,0,0.001328,0.009787,0.000000,0.000000,1.500000,1.500000,1.406340,1.500000,0.219786,0.202854,1.000000,2.000000,3.471680,-19.797363,0.000000,0.000000
0.9400,20441,240,0,0,0.001310,0.009487,0.000000,0.000000,1.500000,1.500000,1.404625,1.500000,0.222892,0.205354,1.000000,2.000000,3.471680,-19.797363,0.000000,0.000000
0.9500,20442,240,0,0,0.001272,0.009546,0.000000,0.000000,1.500000,1.500000,1.402967,1.500000,0.225997,0.207854,1.000000,2.000000,3.471680,-19.797363,0.000000,0.000000
0.9600,20443,240,0,0,0.001432,0.009723,0.000000,0.000000,1.500000,1.500000,1.403332,1.500000,0.229103,0.210354,1.000000,2.000000,3.471680,-19.797363,0.000000,0.000000
0.9700,20444,240,0,0,0.001392,0.009402,0.000000,0.000000,1.500000,1.500000,1.402712,1.500000,0.232208,0.212854,1.000000,2.000000,3.471680,-19.797363,0.000000,0.000000
0.9800,20445,240,0,0,0.001512,0.009231,0.000000,0.000000,1.500000,1.500000,1.402384,1.500000,0.235314,0.215354,1.000000,2.000000,3.471680,-19.797363,0.000000,0.000000
0.9900,20446,240,0,0,0.001465,0.008940,0.000000,0.000000,1.500000,1.500000,1.402756,1.500000,0.238419,0.217854,1.000000,2.000000,3.471680,-19.797363,0.000000,0.000000
1.0000,20447,240,0,0,0.001637,0.009105,0.000000,0.000000,1.500000,1.500000,1.402026,1.500000,0.241525,0.220354,1.000000,2.000000,3.471680,-19.797363,0.000000,0.000000
1.0100,20448,240,0,0,0.001825,0.009385,0.000000,0.000000,1.500000,1.500000,1.402293,1.500000,0.244630,0.222854,1.000000,2.000000,3.471680,-19.797363,0.000000,0.000000
1.0200,20449,240,0,0,0.001771,0.009173,0.000000,0.000000,1.500000,1.500000,1.401045,1.500000,0.247736,0.225354,1.000000,2.000000,3.471680,-19.797363,0.000000,0.000000
1.0300,20450,240,0,0,0.001573,0.009460,0.000000,0.000000,1.500000,1.500000,1.401418,1.500000,0.250842,0.227854,1.000000,2.000000,3.471680,-19.797363,0.000000,0.000000
1.0400,20451,240,0,0,0.001439,0.009757,0.000000,0.000000,1.500000,1.500000,1.401855,1.500000,0.253947,0.230354,1.000000,2.000000,3.471680,-19.819336,0.000000,0.000000
1.0500,20452,240,0,0,0.001770,0.009703,0.000000,0.000000,1.500000,1.500000,1.400826,1.500000,0.257053,0.232854,1.000000,2.000000,3.471680,-19.819336,0.000000,0.000000
1.0600,20453,240,0,0,0.001592,0.009369,0.000000,0.000000,1.500000,1.500000,1.399961,1.500000,0.260159,0.235354,1.000000,2.000000,3.471680,-19.819336,0.000000,0.000000
1.0700,20454,240,0,0,0.001666,0.009063,0.000000,0.000000,1.500000,1.500000,1.398203,1.500000,0.263264,0.237854,1.000000,2.000000,3.471680,-19.819336,0.000000,0.000000
1.0800,20455,240,0,0,0.001544,0.008399,0.000000,0.000000,1.500000,1.500000,1.397735,1.500000,0.266370,0.240354,1.000000,2.000000,3.471680,-19.819336,0.000000,0.000000
1.0900,20456,240,0,0,0.001495,0.007978,0.000000,0.000000,1.500000,1.500000,1.396340,1.500000,0.269476,0.242854,1.000000,2.000000,3.471680,-19.819336,0.000000,0.000000
1.1000,20457,240,0,0,0.001390,0.008192,0.000000,0.000000,1.500000,1.500000,1.395857,1.500000,0.272582,0.245354,1.000000,2.000000,3.471680,-19.797363,0.000000,0.000000
1.1100,20458,240,0,0,0.001291,0.008154,0.000000,0.000000,1.500000,1.500000,1.394152,1.500000,0.275687,0.247854,1.000000,2.000000,3.471680,-19.797363,0.000000,0.000000
1.1200,20459,240,0,0,0.001533,0.008547,0.000000,0.000000,1.500000,1.500000,1.394610,1.500000,0.278793,0.250354,1.000000,2.000000,3.471680,-19.797363,0.000000,0.000000
1.1300,20460,240,0,0,0.001455,0.009061,0.000000,0.000000,1.500000,1.500000,1.394668,1.500000,0.281899,0.252854,1.000000,2.000000,3.471680,-19.797363,0.000000,0.000000
1.1400,20461,240,0,0,0.001594,0.009373,0.000000,0.000000,1.500000,1.500000,1.393763,1.500000,0.285004,0.255354,1.000000,2.000000,3.493652,-19.797363,0.000000,0.000000
1.1500,20462,240,0,0,0.001554,0.009353,0.000000,0.000000,1.500000,1.500000,1.391840,1.500000,0.288110,0.257854,1.000000,2.000000,3.493652,-19.797363,0.000000,0.000000
1.1600,20463,240,0,0,0.001601,0.009424,0.000000,0.000000,1.500000,1.500000,1.392936,1.500000,0.291216,0.260354,1.000000,2.000000,3.493652,-19.797363,0.000000,0.000000
1.1700,20464,240,0,0,0.001650,0.009168,0.000000,0.000000,1.500000,1.500000,1.393033,1.500000,0.294321,0.262854,1.000000,2.000000,3.493652,-19.797363,0.000000,0.000000
1.1800,20465,240,0,0,0.001770,0.009371,0.000000,0.000000,1.500000,1.500000,1.392208,1.500000,0.297427,0.265355,1.000000,2.000000,3.493652,-19.797363,0.000000,0.000000
1.1900,20466,240,0,0,0.001591,0.009107,0.000000,0.000000,1.500000,1.500000,1.392436,1.500000,0.300533,0.267855,1.000000,2.000000,3.493652,-19.797363,0.000000,0.000000
1.2000,20467,240,0,0,0.001723,0.008971,0.000000,0.000000,1.500000,1.500000,1.391784,1.500000,0.303639,0.270355,1.000000,2.000000,3.493652,-19.775391,0.000000,0.000000
1.2100,20468,240,0,0,0.001561,0.009328,0.000000,0.000000,1.500000,1.500000,1.392609,1.500000,0.306744,0.272855,1.000000,2.000000,3.515625,-19.775391,0.000000,0.000000
1.2200,20469,240,0,0,0.001560,0.009500,0.000000,0.000000,1.500000,1.500000,1.392136,1.500000,0.309850,0.275355,1.000000,2.000000,3.515625,-19.775391,0.000000,0.000000
1.2300,20470,240,0,0,0.001573,0.009665,0.000000,0.000000,1.500000,1.500000,1.392554,1.500000,0.312956,0.277855,1.000000,2.000000,3.515625,-19.775391,0.000000,0.000000
1.2400,20471,240,0,0,0.001485,0.009871,0.000000,0.000000,1.500000,1.500000,1.392726,1.500000,0.316061,0.280355,1.000000,2.000000,3.515625,-19.775391,0.000000,0.000000
1.2500,20472,240,0,0,0.001555,0.010090,0.000000,0.000000,1.500000,1.500000,1.393121,1.500000,0.319167,0.282855,1.000000,2.000000,3.515625,-19.753418,0.000000,0.000000
1.2600,20473,240,0,0,0.001445,0.010453,0.000000,0.000000,1.500000,1.500000,1.392747,1.500000,0.322273,0.285356,1.000000,2.000000,3.515625,-19.753418,0.000000,0.000000
1.2700,20474,240,0,0,0.001767,0.010207,0.000000,0.000000,1.500000,1.500000,1.393698,1.500000,0.325378,0.287856,1.000000,2.000000,3.515625,-19.753418,0.000000,0.000000
1.2800,20475,240,0,0,0.001668,0.010048,0.000000,0.000000,1.500000,1.500000,1.393641,1.500000,0.328484,0.290356,1.000000,2.000000,3.537598,-19.753418,0.000000,0.000000
1.2900,20476,240,0,0,0.001621,0.010806,0.000000,0.000000,1.500000,1.500000,1.393916,1.500000,0.331590,0.292856,1.000000,2.000000,3.537598,-19.753418,0.000000,0.000000
1.3000,20477,240,0,0,0.001446,0.010763,0.000000,0.000000,1.500000,1.500000,1.393616,1.500000,0.334696,0.295356,1.000000,2.000000,3.537598,-19.753418,0.000000,0.000000
1.3100,20478,240,0,0,0.001399,0.010782,0.000000,0.000000,1.500000,1.500000,1.393800,1.500000,0.337801,0.297856,1.000000,2.000000,3.537598,-19.753418,0.000000,0.000000
1.3200,20479,240,0,0,0.001417,0.010784,0.000000,0.000000,1.500000,1.500000,1.395134,1.500000,0.340907,0.300356,1.000000,2.000000,3.537598,-19.731445,0.000000,0.000000
1.3300,20480,240,0,0,0.001345,0.010643,0.000000,0.000000,1.500000,1.500000,1.395182,1.500000,0.344013,0.302856,1.000000,2.000000,3.559570,-19.731445,0.000000,0.000000
1.3400,20481,240,0,0,0.001445,0.010517,0.000000,0.000000,1.500000,1.500000,1.394601,1.500000,0.347118,0.305356,1.000000,2.000000,3.559570,-19.731445,0.000000,0.000000
1.3500,20482,240,0,0,0.001484,0.010339,0.000000,0.000000,1.500000,1.500000,1.393961,1.500000,0.350224,0.307857,1.000000,2.000000,3.559570,-19.731445,0.000000,0.000000
1.3600,20483,240,0,0,0.001337,0.009668,0.000000,0.000000,1.500000,1.500000,1.393376,1.500000,0.353330,0.310357,1.000000,2.000000,3.559570,-19.709473,0.000000,0.000000
1.3700,20484,240,0,0,0.001194,0.009394,0.000000,0.000000,1.500000,1.500000,1.393286,1.500000,0.356435,0.312857,1.000000,2.000000,3.559570,-19.709473,0.000000,0.000000
1.3800,20485,240,0,0,0.001328,0.009592,0.000000,0.000000,1.500000,1.500000,1.395067,1.500000,0.359541,0.315357,1.000000,2.000000,3.581543,-19.709473,0.000000,0.000000
1.3900,20487,240,0,0,0.001398,0.009873,0.000000,0.000000,1.500000,1.500000,1.394696,1.500000,0.365753,0.320357,1.000000,2.000000,3.581543,-19.709473,0.000000,0.000000
1.4000,20488,240,0,0,0.001445,0.009631,0.000000,0.000000,1.500000,1.500000,1.396225,1.500000,0.368858,0.322857,1.000000,2.000000,3.581543,-19.709473,0.000000,0.000000
1.4100,20489,240,0,0,0.001299,0.009312,0.000000,0.000000,1.500000,1.500000,1.396667,1.500000,0.371964,0.325357,1.000000,2.000000,3.581543,-19.709473,0.000000,0.000000
1.4200,20490,240,0,0,0.001344,0.009334,0.000000,0.000000,1.500000,1.500000,1.395457,1.500000,0.375070,0.327858,1.000000,2.000000,3.581543,-19.687500,0.000000,0.000000
1.4300,20491,240,0,0,0.001504,0.009646,0.000000,0.000000,1.500000,1.500000,1.395620,1.500000,0.378175,0.330358,1.000000,2.000000,3.603516,-19.687500,0.000000,0.000000
1.4400,20492,240,0,0,0.001638,0.009457,0.000000,0.000000,1.500000,1.500000,1.394876,1.500000,0.381281,0.332858,1.000000,2.000000,3.603516,-19.687500,0.000000,0.000000
1.4500,20493,240,0,0,0.001725,0.009094,0.000000,0.000000,1.500000,1.500000,1.396031,1.500000,0.384387,0.335358,1.000000,2.000000,3.603516,-19.687500,0.000000,0.000000
1.4600,20494,240,0,0,0.001662,0.009763,0.000000,0.000000,1.500000,1.500000,1.396580,1.500000,0.387492,0.337858,1.000000,2.000000,3.603516,-19.687500,0.000000,0.000000
1.4700,20495,240,0,0,0.001724,0.010274,0.000000,0.000000,1.500000,1.500000,1.397391,1.500000,0.390598,0.340358,1.000000,2.000000,3.603516,-19.687500,0.000000,0.000000
1.4800,20496,240,0,0,0.001684,0.010195,0.000000,0.000000,1.500000,1.500000,1.397085,1.500000,0.393704,0.342858,1.000000,2.000000,3.603516,-19.687500,0.000000,0.000000
1.4900,20497,240,0,0,0.001563,0.010109,0.000000,0.000000,1.500000,1.500000,1.397908,1.500000,0.396810,0.345358,1.000000,2.000000,3.603516,-19.665527,0.000000,0.000000
1.5000,20498,240,0,0,0.001421,0.010201,0.000000,0.000000,1.500000,1.500000,1.398204,1.500000,0.399915,0.347858,1.000000,2.000000,3.625488,-19.665527,0.000000,0.000000
1.5100,20499,240,0,0,0.001355,0.009509,0.000000,0.000000,1.500000,1.500000,1.398525,1.500000,0.403021,0.350359,1.000000,2.000000,3.625488,-19.665527,0.000000,0.000000
1.5200,20500,240,0,0,0.001337,0.009110,0.000000,0.000000,1.500000,1.500000,1.397273,1.500000,0.406127,0.352859,1.000000,2.000000,3.625488,-19.665527,0.000000,0.000000
1.5300,20501,240,0,0,0.001297,0.008581,0.000000,0.000000,1.500000,1.500000,1.397720,1.500000,0.409232,0.355359,1.000000,2.000000,3.625488,-19.643555,0.000000,0.000000
1.5400,20502,240,0,0,0.001688,0.009152,0.000000,0.000000,1.500000,1.500000,1.397042,1.500000,0.412338,0.357859,1.000000,2.000000,3.647461,-19.643555,0.000000,0.000000
1.5500,20503,240,0,0,0.001810,0.009443,0.000000,0.000000,1.500000,1.500000,1.396791,1.500000,0.415444,0.360359,1.000000,2.000000,3.647461,-19.643555,0.000000,0.000000
1.5600,20504,240,0,0,0.001857,0.010129,0.000000,0.000000,1.500000,1.500000,1.398050,1.500000,0.418549,0.362859,1.000000,2.000000,3.647461,-19.643555,0.000000,0.000000
1.5700,20505,240,0,0,0.001629,0.009844,0.000000,0.000000,1.500000,1.500000,1.398786,1.500000,0.421655,0.365359,1.000000,2.000000,3.669434,-19.621582,0.000000,0.000000
1.5800,20506,240,0,0,0.001503,0.009988,0.000000,0.000000,1.500000,1.500000,1.397241,1.500000,0.424761,0.367859,1.000000,2.000000,3.669434,-19.621582,0.000000,0.000000
1.5900,20507,240,0,0,0.001615,0.009444,0.000000,0.000000,1.500000,1.500000,1.398526,1.500000,0.427867,0.370360,1.000000,2.000000,3.669434,-19.621582,0.000000,0.000000
1.6000,20508,240,0,0,0.001688,0.009582,0.000000,0.000000,1.500000,1.500000,1.398176,1.500000,0.430972,0.372860,1.000000,2.000000,3.669434,-19.621582,0.000000,0.000000
1.6100,20509,240,0,0,0.002060,0.009445,0.000000,0.000000,1.500000,1.500000,1.398770,1.500000,0.434078,0.375360,1.000000,2.000000,3.691406,-19.599609,0.000000,0.000000
1.6200,20510,240,0,0,0.001816,0.009211,0.000000,0.000000,1.500000,1.500000,1.398146,1.500000,0.437184,0.377860,1.000000,2.000000,3.691406,-19.599609,0.000000,0.000000
1.6300,20511,240,0,0,0.002225,0.008501,0.000000,0.000000,1.500000,1.500000,1.397685,1.500000,0.440289,0.380360,1.000000,2.000000,3.691406,-19.599609,0.000000,0.000000
1.6400,20512,240,0,0,0.002125,0.008226,0.000000,0.000000,1.500000,1.500000,1.398708,1.500000,0.443395,0.382860,1.000000,2.000000,3.713379,-19.577637,0.000000,0.000000
1.6500,20513,240,0,0,0.001978,0.008286,0.000000,0.000000,1.500000,1.500000,1.398941,1.500000,0.446501,0.385360,1.000000,2.000000,3.713379,-19.577637,0.000000,0.000000
1.6600,20514,240,0,0,0.001967,0.008785,0.000000,0.000000,1.500000,1.500000,1.399154,1.500000,0.449606,0.387860,1.000000,2.000000,3.713379,-19.577637,0.000000,0.000000
1.6700,20515,240,0,0,0.002025,0.009636,0.000000,0.000000,1.500000,1.500000,1.399037,1.500000,0.452712,0.390360,1.000000,2.000000,3.735352,-19.555664,0.000000,0.000000
1.6800,20516,240,0,0,0.001950,0.009641,0.000000,0.000000,1.500000,1.500000,1.399247,1.500000,0.455818,0.392861,1.000000,2.000000,3.735352,-19.555664,0.000000,0.000000
1.6900,20517,240,0,0,0.001952,0.009083,0.000000,0.000000,1.500000,1.500000,1.400011,1.500000,0.458924,0.395361,1.000000,2.000000,3.735352,-19.555664,0.000000,0.000000
1.7000,20518,240,0,0,0.002018,0.008893,0.000000,0.000000,1.500000,1.500000,1.400764,1.500000,0.462029,0.397861,1.000000,2.000000,3.757324,-19.533691,0.000000,0.000000
1.7100,20519,240,0,0,0.001816,0.009276,0.000000,0.000000,1.500000,1.500000,1.401520,1.500000,0.465135,0.400361,1.000000,2.000000,3.757324,-19.533691,0.000000,0.000000
1.7200,20520,240,0,0,0.001661,0.009336,0.000000,0.000000,1.500000,1.500000,1.401122,1.500000,0.468241,0.402861,1.000000,2.000000,3.757324,-19.533691,0.000000,0.000000
1.7300,20521,240,0,0,0.001496,0.009501,0.000000,0.000000,1.500000,1.500000,1.401063,1.500000,0.471346,0.405361,1.000000,2.000000,3.757324,-19.533691,0.000000,0.000000
1.7400,20522,240,0,0,0.001363,0.009336,0.000000,0.000000,1.500000,1.500000,1.400128,1.500000,0.474452,0.407861,1.000000,2.000000,3.757324,-19.511719,0.000000,0.000000
1.7500,20523,240,0,0,0.001497,0.009274,0.000000,0.000000,1.500000,1.500000,1.399989,1.500000,0.477558,0.410361,1.000000,2.000000,3.779297,-19.511719,0.000000,0.000000
1.7600,20524,240,0,0,0.001295,0.009560,0.000000,0.000000,1.500000,1.500000,1.400475,1.500000,0.480663,0.412861,1.000000,2.000000,3.779297,-19.511719,0.000000,0.000000
1.7700,20525,240,0,0,0.001385,0.009652,0.000000,0.000000,1.500000,1.500000,1.400919,1.500000,0.483769,0.415362,1.000000,2.000000,3.779297,-19.511719,0.000000,0.000000
1.7800,20526,240,0,0,0.001446,0.008996,0.000000,0.000000,1.500000,1.500000,1.399926,1.500000,0.486875,0.417862,1.000000,2.000000,3.801270,-19.489746,0.000000,0.000000
1.7900,20527,240,0,0,0.001391,0.008718,0.000000,0.000000,1.500000,1.500000,1.400979,1.500000,0.489981,0.420362,1.000000,2.000000,3.801270,-19.489746,0.000000,0.000000
1.8000,20528,240,0,0,0.001685,0.008254,0.000000,0.000000,1.500000,1.500000,1.401755,1.500000,0.493086,0.422862,1.000000,2.000000,3.801270,-19.489746,0.000000,0.000000
1.8100,20529,240,0,0,0.001519,0.008073,0.000000,0.000000,1.500000,1.500000,1.402222,1.500000,0.496192,0.425362,1.000000,2.000000,3.823242,-19.467773,0.000000,0.000000
1.8200,20530,240,0,0,0.001393,0.007578,0.000000,0.000000,1.500000,1.500000,1.401025,1.500000,0.499298,0.427862,1.000000,2.000000,3.823242,-19.467773,0.000000,0.000000
1.8300,20531,240,0,0,0.001532,0.008048,0.000000,0.000000,1.500000,1.500000,1.400976,1.500000,0.502403,0.430362,1.000000,2.000000,3.823242,-19.445801,0.000000,0.000000
1.8400,20532,240,0,0,0.001576,0.009186,0.000000,0.000000,1.500000,1.500000,1.399749,1.500000,0.505508,0.432862,1.000000,2.000000,3.845215,-19.445801,0.000000,0.000000
1.8500,20533,240,0,0,0.001652,0.009603,0.000000,0.000000,1.500000,1.500000,1.400715,1.500000,0.508614,0.435363,1.000000,2.000000,3.845215,-19.423828,0.000000,0.000000
1.8600,20534,240,0,0,0.001710,0.010039,0.000000,0.000000,1.500000,1.500000,1.401367,1.500000,0.511719,0.437863,1.000000,2.000000,3.867188,-19.423828,0.000000,0.000000
1.8700,20535,240,0,0,0.001730,0.010136,0.000000,0.000000,1.500000,1.500000,1.401978,1.500000,0.514825,0.440363,1.000000,2.000000,3.867188,-19.401855,0.000000,0.000000
1.8800,20537,240,0,0,0.001705,0.010160,0.000000,0.000000,1.500000,1.500000,1.401876,1.500000,0.521035,0.445363,1.000000,2.000000,3.889160,-19.379883,0.000000,0.000000
1.8900,20538,240,0,0,0.001544,0.010226,0.000000,0.000000,1.500000,1.500000,1.402537,1.500000,0.524141,0.447863,1.000000,2.000000,3.911133,-19.379883,0.000000,0.000000
1.9000,20539,240,0,0,0.001385,0.009555,0.000000,0.000000,1.500000,1.500000,1.402318,1.500000,0.527246,0.450363,1.000000,2.000000,3.911133,-19.379883,0.000000,0.000000
1.9100,20540,240,0,0,0.001367,0.009630,0.000000,0.000000,1.500000,1.500000,1.402867,1.500000,0.530352,0.452863,1.000000,2.000000,3.911133,-19.357910,0.000000,0.000000
1.9200,20541,240,0,0,0.001403,0.009455,0.000000,0.000000,1.500000,1.500000,1.402975,1.500000,0.533457,0.455363,1.000000,2.000000,3.933105,-19.357910,0.000000,0.000000
1.9300,20542,240,0,0,0.001534,0.009094,0.000000,0.000000,1.500000,1.500000,1.402075,1.500000,0.536563,0.457864,1.000000,2.000000,3.933105,-19.335938,0.000000,0.000000
1.9400,20543,240,0,0,0.001735,0.009408,0.000000,0.000000,1.500000,1.500000,1.402165,1.500000,0.539668,0.460364,1.000000,2.000000,3.955078,-19.335938,0.000000,0.000000
1.9500,20544,240,0,0,0.001790,0.009907,0.000000,0.000000,1.500000,1.500000,1.401911,1.500000,0.542773,0.462864,1.000000,2.000000,3.955078,-19.313965,0.000000,0.000000
1.9600,20545,240,0,0,0.001735,0.010498,0.000000,0.000000,1.500000,1.500000,1.402113,1.500000,0.545879,0.465364,1.000000,2.000000,3.955078,-19.313965,0.000000,0.000000
1.9700,20546,240,0,0,0.001612,0.010397,0.000000,0.000000,1.500000,1.500000,1.402598,1.500000,0.548984,0.467864,1.000000,2.000000,3.977051,-19.313965,0.000000,0.000000
1.9800,20547,240,0,0,0.001459,0.010446,0.000000,0.000000,1.500000,1.500000,1.402667,1.500000,0.552090,0.470364,1.000000,2.000000,3.977051,-19.313965,0.000000,0.000000
1.9900,20548,240,0,0,0.001667,0.010481,0.000000,0.000000,1.500000,1.500000,1.401616,1.500000,0.555195,0.472864,1.000000,2.000000,3.977051,-19.291992,0.000000,0.000000
2.0000,20549,240,0,0,0.001847,0.010312,0.000000,0.000000,1.500000,1.500000,1.401914,1.500000,0.558300,0.475364,1.000000,2.000000,3.999023,-19.291992,0.000000,0.000000
2.0100,20550,240,0,0,0.001696,0.010227,0.000000,0.000000,1.500000,1.500000,1.401879,1.500000,0.561406,0.477865,1.000000,2.000000,3.999023,-19.291992,0.000000,0.000000
2.0200,20551,240,0,0,0.001749,0.009901,0.000000,0.000000,1.500000,1.500000,1.401377,1.500000,0.564511,0.480365,1.000000,2.000000,3.999023,-19.270020,0.000000,0.000000
2.0300,20552,240,0,0,0.001741,0.008970,0.000000,0.000000,1.500000,1.500000,1.400764,1.500000,0.567617,0.482865,1.000000,2.000000,3.999023,-19.270020,0.000000,0.000000
2.0400,20553,240,0,0,0.001865,0.009055,0.000000,0.000000,1.500000,1.500000,1.401754,1.500000,0.570722,0.485365,1.000000,2.000000,4.020996,-19.270020,0.000000,0.000000
2.0500,20554,240,0,0,0.001780,0.009049,0.000000,0.000000,1.500000,1.500000,1.402169,1.500000,0.573827,0.487865,1.000000,2.000000,4.020996,-19.248047,0.000000,0.000000
2.0600,20555,240,0,0,0.001634,0.008584,0.000000,0.000000,1.500000,1.500000,1.401809,1.500000,0.576933,0.490365,1.000000,2.000000,4.020996,-19.248047,0.000000,0.000000
2.0700,20556,240,0,0,0.001725,0.008889,0.000000,0.000000,1.500000,1.500000,1.402370,1.500000,0.580038,0.492865,1.000000,2.000000,4.042969,-19.248047,0.000000,0.000000
2.0800,20557,240,0,0,0.001470,0.008945,0.000000,0.000000,1.500000,1.500000,1.403070,1.500000,0.583144,0.495365,1.000000,2.000000,4.042969,-19.226074,0.000000,0.000000
2.0900,20558,240,0,0,0.001345,0.008956,0.000000,0.000000,1.500000,1.500000,1.403663,1.500000,0.586249,0.497865,1.000000,2.000000,4.042969,-19.226074,0.000000,0.000000
2.1000,20559,240,0,0,0.001365,0.009270,0.000000,0.000000,1.500000,1.500000,1.403474,1.500000,0.589354,0.500366,1.000000,2.000000,4.042969,-19.226074,0.000000,0.000000
2.1100,20560,240,0,0,0.001274,0.010912,0.000000,0.000000,1.500000,1.500000,1.404424,1.500000,0.592460,0.502865,1.000000,2.000000,4.064941,-19.204102,0.000000,0.000000
2.1200,20561,240,0,0,0.001194,0.011016,0.000000,0.000000,1.500000,1.500000,1.405214,1.500000,0.595565,0.505365,1.000000,2.000000,4.064941,-19.204102,0.000000,0.000000
2.1300,20562,240,0,0,0.001147,0.011075,0.000000,0.000000,1.500000,1.500000,1.405884,1.500000,0.598671,0.507865,1.000000,2.000000,4.064941,-19.204102,0.000000,0.000000
2.1400,20563,240,0,0,0.001210,0.011479,0.000000,0.000000,1.500000,1.500000,1.406330,1.500000,0.601776,0.510365,1.000000,2.000000,4.064941,-19.204102,0.000000,0.000000
2.1500,20564,240,0,0,0.001154,0.010761,0.000000,0.000000,1.500000,1.500000,1.406606,1.500000,0.604881,0.512865,1.000000,2.000000,4.086914,-19.182129,0.000000,0.000000
2.1600,20565,240,0,0,0.001410,0.010581,0.000000,0.000000,1.500000,1.500000,1.407543,1.500000,0.607987,0.515364,1.000000,2.000000,4.086914,-19.182129,0.000000,0.000000
2.1700,20566,240,0,0,0.001451,0.010732,0.000000,0.000000,1.500000,1.500000,1.408576,1.500000,0.611092,0.517864,1.000000,2.000000,4.086914,-19.182129,0.000000,0.000000
2.1800,20567,240,0,0,0.001416,0.009993,0.000000,0.000000,1.500000,1.500000,1.409131,1.500000,0.614198,0.520364,1.000000,2.000000,4.086914,-19.160156,0.000000,0.000000
2.1900,20568,240,0,0,0.001436,0.009088,0.000000,0.000000,1.500000,1.500000,1.409829,1.500000,0.617303,0.522864,1.000000,2.000000,4.086914,-19.160156,0.000000,0.000000
2.2000,20569,240,0,0,0.001366,0.009197,0.000000,0.000000,1.500000,1.499108,1.410939,1.500000,0.620408,0.525364,1.000000,2.000000,4.108887,-19.160156,0.000000,0.000000
2.2100,20570,240,0,0,0.001185,0.008959,0.000000,0.000000,1.500000,1.495102,1.410610,1.500000,0.623514,0.527864,1.000000,2.000000,4.108887,-19.138184,0.000000,0.000000
2.2200,20571,240,0,0,0.001218,0.009467,0.000000,0.000000,1.500000,1.494155,1.412921,1.500000,0.626619,0.530363,1.000000,2.000000,4.108887,-19.138184,0.000000,0.000000
2.2300,20572,240,0,0,0.001277,0.009223,0.000000,0.000000,1.500000,1.489966,1.414936,1.500000,0.629725,0.532863,1.000000,2.000000,4.130859,-19.116211,0.000000,0.000000
2.2400,20573,240,0,0,0.001479,0.009003,0.000000,0.000000,1.500000,1.487650,1.416180,1.500000,0.632830,0.535363,1.000000,2.000000,4.130859,-19.116211,0.000000,0.000000
2.2500,20574,240,0,0,0.001498,0.009288,0.000000,0.000000,1.500000,1.482634,1.417889,1.500000,0.635935,0.537863,1.000000,2.000000,4.130859,-19.094238,0.000000,0.000000
2.2600,20575,240,0,0,0.001648,0.009205,0.000000,0.000000,1.500000,1.480769,1.419298,1.500000,0.639041,0.540363,1.000000,2.000000,4.152832,-19.094238,0.000000,0.000000
2.2700,20576,240,0,0,0.001880,0.009567,0.000000,0.000000,1.500000,1.476819,1.420604,1.500000,0.642146,0.542862,1.000000,2.000000,4.152832,-19.094238,0.000000,0.000000
2.2800,20577,240,0,0,0.001936,0.010160,0.000000,0.000000,1.500000,1.476479,1.422045,1.500000,0.645252,0.545362,1.000000,2.000000,4.152832,-19.072266,0.000000,0.000000
2.2900,20578,240,0,0,0.001913,0.010206,0.000000,0.000000,1.500000,1.474481,1.424647,1.500000,0.648357,0.547862,1.000000,2.000000,4.174805,-19.072266,0.000000,0.000000
2.3000,20579,240,0,0,0.002500,0.010468,0.000000,0.000000,1.500000,1.470680,1.424340,1.500000,0.651462,0.550362,1.000000,2.000000,4.174805,-19.050293,0.000000,0.000000
2.3100,20580,240,0,0,0.002339,0.010111,0.000000,0.000000,1.500000,1.473241,1.426059,1.500000,0.654568,0.552862,1.000000,2.000000,4.174805,-19.050293,0.000000,0.000000
2.3200,20581,240,0,0,0.001953,0.009595,0.000000,0.000000,1.500000,1.472871,1.427541,1.500000,0.657673,0.555362,1.000000,2.000000,4.196777,-19.050293,0.000000,0.000000
2.3300,20582,240,0,0,0.001813,0.009861,0.000000,0.000000,1.500000,1.471374,1.429081,1.500000,0.660779,0.557861,1.000000,2.000000,4.196777,-19.028320,0.000000,0.000000
2.3400,20583,240,0,0,0.001775,0.010163,0.000000,0.000000,1.500000,1.469768,1.429483,1.500000,0.663884,0.560361,1.000000,2.000000,4.218750,-19.028320,0.000000,0.000000
2.3500,20584,240,0,0,0.001810,0.010035,0.000000,0.000000,1.500000,1.468875,1.431001,1.500000,0.666989,0.562861,1.000000,2.000000,4.218750,-19.028320,0.000000,0.000000
2.3600,20585,240,0,0,0.001527,0.009614,0.000000,0.000000,1.500000,1.468165,1.432057,1.500000,0.670095,0.565361,1.000000,2.000000,4.218750,-19.006348,0.000000,0.000000
2.3700,20587,240,0,0,0.001710,0.009163,0.000000,0.000000,1.500000,1.468016,1.433040,1.500000,0.676306,0.570360,1.000000,2.000000,4.240723,-18.984375,0.000000,0.000000
2.3800,20588,240,0,0,0.001669,0.009043,0.000000,0.000000,1.500000,1.468781,1.433843,1.500000,0.679411,0.572860,1.000000,2.000000,4.262695,-18.984375,0.000000,0.000000
2.3900,20589,240,0,0,0.001598,0.009188,0.000000,0.000000,1.500000,1.468619,1.435200,1.500000,0.682516,0.575360,1.000000,2.000000,4.262695,-18.984375,0.000000,0.000000
2.4000,20590,240,0,0,0.001683,0.009358,0.000000,0.000000,1.500000,1.466673,1.435747,1.500000,0.685622,0.577860,1.000000,2.000000,4.262695,-18.984375,0.000000,0.000000
2.4100,20591,240,0,0,0.001732,0.009562,0.000000,0.000000,1.500000,1.468556,1.436414,1.500000,0.688727,0.580360,1.000000,2.000000,4.262695,-18.962402,0.000000,0.000000
2.4200,20592,240,0,0,0.001811,0.009733,0.000000,0.000000,1.500000,1.470381,1.436019,1.500000,0.691833,0.582860,1.000000,2.000000,4.284668,-18.962402,0.000000,0.000000
2.4300,20593,240,0,0,0.002112,0.009618,0.000000,0.000000,1.500000,1.469583,1.437487,1.500000,0.694938,0.585359,1.000000,2.000000,4.284668,-18.962402,0.000000,0.000000
2.4400,20594,240,0,0,0.002307,0.009853,0.000000,0.000000,1.500000,1.470845,1.437519,1.500000,0.698043,0.587859,1.000000,2.000000,4.284668,-18.962402,0.000000,0.000000
2.4500,20595,240,0,0,0.002368,0.009991,0.000000,0.000000,1.500000,1.474490,1.439101,1.500000,0.701149,0.590359,1.000000,2.000000,4.284668,-18.962402,0.000000,0.000000
2.4600,20596,240,0,0,0.002502,0.009719,0.000000,0.000000,1.500000,1.475359,1.439599,1.500000,0.704254,0.592859,1.000000,2.000000,4.284668,-18.962402,0.000000,0.000000
2.4700,20597,240,0,0,0.002390,0.009434,0.000000,0.000000,1.500000,1.474835,1.439736,1.500000,0.707360,0.595359,1.000000,2.000000,4.306641,-18.962402,0.000000,0.000000
2.4800,20598,240,0,0,0.002270,0.008798,0.000000,0.000000,1.500000,1.475159,1.440327,1.500000,0.710465,0.597858,1.000000,2.000000,4.306641,-18.940430,0.000000,0.000000
2.4900,20599,240,0,0,0.001933,0.008554,0.000000,0.000000,1.500000,1.475639,1.441442,1.500000,0.713570,0.600358,1.000000,2.000000,4.306641,-18.940430,0.000000,0.000000
2.5000,20600,240,0,0,0.001826,0.008563,0.000000,0.000000,1.500000,1.472233,1.441098,1.500000,0.716676,0.602858,1.000000,2.000000,4.306641,-18.940430,0.000000,0.000000
2.5100,20601,240,0,0,0.001867,0.008684,0.000000,0.000000,1.500000,1.474298,1.439746,1.500000,0.719781,0.605358,1.000000,2.000000,4.306641,-18.940430,0.000000,0.000000
2.5200,20602,240,0,0,0.001648,0.008957,0.000000,0.000000,1.500000,1.476215,1.441061,1.500000,0.722887,0.607858,1.000000,2.000000,4.306641,-18.940430,0.000000,0.000000
2.5300,20603,240,0,0,0.001628,0.008659,0.000000,0.000000,1.500000,1.474920,1.441027,1.500000,0.725992,0.610358,1.000000,2.000000,4.328613,-18.918457,0.000000,0.000000
2.5400,20604,240,0,0,0.001568,0.008966,0.000000,0.000000,1.500000,1.478071,1.442157,1.500000,0.729097,0.612857,1.000000,2.000000,4.328613,-18.918457,0.000000,0.000000
2.5500,20605,240,0,0,0.001675,0.009321,0.000000,0.000000,1.500000,1.477414,1.441850,1.500000,0.732203,0.615357,1.000000,2.000000,4.328613,-18.918457,0.000000,0.000000
2.5600,20606,240,0,0,0.001579,0.009181,0.000000,0.000000,1.500000,1.479675,1.442222,1.500000,0.735308,0.617857,1.000000,2.000000,4.328613,-18.918457,0.000000,0.000000
2.5700,20607,240,0,0,0.001513,0.009539,0.000000,0.000000,1.500000,1.477764,1.442949,1.500000,0.738414,0.620357,1.000000,2.000000,4.328613,-18.918457,0.000000,0.000000
2.5800,20608,240,0,0,0.001477,0.009535,0.000000,0.000000,1.500000,1.480100,1.443398,1.500000,0.741519,0.622857,1.000000,2.000000,4.328613,-18.918457,0.000000,0.000000
2.5900,20609,240,0,0,0.001358,0.009040,0.000000,0.000000,1.500000,1.480046,1.445096,1.500000,0.744624,0.625356,1.000000,2.000000,4.350586,-18.918457,0.000000,0.000000
2.6000,20610,240,0,0,0.001301,0.009767,0.000000,0.000000,1.500000,1.481869,1.444284,1.500000,0.747730,0.627856,1.000000,2.000000,4.350586,-18.896484,0.000000,0.000000
2.6100,20611,240,0,0,0.001429,0.009782,0.000000,0.000000,1.500000,1.484077,1.443398,1.500000,0.750835,0.630356,1.000000,2.000000,4.350586,-18.896484,0.000000,0.000000
2.6200,20612,240,0,0,0.001740,0.009290,0.000000,0.000000,1.500000,1.486014,1.443513,1.500000,0.753941,0.632856,1.000000,2.000000,4.350586,-18.896484,0.000000,0.000000
2.6300,20613,240,0,0,0.001965,0.009136,0.000000,0.000000,1.500000,1.487271,1.445267,1.500000,0.757046,0.635356,1.000000,2.000000,4.350586,-18.896484,0.000000,0.000000
2.6400,20614,240,0,0,0.002062,0.009127,0.000000,0.000000,1.500000,1.487066,1.445848,1.500000,0.760151,0.637856,1.000000,2.000000,4.350586,-18.896484,0.000000,0.000000
2.6500,20615,240,0,0,0.001823,0.009396,0.000000,0.000000,1.500000,1.488781,1.446364,1.500000,0.763257,0.640355,1.000000,2.000000,4.372559,-18.896484,0.000000,0.000000
2.6600,20616,240,0,0,0.001856,0.009751,0.000000,0.000000,1.500000,1.488989,1.446366,1.500000,0.766362,0.642855,1.000000,2.000000,4.372559,-18.896484,0.000000,0.000000
2.6700,20617,240,0,0,0.001642,0.009572,0.000000,0.000000,1.500000,1.491287,1.448008,1.500000,0.769468,0.645355,1.000000,2.000000,4.372559,-18.896484,0.000000,0.000000
2.6800,20618,240,0,0,0.001580,0.009523,0.000000,0.000000,1.500000,1.490260,1.448429,1.500000,0.772573,0.647855,1.000000,2.000000,4.372559,-18.896484,0.000000,0.000000
2.6900,20619,240,0,0,0.001552,0.009522,0.000000,0.000000,1.500000,1.490935,1.447476,1.500000,0.775678,0.650355,1.000000,2.000000,4.372559,-18.874512,0.000000,0.000000
2.7000,20620,240,0,0,0.001696,0.009854,0.000000,0.000000,1.500000,1.492338,1.447591,1.500000,0.778784,0.652855,1.000000,2.000000,4.372559,-18.874512,0.000000,0.000000
2.7100,20621,240,0,0,0.001644,0.010047,0.000000,0.000000,1.500000,1.492830,1.447128,1.500000,0.781889,0.655354,1.000000,2.000000,4.372559,-18.874512,0.000000,0.000000
2.7200,20622,240,0,0,0.001403,0.009650,0.000000,0.000000,1.500000,1.494020,1.448092,1.500000,0.784995,0.657854,1.000000,2.000000,4.372559,-18.874512,0.000000,0.000000
2.7300,20623,240,0,0,0.001335,0.009850,0.000000,0.000000,1.500000,1.495407,1.447905,1.500000,0.788100,0.660354,1.000000,2.000000,4.372559,-18.874512,0.000000,0.000000
2.7400,20624,240,0,0,0.001260,0.009725,0.000000,0.000000,1.500000,1.493957,1.448064,1.500000,0.791205,0.662854,1.000000,2.000000,4.372559,-18.874512,0.000000,0.000000
2.7500,20625,240,0,0,0.001471,0.010015,0.000000,0.000000,1.500000,1.496544,1.448114,1.500000,0.794311,0.665354,1.000000,2.000000,4.372559,-18.874512,0.000000,0.000000
2.7600,20626,240,0,0,0.001491,0.009712,0.000000,0.000000,1.500000,1.496431,1.448433,1.500000,0.797416,0.667853,1.000000,2.000000,4.372559,-18.874512,0.000000,0.000000
2.7700,20627,240,0,0,0.001524,0.009694,0.000000,0.000000,1.500000,1.495982,1.449221,1.500000,0.800522,0.670353,1.000000,2.000000,4.372559,-18.874512,0.000000,0.000000
2.7800,20628,240,0,0,0.001996,0.010095,0.000000,0.000000,1.500000,1.495231,1.449577,1.500000,0.803627,0.672853,1.000000,2.000000,4.372559,-18.874512,0.000000,0.000000
2.7900,20629,240,0,0,0.002510,0.009950,0.000000,0.000000,1.500000,1.495187,1.449169,1.500000,0.806732,0.675353,1.000000,2.000000,4.372559,-18.874512,0.000000,0.000000
2.8000,20630,240,0,0,0.002343,0.009343,0.000000,0.000000,1.500000,1.496255,1.448640,1.500000,0.809838,0.677853,1.000000,2.000000,4.394531,-18.874512,0.000000,0.000000
2.8100,20631,240,0,0,0.002087,0.009322,0.000000,0.000000,1.500000,1.496556,1.449190,1.500000,0.812943,0.680353,1.000000,2.000000,4.394531,-18.874512,0.000000,0.000000
2.8200,20632,240,0,0,0.001854,0.009405,0.000000,0.000000,1.500000,1.496329,1.449723,1.500000,0.816049,0.682852,1.000000,2.000000,4.394531,-18.874512,0.000000,0.000000
2.8300,20633,240,0,0,0.001781,0.009207,0.000000,0.000000,1.500000,1.492619,1.449307,1.500000,0.819154,0.685352,1.000000,2.000000,4.394531,-18.874512,0.000000,0.000000
2.8400,20634,240,0,0,0.001741,0.009123,0.000000,0.000000,1.500000,1.494370,1.449342,1.500000,0.822259,0.687852,1.000000,2.000000,4.394531,-18.874512,0.000000,0.000000
2.8500,20635,240,0,0,0.001545,0.009100,0.000000,0.000000,1.500000,1.494110,1.450037,1.500000,0.825365,0.690352,1.000000,2.000000,4.394531,-18.852539,0.000000,0.000000
2.8600,20637,240,0,0,0.001452,0.008928,0.000000,0.000000,1.500000,1.491420,1.450526,1.500000,0.831576,0.695351,1.000000,2.000000,4.394531,-18.852539,0.000000,0.000000
2.8700,20638,240,0,0,0.001337,0.008743,0.000000,0.000000,1.500000,1.492432,1.451467,1.500000,0.834681,0.697851,1.000000,2.000000,4.394531,-18.852539,0.000000,0.000000
2.8800,20639,240,0,0,0.001272,0.008816,0.000000,0.000000,1.500000,1.493641,1.451846,1.500000,0.837786,0.700351,1.000000,2.000000,4.394531,-18.852539,0.000000,0.000000
2.8900,20640,240,0,0,0.001150,0.008778,0.000000,0.000000,1.500000,1.493983,1.451134,1.500000,0.840892,0.702851,1.000000,2.000000,4.394531,-18.852539,0.000000,0.000000
2.9000,20641,240,0,0,0.001129,0.009059,0.000000,0.000000,1.500000,1.494875,1.450494,1.500000,0.843997,0.705351,1.000000,2.000000,4.416504,-18.852539,0.000000,0.000000
2.9100,20642,240,0,0,0.001169,0.009514,0.000000,0.000000,1.500000,1.494905,1.450447,1.500000,0.847103,0.707851,1.000000,2.000000,4.416504,-18.852539,0.000000,0.000000
2.9200,20643,240,0,0,0.001209,0.009667,0.000000,0.000000,1.500000,1.495732,1.450897,1.500000,0.850208,0.710350,1.000000,2.000000,4.416504,-18.852539,0.000000,0.000000
2.9300,20644,240,0,0,0.001108,0.009416,0.000000,0.000000,1.500000,1.496547,1.451257,1.500000,0.853314,0.712850,1.000000,2.000000,4.416504,-18.830566,0.000000,0.000000
2.9400,20645,240,0,0,0.001377,0.009130,0.000000,0.000000,1.500000,1.498245,1.450688,1.500000,0.856419,0.715350,1.000000,2.000000,4.416504,-18.830566,0.000000,0.000000
2.9500,20646,240,0,0,0.001227,0.009035,0.000000,0.000000,1.500000,1.497298,1.450731,1.500000,0.859524,0.717850,1.000000,2.000000,4.416504,-18.830566,0.000000,0.000000
2.9600,20647,240,0,0,0.001281,0.009097,0.000000,0.000000,1.500000,1.499084,1.451435,1.500000,0.862630,0.720350,1.000000,2.000000,4.416504,-18.830566,0.000000,0.000000
2.9700,20648,240,0,0,0.001364,0.009371,0.000000,0.000000,1.500000,1.498803,1.452103,1.500000,0.865735,0.722849,1.000000,2.000000,4.416504,-18.830566,0.000000,0.000000
2.9800,20649,240,0,0,0.001294,0.009392,0.000000,0.000000,1.500000,1.497603,1.452246,1.500000,0.868841,0.725349,1.000000,2.000000,4.416504,-18.830566,0.000000,0.000000
2.9900,20650,240,0,0,0.001307,0.009858,0.000000,0.000000,1.500000,1.499937,1.452737,1.500000,0.871946,0.727849,1.000000,2.000000,4.416504,-18.830566,0.000000,0.000000
3.0000,20651,240,0,0,0.001212,0.009383,0.000000,0.000000,1.500000,1.499832,1.452723,1.500000,0.875051,0.730349,1.000000,2.000000,4.416504,-18.830566,0.000000,0.000000
3.0100,20652,240,0,0,0.001203,0.009159,0.000000,0.000000,1.500000,1.498318,1.453389,1.500000,0.878157,0.732849,1.000000,2.000000,4.416504,-18.830566,0.000000,0.000000
3.0200,20653,240,0,0,0.001550,0.009354,0.000000,0.000000,1.500000,1.499132,1.453852,1.500000,0.881262,0.735349,1.000000,2.000000,4.416504,-18.830566,0.000000,0.000000
3.0300,20654,240,0,0,0.001608,0.009187,0.000000,0.000000,1.500000,1.500000,1.453484,1.500000,0.884368,0.737848,1.000000,2.000000,4.416504,-18.830566,0.000000,0.000000
3.0400,20655,240,0,0,0.001886,0.009578,0.000000,0.000000,1.500000,1.500000,1.454108,1.500000,0.887473,0.740348,1.000000,2.000000,4.416504,-18.830566,0.000000,0.000000
3.0500,20656,240,0,0,0.001793,0.009768,0.000000,0.000000,1.500000,1.499215,1.453284,1.500000,0.890578,0.742848,1.000000,2.000000,4.416504,-18.830566,0.000000,0.000000
3.0600,20657,240,0,0,0.001576,0.010400,0.000000,0.000000,1.500000,1.500000,1.454035,1.500000,0.893684,0.745348,1.000000,2.000000,4.416504,-18.830566,0.000000,0.000000
3.0700,20658,240,0,0,0.001599,0.010572,0.000000,0.000000,1.500000,1.500000,1.454973,1.500000,0.896789,0.747848,1.000000,2.000000,4.416504,-18.830566,0.000000,0.000000
3.0800,20659,240,0,0,0.001569,0.010420,0.000000,0.000000,1.500000,1.497274,1.454480,1.500000,0.899895,0.750347,1.000000,2.000000,4.416504,-18.830566,0.000000,0.000000
3.0900,20660,240,0,0,0.001493,0.009658,0.000000,0.000000,1.500000,1.497375,1.454088,1.500000,0.903000,0.752847,1.000000,2.000000,4.416504,-18.830566,0.000000,0.000000
3.1000,20661,240,0,0,0.001346,0.009288,0.000000,0.000000,1.500000,1.498343,1.454121,1.500000,0.906105,0.755347,1.000000,2.000000,4.416504,-18.830566,0.000000,0.000000
3.1100,20662,240,0,0,0.001345,0.009710,0.000000,0.000000,1.500000,1.495985,1.455445,1.500000,0.909211,0.757847,1.000000,2.000000,4.416504,-18.830566,0.000000,0.000000
3.1200,20663,240,0,0,0.001716,0.009902,0.000000,0.000000,1.500000,1.494105,1.454603,1.500000,0.912316,0.760347,1.000000,2.000000,4.416504,-18.830566,0.000000,0.000000
3.1300,20664,240,0,0,0.001557,0.009764,0.000000,0.000000,1.500000,1.496177,1.456048,1.500000,0.915422,0.762847,1.000000,2.000000,4.416504,-18.830566,0.000000,0.000000
3.1400,20665,240,0,0,0.001541,0.009803,0.000000,0.000000,1.500000,1.496493,1.456713,1.500000,0.918527,0.765346,1.000000,2.000000,4.416504,-18.830566,0.000000,0.000000
3.1500,20666,240,0,0,0.001350,0.009821,0.000000,0.000000,1.500000,1.494694,1.456192,1.500000,0.921632,0.767846,1.000000,2.000000,4.416504,-18.830566,0.000000,0.000000
3.1600,20667,240,0,0,0.001410,0.010008,0.000000,0.000000,1.500000,1.497042,1.456819,1.500000,0.924738,0.770346,1.000000,2.000000,4.416504,-18.830566,0.000000,0.000000
3.1700,20668,240,0,0,0.001386,0.009880,0.000000,0.000000,1.500000,1.495313,1.457053,1.500000,0.927843,0.772846,1.000000,2.000000,4.416504,-18.830566,0.000000,0.000000
3.1800,20669,240,0,0,0.001215,0.009809,0.000000,0.000000,1.500000,1.496299,1.456831,1.500000,0.930949,0.775346,1.000000,2.000000,4.416504,-18.830566,0.000000,0.000000
3.1900,20670,240,0,0,0.001592,0.009942,0.000000,0.000000,1.500000,1.493218,1.456264,1.500000,0.934054,0.777845,1.000000,2.000000,4.416504,-18.830566,0.000000,0.000000
3.2000,20671,240,0,0,0.001736,0.010536,0.000000,0.000000,1.500000,1.493135,1.457013,1.500000,0.937159,0.780345,1.000000,2.000000,4.416504,-18.830566,0.000000,0.000000
3.2100,20672,240,0,0,0.001501,0.010392,0.000000,0.000000,1.500000,1.492147,1.456451,1.500000,0.940265,0.782845,1.000000,2.000000,4.416504,-18.830566,0.000000,0.000000
3.2200,20673,240,0,0,0.001306,0.010618,0.000000,0.000000,1.500000,1.490895,1.456879,1.500000,0.943370,0.785345,1.000000,2.000000,4.416504,-18.830566,0.000000,0.000000
3.2300,20674,240,0,0,0.001323,0.010373,0.000000,0.000000,1.500000,1.489395,1.456867,1.500000,0.946476,0.787845,1.000000,2.000000,4.416504,-18.808594,0.000000,0.000000
3.2400,20675,240,0,0,0.001277,0.010044,0.000000,0.000000,1.500000,1.488632,1.456554,1.500000,0.949581,0.790345,1.000000,2.000000,4.416504,-18.808594,0.000000,0.000000
3.2500,20676,240,0,0,0.001848,0.010313,0.000000,0.000000,1.500000,1.488450,1.457539,1.500000,0.952686,0.792844,1.000000,2.000000,4.416504,-18.808594,0.000000,0.000000
3.2600,20677,240,0,0,0.001947,0.010642,0.000000,0.000000,1.500000,1.486188,1.458788,1.500000,0.955792,0.795344,1.000000,2.000000,4.416504,-18.808594,0.000000,0.000000
3.2700,20678,240,0,0,0.001833,0.010887,0.000000,0.000000,1.500000,1.484288,1.459284,1.500000,0.958897,0.797844,1.000000,2.000000,4.416504,-18.808594,0.000000,0.000000
3.2800,20679,240,0,0,0.001620,0.010564,0.000000,0.000000,1.500000,1.483695,1.460077,1.500000,0.962003,0.800344,1.000000,2.000000,4.416504,-18.808594,0.000000,0.000000
3.2900,20680,240,0,0,0.001468,0.010547,0.000000,0.000000,1.500000,1.480266,1.460013,1.500000,0.965108,0.802844,1.000000,2.000000,4.416504,-18.808594,0.000000,0.000000
3.3000,20681,240,0,0,0.001727,0.010386,0.000000,0.000000,1.500000,1.476631,1.461455,1.500000,0.968213,0.805343,1.000000,2.000000,4.438477,-18.808594,0.000000,0.000000
3.3100,20682,240,0,0,0.001842,0.010171,0.000000,0.000000,1.500000,1.475952,1.461165,1.500000,0.971319,0.807843,1.000000,2.000000,4.438477,-18.786621,0.000000,0.000000
3.3200,20683,240,0,0,0.001838,0.009499,0.000000,0.000000,1.500000,1.474526,1.461557,1.500000,0.974424,0.810343,1.000000,2.000000,4.438477,-18.786621,0.000000,0.000000
3.3300,20684,240,0,0,0.001563,0.009495,0.000000,0.000000,1.500000,1.474262,1.461337,1.500000,0.977530,0.812843,1.000000,2.000000,4.438477,-18.786621,0.000000,0.000000
3.3400,20685,240,0,0,0.001572,0.009355,0.000000,0.000000,1.500000,1.474941,1.461390,1.500000,0.980635,0.815343,1.000000,2.000000,4.460449,-18.786621,0.000000,0.000000
3.3500,20687,240,0,0,0.001429,0.009412,0.000000,0.000000,1.500000,1.474415,1.462877,1.500000,0.986846,0.820342,1.000000,2.000000,4.460449,-18.764648,0.000000,0.000000
3.3600,20688,240,0,0,0.001414,0.009518,0.000000,0.000000,1.500000,1.472374,1.462953,1.500000,0.989951,0.822842,1.000000,2.000000,4.482422,-18.764648,0.000000,0.000000
3.3700,20689,240,0,0,0.001300,0.009531,0.000000,0.000000,1.500000,1.474150,1.462993,1.500000,0.993057,0.825342,1.000000,2.000000,4.482422,-18.764648,0.000000,0.000000
3.3800,20690,240,0,0,0.001297,0.009044,0.000000,0.000000,1.500000,1.474399,1.463298,1.500000,0.996162,0.827842,1.000000,2.000000,4.482422,-18.764648,0.000000,0.000000
3.3900,20691,240,0,0,0.001185,0.008790,0.000000,0.000000,1.500000,1.476843,1.463000,1.500000,0.999267,0.830342,1.000000,2.000000,4.482422,-18.764648,0.000000,0.000000
3.4000,20692,240,0,0,0.001198,0.008619,0.000000,0.000000,1.500000,1.478177,1.463554,1.500000,0.002373,0.832841,1.000000,2.000000,4.482422,-18.764648,0.000000,0.000000
3.4100,20693,240,0,0,0.001216,0.009188,0.000000,0.000000,1.500000,1.478113,1.463501,1.500000,0.005479,0.835341,1.000000,2.000000,4.482422,-18.764648,0.000000,0.000000
3.4200,20694,240,0,0,0.001235,0.009316,0.000000,0.000000,1.500000,1.474998,1.462651,1.500000,0.008584,0.837841,1.000000,2.000000,4.482422,-18.764648,0.000000,0.000000
3.4300,20695,240,0,0,0.001610,0.009212,0.000000,0.000000,1.500000,1.476118,1.462733,1.500000,0.011690,0.840341,1.000000,2.000000,4.460449,-18.786621,0.000000,0.000000
3.4400,20696,240,0,0,0.001708,0.009188,0.000000,0.000000,1.500000,1.477266,1.463969,1.500000,0.014795,0.842841,1.000000,2.000000,4.460449,-18.786621,0.000000,0.000000
3.4500,20697,240,0,0,0.001658,0.009397,0.000000,0.000000,1.500000,1.476905,1.464729,1.500000,0.017901,0.845341,1.000000,2.000000,4.438477,-18.786621,0.000000,0.000000
3.4600,20698,240,0,0,0.001568,0.009016,0.000000,0.000000,1.500000,1.477797,1.464746,1.500000,0.021007,0.847840,1.000000,2.000000,4.438477,-18.808594,0.000000,0.000000
3.4700,20699,240,0,0,0.001456,0.009173,0.000000,0.000000,1.500000,1.476389,1.464690,1.500000,0.024112,0.850340,1.000000,2.000000,4.438477,-18.808594,0.000000,0.000000
3.4800,20700,240,0,0,0.001493,0.009115,0.000000,0.000000,1.500000,1.477425,1.465088,1.500000,0.027218,0.852840,1.000000,2.000000,4.438477,-18.830566,0.000000,0.000000
3.4900,20701,240,0,0,0.001405,0.009250,0.000000,0.000000,1.500000,1.477501,1.465830,1.500000,0.030323,0.855340,1.000000,2.000000,4.416504,-18.830566,0.000000,0.000000
3.5000,20702,240,0,0,0.001433,0.009146,0.000000,0.000000,1.500000,1.479833,1.466162,1.500000,0.033429,0.857840,1.000000,2.000000,4.416504,-18.830566,0.000000,0.000000
3.5100,20703,240,0,0,0.001516,0.009628,0.000000,0.000000,1.500000,1.480146,1.467068,1.500000,0.036534,0.860339,1.000000,2.000000,4.416504,-18.830566,0.000000,0.000000
3.5200,20704,240,0,0,0.001650,0.009685,0.000000,0.000000,1.500000,1.480495,1.467360,1.500000,0.039640,0.862839,1.000000,2.000000,4.416504,-18.852539,0.000000,0.000000
3.5300,20705,240,0,0,0.001585,0.010229,0.000000,0.000000,1.500000,1.482903,1.467552,1.500000,0.042746,0.865339,1.000000,2.000000,4.416504,-18.852539,0.000000,0.000000
3.5400,20706,240,0,0,0.001419,0.009834,0.000000,0.000000,1.500000,1.485591,1.466912,1.500000,0.045851,0.867839,1.000000,2.000000,4.416504,-18.852539,0.000000,0.000000
3.5500,20707,240,0,0,0.001476,0.009416,0.000000,0.000000,1.500000,1.484515,1.465671,1.500000,0.048957,0.870339,1.000000,2.000000,4.416504,-18.852539,0.000000,0.000000
3.5600,20708,240,0,0,0.001506,0.010057,0.000000,0.000000,1.500000,1.484513,1.466940,1.500000,0.052062,0.872839,1.000000,2.000000,4.416504,-18.852539,0.000000,0.000000
3.5700,20709,240,0,0,0.001589,0.010045,0.000000,0.000000,1.500000,1.487368,1.466697,1.500000,0.055168,0.875338,1.000000,2.000000,4.394531,-18.852539,0.000000,0.000000
3.5800,20710,240,0,0,0.001879,0.009886,0.000000,0.000000,1.500000,1.487944,1.467905,1.500000,0.058274,0.877838,1.000000,2.000000,4.394531,-18.852539,0.000000,0.000000
3.5900,20711,240,0,0,0.001989,0.009889,0.000000,0.000000,1.500000,1.489908,1.467835,1.500000,0.061379,0.880338,1.000000,2.000000,4.394531,-18.874512,0.000000,0.000000
3.6000,20712,240,0,0,0.001716,0.009679,0.000000,0.000000,1.500000,1.492145,1.467688,1.500000,0.064485,0.882838,1.000000,2.000000,4.394531,-18.874512,0.000000,0.000000
3.6100,20713,240,0,0,0.001572,0.009195,0.000000,0.000000,1.500000,1.493102,1.467513,1.500000,0.067590,0.885338,1.000000,2.000000,4.394531,-18.874512,0.000000,0.000000
3.6200,20714,240,0,0,0.001441,0.009306,0.000000,0.000000,1.500000,1.492550,1.467577,1.500000,0.070696,0.887837,1.000000,2.000000,4.394531,-18.896484,0.000000,0.000000
3.6300,20715,240,0,0,0.001297,0.009025,0.000000,0.000000,1.500000,1.493630,1.466763,1.500000,0.073802,0.890337,1.000000,2.000000,4.372559,-18.896484,0.000000,0.000000
3.6400,20716,240,0,0,0.001290,0.009187,0.000000,0.000000,1.500000,1.495465,1.466314,1.500000,0.076907,0.892837,1.000000,2.000000,4.372559,-18.918457,0.000000,0.000000
3.6500,20717,240,0,0,0.001542,0.009203,0.000000,0.000000,1.500000,1.497849,1.465486,1.500000,0.080013,0.895337,1.000000,2.000000,4.350586,-18.918457,0.000000,0.000000
3.6600,20718,240,0,0,0.001821,0.008954,0.000000,0.000000,1.500000,1.495633,1.465491,1.500000,0.083119,0.897837,1.000000,2.000000,4.350586,-18.940430,0.000000,0.000000
3.6700,20719,240,0,0,0.001661,0.008530,0.000000,0.000000,1.500000,1.493744,1.463371,1.500000,0.086224,0.900337,1.000000,2.000000,4.328613,-18.962402,0.000000,0.000000
3.6800,20720,240,0,0,0.001792,0.008198,0.000000,0.000000,1.500000,1.493466,1.460352,1.500000,0.089330,0.902836,1.000000,2.000000,4.306641,-18.962402,0.000000,0.000000
3.6900,20721,240,0,0,0.001720,0.007956,0.000000,0.000000,1.500000,1.494862,1.457099,1.500000,0.092435,0.905336,1.000000,2.000000,4.284668,-18.984375,0.000000,0.000000
3.7000,20722,240,0,0,0.001627,0.008348,0.000000,0.000000,1.500000,1.491614,1.455820,1.500000,0.095541,0.907836,1.000000,2.000000,4.262695,-19.006348,0.000000,0.000000
3.7100,20723,240,0,0,0.001660,0.008614,0.000000,0.000000,1.500000,1.489960,1.453991,1.500000,0.098647,0.910336,1.000000,2.000000,4.240723,-19.028320,0.000000,0.000000
3.7200,20724,240,0,0,0.001599,0.008947,0.000000,0.000000,1.500000,1.488988,1.453037,1.500000,0.101752,0.912836,1.000000,2.000000,4.240723,-19.050293,0.000000,0.000000
3.7300,20725,240,0,0,0.001576,0.009191,0.000000,0.000000,1.500000,1.489264,1.451701,1.500000,0.104858,0.915335,1.000000,2.000000,4.218750,-19.050293,0.000000,0.000000
3.7400,20726,240,0,0,0.001522,0.009445,0.000000,0.000000,1.500000,1.488443,1.451440,1.500000,0.107964,0.917835,1.000000,2.000000,4.196777,-19.072266,0.000000,0.000000
3.7500,20727,240,0,0,0.001384,0.009050,0.000000,0.000000,1.500000,1.488227,1.450954,1.500000,0.111069,0.920335,1.000000,2.000000,4.174805,-19.094238,0.000000,0.000000
3.7600,20728,240,0,0,0.001412,0.009042,0.000000,0.000000,1.500000,1.487949,1.450962,1.500000,0.114175,0.922835,1.000000,2.000000,4.174805,-19.094238,0.000000,0.000000
3.7700,20729,240,0,0,0.001402,0.009882,0.000000,0.000000,1.500000,1.487705,1.450683,1.500000,0.117280,0.925335,1.000000,2.000000,4.152832,-19.116211,0.000000,0.000000
3.7800,20730,240,0,0,0.001632,0.009630,0.000000,0.000000,1.500000,1.486350,1.449297,1.500000,0.120386,0.927835,1.000000,2.000000,4.152832,-19.116211,0.000000,0.000000
3.7900,20731,240,0,0,0.001639,0.009593,0.000000,0.000000,1.500000,1.485015,1.447366,1.500000,0.123492,0.930334,1.000000,2.000000,4.130859,-19.138184,0.000000,0.000000
3.8000,20732,240,0,0,0.001608,0.009313,0.000000,0.000000,1.500000,1.483209,1.445411,1.500000,0.126597,0.932834,1.000000,2.000000,4.108887,-19.138184,0.000000,0.000000
3.8100,20733,240,0,0,0.001826,0.009633,0.000000,0.000000,1.500000,1.477762,1.443070,1.500000,0.129703,0.935334,1.000000,2.000000,4.108887,-19.160156,0.000000,0.000000
3.8200,20734,240,0,0,0.001686,0.009203,0.000000,0.000000,1.500000,1.476407,1.440857,1.500000,0.132808,0.937834,1.000000,2.000000,4.086914,-19.182129,0.000000,0.000000
3.8300,20735,240,0,0,0.001544,0.008719,0.000000,0.000000,1.500000,1.473151,1.439230,1.500000,0.135914,0.940334,1.000000,2.000000,4.064941,-19.204102,0.000000,0.000000
3.8400,20737,240,0,0,0.001482,0.009766,0.000000,0.000000,1.500000,1.470269,1.437006,1.500000,0.142125,0.945333,1.000000,2.000000,4.020996,-19.248047,0.000000,0.000000
3.8500,20738,240,0,0,0.001709,0.009542,0.000000,0.000000,1.500000,1.468070,1.435128,1.500000,0.145231,0.947833,1.000000,2.000000,3.999023,-19.270020,0.000000,0.000000
3.8600,20739,240,0,0,0.001611,0.009133,0.000000,0.000000,1.500000,1.468922,1.432991,1.500000,0.148336,0.950333,1.000000,2.000000,3.977051,-19.313965,0.000000,0.000000
3.8700,20740,240,0,0,0.001534,0.008696,0.000000,0.000000,1.500000,1.467646,1.432414,1.500000,0.151442,0.952833,1.000000,2.000000,3.955078,-19.335938,0.000000,0.000000
3.8800,20741,240,0,0,0.001643,0.009237,0.000000,0.000000,1.500000,1.467790,1.431909,1.500000,0.154547,0.955333,1.000000,2.000000,3.933105,-19.357910,0.000000,0.000000
3.8900,20742,240,0,0,0.001580,0.009023,0.000000,0.000000,1.500000,1.466309,1.433409,1.500000,0.157653,0.957832,1.000000,2.000000,3.911133,-19.379883,0.000000,0.000000
3.9000,20743,240,0,0,0.001794,0.008681,0.000000,0.000000,1.500000,1.462882,1.432860,1.500000,0.160758,0.960332,1.000000,2.000000,3.889160,-19.401855,0.000000,0.000000
3.9100,20744,240,0,0,0.001830,0.008570,0.000000,0.000000,1.500000,1.463215,1.432305,1.500000,0.163864,0.962832,1.000000,2.000000,3.845215,-19.445801,0.000000,0.000000
3.9200,20745,240,0,0,0.002969,0.008100,0.000000,0.000000,1.500000,1.465499,1.431809,1.500000,0.166969,0.965332,1.000000,2.000000,3.823242,-19.445801,0.000000,0.000000
3.9300,20746,240,0,0,0.003696,0.007947,0.000000,0.000000,1.500000,1.468993,1.431491,1.500000,0.170075,0.967832,1.000000,2.000000,3.779297,-19.423828,0.000000,0.000000
3.9400,20747,240,0,0,0.003675,0.007736,0.000000,0.000000,1.500000,1.471086,1.431568,1.500000,0.173181,0.970331,1.000000,2.000000,3.757324,-19.379883,0.000000,0.000000
3.9500,20748,240,0,0,0.004696,0.007305,0.000000,0.000000,1.500000,1.472683,1.430611,1.500000,0.176286,0.972831,1.000000,2.000000,3.735352,-19.357910,0.000000,0.000000
3.9600,20749,240,0,0,0.004756,0.007718,0.000000,0.000000,1.500000,1.475077,1.430995,1.500000,0.179392,0.975331,1.000000,2.000000,3.735352,-19.357910,0.000000,0.000000
3.9700,20750,240,0,0,0.003812,0.007585,0.000000,0.000000,1.500000,1.476882,1.431470,1.500000,0.182497,0.977831,1.000000,2.000000,3.735352,-19.335938,0.000000,0.000000
3.9800,20751,240,0,0,0.003550,0.007605,0.000000,0.000000,1.500000,1.478749,1.433341,1.500000,0.185603,0.980331,1.000000,2.000000,3.713379,-19.335938,0.000000,0.000000
3.9900,20752,240,0,0,0.004554,0.007596,0.000000,0.000000,1.500000,1.481189,1.432956,1.500000,0.188708,0.982831,1.000000,2.000000,3.691406,-19.335938,0.000000,0.000000
4.0000,20753,240,0,0,0.005906,0.007450,0.000000,0.000000,1.500000,1.482293,1.434258,1.500000,0.191814,0.985330,1.000000,2.000000,3.713379,-19.335938,0.000000,0.000000
4.0100,20754,240,0,0,0.006703,0.007110,0.000000,0.000000,1.500000,1.481481,1.436103,1.500000,0.194919,0.987830,1.000000,2.000000,3.713379,-19.335938,0.000000,0.000000
4.0200,20755,240,0,0,0.005571,0.007031,0.000000,0.000000,1.500000,1.481471,1.437957,1.500000,0.198025,0.990330,1.000000,2.000000,3.735352,-19.335938,0.000000,0.000000
4.0300,20756,240,0,0,0.004698,0.007505,0.000000,0.000000,1.500000,1.482240,1.439276,1.500000,0.201130,0.992830,1.000000,2.000000,3.801270,-19.335938,0.000000,0.000000
4.0400,20757,240,0,0,0.004741,0.007849,0.000000,0.000000,1.500000,1.480348,1.440896,1.500000,0.204236,0.995330,1.000000,2.000000,3.867188,-19.357910,0.000000,0.000000
4.0500,20758,240,0,0,0.006830,0.008147,0.000000,0.000000,1.500000,1.479414,1.442134,1.500000,0.207342,0.997829,1.000000,2.000000,3.955078,-19.357910,0.000000,0.000000
4.0600,20759,240,0,0,0.009821,0.008052,0.000000,0.000000,1.500000,1.479698,1.445773,1.500000,0.210447,0.000329,1.000000,2.000000,4.042969,-19.357910,0.000000,0.000000
4.0700,20760,240,0,0,0.011714,0.008320,0.000000,0.000000,1.500000,1.479530,1.450372,1.500000,0.213553,0.002829,1.000000,2.000000,4.196777,-19.357910,0.000000,0.000000
4.0800,20761,240,0,0,0.011902,0.008197,0.000000,0.000000,1.500000,1.477230,1.457412,1.500000,0.216658,0.005329,1.000000,2.000000,4.328613,-19.335938,0.000000,0.000000
4.0900,20762,240,0,0,0.009726,0.008805,0.000000,0.000000,1.500000,1.479683,1.464680,1.500000,0.219764,0.007829,1.000000,2.000000,4.504395,-19.313965,0.000000,0.000000
4.1000,20763,240,0,0,0.009101,0.009732,0.000000,0.000000,1.500000,1.478789,1.473321,1.500000,0.222869,0.010329,1.000000,2.000000,4.724121,-19.270020,0.000000,0.000000
4.1100,20764,240,0,0,0.012946,0.009946,0.000000,0.000000,1.500000,1.478804,1.483216,1.500000,0.225975,0.012829,1.000000,2.000000,5.009766,-19.248047,0.000000,0.000000
4.1200,20765,240,0,0,0.015934,0.010339,0.000000,0.000000,1.500000,1.480475,1.493431,1.500000,0.229080,0.015329,1.000000,2.000000,5.295410,-19.248047,0.000000,0.000000
4.1300,20766,240,0,0,0.015526,0.010273,0.000000,0.000000,1.500000,1.481149,1.500000,1.500000,0.232186,0.017829,1.000000,2.000000,5.668945,-19.248047,0.000000,0.000000
4.1400,20767,240,0,0,0.014330,0.010256,0.000000,0.000000,1.500000,1.482068,1.500000,1.500000,0.235292,0.020329,1.000000,2.000000,6.086426,-19.248047,0.000000,0.000000
4.1500,20768,240,0,0,0.017267,0.010554,0.000000,0.000000,1.500000,1.480373,1.500000,1.500000,0.238397,0.022829,1.000000,2.000000,6.591797,-19.270020,0.000000,0.000000
4.1600,20769,240,0,0,0.019147,0.010659,0.000000,0.000000,1.500000,1.476258,1.500000,1.500000,0.241503,0.025329,1.000000,2.000000,7.207031,-19.270020,0.000000,0.000000
4.1700,20770,240,0,0,0.025628,0.011034,0.010393,0.000000,1.500000,1.466903,1.500000,1.500000,0.244608,0.027829,1.000000,2.000000,7.932129,-19.270020,0.000000,0.000000
4.1800,20771,240,0,0,0.030601,0.011524,0.041425,0.000000,1.500000,1.447305,1.500000,1.500000,0.247714,0.030329,1.000000,2.000000,8.745117,-19.291992,0.000000,0.000000
4.1900,20772,240,0,0,0.030592,0.011421,0.067063,0.000000,1.387360,1.421079,1.500000,1.500000,0.250819,0.032829,1.000000,2.000000,9.689941,-19.291992,0.000000,0.000000
4.2000,20773,240,0,0,0.030339,0.011152,0.079535,0.000000,1.258948,1.392768,1.500000,1.500000,0.253925,0.035329,1.000000,2.000000,10.722656,-19.291992,0.000000,0.000000
4.2100,20774,240,0,0,0.035227,0.011035,0.098824,0.000000,1.140327,1.356867,1.500000,1.500000,0.257031,0.037829,1.000000,2.000000,11.843262,-19.270020,0.000000,0.000000
4.2200,20775,240,0,0,0.036218,0.011017,0.122127,0.000000,1.030585,1.309036,1.500000,1.500000,0.260136,0.040329,1.000000,2.000000,13.051758,-19.182129,0.000000,0.000000
4.2300,20776,240,0,0,0.041131,0.011181,0.142812,0.000000,0.933436,1.253994,1.500000,1.500000,0.263242,0.042829,1.000000,2.000000,14.326172,-19.006348,0.000000,0.000000
4.2400,20777,240,0,0,0.057827,0.010354,0.206663,0.000000,0.839415,1.203195,1.500000,1.500000,0.266348,0.045329,1.000000,2.000000,15.666504,-18.830566,0.000000,0.000000
4.2500,20778,240,0,0,0.066174,0.008715,0.292579,0.000000,0.756302,1.160614,1.500000,1.500000,0.269454,0.047829,1.000000,2.000000,17.006836,-18.698730,0.000000,0.000000
4.2600,20779,240,0,0,0.067948,0.007234,0.359354,0.000000,0.695075,1.128217,1.500000,1.500000,0.272559,0.050329,1.000000,2.000000,18.391113,-18.632812,0.000000,0.000000
4.2700,20780,240,0,0,0.073076,0.006003,0.410539,0.000000,0.645047,1.114216,1.500000,1.500000,0.275665,0.052829,1.000000,2.000000,19.775391,-18.610840,0.000000,0.000000
4.2800,20781,240,0,0,0.081948,0.007041,0.473304,0.000000,0.598711,1.105447,1.500000,1.500000,0.278771,0.055329,1.000000,2.000000,21.181641,-18.676758,0.000000,0.000000
4.2900,20782,240,0,0,0.084586,0.006920,0.531724,0.000000,0.554015,1.095955,1.500000,1.500000,0.281876,0.057829,1.000000,2.000000,22.565918,-18.720703,0.000000,0.000000
4.3000,20783,240,0,0,0.083935,0.005831,0.568760,0.000000,0.511413,1.090938,1.500000,1.500000,0.284982,0.060329,1.000000,2.000000,23.950195,-18.720703,0.000000,0.000000
4.3100,20784,240,0,0,0.080647,0.004691,0.581716,0.000000,0.469067,1.078833,1.500000,1.500000,0.288088,0.062829,1.000000,2.000000,25.356445,-18.676758,0.000000,0.000000
4.3200,20785,240,0,0,0.075000,0.004582,0.571804,0.000000,0.422032,1.068654,1.500000,1.500000,0.291193,0.065329,1.000000,2.000000,26.718750,-18.588867,0.000000,0.000000
4.3300,20787,240,0,0,0.083984,0.004132,0.549783,0.000000,0.343989,1.051848,1.500000,1.500000,0.297405,0.070329,2.000000,2.000000,29.443359,-18.237305,0.000000,0.000000
4.3400,20788,240,0,0,0.094784,0.003942,0.605589,0.000000,0.308686,1.043813,1.500000,1.500000,0.300511,0.072829,2.000000,2.000000,30.805664,-18.237305,0.000000,0.000000
4.3500,20789,240,0,0,0.098299,0.004178,0.662276,0.000000,0.269670,1.036182,1.500000,1.500000,0.303616,0.075329,2.000000,2.000000,32.145996,-18.281250,0.000000,0.000000
4.3600,20790,240,0,0,0.099560,0.003686,0.703774,0.000000,0.230003,1.030604,1.500000,1.500000,0.306722,0.077829,2.000000,2.000000,33.486328,-18.325195,0.000000,0.000000
4.3700,20791,240,0,0,0.097471,0.003054,0.727156,0.000000,0.190295,1.021713,1.500000,1.500000,0.309828,0.080329,2.000000,2.000000,34.848633,-18.391113,0.000000,0.000000
4.3800,20792,240,0,0,0.092471,0.002895,0.724554,0.000000,0.152688,1.012353,1.500000,1.500000,0.312933,0.082829,2.000000,2.000000,36.123047,-18.457031,0.000000,0.000000
4.3900,20793,240,0,0,0.089414,0.002772,0.708032,0.000000,0.120322,1.001115,1.500000,1.500000,0.316039,0.085329,2.000000,2.000000,37.375488,-18.522949,0.000000,0.000000
4.4000,20794,240,0,0,0.085252,0.002997,0.684680,0.000000,0.089951,0.990332,1.500000,1.500000,0.319145,0.087829,2.000000,2.000000,38.583984,-18.610840,0.000000,0.000000
4.4100,20795,240,0,0,0.078965,0.003138,0.649485,0.000000,0.060365,0.980527,1.500000,1.500000,0.322250,0.090329,2.000000,2.000000,39.792480,-18.698730,0.000000,0.000000
4.4200,20796,240,0,0,0.075887,0.003772,0.609107,0.000000,0.033857,0.972912,1.500000,1.500000,0.325356,0.092829,2.000000,2.000000,40.935059,-18.786621,0.000000,0.000000
4.4300,20797,240,0,0,0.076287,0.005053,0.582768,0.000000,0.006907,0.962602,1.500000,1.500000,0.328462,0.095329,2.000000,2.000000,42.077637,-18.896484,0.000000,0.000000
4.4400,20798,240,0,0,0.074105,0.006305,0.563276,0.000000,0.000000,0.955258,1.500000,1.500000,0.331568,0.097829,2.000000,2.000000,43.264160,-18.962402,0.000000,0.000000
4.4500,20799,240,0,0,0.071836,0.006557,0.541567,0.000000,0.000000,0.948342,1.500000,1.500000,0.334673,0.100329,2.000000,2.000000,44.428711,-19.050293,0.000000,0.000000
4.4600,20800,240,0,0,0.070343,0.005486,0.522128,0.000000,0.000000,0.941941,1.500000,1.500000,0.337779,0.102829,2.000000,2.000000,45.549316,-19.116211,0.000000,0.000000
4.4700,20801,240,0,0,0.067174,0.004422,0.501783,0.000000,0.000000,0.931290,1.500000,1.500000,0.340885,0.105329,2.000000,2.000000,46.625977,-19.182129,0.000000,0.000000
4.4800,20802,240,0,0,0.061776,0.004703,0.471948,0.000000,0.000000,0.922796,1.500000,1.500000,0.343990,0.107829,2.000000,2.000000,47.680664,-19.248047,0.000000,0.000000
4.4900,20803,240,0,0,0.055444,0.006590,0.430582,0.000000,0.000000,0.915386,1.500000,1.500000,0.347096,0.110329,2.000000,2.000000,48.691406,-19.313965,0.000000,0.000000
4.5000,20804,240,0,0,0.048232,0.008929,0.379045,0.000000,0.000000,0.908814,1.500000,1.500000,0.350202,0.112829,2.000000,2.000000,49.702148,-19.379883,0.000000,0.000000
4.5100,20805,240,0,0,0.041112,0.010680,0.320124,0.000000,0.000000,0.899245,1.500000,1.500000,0.353307,0.115329,2.000000,2.000000,50.646973,-19.445801,0.000000,0.000000
4.5200,20806,240,0,0,0.034645,0.013526,0.258408,0.000000,0.000000,0.892373,1.500000,1.500000,0.356413,0.117829,2.000000,2.000000,51.547852,-19.511719,0.000000,0.000000
4.5300,20807,240,0,0,0.028495,0.017463,0.197146,0.000000,0.000000,0.887502,1.500000,1.500000,0.359519,0.120329,2.000000,2.000000,52.360840,-19.577637,0.000000,0.000000
4.5400,20808,240,0,0,0.024094,0.022099,0.140157,0.001474,0.000000,0.878701,1.500000,1.500000,0.362625,0.122829,2.000000,2.000000,53.085938,-19.643555,0.000000,0.000000
4.5500,20809,240,0,0,0.021563,0.025648,0.092849,0.010025,0.000000,0.870019,1.500000,1.500000,0.365730,0.125329,2.000000,2.000000,53.701172,-19.687500,0.000000,0.000000
4.5600,20810,240,0,0,0.022248,0.028676,0.062781,0.021893,0.000000,0.860055,1.500000,1.500000,0.368836,0.127829,2.000000,2.000000,54.206543,-19.731445,0.000000,0.000000
4.5700,20811,240,0,0,0.025001,0.030887,0.051806,0.033928,0.000000,0.850662,1.500000,1.500000,0.371942,0.130329,2.000000,2.000000,54.624023,-19.753418,0.000000,0.000000
4.5800,20812,240,0,0,0.029615,0.033678,0.060876,0.046905,0.000000,0.838623,1.500000,1.500000,0.375047,0.132829,2.000000,2.000000,54.975586,-19.775391,0.000000,0.000000
4.5900,20813,240,0,0,0.035338,0.034729,0.087009,0.058410,0.000000,0.827538,1.499154,1.500000,0.378153,0.135329,2.000000,2.000000,55.217285,-19.775391,0.000000,0.000000
4.6000,20814,240,0,0,0.039392,0.033832,0.121399,0.065245,0.000000,0.815713,1.483829,1.500000,0.381259,0.137829,2.000000,2.000000,55.305176,-19.753418,0.000000,0.000000
4.6100,20815,240,0,0,0.041789,0.031288,0.154507,0.065087,0.000000,0.802687,1.467055,1.500000,0.384364,0.140328,2.000000,2.000000,55.349121,-19.753418,0.000000,0.000000
4.6200,20816,240,0,0,0.042230,0.028452,0.178223,0.059311,0.000000,0.788942,1.448793,1.500000,0.387470,0.142828,2.000000,2.000000,55.349121,-19.753418,0.000000,0.000000
4.6300,20817,240,0,0,0.041916,0.024853,0.192602,0.048886,0.000000,0.774776,1.430099,1.500000,0.390576,0.145328,2.000000,2.000000,55.305176,-19.775391,0.000000,0.000000
4.6400,20818,240,0,0,0.040935,0.021246,0.198334,0.035025,0.000000,0.755165,1.412164,1.500000,0.393682,0.147828,2.000000,2.000000,55.239258,-19.797363,0.000000,0.000000
4.6500,20819,240,0,0,0.039784,0.016767,0.196924,0.021159,0.000000,0.742234,1.396917,1.500000,0.396787,0.150328,2.000000,2.000000,55.085449,-19.841309,0.000000,0.000000
4.6600,20820,240,0,0,0.039033,0.013004,0.193292,0.012669,0.000000,0.728687,1.384160,1.500000,0.399893,0.152828,2.000000,2.000000,54.821777,-19.907227,0.000000,0.000000
4.6700,20821,240,0,0,0.036596,0.011905,0.184473,0.007585,0.000000,0.717202,1.372342,1.500000,0.402999,0.155328,2.000000,2.000000,54.426270,-19.973145,0.000000,0.000000
4.6800,20822,240,0,0,0.032472,0.010988,0.165978,0.004541,0.000000,0.703899,1.359303,1.500000,0.406104,0.157828,2.000000,2.000000,53.942871,-20.083008,0.000000,0.000000
4.6900,20823,240,0,0,0.027149,0.008437,0.135611,0.002719,0.000000,0.691110,1.350230,1.500000,0.409210,0.160328,2.000000,2.000000,53.437500,-20.192871,0.000000,0.000000
4.7000,20824,240,0,0,0.022254,0.007526,0.097598,0.001628,0.000000,0.677758,1.341227,1.500000,0.412316,0.162828,2.000000,2.000000,52.844238,-20.324707,0.000000,0.000000
4.7100,20825,240,0,0,0.017422,0.006180,0.059609,0.000975,0.000000,0.664501,1.336381,1.500000,0.415421,0.165328,2.000000,2.000000,52.250977,-20.456543,0.000000,0.000000
4.7200,20826,240,0,0,0.016417,0.005484,0.035690,0.000584,0.000000,0.649514,1.331656,1.500000,0.418527,0.167828,2.000000,2.000000,51.679688,-20.588379,0.000000,0.000000
4.7300,20827,240,0,0,0.017363,0.006411,0.021369,0.000349,0.000000,0.636356,1.328158,1.500000,0.421633,0.170328,2.000000,2.000000,51.086426,-20.720215,0.000000,0.000000
4.7400,20828,240,0,0,0.016542,0.008107,0.012794,0.000209,0.000000,0.620373,1.325035,1.500000,0.424739,0.172828,2.000000,2.000000,50.493164,-20.852051,0.000000,0.000000
4.7500,20829,240,0,0,0.014456,0.009661,0.007660,0.000125,0.000000,0.604522,1.321783,1.500000,0.427844,0.175328,2.000000,2.000000,49.965820,-20.983887,0.000000,0.000000
4.7600,20830,240,0,0,0.011953,0.008950,0.004587,0.000075,0.000000,0.588226,1.322517,1.500000,0.430950,0.177828,2.000000,2.000000,49.394531,-21.115723,0.000000,0.000000
4.7700,20831,240,0,0,0.012808,0.007510,0.002746,0.000045,0.000000,0.572376,1.318041,1.500000,0.434056,0.180328,2.000000,2.000000,48.867188,-21.225586,0.000000,0.000000
4.7800,20832,240,0,0,0.015703,0.006450,0.001644,0.000027,0.000000,0.559026,1.315115,1.500000,0.437161,0.182828,2.000000,2.000000,48.383789,-21.335449,0.000000,0.000000
4.7900,20833,240,0,0,0.018195,0.006423,0.000984,0.000016,0.000000,0.546515,1.311678,1.500000,0.440267,0.185328,2.000000,2.000000,47.966309,-21.445312,0.000000,0.000000
4.8000,20834,240,0,0,0.020008,0.005926,0.000594,0.000010,0.000000,0.533856,1.306865,1.500000,0.443373,0.187828,2.000000,2.000000,47.570801,-21.533203,0.000000,0.000000
4.8100,20835,240,0,0,0.021260,0.005569,0.003467,0.000006,0.000000,0.521383,1.301486,1.500000,0.446478,0.190328,2.000000,2.000000,47.153320,-21.643066,0.000000,0.000000
4.8200,20837,240,0,0,0.024208,0.004020,0.017702,0.000002,0.000000,0.499017,1.281636,1.500000,0.452690,0.195328,2.000000,2.000000,46.472168,-21.818848,0.000000,0.000000
4.8300,20838,240,0,0,0.026441,0.003572,0.032430,0.000001,0.000000,0.486438,1.273988,1.500000,0.455796,0.197828,2.000000,2.000000,46.120605,-21.906738,0.000000,0.000000
4.8400,20839,240,0,0,0.028968,0.003149,0.049847,0.000001,0.000000,0.475060,1.264476,1.500000,0.458901,0.200328,2.000000,2.000000,45.769043,-22.016602,0.000000,0.000000
4.8500,20840,240,0,0,0.031411,0.002797,0.069978,0.000000,0.000000,0.462483,1.253690,1.500000,0.462007,0.202828,2.000000,2.000000,45.395508,-22.104492,0.000000,0.000000
4.8600,20841,240,0,0,0.032892,0.002986,0.089902,0.000000,0.000000,0.449155,1.240444,1.500000,0.465113,0.205328,2.000000,2.000000,44.978027,-22.214355,0.000000,0.000000
4.8700,20842,240,0,0,0.032394,0.003067,0.103643,0.000000,0.000000,0.440188,1.228799,1.500000,0.468218,0.207828,2.000000,2.000000,44.472656,-22.324219,0.000000,0.000000
4.8800,20843,240,0,0,0.031426,0.002695,0.107889,0.000000,0.000000,0.432460,1.216393,1.500000,0.471324,0.210328,2.000000,2.000000,43.989258,-22.412109,0.000000,0.000000
4.8900,20844,240,0,0,0.030730,0.002521,0.106947,0.000000,0.000000,0.395637,1.202327,1.500000,0.474430,0.212828,2.000000,2.000000,43.417969,-22.521973,0.000000,0.000000
4.9000,20845,240,0,0,0.029148,0.002842,0.102631,0.000000,0.000000,0.292905,1.186971,1.500000,0.477535,0.215328,3.000000,2.000000,42.758789,-22.631836,0.000000,0.000000
4.9100,20846,240,0,0,0.028567,0.003924,0.095635,0.000000,0.000000,0.192972,1.172133,1.500000,0.480641,0.217827,3.000000,2.000000,42.077637,-22.719727,0.000000,0.000000
4.9200,20847,240,0,0,0.026960,0.003818,0.087376,0.000000,0.000000,0.139742,1.156601,1.500000,0.483747,0.220327,3.000000,2.000000,41.330566,-22.807617,0.000000,0.000000
4.9300,20848,240,0,0,0.023761,0.003688,0.071838,0.000000,0.000000,0.121428,1.139029,1.500000,0.486853,0.222827,3.000000,2.000000,40.605469,-22.917480,0.000000,0.000000
4.9400,20849,240,0,0,0.020344,0.003855,0.049699,0.000000,0.000000,0.128143,1.117187,1.500000,0.489958,0.225327,3.000000,2.000000,40.012207,-23.027344,0.000000,0.000000
4.9500,20850,240,0,0,0.017204,0.003773,0.029785,0.000000,0.000000,0.169691,1.090876,1.500000,0.493064,0.227827,3.000000,2.000000,39.572754,-23.159180,0.000000,0.000000
4.9600,20851,240,0,0,0.012987,0.003745,0.017833,0.000000,0.000000,0.231432,1.062868,1.500000,0.496170,0.230327,3.000000,2.000000,39.375000,-23.291016,0.000000,0.000000
4.9700,20852,240,0,0,0.013006,0.004344,0.010677,0.000000,0.000000,0.297666,1.029075,1.500000,0.499275,0.232827,3.000000,2.000000,39.309082,-23.422852,0.000000,0.000000
4.9800,20853,240,0,0,0.014730,0.005019,0.006393,0.000000,0.073966,0.379149,0.989106,1.500000,0.502381,0.235327,0.000000,2.000000,39.287109,-23.532715,0.000000,0.000000
4.9900,20854,240,0,0,0.014101,0.006354,0.003828,0.000000,0.176476,0.504380,0.952703,1.500000,0.505486,0.237827,0.000000,2.000000,39.287109,-23.642578,0.000000,0.000000
5.0000,20855,240,0,0,0.017937,0.005322,0.002292,0.000000,0.259866,0.651656,0.919613,1.500000,0.508592,0.240327,0.000000,2.000000,39.287109,-23.730469,0.000000,0.000000
5.0100,20856,240,0,0,0.020272,0.004932,0.001732,0.000000,0.321012,0.813064,0.888557,1.500000,0.511697,0.242827,0.000000,2.000000,39.177246,-23.818359,0.000000,0.000000
5.0200,20857,240,0,0,0.021503,0.004139,0.002509,0.000000,0.375715,0.975758,0.854099,1.500000,0.514802,0.245327,0.000000,2.000000,38.693848,-23.862305,0.000000,0.000000
5.0300,20858,240,0,0,0.037861,0.003751,0.041341,0.000000,0.438476,1.123686,0.816022,1.500000,0.517908,0.247827,0.000000,2.000000,37.880859,-23.906250,0.000000,0.000000
5.0400,20859,240,0,0,0.053506,0.003591,0.131798,0.000000,0.512089,1.257582,0.781287,1.500000,0.001000,0.250327,1.000000,2.000000,37.023926,-23.928223,0.000000,0.000000
5.0500,20860,240,0,0,0.071520,0.003474,0.246110,0.000000,0.606655,1.374402,0.746331,1.500000,0.003500,0.252827,1.000000,2.000000,36.166992,-23.928223,0.000000,0.000000
5.0600,20861,240,0,0,0.099218,0.006015,0.410938,0.000000,0.704977,1.483727,0.712767,1.500000,0.006000,0.255327,1.000000,2.000000,35.332031,-23.972168,0.000000,0.000000
5.0700,20862,240,0,0,0.119942,0.009049,0.605488,0.000000,0.807048,1.500000,0.679348,1.500000,0.008500,0.257827,1.000000,2.000000,34.541016,-23.994141,0.000000,0.000000
5.0800,20863,240,0,0,0.130012,0.012401,0.776099,0.000000,0.902244,1.500000,0.643966,1.500000,0.011000,0.260328,1.000000,2.000000,33.881836,-23.950195,0.000000,0.000000
5.0900,20864,240,0,0,0.132168,0.015097,0.899848,0.000000,0.988385,1.500000,0.607729,1.500000,0.013500,0.262828,1.000000,2.000000,33.310547,-23.796387,0.000000,0.000000
5.1000,20865,240,0,0,0.127445,0.014873,0.965050,0.000000,1.059592,1.500000,0.569647,1.500000,0.016000,0.265328,1.000000,2.000000,32.783203,-23.620605,0.000000,0.000000
5.1100,20866,240,0,0,0.119305,0.012877,0.976671,0.000000,1.115608,1.500000,0.532038,1.500000,0.018500,0.267828,1.000000,2.000000,32.343750,-23.269043,0.000000,0.000000
5.1200,20867,240,0,0,0.111826,0.010172,0.952694,0.000000,1.159412,1.500000,0.499462,1.500000,0.021000,0.270328,1.000000,2.000000,31.816406,-22.851562,0.000000,0.000000
5.1300,20868,240,0,0,0.103318,0.010712,0.908630,0.000000,1.188595,1.500000,0.465791,1.500000,0.023500,0.272828,1.000000,2.000000,31.201172,-22.346191,0.000000,0.000000
5.1400,20869,240,0,0,0.094978,0.016025,0.847683,0.000000,1.217113,1.500000,0.435273,1.500000,0.026000,0.275328,1.000000,2.000000,30.563965,-21.818848,0.000000,0.000000
5.1500,20870,240,0,0,0.086567,0.020615,0.779389,0.000199,1.241198,1.500000,0.405787,1.500000,0.028500,0.277828,1.000000,2.000000,29.838867,-21.247559,0.000000,0.000000
5.1600,20871,240,0,0,0.080148,0.025131,0.708832,0.007101,1.266250,1.500000,0.376470,1.500000,0.031000,0.280328,1.000000,2.000000,29.069824,-20.610352,0.000000,0.000000
5.1700,20872,240,0,0,0.077242,0.029208,0.651336,0.020356,1.289961,1.500000,0.345801,1.500000,0.033500,0.282829,1.000000,2.000000,28.278809,-19.973145,0.000000,0.000000
5.1800,20873,240,0,0,0.073034,0.029564,0.602446,0.032555,1.312102,1.500000,0.310619,1.500000,0.036000,0.285329,1.000000,2.000000,27.509766,-19.335938,0.000000,0.000000
5.1900,20874,240,0,0,0.070473,0.028671,0.560294,0.038734,1.337831,1.500000,0.273106,1.500000,0.038500,0.287829,1.000000,2.000000,26.740723,-18.654785,0.000000,0.000000
5.2000,20875,240,0,0,0.067227,0.027743,0.524701,0.039981,1.359231,1.500000,0.238006,1.500000,0.041000,0.290329,1.000000,2.000000,25.949707,-17.951660,0.000000,0.000000
5.2100,20876,240,0,0,0.062473,0.027777,0.486420,0.040063,1.372777,1.500000,0.205842,1.492352,0.043500,0.292829,1.000000,2.000000,25.158691,-17.270508,0.000000,0.000000
5.2200,20877,240,0,0,0.058031,0.027489,0.445948,0.039897,1.383831,1.500000,0.173580,1.466606,0.046000,0.295329,1.000000,2.000000,24.367676,-16.611328,0.000000,0.000000
5.2300,20878,240,0,0,0.052663,0.026629,0.402959,0.038949,1.386548,1.500000,0.140156,1.446333,0.048500,0.297829,1.000000,2.000000,23.510742,-15.930176,0.000000,0.000000
5.2400,20879,240,0,0,0.048680,0.025571,0.357707,0.035170,1.387190,1.500000,0.108203,1.427055,0.051000,0.300329,1.000000,2.000000,22.653809,-15.292969,0.000000,0.000000
5.2500,20880,240,0,0,0.045623,0.027012,0.318696,0.034376,1.384476,1.500000,0.077102,1.403586,0.053500,0.302830,1.000000,2.000000,21.774902,-14.677734,0.000000,0.000000
5.2600,20881,240,0,0,0.041529,0.027031,0.281082,0.035640,1.371567,1.500000,0.046265,1.362049,0.056000,0.305330,1.000000,2.000000,20.852051,-14.084473,0.000000,0.000000
5.2700,20882,240,0,0,0.037344,0.025659,0.242375,0.034477,1.357681,1.500000,0.014351,1.322257,0.058500,0.307830,1.000000,2.000000,19.929199,-13.447266,0.000000,0.000000
5.2800,20883,240,0,0,0.033749,0.024891,0.204012,0.031601,1.340899,1.500000,0.000000,1.293650,0.061000,0.310330,1.000000,2.000000,19.006348,-12.832031,0.000000,0.000000
5.2900,20884,240,0,0,0.029536,0.022786,0.165918,0.026665,1.323455,1.500000,0.000000,1.272244,0.063500,0.312830,1.000000,2.000000,18.083496,-12.150879,0.000000,0.000000
5.3000,20885,240,0,0,0.025006,0.020565,0.125566,0.018942,1.308231,1.500000,0.000000,1.251309,0.066000,0.315330,1.000000,2.000000,17.182617,-11.469727,0.000000,0.000000
5.3100,20887,240,0,0,0.017008,0.015947,0.050902,0.006835,1.287137,1.500000,0.000000,1.186823,0.071000,0.320330,1.000000,2.000000,15.402832,-9.975586,0.000000,0.000000
5.3200,20888,240,0,0,0.014182,0.014063,0.030477,0.004092,1.277119,1.500000,0.000000,1.156468,0.073500,0.322830,1.000000,2.000000,14.545898,-9.206543,0.000000,0.000000
5.3300,20889,240,0,0,0.014219,0.012085,0.018248,0.002450,1.268895,1.500000,0.000000,1.130466,0.076000,0.325331,1.000000,2.000000,13.732910,-8.437500,0.000000,0.000000
5.3400,20890,240,0,0,0.013860,0.010355,0.010926,0.001467,1.258402,1.500000,0.000000,1.105910,0.078500,0.327831,1.000000,2.000000,12.963867,-7.646484,0.000000,0.000000
5.3500,20891,240,0,0,0.012570,0.009071,0.006542,0.000878,1.242826,1.500000,0.000000,1.091186,0.081000,0.330331,1.000000,2.000000,12.194824,-6.877441,0.000000,0.000000
5.3600,20892,240,0,0,0.010160,0.007079,0.003917,0.000526,1.239231,1.500000,0.000000,1.067265,0.083500,0.332831,1.000000,2.000000,11.513672,-6.108398,0.000000,0.000000
5.3700,20893,240,0,0,0.008307,0.007146,0.002345,0.000315,1.231300,1.500000,0.000000,1.045776,0.086000,0.335331,1.000000,2.000000,10.854492,-5.383301,0.000000,0.000000
5.3800,20894,240,0,0,0.009948,0.007297,0.001404,0.000189,1.230153,1.500000,0.000000,1.045666,0.088500,0.337831,1.000000,2.000000,10.217285,-4.636230,0.000000,0.000000
5.3900,20895,240,0,0,0.012830,0.013573,0.000841,0.000113,1.230670,1.500000,0.000000,1.050312,0.091000,0.340331,1.000000,2.000000,9.624023,-3.889160,0.000000,0.000000
5.4000,20896,240,0,0,0.012896,0.018726,0.000503,0.000068,1.227541,1.500000,0.000000,1.052439,0.093500,0.342831,1.000000,2.000000,9.030762,-3.098145,0.000000,0.000000
5.4100,20897,240,0,0,0.012574,0.021348,0.000301,0.001061,1.225607,1.500000,0.000000,1.056091,0.096000,0.345332,1.000000,2.000000,8.437500,-2.241211,0.000000,0.000000
5.4200,20898,240,0,0,0.012656,0.022595,0.000180,0.005079,1.225208,1.500000,0.000000,1.053958,0.098500,0.347832,1.000000,2.000000,7.866211,-1.318359,0.000000,0.000000
5.4300,20899,240,0,0,0.011856,0.022806,0.000108,0.008839,1.223748,1.500000,0.000000,1.050655,0.101000,0.350332,1.000000,2.000000,7.338867,-0.351562,0.000000,0.000000
5.4400,20900,240,0,0,0.011166,0.021596,0.000065,0.009906,1.220953,1.500000,0.000000,1.045904,0.103500,0.352832,1.000000,2.000000,6.833496,0.637207,0.000000,0.000000
5.4500,20901,240,0,0,0.011585,0.020522,0.000039,0.008468,1.205605,1.500000,0.000000,1.040967,0.106000,0.355332,1.000000,2.000000,6.394043,1.691895,0.000000,0.000000
5.4600,20902,240,0,0,0.012454,0.018430,0.000023,0.005126,1.192427,1.500000,0.000000,1.037771,0.108499,0.357832,1.000000,2.000000,5.998535,2.746582,0.000000,0.000000
5.4700,20903,240,0,0,0.012979,0.015918,0.000014,0.003069,1.177323,1.500000,0.000000,1.029747,0.110999,0.360332,1.000000,2.000000,5.625000,3.801270,0.000000,0.000000
5.4800,20904,240,0,0,0.013317,0.012309,0.000008,0.001838,1.164569,1.500000,0.000000,1.020238,0.113499,0.362832,1.000000,2.000000,5.229492,4.833984,0.000000,0.000000
5.4900,20905,240,0,0,0.015688,0.009753,0.000005,0.001100,1.150890,1.500000,0.000000,1.010537,0.115999,0.365332,1.000000,2.000000,4.877930,5.844727,0.000000,0.000000
5.5000,20906,240,0,0,0.016404,0.007771,0.000003,0.000659,1.136365,1.500000,0.000000,1.001663,0.118499,0.367833,1.000000,2.000000,4.570312,6.833496,0.000000,0.000000
5.5100,20907,240,0,0,0.015038,0.006499,0.000002,0.000394,1.122893,1.500000,0.000000,0.989529,0.120999,0.370333,1.000000,2.000000,4.328613,7.756348,0.000000,0.000000
5.5200,20908,240,0,0,0.012743,0.005131,0.000001,0.000236,1.110871,1.500000,0.000000,0.980299,0.123499,0.372833,1.000000,2.000000,4.108887,8.635254,0.000000,0.000000
5.5300,20909,240,0,0,0.010415,0.004059,0.000001,0.000141,1.099549,1.500000,0.000000,0.970249,0.125999,0.375333,1.000000,2.000000,3.933105,9.470215,0.000000,0.000000
5.5400,20910,240,0,0,0.009138,0.003903,0.000000,0.000085,1.091505,1.500000,0.000000,0.962422,0.128499,0.377833,1.000000,2.000000,3.823242,10.261230,0.000000,0.000000
5.5500,20911,240,0,0,0.007628,0.003709,0.000000,0.000051,1.083265,1.500000,0.000000,0.954822,0.130999,0.380333,1.000000,2.000000,3.691406,11.052246,0.000000,0.000000
5.5600,20912,240,0,0,0.006460,0.003876,0.000000,0.000030,1.078543,1.500000,0.000000,0.949143,0.133499,0.382833,1.000000,2.000000,3.471680,11.821289,0.000000,0.000000
5.5700,20913,240,0,0,0.006489,0.004226,0.000000,0.000018,1.072158,1.500000,0.000000,0.943982,0.135999,0.385333,1.000000,2.000000,3.186035,12.612305,0.000000,0.000000
5.5800,20914,240,0,0,0.006186,0.004893,0.000000,0.000011,1.067326,1.500000,0.000000,0.939783,0.138499,0.387834,1.000000,2.000000,2.878418,13.359375,0.000000,0.000000
5.5900,20915,240,0,0,0.006680,0.006023,0.000000,0.000007,1.065459,1.500000,0.000000,0.937412,0.140999,0.390334,1.000000,2.000000,2.526855,14.106445,0.000000,0.000000
5.6000,20916,240,0,0,0.006911,0.007135,0.000000,0.000004,1.058860,1.500000,0.000000,0.933835,0.143499,0.392834,1.000000,2.000000,2.131348,14.853516,0.000000,0.000000
5.6100,20917,240,0,0,0.006199,0.009120,0.000000,0.000002,1.054802,1.500000,0.000000,0.929647,0.145999,0.395334,1.000000,2.000000,1.691895,15.556641,0.000000,0.000000
5.6200,20918,240,0,0,0.006740,0.010313,0.000000,0.000001,1.047789,1.500000,0.000000,0.927062,0.148499,0.397834,1.000000,2.000000,1.230469,16.259766,0.000000,0.000000
5.6300,20919,240,0,0,0.007602,0.011970,0.000000,0.000001,1.044946,1.500000,0.000000,0.927978,0.150999,0.400334,1.000000,2.000000,0.769043,16.962891,0.000000,0.000000
5.6400,20920,240,0,0,0.007304,0.012515,0.000000,0.000001,1.033134,1.500000,0.000000,0.927790,0.153499,0.402834,1.000000,2.000000,0.307617,17.622070,0.000000,0.000000
5.6500,20921,240,0,0,0.007093,0.012019,0.000000,0.000000,1.017457,1.500000,0.000000,0.927492,0.155999,0.405334,1.000000,2.000000,-0.131836,18.215332,0.000000,0.000000
5.6600,20922,240,0,0,0.007339,0.011911,0.000000,0.000000,1.005046,1.500000,0.000000,0.928329,0.158499,0.407834,1.000000,2.000000,-0.571289,18.742676,0.000000,0.000000
5.6700,20923,240,0,0,0.007316,0.011809,0.000000,0.000000,0.988806,1.500000,0.000000,0.928652,0.160999,0.410335,1.000000,2.000000,-0.944824,19.182129,0.000000,0.000000
5.6800,20924,240,0,0,0.007273,0.011243,0.000000,0.000000,0.968630,1.500000,0.000000,0.928939,0.163499,0.412835,1.000000,2.000000,-1.296387,19.533691,0.000000,0.000000
5.6900,20925,240,0,0,0.006815,0.010330,0.000000,0.000000,0.945288,1.500000,0.000000,0.930170,0.165999,0.415335,1.000000,2.000000,-1.582031,19.797363,0.000000,0.000000
5.7000,20926,240,0,0,0.005777,0.009754,0.000000,0.000000,0.924600,1.500000,0.000000,0.930994,0.168499,0.417835,1.000000,2.000000,-1.845703,19.995117,0.000000,0.000000
5.7100,20927,240,0,0,0.004963,0.008176,0.000000,0.000000,0.902830,1.500000,0.000000,0.932516,0.170999,0.420335,1.000000,2.000000,-2.109375,19.995117,0.000000,0.000000
5.7200,20928,240,0,0,0.005258,0.006570,0.000000,0.000000,0.878443,1.500000,0.000000,0.931881,0.173499,0.422835,1.000000,2.000000,-2.351074,19.929199,0.000000,0.000000
5.7300,20929,240,0,0,0.005923,0.005044,0.000000,0.000000,0.856267,1.500000,0.000000,0.928463,0.175999,0.425335,1.000000,2.000000,-2.636719,19.841309,0.000000,0.000000
5.7400,20930,240,0,0,0.006679,0.004380,0.000000,0.000000,0.829793,1.500000,0.000000,0.924070,0.178499,0.427835,1.000000,2.000000,-2.988281,19.753418,0.000000,0.000000
5.7500,20931,240,0,0,0.008136,0.004321,0.000000,0.000000,0.805290,1.500000,0.000000,0.922017,0.180999,0.430335,1.000000,2.000000,-3.339844,19.643555,0.000000,0.000000
5.7600,20932,240,0,0,0.015686,0.004740,0.000000,0.000000,0.783237,1.500000,0.000000,0.920022,0.183499,0.432836,1.000000,2.000000,-3.713379,19.533691,0.000000,0.000000
5.7700,20933,240,0,0,0.019229,0.008832,0.000000,0.000000,0.758357,1.500000,0.000000,0.917181,0.185998,0.435336,1.000000,2.000000,-4.086914,19.467773,0.000000,0.000000
5.7800,20934,240,0,0,0.019450,0.011866,0.000000,0.000000,0.733852,1.500000,0.000000,0.915492,0.188498,0.437836,1.000000,2.000000,-4.416504,19.401855,0.000000,0.000000
5.7900,20935,240,0,0,0.019094,0.014515,0.000000,0.000000,0.708965,1.500000,0.000000,0.897109,0.190998,0.440336,1.000000,2.000000,-4.768066,19.204102,0.000000,0.000000
5.8000,20937,240,0,0,0.022082,0.018959,0.001637,0.000000,0.675052,1.500000,0.000000,0.821864,0.195998,0.445336,1.000000,2.000000,-5.339355,18.830566,0.000000,0.000000
5.8100,20938,240,0,0,0.032027,0.019849,0.033014,0.000000,0.663378,1.500000,0.000000,0.823733,0.198498,0.447836,1.000000,2.000000,-5.581055,18.610840,0.000000,0.000000
5.8200,20939,240,0,0,0.036403,0.018542,0.078431,0.000000,0.648809,1.500000,0.000000,0.841074,0.200998,0.450336,1.000000,2.000000,-5.734863,18.479004,0.000000,0.000000
5.8300,20940,240,0,0,0.037050,0.015875,0.112404,0.000000,0.634485,1.500000,0.000000,0.862373,0.203498,0.452837,1.000000,2.000000,-5.932617,18.479004,0.000000,0.000000
5.8400,20941,240,0,0,0.037404,0.013591,0.134655,0.000000,0.619641,1.500000,0.000000,0.871264,0.205998,0.455337,1.000000,2.000000,-6.086426,18.413086,0.000000,0.000000
5.8500,20942,240,0,0,0.036988,0.013891,0.148024,0.000000,0.600749,1.500000,0.000000,0.868756,0.208498,0.457837,1.000000,2.000000,-6.174316,18.347168,0.000000,0.000000
5.8600,20943,240,0,0,0.038054,0.013189,0.156463,0.000000,0.578467,1.500000,0.000000,0.920944,0.210998,0.460337,1.000000,2.000000,-6.240234,18.259277,0.000000,0.000000
5.8700,20944,240,0,0,0.038834,0.011543,0.166374,0.000000,0.551811,1.500000,0.000000,1.014371,0.213498,0.462837,1.000000,2.000000,-6.306152,18.171387,0.000000,0.000000
5.8800,20945,240,0,0,0.038008,0.009929,0.171722,0.000000,0.517126,1.500000,0.000000,1.151642,0.215998,0.465337,1.000000,2.000000,-6.372070,18.127441,0.000000,0.000000
5.8900,20946,240,0,0,0.034829,0.015214,0.165319,0.000000,0.472730,1.500000,0.000000,1.314029,0.218498,0.467837,1.000000,2.000000,-6.394043,18.083496,0.000000,0.000000
5.9000,20947,240,0,0,0.033474,0.025772,0.153322,0.005086,0.400424,1.500000,0.011388,1.486872,0.220998,0.470337,1.000000,2.000000,-6.416016,18.039551,0.000000,0.000000
5.9100,20948,240,0,0,0.031053,0.031651,0.139081,0.023380,0.307384,1.500000,0.032767,1.500000,0.223498,0.472837,2.000000,2.000000,-6.437988,17.907715,0.000000,0.000000
5.9200,20949,240,0,0,0.030331,0.034040,0.123079,0.041707,0.193977,1.500000,0.052716,1.500000,0.225998,0.475338,2.000000,2.000000,-6.459961,17.622070,0.000000,0.000000
5.9300,20950,240,0,0,0.034389,0.036553,0.122960,0.057814,0.045689,1.500000,0.070859,1.500000,0.228498,0.477838,2.000000,2.000000,-6.503906,17.226562,0.000000,0.000000
5.9400,20951,240,0,0,0.037598,0.036351,0.137581,0.069575,0.000000,1.500000,0.087645,1.500000,0.230998,0.480338,2.000000,2.000000,-6.547852,16.721191,0.000000,0.000000
5.9500,20952,240,0,0,0.038984,0.035535,0.154810,0.075016,0.000000,1.500000,0.110188,1.500000,0.233498,0.482838,2.000000,2.000000,-6.503906,16.215820,0.000000,0.000000
5.9600,20953,240,0,0,0.037680,0.033759,0.163854,0.075428,0.000000,1.500000,0.134196,1.500000,0.235998,0.485338,2.000000,2.000000,-6.394043,15.754395,0.000000,0.000000
5.9700,20954,240,0,0,0.037943,0.029546,0.165589,0.069147,0.000000,1.500000,0.156165,1.500000,0.238498,0.487838,2.000000,2.000000,-6.174316,15.249023,0.000000,0.000000
5.9800,20955,240,0,0,0.038267,0.028066,0.171093,0.058643,0.000000,1.500000,0.173596,1.500000,0.240998,0.490338,2.000000,2.000000,-5.910645,14.765625,0.000000,0.000000
5.9900,20956,240,0,0,0.037487,0.030168,0.170601,0.054559,0.000000,1.500000,0.186391,1.500000,0.243498,0.492838,2.000000,2.000000,-5.581055,14.216309,0.000000,0.000000
6.0000,20957,240,0,0,0.037932,0.032232,0.171537,0.056523,0.000000,1.500000,0.195507,1.500000,0.245998,0.495339,2.000000,2.000000,-5.163574,13.601074,0.000000,0.000000
6.0100,20958,240,0,0,0.035747,0.032718,0.168012,0.060362,0.000000,1.500000,0.201537,1.500000,0.248498,0.497839,2.000000,2.000000,-4.636230,12.963867,0.000000,0.000000
6.0200,20959,240,0,0,0.033256,0.032236,0.155390,0.062284,0.000000,1.500000,0.208959,1.500000,0.250998,0.500339,2.000000,2.000000,-3.999023,12.238770,0.000000,0.000000
6.0300,20960,240,0,0,0.030712,0.031068,0.138894,0.061959,0.000000,1.500000,0.217196,1.500000,0.253498,0.502839,2.000000,2.000000,-3.229980,11.469727,0.000000,0.000000
6.0400,20961,240,0,0,0.029299,0.030007,0.120863,0.058905,0.000000,1.500000,0.227598,1.500000,0.255998,0.505338,2.000000,2.000000,-2.329102,10.722656,0.000000,0.000000
6.0500,20962,240,0,0,0.029617,0.028675,0.108971,0.054464,0.000000,1.500000,0.238540,1.500000,0.258498,0.507838,2.000000,2.000000,-1.340332,9.953613,0.000000,0.000000
6.0600,20963,240,0,0,0.029728,0.027123,0.103579,0.049164,0.000000,1.500000,0.250156,1.500000,0.260998,0.510338,2.000000,2.000000,-0.285645,9.206543,0.000000,0.000000
6.0700,20964,240,0,0,0.027404,0.024611,0.094915,0.041319,0.000000,1.401945,0.259837,1.500000,0.263498,0.512838,2.000000,2.000000,0.791016,8.503418,0.000000,0.000000
6.0800,20965,240,0,0,0.030988,0.023250,0.090542,0.032800,0.000000,1.252741,0.268655,1.500000,0.265998,0.515338,2.000000,2.000000,1.955566,7.844238,0.000000,0.000000
6.0900,20966,240,0,0,0.040068,0.021337,0.117469,0.024390,0.000000,1.128649,0.276583,1.500000,0.268499,0.517837,2.000000,2.000000,3.142090,7.163086,0.000000,0.000000
6.1000,20967,240,0,0,0.046905,0.019592,0.165264,0.015172,0.000000,1.022562,0.284947,1.500000,0.270999,0.520337,2.000000,2.000000,4.372559,6.481934,0.000000,0.000000
6.1100,20968,240,0,0,0.050368,0.021877,0.212714,0.011365,0.000000,0.929003,0.291950,1.500000,0.273499,0.522837,2.000000,2.000000,5.603027,5.756836,0.000000,0.000000
6.1200,20969,240,0,0,0.049583,0.022704,0.244757,0.012268,0.000000,0.840705,0.297772,1.500000,0.275999,0.525337,2.000000,2.000000,6.877441,5.009766,0.000000,0.000000
6.1300,20970,240,0,0,0.045653,0.023302,0.252764,0.013270,0.000000,0.762460,0.302467,1.500000,0.278499,0.527837,2.000000,2.000000,8.129883,4.240723,0.000000,0.000000
6.1400,20971,240,0,0,0.042109,0.022927,0.241677,0.014651,0.000000,0.693913,0.306768,1.500000,0.280999,0.530337,2.000000,2.000000,9.338379,3.427734,0.000000,0.000000
6.1500,20972,240,0,0,0.041989,0.021961,0.230073,0.013368,0.000000,0.630180,0.310604,1.500000,0.283499,0.532836,2.000000,2.000000,10.524902,2.614746,0.000000,0.000000
6.1600,20973,240,0,0,0.041757,0.020946,0.223019,0.010872,0.000000,0.573170,0.314443,1.500000,0.285999,0.535336,2.000000,2.000000,11.667480,1.735840,0.000000,0.000000
6.1700,20974,240,0,0,0.041016,0.018905,0.216694,0.006933,0.000000,0.519652,0.319279,1.500000,0.288499,0.537836,2.000000,2.000000,12.788086,0.856934,0.000000,0.000000
6.1800,20975,240,0,0,0.037649,0.017092,0.204555,0.004151,0.000000,0.474146,0.322556,1.500000,0.291000,0.540336,2.000000,2.000000,13.886719,0.000000,0.000000,0.000000
6.1900,20976,240,0,0,0.035889,0.017753,0.182939,0.002485,0.000000,0.434137,0.326479,1.500000,0.293500,0.542836,2.000000,2.000000,14.963379,-0.878906,0.000000,0.000000
6.2000,20977,240,0,0,0.043788,0.017555,0.188646,0.001488,0.000000,0.396360,0.330138,1.500000,0.296000,0.545335,2.000000,2.000000,16.040039,-1.779785,0.000000,0.000000
6.2100,20978,240,0,0,0.050357,0.016065,0.221846,0.000891,0.000000,0.361822,0.334279,1.500000,0.298500,0.547835,2.000000,2.000000,17.116699,-2.658691,0.000000,0.000000
6.2200,20979,240,0,0,0.052782,0.015546,0.257524,0.000533,0.000000,0.328433,0.339346,1.500000,0.301000,0.550335,3.000000,2.000000,18.237305,-3.581543,0.000000,0.000000
6.2300,20980,240,0,0,0.050068,0.012332,0.277065,0.000319,0.000000,0.297682,0.344317,1.500000,0.303500,0.552835,3.000000,2.000000,19.379883,-4.504395,0.000000,0.000000
6.2400,20981,240,0,0,0.046452,0.009422,0.273055,0.000191,0.000000,0.272381,0.349594,1.500000,0.306000,0.555335,3.000000,2.000000,20.522461,-5.427246,0.000000,0.000000
6.2500,20982,240,0,0,0.050830,0.007611,0.273361,0.000115,0.000000,0.242297,0.356451,1.500000,0.308500,0.557835,3.000000,2.000000,21.687012,-6.350098,0.000000,0.000000
6.2600,20983,240,0,0,0.057724,0.007584,0.299883,0.000069,0.000000,0.212778,0.361274,1.500000,0.311001,0.560334,3.000000,2.000000,22.895508,-7.250977,0.000000,0.000000
6.2700,20984,240,0,0,0.062460,0.006057,0.337599,0.000041,0.000000,0.188496,0.368532,1.500000,0.313501,0.562834,3.000000,2.000000,24.104004,-8.173828,0.000000,0.000000
6.2800,20985,240,0,0,0.065601,0.005369,0.374918,0.000025,0.000000,0.165567,0.377556,1.500000,0.316001,0.565334,3.000000,2.000000,25.378418,-9.096680,0.000000,0.000000
6.2900,20987,240,0,0,0.063894,0.005679,0.416962,0.000009,0.000000,0.124242,0.401300,1.500000,0.321001,0.570334,3.000000,2.000000,27.905273,-10.832520,0.000000,0.000000
6.3000,20988,240,0,0,0.059684,0.006412,0.410798,0.000005,0.000000,0.108395,0.415836,1.500000,0.323501,0.572833,3.000000,2.000000,29.157715,-11.667480,0.000000,0.000000
6.3100,20989,240,0,0,0.054523,0.007290,0.387565,0.000003,0.000000,0.090489,0.433993,1.500000,0.326001,0.575333,3.000000,2.000000,30.432129,-12.502441,0.000000,0.000000
6.3200,20990,240,0,0,0.054274,0.005887,0.363476,0.000002,0.000000,0.075418,0.454597,1.500000,0.328501,0.577833,3.000000,2.000000,31.662598,-13.315430,0.000000,0.000000
6.3300,20991,240,0,0,0.056279,0.006254,0.355884,0.000001,0.000000,0.060671,0.473805,1.500000,0.331001,0.580333,3.000000,2.000000,32.893066,-14.062500,0.000000,0.000000
6.3400,20992,240,0,0,0.055746,0.009518,0.353334,0.000001,0.000000,0.047319,0.495791,1.500000,0.333502,0.582833,3.000000,2.000000,34.123535,-14.765625,0.000000,0.000000
6.3500,20993,240,0,0,0.053877,0.011823,0.346608,0.000000,0.000000,0.033308,0.516738,1.500000,0.336002,0.585333,3.000000,2.000000,35.375977,-15.424805,0.000000,0.000000
6.3600,20994,240,0,0,0.050357,0.012226,0.331641,0.000000,0.000000,0.018456,0.538635,1.500000,0.338502,0.587832,3.000000,2.000000,36.606445,-16.040039,0.000000,0.000000
6.3700,20995,240,0,0,0.046112,0.012488,0.306959,0.000000,0.000000,0.004787,0.558659,1.500000,0.341002,0.590332,3.000000,2.000000,37.814941,-16.655273,0.000000,0.000000
6.3800,20996,240,0,0,0.042794,0.012810,0.276565,0.000000,0.000000,0.000000,0.578655,1.500000,0.343502,0.592832,3.000000,2.000000,39.001465,-17.248535,0.000000,0.000000
6.3900,20997,240,0,0,0.041099,0.013460,0.250173,0.000000,0.000000,0.000000,0.597112,1.500000,0.346002,0.595332,3.000000,2.000000,40.166016,-17.819824,0.000000,0.000000
6.4000,20998,240,0,0,0.038087,0.012987,0.225709,0.000000,0.000000,0.000000,0.614123,1.500000,0.348502,0.597832,3.000000,2.000000,41.308594,-18.369141,0.000000,0.000000
6.4100,20999,240,0,0,0.032690,0.013715,0.194140,0.000000,0.000000,0.000000,0.630580,1.500000,0.351002,0.600331,3.000000,2.000000,42.451172,-18.874512,0.000000,0.000000
6.4200,21000,240,0,0,0.025650,0.017022,0.149679,0.000000,0.000000,0.000000,0.645921,1.500000,0.353503,0.602831,3.000000,2.000000,43.549805,-19.357910,0.000000,0.000000
6.4300,21001,240,0,0,0.019527,0.020826,0.096850,0.000406,0.000000,0.000000,0.660694,1.500000,0.356003,0.605331,3.000000,2.000000,44.560547,-19.797363,0.000000,0.000000
6.4400,21002,240,0,0,0.018223,0.022700,0.057988,0.004510,0.000000,0.000000,0.674015,1.500000,0.358503,0.607831,3.000000,2.000000,45.571289,-20.214844,0.000000,0.000000
6.4500,21003,240,0,0,0.017381,0.025272,0.034719,0.011388,0.000000,0.000000,0.685293,1.500000,0.361003,0.610331,3.000000,2.000000,46.494141,-20.610352,0.000000,0.000000
6.4600,21004,240,0,0,0.016687,0.026812,0.020788,0.020222,0.000000,0.000000,0.695497,1.500000,0.363503,0.612831,3.000000,2.000000,47.351074,-20.983887,0.000000,0.000000
6.4700,21005,240,0,0,0.013848,0.027115,0.012446,0.026581,0.000000,0.000000,0.703637,1.500000,0.366003,0.615330,3.000000,2.000000,48.120117,-21.247559,0.000000,0.000000
6.4800,21006,240,0,0,0.014088,0.031432,0.007452,0.035997,0.000000,0.000000,0.711401,1.500000,0.368503,0.617830,3.000000,2.000000,48.779297,-21.423340,0.000000,0.000000
6.4900,21007,240,0,0,0.018956,0.036334,0.004462,0.052014,0.000000,0.000000,0.718050,1.500000,0.371003,0.620330,3.000000,2.000000,49.350586,-21.577148,0.000000,0.000000
6.5000,21008,240,0,0,0.029780,0.039615,0.022052,0.069836,0.000000,0.000000,0.723639,1.500000,0.373503,0.622830,3.000000,2.000000,49.833984,-21.708984,0.000000,0.000000
6.5100,21009,240,0,0,0.045420,0.041165,0.085811,0.085188,0.000000,0.000000,0.728620,1.500000,0.376004,0.625330,3.000000,2.000000,50.229492,-21.730957,0.000000,0.000000
6.5200,21010,240,0,0,0.061152,0.040108,0.187417,0.094476,0.000000,0.000000,0.731818,1.500000,0.378504,0.627829,3.000000,2.000000,50.559082,-21.708984,0.000000,0.000000
6.5300,21011,240,0,0,0.075468,0.037279,0.305753,0.095837,0.000000,0.000000,0.733518,1.500000,0.381004,0.630329,3.000000,2.000000,50.734863,-21.687012,0.000000,0.000000
6.5400,21012,240,0,0,0.086194,0.033187,0.424737,0.088557,0.000000,0.000000,0.730804,1.500000,0.383504,0.632829,3.000000,2.000000,50.800781,-21.665039,0.000000,0.000000
6.5500,21013,240,0,0,0.092382,0.029937,0.527149,0.076422,0.000000,0.000000,0.727750,1.500000,0.386004,0.635329,3.000000,2.000000,50.866699,-21.643066,0.000000,0.000000
6.5600,21014,240,0,0,0.094788,0.026104,0.603602,0.062107,0.000000,0.000000,0.724122,1.500000,0.388504,0.637829,3.000000,2.000000,50.888672,-21.643066,0.000000,0.000000
6.5700,21015,240,0,0,0.094534,0.021268,0.652362,0.043821,0.000000,0.000000,0.718625,1.500000,0.391004,0.640329,3.000000,2.000000,50.910645,-21.665039,0.000000,0.000000
6.5800,21016,240,0,0,0.090998,0.017643,0.672492,0.026522,0.000000,0.000000,0.710623,1.500000,0.393504,0.642828,3.000000,2.000000,50.866699,-21.730957,0.000000,0.000000
6.5900,21017,240,0,0,0.085968,0.013294,0.667094,0.015880,0.000000,0.000000,0.703608,1.500000,0.396004,0.645328,3.000000,2.000000,50.756836,-21.862793,0.000000,0.000000
6.6000,21018,240,0,0,0.081089,0.010089,0.643991,0.009508,0.000000,0.000000,0.696108,1.500000,0.398505,0.647828,3.000000,2.000000,50.559082,-22.060547,0.000000,0.000000
6.6100,21019,240,0,0,0.075576,0.008469,0.610036,0.005693,0.000000,0.000000,0.688447,1.500000,0.401005,0.650328,3.000000,2.000000,50.317383,-22.302246,0.000000,0.000000
6.6200,21020,240,0,0,0.071753,0.006922,0.571469,0.003408,0.000000,0.000000,0.677273,1.500000,0.403505,0.652828,3.000000,2.000000,50.075684,-22.609863,0.000000,0.000000
6.6300,21021,240,0,0,0.068087,0.006248,0.535374,0.002041,0.000000,0.000000,0.665146,1.500000,0.406005,0.655327,3.000000,2.000000,49.790039,-22.939453,0.000000,0.000000
6.6400,21022,240,0,0,0.062635,0.006521,0.495212,0.001222,0.000000,0.000000,0.655037,1.500000,0.408505,0.657827,3.000000,2.000000,49.438477,-23.203125,0.000000,0.000000
6.6500,21023,240,0,0,0.058025,0.006591,0.451110,0.000732,0.000000,0.000000,0.648194,1.500000,0.411005,0.660327,3.000000,2.000000,49.086914,-23.422852,0.000000,0.000000
6.6600,21024,240,0,0,0.052989,0.006788,0.406851,0.000438,0.000000,0.000000,0.643927,1.500000,0.413505,0.662827,3.000000,2.000000,48.735352,-23.686523,0.000000,0.000000
6.6700,21025,240,0,0,0.046478,0.007550,0.356655,0.000262,0.000000,0.000000,0.639178,1.500000,0.416005,0.665327,3.000000,2.000000,48.339844,-23.994141,0.000000,0.000000
6.6800,21026,240,0,0,0.040909,0.006560,0.302946,0.000157,0.000000,0.000000,0.634188,1.500000,0.418506,0.667827,3.000000,2.000000,48.010254,-24.301758,0.000000,0.000000
6.6900,21027,240,0,0,0.035337,0.005234,0.249748,0.000094,0.000000,0.000000,0.628350,1.500000,0.421006,0.670326,3.000000,2.000000,47.724609,-24.499512,0.000000,0.000000
6.7000,21028,240,0,0,0.029204,0.004653,0.194837,0.000056,0.000000,0.000000,0.623167,1.500000,0.423506,0.672826,3.000000,2.000000,47.460938,-24.675293,0.000000,0.000000
6.7100,21029,240,0,0,0.024237,0.004461,0.140084,0.000034,0.000000,0.000000,0.620029,1.500000,0.426006,0.675326,3.000000,2.000000,47.219238,-24.807129,0.000000,0.000000
6.7200,21030,240,0,0,0.021535,0.004628,0.093684,0.000020,0.000000,0.000000,0.617987,1.500000,0.428506,0.677826,3.000000,2.000000,46.977539,-24.938965,0.000000,0.000000
6.7300,21031,240,0,0,0.020259,0.004575,0.058849,0.000012,0.000000,0.000000,0.615765,1.500000,0.431006,0.680326,3.000000,2.000000,46.691895,-25.048828,0.000000,0.000000
6.7400,21032,240,0,0,0.020052,0.003734,0.035344,0.000007,0.000000,0.000000,0.614848,1.500000,0.433506,0.682826,3.000000,2.000000,46.362305,-25.158691,0.000000,0.000000
6.7500,21033,240,0,0,0.020995,0.003481,0.023749,0.000004,0.000000,0.000000,0.615128,1.500000,0.436006,0.685325,3.000000,2.000000,46.010742,-25.268555,0.000000,0.000000
6.7600,21034,240,0,0,0.021707,0.003738,0.019685,0.000003,0.000000,0.000000,0.613405,1.500000,0.438506,0.687825,3.000000,2.000000,45.637207,-25.378418,0.000000,0.000000
6.7700,21035,240,0,0,0.023334,0.004048,0.022025,0.000002,0.000000,0.000000,0.613473,1.500000,0.441007,0.690325,3.000000,2.000000,45.263672,-25.488281,0.000000,0.000000
6.7800,21037,240,0,0,0.023543,0.005183,0.032212,0.000001,0.000000,0.000000,0.614704,1.500000,0.446007,0.695325,3.000000,2.000000,44.362793,-25.708008,0.000000,0.000000
6.7900,21038,240,0,0,0.022565,0.005168,0.030481,0.000000,0.000000,0.000000,0.616456,1.500000,0.448507,0.697824,3.000000,2.000000,43.857422,-25.817871,0.000000,0.000000
6.8000,21039,240,0,0,0.021356,0.005756,0.025406,0.000000,0.000000,0.000000,0.618910,1.500000,0.451007,0.700324,3.000000,2.000000,43.308105,-25.949707,0.000000,0.000000
6.8100,21040,240,0,0,0.019222,0.006508,0.017031,0.000000,0.000000,0.000000,0.621378,1.500000,0.453507,0.702824,3.000000,2.000000,42.846680,-26.059570,0.000000,0.000000
6.8200,21041,240,0,0,0.016102,0.007102,0.010197,0.000000,0.000000,0.000000,0.625759,1.500000,0.456007,0.705324,3.000000,2.000000,42.495117,-26.169434,0.000000,0.000000
6.8300,21042,240,0,0,0.012716,0.007592,0.006105,0.000000,0.000000,0.000000,0.631253,1.500000,0.458507,0.707824,3.000000,2.000000,42.319336,-26.279297,0.000000,0.000000
6.8400,21043,240,0,0,0.010466,0.007618,0.003656,0.000000,0.000000,0.000000,0.634271,1.500000,0.461008,0.710324,3.000000,2.000000,42.231445,-26.367188,0.000000,0.000000
6.8500,21044,240,0,0,0.010731,0.006797,0.002189,0.000000,0.000000,0.000000,0.632383,1.500000,0.463508,0.712823,3.000000,2.000000,42.165527,-26.455078,0.000000,0.000000
6.8600,21045,240,0,0,0.012221,0.005404,0.001310,0.000000,0.000000,0.000000,0.623011,1.500000,0.466008,0.715323,3.000000,2.000000,42.209473,-26.542969,0.000000,0.000000
6.8700,21046,240,0,0,0.015613,0.004575,0.000785,0.000000,0.000000,0.107394,0.604107,1.500000,0.468508,0.717823,3.000000,2.000000,42.297363,-26.630859,0.000000,0.000000
6.8800,21047,240,0,0,0.018876,0.003869,0.000470,0.000000,0.000000,0.250815,0.575063,1.500000,0.471008,0.720323,3.000000,2.000000,42.297363,-26.740723,0.000000,0.000000
6.8900,21048,240,0,0,0.016644,0.003870,0.000281,0.000000,0.000000,0.416811,0.537392,1.500000,0.473508,0.722823,0.000000,2.000000,42.275391,-26.828613,0.000000,0.000000
6.9000,21049,240,0,0,0.016920,0.004247,0.000168,0.000000,0.000000,0.610403,0.488666,1.500000,0.476008,0.725322,0.000000,2.000000,42.231445,-26.894531,0.000000,0.000000
6.9100,21050,240,0,0,0.021303,0.004085,0.001184,0.000000,0.051676,0.818801,0.419522,1.500000,0.478508,0.727822,0.000000,2.000000,41.967773,-26.938477,0.000000,0.000000
6.9200,21051,240,0,0,0.028250,0.003487,0.021994,0.000000,0.151993,1.033800,0.336805,1.500000,0.481008,0.730322,0.000000,2.000000,41.484375,-26.982422,0.000000,0.000000
6.9300,21052,240,0,0,0.037485,0.003186,0.064722,0.000000,0.270735,1.239346,0.236300,1.500000,0.483509,0.732822,0.000000,2.000000,40.891113,-27.004395,0.000000,0.000000
6.9400,21053,240,0,0,0.048396,0.003782,0.130583,0.000000,0.408785,1.426644,0.146167,1.500000,0.486009,0.735322,0.000000,2.000000,40.319824,-27.048340,0.000000,0.000000
6.9500,21054,240,0,0,0.058104,0.007271,0.210936,0.000000,0.556177,1.500000,0.079038,1.500000,0.002051,0.737822,1.000000,2.000000,39.682617,-27.114258,-0.120000,0.000000
6.9600,21055,240,0,0,0.068187,0.007888,0.298366,0.000000,0.699655,1.500000,0.019677,1.500000,0.007179,0.740321,1.000000,2.000000,38.957520,-27.224121,-0.420000,0.000000
6.9700,21056,240,0,0,0.075591,0.008444,0.384903,0.000000,0.833129,1.500000,0.000000,1.500000,0.012308,0.742821,1.000000,2.000000,38.056641,-27.268066,-0.720000,0.000000
6.9800,21057,240,0,0,0.080043,0.012295,0.455901,0.000000,0.961237,1.500000,0.000000,1.500000,0.017436,0.745321,1.000000,2.000000,36.979980,-27.202148,-1.020000,0.000000
6.9900,21058,240,0,0,0.082650,0.020061,0.513764,0.000016,1.076240,1.500000,0.000000,1.500000,0.022564,0.747821,1.000000,2.000000,35.859375,-27.070312,-1.319999,0.000000
7.0000,21059,240,0,0,0.082513,0.023780,0.551108,0.005470,1.183812,1.500000,0.000000,1.500000,0.027692,0.750321,1.000000,2.000000,34.892578,-26.916504,-1.619999,0.000000
7.0100,21060,240,0,0,0.080242,0.026132,0.567974,0.014231,1.284062,1.500000,0.000000,1.500000,0.032820,0.752820,1.000000,2.000000,34.013672,-26.608887,-1.919999,0.000000
7.0200,21061,240,0,0,0.077136,0.027803,0.567087,0.023823,1.370995,1.500000,0.000000,1.500000,0.037949,0.755320,1.000000,2.000000,33.024902,-26.147461,-2.219998,0.000000
7.0300,21062,240,0,0,0.072590,0.026327,0.551556,0.029280,1.455297,1.500000,0.000000,1.500000,0.043077,0.757820,1.000000,2.000000,31.970215,-25.642090,-2.519998,0.000000
7.0400,21063,240,0,0,0.070125,0.026900,0.527587,0.030596,1.500000,1.500000,0.000000,1.500000,0.048205,0.760320,1.000000,2.000000,30.981445,-25.048828,-2.819998,0.000000
7.0500,21064,240,0,0,0.069915,0.030297,0.510267,0.037339,1.500000,1.500000,0.000000,1.407106,0.053333,0.762820,1.000000,2.000000,29.948730,-24.389648,-3.119998,0.000000
7.0600,21065,240,0,0,0.067818,0.030814,0.494975,0.045007,1.500000,1.500000,0.000000,1.302638,0.058461,0.765320,1.000000,2.000000,28.872070,-23.598633,-3.419997,0.000000
7.0700,21066,240,0,0,0.064641,0.027839,0.475610,0.046237,1.500000,1.500000,0.000000,1.212767,0.063590,0.767819,1.000000,2.000000,27.795410,-22.741699,-3.719997,0.000000
7.0800,21067,240,0,0,0.059956,0.025788,0.446971,0.041007,1.500000,1.500000,0.000000,1.143490,0.068718,0.770319,1.000000,2.000000,26.784668,-21.774902,-4.000000,0.000000
7.0900,21068,240,0,0,0.057065,0.027702,0.416445,0.038484,1.500000,1.500000,0.000000,1.091966,0.073846,0.772819,1.000000,2.000000,25.686035,-20.742188,-4.000000,0.000000
7.1000,21069,240,0,0,0.052461,0.030824,0.383155,0.043204,1.500000,1.500000,0.000000,1.049854,0.078974,0.775319,1.000000,2.000000,24.631348,-19.643555,-4.000000,0.000000
7.1100,21070,240,0,0,0.049219,0.031969,0.347151,0.050412,1.500000,1.500000,0.000000,1.013403,0.084103,0.777819,1.000000,2.000000,23.708496,-18.500977,-4.000000,0.000000
7.1200,21071,240,0,0,0.047515,0.032091,0.317618,0.055690,1.500000,1.500000,0.000000,0.981506,0.089231,0.780318,1.000000,2.000000,22.763672,-17.358398,-3.905707,0.000000
7.1300,21072,240,0,0,0.044763,0.031261,0.291185,0.057807,1.500000,1.500000,0.000000,0.954779,0.094359,0.782818,1.000000,2.000000,21.774902,-16.259766,-3.747113,0.000000
7.1400,21073,240,0,0,0.042363,0.030269,0.264773,0.056915,1.500000,1.500000,0.000000,0.926769,0.099487,0.785318,1.000000,2.000000,20.852051,-15.183105,-3.588639,0.000000
7.1500,21074,240,0,0,0.039507,0.029241,0.239349,0.054380,1.500000,1.500000,0.000000,0.900576,0.104616,0.787818,1.000000,2.000000,19.995117,-14.150391,-3.436096,0.000000
7.1600,21075,240,0,0,0.035153,0.028009,0.209177,0.050644,1.500000,1.500000,0.000000,0.875830,0.109744,0.790318,1.000000,2.000000,19.094238,-13.139648,-3.255063,0.000000
7.1700,21076,240,0,0,0.032257,0.026377,0.176701,0.045287,1.500000,1.500000,0.000000,0.860042,0.114872,0.792818,1.000000,2.000000,18.193359,-12.128906,-3.060208,0.000000
7.1800,21077,240,0,0,0.029638,0.023309,0.148150,0.036951,1.500000,1.500000,0.000000,0.847857,0.120000,0.795317,1.000000,2.000000,17.314453,-11.140137,-2.888902,0.000000
7.1900,21078,240,0,0,0.026469,0.019502,0.118678,0.024670,1.500000,1.500000,0.000000,0.836801,0.125128,0.797817,1.000000,2.000000,16.523438,-10.151367,-2.712068,0.000000
7.2000,21079,240,0,0,0.023684,0.016685,0.089872,0.014771,1.500000,1.500000,0.000000,0.829691,0.130257,0.800317,1.000000,2.000000,15.754395,-9.162598,-2.539232,0.000000
7.2100,21080,240,0,0,0.019686,0.014967,0.059410,0.008844,1.500000,1.500000,0.000000,0.824302,0.135385,0.802817,1.000000,2.000000,15.007324,-8.173828,-2.356460,0.000000
7.2200,21081,240,0,0,0.014779,0.012646,0.035571,0.005295,1.500000,1.500000,0.000000,0.820124,0.140513,0.805317,1.000000,2.000000,14.326172,-7.185059,-2.213426,0.000000
7.2300,21082,240,0,0,0.011944,0.011934,0.021298,0.003170,1.500000,1.500000,0.000000,0.817358,0.145641,0.807816,1.000000,2.000000,13.601074,-6.174316,-2.127786,0.000000
7.2400,21083,240,0,0,0.009714,0.010915,0.012752,0.001898,1.500000,1.500000,0.000000,0.814634,0.150770,0.810316,1.000000,2.000000,12.941895,-5.163574,-2.076510,0.000000
7.2500,21084,240,0,0,0.009068,0.008647,0.007635,0.001137,1.500000,1.500000,0.000000,0.811953,0.155898,0.812816,1.000000,2.000000,12.326660,-4.130859,-2.045810,0.000000
7.2600,21085,240,0,0,0.009801,0.006752,0.004571,0.000681,1.500000,1.500000,0.000000,0.809268,0.161026,0.815316,1.000000,2.000000,11.623535,-3.098145,-2.027428,0.000000
7.2700,21087,240,0,0,0.008953,0.005269,0.001639,0.000244,1.500000,1.500000,0.000000,0.808918,0.171283,0.820316,1.000000,2.000000,10.327148,-0.988770,-2.009832,0.000000
7.2800,21088,240,0,0,0.008370,0.004961,0.000981,0.000146,1.500000,1.500000,0.000000,0.806341,0.176411,0.822815,1.000000,2.000000,9.558105,0.021973,-2.005887,0.000000
7.2900,21089,240,0,0,0.007006,0.005975,0.000587,0.000087,1.500000,1.500000,0.000000,0.803563,0.181539,0.825315,1.000000,2.000000,8.833008,1.054688,-2.003525,0.000000
7.3000,21090,240,0,0,0.006373,0.006894,0.000352,0.000052,1.500000,1.500000,0.000000,0.800219,0.186667,0.827815,1.000000,2.000000,8.129883,2.065430,-2.002110,0.000000
7.3100,21091,240,0,0,0.005537,0.007670,0.000211,0.000031,1.500000,1.500000,0.000000,0.796447,0.191796,0.830315,1.000000,2.000000,7.426758,3.054199,-2.001264,0.000000
7.3200,21092,240,0,0,0.005253,0.008811,0.000126,0.000019,1.500000,1.500000,0.000000,0.791583,0.196924,0.832815,1.000000,2.000000,6.811523,3.999023,-2.000757,0.000000
7.3300,21093,240,0,0,0.005944,0.008948,0.000075,0.000011,1.500000,1.500000,0.000000,0.789356,0.202052,0.835314,1.000000,2.000000,6.174316,4.965820,-2.000453,0.000000
7.3400,21094,240,0,0,0.006272,0.008493,0.000045,0.000007,1.500000,1.500000,0.000000,0.787172,0.207180,0.837814,1.000000,2.000000,5.537109,5.932617,-2.000271,0.000000
7.3500,21095,240,0,0,0.007592,0.008266,0.000027,0.000004,1.500000,1.500000,0.000000,0.785628,0.212308,0.840314,1.000000,2.000000,4.943848,6.899414,-1.970171,0.000000
7.3600,21096,240,0,0,0.008643,0.008206,0.000016,0.000002,1.500000,1.500000,0.000000,0.782485,0.217437,0.842814,1.000000,2.000000,4.306641,7.844238,-1.670171,0.000000
7.3700,21097,240,0,0,0.009181,0.007852,0.000010,0.000001,1.500000,1.500000,0.000000,0.782053,0.222565,0.845314,1.000000,2.000000,3.823242,8.811035,-1.370172,0.000000
7.3800,21098,240,0,0,0.009259,0.008079,0.000006,0.000001,1.500000,1.500000,0.000000,0.781907,0.227693,0.847814,1.000000,2.000000,3.471680,9.755859,-1.070172,0.000000
7.3900,21099,240,0,0,0.009814,0.008064,0.000003,0.000001,1.500000,1.500000,0.000000,0.781156,0.232821,0.850313,1.000000,2.000000,3.142090,10.678711,-0.770172,0.000000
7.4000,21100,240,0,0,0.010112,0.007023,0.000002,0.000000,1.500000,1.500000,0.000000,0.779952,0.237950,0.852813,1.000000,2.000000,2.856445,11.579590,-0.470172,0.000000
7.4100,21101,240,0,0,0.010591,0.005332,0.000001,0.000000,1.500000,1.500000,0.000000,0.779301,0.243078,0.855313,1.000000,2.000000,2.592773,12.458496,-0.170172,0.000000
7.4200,21102,240,0,0,0.010224,0.004485,0.000001,0.000000,1.500000,1.500000,0.000000,0.778923,0.248206,0.857813,1.000000,2.000000,2.329102,13.293457,0.000000,0.000000
7.4300,21103,240,0,0,0.009132,0.004161,0.000000,0.000000,1.500000,1.500000,0.000000,0.779829,0.253334,0.860313,1.000000,2.000000,2.109375,14.128418,0.000000,0.000000
7.4400,21104,240,0,0,0.008390,0.003713,0.000000,0.000000,1.500000,1.500000,0.000000,0.779083,0.258462,0.862812,1.000000,2.000000,1.845703,14.963379,0.000000,0.000000
7.4500,21105,240,0,0,0.007538,0.003970,0.000000,0.000000,1.500000,1.500000,0.000000,0.780003,0.263590,0.865312,1.000000,2.000000,1.582031,15.776367,0.000000,0.000000
7.4600,21106,240,0,0,0.006993,0.004233,0.000000,0.000000,1.500000,1.500000,0.000000,0.777728,0.268719,0.867812,1.000000,2.000000,1.340332,16.545410,0.000000,0.000000
7.4700,21107,240,0,0,0.005774,0.004824,0.000000,0.000000,1.500000,1.500000,0.000000,0.777995,0.273847,0.870312,1.000000,2.000000,1.076660,17.226562,0.000000,0.000000
7.4800,21108,240,0,0,0.004907,0.005192,0.000000,0.000000,1.500000,1.500000,0.000000,0.780297,0.278975,0.872812,1.000000,2.000000,0.856934,17.819824,0.000000,0.000000
7.4900,21109,240,0,0,0.003847,0.005826,0.000000,0.000000,1.500000,1.500000,0.000000,0.781717,0.284103,0.875312,1.000000,2.000000,0.637207,18.369141,0.000000,0.000000
7.5000,21110,240,0,0,0.003247,0.006203,0.000000,0.000000,1.500000,1.500000,0.000000,0.779795,0.289231,0.877811,1.000000,2.000000,0.483398,18.808594,0.000000,0.000000
7.5100,21111,240,0,0,0.002642,0.006092,0.000000,0.000000,1.500000,1.500000,0.000000,0.782107,0.294359,0.880311,1.000000,2.000000,0.373535,19.160156,0.000000,0.000000
7.5200,21112,240,0,0,0.002175,0.006175,0.000000,0.000000,1.500000,1.500000,0.000000,0.780488,0.299487,0.882811,1.000000,2.000000,0.285645,19.467773,0.000000,0.000000
7.5300,21113,240,0,0,0.001812,0.005366,0.000000,0.000000,1.500000,1.500000,0.000000,0.777897,0.304615,0.885311,1.000000,2.000000,0.241699,19.665527,0.000000,0.000000
7.5400,21114,240,0,0,0.001648,0.006050,0.000000,0.000000,1.500000,1.500000,0.000000,0.777439,0.309743,0.887811,1.000000,2.000000,0.197754,19.775391,0.000000,0.000000
7.5500,21115,240,0,0,0.002404,0.006067,0.000000,0.000000,1.500000,1.500000,0.000000,0.779654,0.314871,0.890310,1.000000,2.000000,0.153809,19.885254,0.000000,0.000000
7.5600,21116,240,0,0,0.002685,0.006249,0.000000,0.000000,1.500000,1.500000,0.000000,0.778658,0.319999,0.892810,1.000000,2.000000,0.087891,19.973145,0.000000,0.000000
7.5700,21117,240,0,0,0.002949,0.005972,0.000000,0.000000,1.500000,1.500000,0.000000,0.778418,0.325127,0.895310,1.000000,2.000000,0.021973,19.995117,0.000000,0.000000
7.5800,21118,240,0,0,0.004325,0.004979,0.000000,0.000000,1.500000,1.500000,0.000000,0.778490,0.330256,0.897810,1.000000,2.000000,-0.087891,20.017090,0.000000,0.000000
7.5900,21119,240,0,0,0.005280,0.004162,0.000000,0.000000,1.500000,1.500000,0.000000,0.779964,0.335384,0.900310,1.000000,2.000000,-0.263672,20.017090,0.000000,0.000000
7.6000,21120,240,0,0,0.005514,0.003779,0.000000,0.000000,1.500000,1.500000,0.000000,0.779467,0.340512,0.902810,1.000000,2.000000,-0.395508,20.039062,0.000000,0.000000
7.6100,21121,240,0,0,0.005385,0.003242,0.000000,0.000000,1.500000,1.500000,0.000000,0.776924,0.345640,0.905309,1.000000,2.000000,-0.527344,20.039062,0.000000,0.000000
7.6200,21122,240,0,0,0.004916,0.002830,0.000000,0.000000,1.500000,1.500000,0.000000,0.775478,0.350768,0.907809,1.000000,2.000000,-0.615234,20.017090,0.000000,0.000000
7.6300,21123,240,0,0,0.005183,0.002516,0.000000,0.000000,1.500000,1.500000,0.000000,0.775390,0.355896,0.910309,1.000000,2.000000,-0.725098,19.995117,0.000000,0.000000
7.6400,21124,240,0,0,0.006910,0.002575,0.000000,0.000000,1.500000,1.500000,0.000000,0.775465,0.361024,0.912809,1.000000,2.000000,-0.878906,19.929199,0.000000,0.000000
7.6500,21125,240,0,0,0.008340,0.003133,0.000000,0.000000,1.500000,1.500000,0.000000,0.776183,0.366152,0.915309,1.000000,2.000000,-1.098633,19.841309,0.000000,0.000000
7.6600,21126,240,0,0,0.008963,0.002722,0.000000,0.000000,1.500000,1.500000,0.000000,0.768101,0.371280,0.917808,1.000000,2.000000,-1.296387,19.731445,0.000000,0.000000
7.6700,21127,240,0,0,0.007165,0.003084,0.000000,0.000000,1.500000,1.500000,0.000000,0.756427,0.376408,0.920308,1.000000,2.000000,-1.538086,19.621582,0.000000,0.000000
7.6800,21128,240,0,0,0.005576,0.003661,0.000000,0.000000,1.500000,1.500000,0.000000,0.745388,0.381536,0.922808,1.000000,2.000000,-1.735840,19.467773,0.000000,0.000000
7.6900,21129,240,0,0,0.005166,0.003928,0.000000,0.000000,1.500000,1.500000,0.000000,0.747434,0.386664,0.925308,1.000000,2.000000,-1.955566,19.335938,0.000000,0.000000
7.7000,21130,240,0,0,0.005406,0.003137,0.000000,0.000000,1.500000,1.500000,0.000000,0.762161,0.391793,0.927808,1.000000,2.000000,-2.153320,19.204102,0.000000,0.000000
7.7100,21131,240,0,0,0.006061,0.003604,0.000000,0.000000,1.500000,1.500000,0.000000,0.780268,0.396921,0.930308,1.000000,2.000000,-2.307129,19.094238,0.000000,0.000000
7.7200,21132,240,0,0,0.006143,0.003707,0.000000,0.000000,1.500000,1.500000,0.000000,0.796802,0.402049,0.932807,1.000000,2.000000,-2.395020,18.984375,0.000000,0.000000
7.7300,21133,240,0,0,0.006851,0.003248,0.000000,0.000000,1.500000,1.500000,0.000000,0.821779,0.407177,0.935307,1.000000,2.000000,-2.504883,18.874512,0.000000,0.000000
7.7400,21134,240,0,0,0.007083,0.002914,0.000000,0.000000,1.500000,1.500000,0.000000,0.845463,0.412305,0.937807,1.000000,2.000000,-2.570801,18.808594,0.000000,0.000000
7.7500,21135,240,0,0,0.007567,0.004530,0.000000,0.000000,1.500000,1.500000,0.000000,0.854988,0.417433,0.940307,1.000000,2.000000,-2.614746,18.742676,0.000000,0.000000
7.7600,21137,240,0,0,0.009185,0.007264,0.000000,0.000000,1.500000,1.500000,0.038445,0.831942,0.427689,0.945306,1.000000,2.000000,-2.702637,18.610840,0.000000,0.000000
7.7700,21138,240,0,0,0.009309,0.011024,0.000000,0.000000,1.500000,1.500000,0.161308,0.832774,0.432817,0.947806,1.000000,2.000000,-2.746582,18.479004,0.000000,0.000000
7.7800,21139,240,0,0,0.008760,0.014037,0.000000,0.000000,1.500000,1.500000,0.263596,0.850151,0.437945,0.950306,1.000000,2.000000,-2.834473,18.281250,0.000000,0.000000
7.7900,21140,240,0,0,0.007865,0.014101,0.000000,0.000000,1.368568,1.500000,0.345523,0.866018,0.443073,0.952806,1.000000,2.000000,-2.922363,18.061523,0.000000,0.000000
7.8000,21141,240,0,0,0.007058,0.014707,0.000000,0.000000,1.192846,1.500000,0.410597,0.902748,0.448202,0.955306,1.000000,2.000000,-3.010254,17.797852,0.000000,0.000000
7.8100,21142,240,0,0,0.006079,0.023158,0.000000,0.001925,0.987299,1.500000,0.464380,0.959479,0.453330,0.957806,1.000000,2.000000,-3.142090,17.424316,0.000000,0.000000
7.8200,21143,240,0,0,0.005940,0.028891,0.000000,0.015705,0.755978,1.500000,0.504406,1.027913,0.458458,0.960305,1.000000,2.000000,-3.208008,17.006836,0.000000,0.000000
7.8300,21144,240,0,0,0.007023,0.030608,0.000000,0.030659,0.414727,1.500000,0.536519,1.103327,0.463586,0.962805,1.000000,2.000000,-3.208008,16.501465,0.000000,0.000000
7.8400,21145,240,0,0,0.008574,0.028915,0.000000,0.039249,0.000000,1.500000,0.563444,1.184696,0.468714,0.965305,2.000000,2.000000,-3.120117,15.930176,0.000000,0.000000
7.8500,21146,240,0,0,0.010477,0.025197,0.000000,0.037329,0.000000,1.500000,0.589974,1.266887,0.473842,0.967805,2.000000,2.000000,-2.878418,15.249023,0.000000,0.000000
7.8600,21147,240,0,0,0.011610,0.027963,0.000000,0.035378,0.000000,1.500000,0.613453,1.339908,0.478970,0.970305,2.000000,2.000000,-2.570801,14.501953,0.000000,0.000000
7.8700,21148,240,0,0,0.011871,0.036685,0.000000,0.048157,0.000000,1.500000,0.635321,1.405773,0.484098,0.972804,2.000000,2.000000,-2.219238,13.688965,0.000000,0.000000
7.8800,21149,240,0,0,0.010612,0.044521,0.000000,0.074671,0.000000,1.500000,0.655718,1.463210,0.489226,0.975304,2.000000,2.000000,-1.845703,12.832031,0.000000,0.000000
7.8900,21150,240,0,0,0.008898,0.047168,0.000000,0.099662,0.000000,1.500000,0.676484,1.500000,0.494354,0.977804,2.000000,2.000000,-1.428223,11.975098,0.000000,0.000000
7.9000,21151,240,0,0,0.007607,0.049786,0.000000,0.119769,0.000000,1.500000,0.696752,1.500000,0.499482,0.980304,2.000000,2.000000,-0.988770,11.096191,0.000000,0.000000
7.9100,21152,240,0,0,0.006541,0.050989,0.000000,0.136266,0.000000,1.500000,0.715151,1.500000,0.504611,0.982804,2.000000,2.000000,-0.483398,10.217285,0.000000,0.000000
7.9200,21153,240,0,0,0.008820,0.049592,0.000000,0.145441,0.000000,1.500000,0.732167,1.500000,0.509739,0.985304,2.000000,2.000000,0.087891,9.360352,0.000000,0.000000
7.9300,21154,240,0,0,0.013023,0.046927,0.000000,0.145782,0.000000,1.499272,0.748937,1.500000,0.514867,0.987803,2.000000,2.000000,0.769043,8.525391,0.000000,0.000000
7.9400,21155,240,0,0,0.017465,0.043458,0.000000,0.139291,0.000000,1.344433,0.763731,1.500000,0.519996,0.990303,2.000000,2.000000,1.582031,7.668457,0.000000,0.000000
7.9500,21156,240,0,0,0.021788,0.042107,0.002760,0.130951,0.000000,1.204093,0.777253,1.500000,0.525124,0.992803,2.000000,2.000000,2.482910,6.833496,0.000000,0.000000
7.9600,21157,240,0,0,0.021911,0.039875,0.010316,0.122427,0.000000,1.091197,0.788051,1.500000,0.530253,0.995303,2.000000,2.000000,3.493652,5.976562,0.000000,0.000000
7.9700,21158,240,0,0,0.019227,0.038452,0.008501,0.113201,0.000000,0.999076,0.797649,1.500000,0.535381,0.997803,2.000000,2.000000,4.592285,5.119629,0.000000,0.000000
7.9800,21159,240,0,0,0.016366,0.036728,0.005090,0.104185,0.000000,0.915445,0.805056,1.500000,0.540509,0.000303,2.000000,2.000000,5.734863,4.196777,0.000000,0.000000
7.9900,21160,240,0,0,0.022821,0.035630,0.005506,0.095865,0.000000,0.842892,0.812240,1.500000,0.545638,0.002803,2.000000,2.000000,6.921387,3.273926,0.000000,0.000000
8.0000,21161,240,0,0,0.032514,0.035015,0.037613,0.089495,0.000000,0.770179,0.817709,1.500000,0.550766,0.005303,2.000000,2.000000,8.151855,2.285156,0.000000,0.000000
8.0100,21162,240,0,0,0.039718,0.033478,0.088238,0.083554,0.000000,0.704690,0.821354,1.500000,0.555895,0.007803,2.000000,2.000000,9.382324,1.274414,0.000000,0.000000
8.0200,21163,240,0,0,0.044961,0.029504,0.142848,0.073712,0.000000,0.640437,0.825481,1.500000,0.561023,0.010303,2.000000,2.000000,10.568848,0.241699,0.000000,0.000000
8.0300,21164,240,0,0,0.046355,0.025953,0.185982,0.059447,0.000000,0.573802,0.827743,1.500000,0.566151,0.012803,2.000000,2.000000,11.711426,-0.812988,0.000000,0.000000
8.0400,21165,240,0,0,0.046000,0.022657,0.213549,0.044058,0.000000,0.510192,0.828649,1.500000,0.571280,0.015303,2.000000,2.000000,12.788086,-1.889648,0.000000,0.000000
8.0500,21166,240,0,0,0.043560,0.018481,0.223889,0.027912,0.000000,0.451431,0.826738,1.500000,0.576408,0.017803,2.000000,2.000000,13.798828,-2.966309,0.000000,0.000000
8.0600,21167,240,0,0,0.041972,0.015296,0.221221,0.016712,0.000000,0.398710,0.823888,1.500000,0.581536,0.020303,2.000000,2.000000,14.765625,-4.020996,0.000000,0.000000
8.0700,21168,240,0,0,0.039634,0.012074,0.213419,0.010006,0.000000,0.352377,0.820534,1.500000,0.586665,0.022803,2.000000,2.000000,15.732422,-5.053711,0.000000,0.000000
8.0800,21169,240,0,0,0.036084,0.010154,0.195189,0.005991,0.000000,0.305741,0.815374,1.500000,0.591793,0.025303,3.000000,2.000000,16.677246,-5.998535,0.000000,0.000000
8.0900,21170,240,0,0,0.034111,0.009210,0.174869,0.003587,0.000000,0.265262,0.808897,1.500000,0.596922,0.027803,3.000000,2.000000,17.622070,-6.943359,0.000000,0.000000
8.1000,21171,240,0,0,0.030556,0.009485,0.152649,0.002148,0.000000,0.228652,0.801014,1.500000,0.602050,0.030303,3.000000,2.000000,18.566895,-7.844238,0.000000,0.000000
8.1100,21172,240,0,0,0.026116,0.011227,0.121207,0.001286,0.000000,0.199235,0.792554,1.500000,0.607178,0.032803,3.000000,2.000000,19.555664,-8.723145,0.000000,0.000000
8.1200,21173,240,0,0,0.024549,0.012091,0.091767,0.000770,0.000000,0.172522,0.783415,1.500000,0.612307,0.035303,3.000000,2.000000,20.610352,-9.558105,0.000000,0.000000
8.1300,21174,240,0,0,0.023960,0.012957,0.071768,0.000461,0.000000,0.149088,0.773077,1.500000,0.617435,0.037803,3.000000,2.000000,21.708984,-10.393066,0.000000,0.000000
8.1400,21175,240,0,0,0.024188,0.013582,0.058238,0.000276,0.000000,0.127979,0.760533,1.500000,0.622564,0.040303,3.000000,2.000000,22.829590,-11.206055,0.000000,0.000000
8.1500,21176,240,0,0,0.027548,0.012004,0.058614,0.000165,0.000000,0.107248,0.748088,1.500000,0.627692,0.042803,3.000000,2.000000,23.994141,-12.019043,0.000000,0.000000
8.1600,21177,240,0,0,0.030768,0.011482,0.072233,0.000099,0.000000,0.089015,0.735810,1.500000,0.632820,0.045303,3.000000,2.000000,25.180664,-12.810059,0.000000,0.000000
8.1700,21178,240,0,0,0.031685,0.011707,0.087205,0.000059,0.000000,0.074045,0.721583,1.500000,0.637949,0.047803,3.000000,2.000000,26.367188,-13.557129,0.000000,0.000000
8.1800,21179,240,0,0,0.033439,0.012025,0.101345,0.000035,0.000000,0.061929,0.706577,1.500000,0.643077,0.050303,3.000000,2.000000,27.553711,-14.282227,0.000000,0.000000
8.1900,21180,240,0,0,0.033918,0.012493,0.114796,0.000021,0.000000,0.044492,0.694023,1.500000,0.648205,0.052803,3.000000,2.000000,28.740234,-14.963379,0.000000,0.000000
8.2000,21181,240,0,0,0.033804,0.012617,0.122373,0.000013,0.000000,0.025079,0.684476,1.500000,0.653334,0.055303,3.000000,2.000000,29.882812,-15.622559,0.000000,0.000000
8.2100,21182,240,0,0,0.032855,0.012423,0.125071,0.000008,0.000000,0.007982,0.678102,1.500000,0.658462,0.057803,3.000000,2.000000,31.025391,-16.259766,0.000000,0.000000
8.2200,21183,240,0,0,0.030945,0.011636,0.120631,0.000005,0.000000,0.000000,0.672839,1.500000,0.663591,0.060303,3.000000,2.000000,32.167969,-16.853027,0.000000,0.000000
8.2300,21184,240,0,0,0.027612,0.010679,0.107794,0.000003,0.000000,0.000000,0.669903,1.500000,0.668719,0.062803,3.000000,2.000000,33.288574,-17.424316,0.000000,0.000000
8.2400,21185,240,0,0,0.023730,0.010195,0.085008,0.000002,0.000000,0.000000,0.669578,1.500000,0.673847,0.065303,3.000000,2.000000,34.431152,-17.973633,0.000000,0.000000
8.2500,21187,240,0,0,0.018624,0.008551,0.034949,0.000001,0.000000,0.000000,0.671473,1.500000,0.684104,0.070303,3.000000,2.000000,36.694336,-19.072266,0.000000,0.000000
8.2600,21188,240,0,0,0.015824,0.007543,0.020926,0.000000,0.000000,0.000000,0.672772,1.500000,0.689233,0.072803,3.000000,2.000000,37.814941,-19.621582,0.000000,0.000000
8.2700,21189,240,0,0,0.012321,0.006481,0.012529,0.000000,0.000000,0.000000,0.674279,1.500000,0.694361,0.075302,3.000000,2.000000,38.935547,-20.148926,0.000000,0.000000
8.2800,21190,240,0,0,0.011021,0.005282,0.007501,0.000000,0.000000,0.000000,0.677309,1.500000,0.699489,0.077802,3.000000,2.000000,39.968262,-20.632324,0.000000,0.000000
8.2900,21191,240,0,0,0.012468,0.004367,0.004491,0.000000,0.000000,0.000000,0.679714,1.500000,0.704618,0.080302,3.000000,2.000000,40.979004,-21.093750,0.000000,0.000000
8.3000,21192,240,0,0,0.015326,0.004667,0.002689,0.000000,0.000000,0.000000,0.684290,1.500000,0.709746,0.082802,3.000000,2.000000,41.989746,-21.467285,0.000000,0.000000
8.3100,21193,240,0,0,0.018743,0.005477,0.001610,0.000000,0.000000,0.000000,0.686997,1.500000,0.714874,0.085302,3.000000,2.000000,42.934570,-21.796875,0.000000,0.000000
8.3200,21194,240,0,0,0.021716,0.007055,0.004288,0.000000,0.000000,0.000000,0.688789,1.500000,0.720003,0.087802,3.000000,2.000000,43.813477,-22.038574,0.000000,0.000000
8.3300,21195,240,0,0,0.021873,0.008922,0.010708,0.000000,0.000000,0.000000,0.691352,1.500000,0.725131,0.090302,3.000000,2.000000,44.582520,-22.170410,0.000000,0.000000
8.3400,21196,240,0,0,0.018033,0.010285,0.007711,0.000000,0.000000,0.000000,0.692537,1.500000,0.730260,0.092802,3.000000,2.000000,45.263672,-22.280273,0.000000,0.000000
8.3500,21197,240,0,0,0.021844,0.010792,0.006270,0.000000,0.000000,0.000000,0.693065,1.500000,0.735388,0.095302,3.000000,2.000000,45.834961,-22.368164,0.000000,0.000000
8.3600,21198,240,0,0,0.032032,0.011151,0.033100,0.000000,0.000000,0.000000,0.691359,1.500000,0.740516,0.097802,3.000000,2.000000,46.340332,-22.390137,0.000000,0.000000
8.3700,21199,240,0,0,0.045245,0.012192,0.097195,0.000000,0.000000,0.000000,0.687834,1.500000,0.745645,0.100302,3.000000,2.000000,46.691895,-22.324219,0.000000,0.000000
8.3800,21200,240,0,0,0.058195,0.012264,0.185049,0.000000,0.000000,0.000000,0.684191,1.500000,0.750773,0.102802,3.000000,2.000000,46.955566,-22.236328,0.000000,0.000000
8.3900,21201,240,0,0,0.075159,0.012155,0.297189,0.000000,0.000000,0.000000,0.678663,1.500000,0.755902,0.105302,3.000000,2.000000,47.131348,-22.170410,0.000000,0.000000
8.4000,21202,240,0,0,0.089216,0.010848,0.427018,0.000000,0.000000,0.000000,0.672225,1.500000,0.761030,0.107802,3.000000,2.000000,47.263184,-22.060547,0.000000,0.000000
8.4100,21203,240,0,0,0.095878,0.009032,0.542095,0.000000,0.000000,0.000000,0.664331,1.500000,0.766158,0.110302,3.000000,2.000000,47.373047,-21.994629,0.000000,0.000000
8.4200,21204,240,0,0,0.097068,0.006993,0.623174,0.000000,0.000000,0.000000,0.656534,1.500000,0.771287,0.112802,3.000000,2.000000,47.438965,-21.950684,0.000000,0.000000
8.4300,21205,240,0,0,0.093896,0.005658,0.666049,0.000000,0.000000,0.000000,0.647657,1.500000,0.776415,0.115302,3.000000,2.000000,47.482910,-21.928711,0.000000,0.000000
8.4400,21206,240,0,0,0.088119,0.005271,0.672956,0.000000,0.000000,0.000000,0.635631,1.500000,0.781543,0.117802,3.000000,2.000000,47.482910,-21.950684,0.000000,0.000000
8.4500,21207,240,0,0,0.081862,0.004767,0.653243,0.000000,0.000000,0.000000,0.624903,1.500000,0.786672,0.120302,3.000000,2.000000,47.460938,-21.994629,0.000000,0.000000
8.4600,21208,240,0,0,0.074304,0.005774,0.614192,0.000000,0.000000,0.000000,0.614330,1.500000,0.791800,0.122802,3.000000,2.000000,47.395020,-22.082520,0.000000,0.000000
8.4700,21209,240,0,0,0.067342,0.007026,0.561832,0.000000,0.000000,0.000000,0.599704,1.500000,0.796929,0.125302,3.000000,2.000000,47.285156,-22.192383,0.000000,0.000000
8.4800,21210,240,0,0,0.060931,0.007326,0.505643,0.000000,0.000000,0.000000,0.581855,1.500000,0.802057,0.127802,3.000000,2.000000,47.087402,-22.324219,0.000000,0.000000
8.4900,21211,240,0,0,0.053920,0.007874,0.445616,0.000000,0.000000,0.000000,0.566925,1.500000,0.807185,0.130302,3.000000,2.000000,46.867676,-22.478027,0.000000,0.000000
8.5000,21212,240,0,0,0.046606,0.008777,0.381486,0.000000,0.000000,0.000000,0.554046,1.500000,0.812314,0.132802,3.000000,2.000000,46.669922,-22.631836,0.000000,0.000000
8.5100,21213,240,0,0,0.039676,0.009968,0.316203,0.000000,0.000000,0.000000,0.543855,1.500000,0.817442,0.135302,3.000000,2.000000,46.472168,-22.807617,0.000000,0.000000
8.5200,21214,240,0,0,0.033382,0.008651,0.250766,0.000000,0.000000,0.000000,0.536208,1.500000,0.822571,0.137802,3.000000,2.000000,46.274414,-22.939453,0.000000,0.000000
8.5300,21215,240,0,0,0.029291,0.006867,0.191672,0.000000,0.000000,0.000000,0.528537,1.500000,0.827699,0.140302,3.000000,2.000000,46.054688,-23.093262,0.000000,0.000000
8.5400,21216,240,0,0,0.025637,0.005699,0.142790,0.000000,0.000000,0.000000,0.523128,1.500000,0.832827,0.142802,3.000000,2.000000,45.856934,-23.203125,0.000000,0.000000
8.5500,21217,240,0,0,0.022583,0.004639,0.099999,0.000000,0.000000,0.000000,0.519465,1.500000,0.837956,0.145302,3.000000,2.000000,45.659180,-23.312988,0.000000,0.000000
8.5600,21218,240,0,0,0.020262,0.005020,0.064497,0.000000,0.000000,0.000000,0.517806,1.500000,0.843084,0.147802,3.000000,2.000000,45.527344,-23.400879,0.000000,0.000000
8.5700,21219,240,0,0,0.018621,0.004820,0.038639,0.000000,0.000000,0.000000,0.515892,1.500000,0.848212,0.150302,3.000000,2.000000,45.395508,-23.488770,0.000000,0.000000
8.5800,21220,240,0,0,0.018048,0.007189,0.023135,0.000000,0.000000,0.000000,0.512885,1.500000,0.853341,0.152801,3.000000,2.000000,45.285645,-23.532715,0.000000,0.000000
8.5900,21221,240,0,0,0.016381,0.009471,0.013852,0.000000,0.000000,0.000000,0.508683,1.500000,0.858469,0.155301,3.000000,2.000000,45.153809,-23.554688,0.000000,0.000000
8.6000,21222,240,0,0,0.014690,0.010272,0.008293,0.000000,0.000000,0.000000,0.503274,1.500000,0.863598,0.157801,3.000000,2.000000,45.000000,-23.598633,0.000000,0.000000
8.6100,21223,240,0,0,0.013632,0.009202,0.004966,0.000000,0.000000,0.000000,0.498394,1.500000,0.868726,0.160301,3.000000,2.000000,44.846191,-23.620605,0.000000,0.000000
8.6200,21224,240,0,0,0.012667,0.007081,0.002973,0.000000,0.000000,0.000000,0.490442,1.500000,0.873854,0.162801,3.000000,2.000000,44.626465,-23.664551,0.000000,0.000000
8.6300,21225,240,0,0,0.011138,0.005722,0.001780,0.000000,0.000000,0.000000,0.479604,1.500000,0.878983,0.165301,3.000000,2.000000,44.362793,-23.730469,0.000000,0.000000
8.6400,21226,240,0,0,0.011055,0.004620,0.001066,0.000000,0.000000,0.000000,0.468277,1.500000,0.884111,0.167801,3.000000,2.000000,44.077148,-23.796387,0.000000,0.000000
8.6500,21227,240,0,0,0.009627,0.003723,0.000638,0.000000,0.000000,0.000000,0.456482,1.500000,0.889239,0.170301,3.000000,2.000000,43.791504,-23.862305,0.000000,0.000000
8.6600,21228,240,0,0,0.009198,0.003211,0.000382,0.000000,0.000000,0.000000,0.444656,1.500000,0.894368,0.172801,3.000000,2.000000,43.593750,-23.950195,0.000000,0.000000
8.6700,21229,240,0,0,0.009791,0.002835,0.000229,0.000000,0.000000,0.000000,0.428141,1.500000,0.899496,0.175301,3.000000,2.000000,43.505859,-24.038086,0.000000,0.000000
8.6800,21230,240,0,0,0.008633,0.003223,0.000137,0.000000,0.000000,0.000000,0.407351,1.500000,0.904625,0.177801,3.000000,2.000000,43.417969,-24.104004,0.000000,0.000000
8.6900,21231,240,0,0,0.006913,0.003653,0.000082,0.000000,0.000000,0.000000,0.375444,1.500000,0.909753,0.180301,3.000000,2.000000,43.352051,-24.191895,0.000000,0.000000
8.7000,21232,240,0,0,0.005840,0.003097,0.000049,0.000000,0.000000,0.105933,0.333847,1.500000,0.914881,0.182801,3.000000,2.000000,43.330078,-24.279785,0.000000,0.000000
8.7100,21233,240,0,0,0.004764,0.003284,0.000029,0.000000,0.000000,0.382031,0.289059,1.500000,0.920010,0.185301,0.000000,2.000000,43.352051,-24.367676,0.000000,0.000000
8.7200,21234,240,0,0,0.008408,0.003818,0.000018,0.000000,0.000000,0.668643,0.238465,1.500000,0.925138,0.187801,0.000000,2.000000,43.352051,-24.477539,0.000000,0.000000
8.7300,21235,240,0,0,0.012697,0.004312,0.000011,0.000000,0.000000,0.938465,0.174945,1.500000,0.930267,0.190301,0.000000,2.000000,43.330078,-24.631348,0.000000,0.000000
8.7400,21237,240,0,0,0.025488,0.004475,0.010878,0.000000,0.000000,1.454193,0.051992,1.500000,0.940523,0.195301,0.000000,2.000000,43.066406,-24.916992,0.000000,0.000000
8.7500,21238,240,0,0,0.027841,0.003663,0.033629,0.000000,0.000000,1.500000,0.000061,1.500000,0.945652,0.197801,0.000000,2.000000,42.714844,-25.026855,0.000000,0.000000
8.7600,21239,240,0,0,0.032827,0.002991,0.061496,0.000000,0.000000,1.500000,0.000000,1.500000,0.950780,0.200301,0.000000,2.000000,42.077637,-25.158691,0.000000,0.000000
8.7700,21240,240,0,0,0.041888,0.002555,0.106204,0.000000,0.000000,1.500000,0.000000,1.500000,0.955908,0.202801,0.000000,2.000000,41.330566,-25.268555,0.000000,0.000000
8.7800,21241,240,0,0,0.049478,0.003456,0.167831,0.000000,0.000000,1.500000,0.000000,1.500000,0.961037,0.205301,0.000000,2.000000,40.627441,-25.356445,0.000000,0.000000
8.7900,21242,240,0,0,0.053844,0.004265,0.223754,0.000000,0.000000,1.500000,0.000000,1.500000,0.966165,0.207801,0.000000,2.000000,39.858398,-25.444336,0.000000,0.000000
8.8000,21243,240,0,0,0.061828,0.005924,0.284244,0.000000,0.049818,1.500000,0.000000,1.500000,0.971294,0.210301,0.000000,2.000000,39.089355,-25.554199,0.000000,0.000000
8.8100,21244,240,0,0,0.065786,0.006456,0.343652,0.000000,0.165892,1.500000,0.000000,1.500000,0.976422,0.212801,0.000000,2.000000,38.342285,-25.642090,0.000000,0.000000
8.8200,21245,240,0,0,0.066960,0.005549,0.386373,0.000000,0.277729,1.500000,0.000000,1.500000,0.001046,0.215301,1.000000,2.000000,37.595215,-25.620117,-0.060000,0.000000
8.8300,21246,240,0,0,0.065650,0.005560,0.411811,0.000000,0.381524,1.500000,0.000000,1.500000,0.006276,0.217801,1.000000,2.000000,36.782227,-25.510254,-0.360000,0.000000
8.8400,21247,240,0,0,0.062530,0.007607,0.416727,0.000000,0.479675,1.500000,0.000000,1.500000,0.011506,0.220301,1.000000,2.000000,35.727539,-25.312500,-0.660000,0.000000
8.8500,21248,240,0,0,0.060341,0.008889,0.408992,0.000000,0.579647,1.500000,0.000000,1.500000,0.016736,0.222801,1.000000,2.000000,34.431152,-24.982910,-0.960000,0.000000
8.8600,21249,240,0,0,0.059976,0.009478,0.401318,0.000000,0.678741,1.500000,0.000000,1.500000,0.021967,0.225301,1.000000,2.000000,33.024902,-24.521484,-1.259999,0.000000
8.8700,21250,240,0,0,0.057180,0.014082,0.389663,0.000000,0.771408,1.500000,0.000000,1.500000,0.027197,0.227801,1.000000,2.000000,31.772461,-23.994141,-1.559999,0.000000
8.8800,21251,240,0,0,0.056186,0.019277,0.374437,0.000000,0.849013,1.500000,0.000000,1.468602,0.032427,0.230301,1.000000,2.000000,30.805664,-23.444824,-1.859999,0.000000
8.8900,21252,240,0,0,0.055842,0.020785,0.364853,0.000860,0.921825,1.500000,0.000000,1.310466,0.037657,0.232800,1.000000,2.000000,29.772949,-22.807617,-2.159998,0.000000
8.9000,21253,240,0,0,0.053951,0.020639,0.352761,0.001766,0.986245,1.500000,0.000000,1.182740,0.042887,0.235300,1.000000,2.000000,28.696289,-22.082520,-2.459998,0.000000
8.9100,21254,240,0,0,0.051959,0.020717,0.339139,0.002476,1.043422,1.500000,0.000000,1.087569,0.048117,0.237800,1.000000,2.000000,27.707520,-21.291504,-2.759998,0.000000
8.9200,21255,240,0,0,0.048582,0.022849,0.319848,0.005063,1.094952,1.500000,0.000000,1.015012,0.053347,0.240300,1.000000,2.000000,26.674805,-20.434570,-3.059998,0.000000
8.9300,21256,240,0,0,0.043838,0.026133,0.291459,0.013603,1.142255,1.500000,0.000000,0.958977,0.058577,0.242800,1.000000,2.000000,25.532227,-19.533691,-3.359997,0.000000
8.9400,21257,240,0,0,0.040832,0.026816,0.259418,0.022136,1.183352,1.500000,0.000000,0.912612,0.063807,0.245300,1.000000,2.000000,24.389648,-18.566895,-3.556505,0.000000
8.9500,21258,240,0,0,0.038138,0.026084,0.230056,0.026968,1.217775,1.500000,0.000000,0.878070,0.069038,0.247800,1.000000,2.000000,23.291016,-17.556152,-3.380336,0.000000
8.9600,21259,240,0,0,0.035256,0.025149,0.201359,0.027574,1.249178,1.500000,0.000000,0.852937,0.074268,0.250300,1.000000,2.000000,22.214355,-16.545410,-3.208155,0.000000
8.9700,21260,240,0,0,0.032526,0.024635,0.173385,0.026669,1.272985,1.500000,0.000000,0.828677,0.079498,0.252800,1.000000,2.000000,21.203613,-15.578613,-3.040308,0.000000
8.9800,21261,240,0,0,0.029882,0.024166,0.146548,0.025434,1.292575,1.500000,0.000000,0.808286,0.084728,0.255300,1.000000,2.000000,20.236816,-14.633789,-2.879287,0.000000
8.9900,21262,240,0,0,0.027136,0.023390,0.120061,0.023050,1.304904,1.500000,0.000000,0.790493,0.089958,0.257801,1.000000,2.000000,19.313965,-13.666992,-2.720367,0.000000
9.0000,21263,240,0,0,0.024137,0.022723,0.092817,0.020208,1.304918,1.500000,0.000000,0.776494,0.095188,0.260301,1.000000,2.000000,18.303223,-12.678223,-2.556901,0.000000
9.0100,21264,240,0,0,0.021860,0.020814,0.066368,0.015926,1.299466,1.500000,0.000000,0.762905,0.100419,0.262801,1.000000,2.000000,17.292480,-11.667480,-2.398210,0.000000
9.0200,21265,240,0,0,0.019560,0.018052,0.042784,0.009686,1.283867,1.500000,0.000000,0.754101,0.105649,0.265301,1.000000,2.000000,16.347656,-10.656738,-2.256702,0.000000
9.0300,21266,240,0,0,0.016037,0.014860,0.025616,0.005799,1.256162,1.500000,0.000000,0.744436,0.110879,0.267801,1.000000,2.000000,15.424805,-9.645996,-2.153697,0.000000
9.0400,21267,240,0,0,0.012534,0.012875,0.015337,0.003472,1.212179,1.500000,0.000000,0.734914,0.116109,0.270301,1.000000,2.000000,14.523926,-8.613281,-2.092024,0.000000
9.0500,21268,240,0,0,0.010558,0.011061,0.009183,0.002079,1.152022,1.500000,0.000000,0.731677,0.121339,0.272801,1.000000,2.000000,13.557129,-7.580566,-2.055098,0.000000
9.0600,21269,240,0,0,0.009036,0.009592,0.005498,0.001245,1.094135,1.500000,0.000000,0.726655,0.126569,0.275301,1.000000,2.000000,12.656250,-6.547852,-2.032989,0.000000
9.0700,21270,240,0,0,0.007689,0.007783,0.003292,0.000745,1.029549,1.500000,0.000000,0.722874,0.131800,0.277802,1.000000,2.000000,11.777344,-5.515137,-2.019752,0.000000
9.0800,21271,240,0,0,0.006329,0.005941,0.001971,0.000446,0.965847,1.500000,0.000000,0.720058,0.137030,0.280302,1.000000,2.000000,10.920410,-4.504395,-2.011826,0.000000
9.0900,21272,240,0,0,0.005823,0.005086,0.001180,0.000267,0.912477,1.500000,0.000000,0.720104,0.142260,0.282802,1.000000,2.000000,10.041504,-3.471680,-2.007081,0.000000
9.1000,21273,240,0,0,0.004766,0.005373,0.000707,0.000160,0.868716,1.500000,0.000000,0.715468,0.147490,0.285302,1.000000,2.000000,9.184570,-2.460938,-2.004240,0.000000
9.1100,21274,240,0,0,0.003782,0.006064,0.000423,0.000096,0.836639,1.500000,0.000000,0.712323,0.152720,0.287802,1.000000,2.000000,8.305664,-1.450195,-2.002538,0.000000
9.1200,21275,240,0,0,0.003670,0.007002,0.000253,0.000057,0.814966,1.500000,0.000000,0.711131,0.157950,0.290302,1.000000,2.000000,7.492676,-0.461426,-2.001520,0.000000
9.1300,21276,240,0,0,0.003480,0.007530,0.000152,0.000034,0.800530,1.500000,0.000000,0.710933,0.163181,0.292802,1.000000,2.000000,6.657715,0.527344,-2.000910,0.000000
9.1400,21277,240,0,0,0.003199,0.008081,0.000091,0.000021,0.792927,1.500000,0.000000,0.712339,0.168411,0.295302,1.000000,2.000000,5.844727,1.516113,-2.000545,0.000000
9.1500,21278,240,0,0,0.003299,0.008993,0.000054,0.000012,0.788705,1.500000,0.000000,0.710547,0.173641,0.297802,1.000000,2.000000,5.075684,2.504883,-2.000326,0.000000
9.1600,21279,240,0,0,0.002954,0.009502,0.000033,0.000007,0.790619,1.500000,0.000000,0.711555,0.178871,0.300303,1.000000,2.000000,4.350586,3.515625,-1.730310,0.000000
9.1700,21280,240,0,0,0.002489,0.009773,0.000019,0.000004,0.797138,1.500000,0.000000,0.712256,0.184101,0.302803,1.000000,2.000000,3.801270,4.548340,-1.430310,0.000000
9.1800,21281,240,0,0,0.002429,0.010148,0.000012,0.000003,0.802027,1.500000,0.000000,0.713323,0.189331,0.305303,1.000000,2.000000,3.361816,5.581055,-1.130311,0.000000
9.1900,21282,240,0,0,0.002857,0.010767,0.000007,0.000002,0.809218,1.500000,0.000000,0.713624,0.194561,0.307803,1.000000,2.000000,2.988281,6.635742,-0.830311,0.000000
9.2000,21283,240,0,0,0.002829,0.011319,0.000004,0.000001,0.820155,1.500000,0.000000,0.713103,0.199792,0.310303,1.000000,2.000000,2.680664,7.668457,-0.530311,0.000000
9.2100,21284,240,0,0,0.003184,0.010819,0.000003,0.000001,0.831438,1.500000,0.000000,0.712784,0.205022,0.312803,1.000000,2.000000,2.373047,8.767090,-0.230311,0.000000
9.2200,21285,240,0,0,0.003638,0.009882,0.000001,0.000000,0.844590,1.500000,0.000000,0.714735,0.210252,0.315303,1.000000,2.000000,2.109375,9.843750,0.000000,0.000000
9.2300,21287,240,0,0,0.004521,0.008160,0.000001,0.000000,0.870308,1.500000,0.000000,0.720951,0.220712,0.320304,1.000000,2.000000,1.691895,12.062988,0.000000,0.000000
9.2400,21288,240,0,0,0.004260,0.008291,0.000000,0.000000,0.885765,1.500000,0.000000,0.721851,0.225942,0.322804,1.000000,2.000000,1.428223,13.139648,0.000000,0.000000
9.2500,21289,240,0,0,0.003373,0.008624,0.000000,0.000000,0.901824,1.500000,0.000000,0.728055,0.231173,0.325304,1.000000,2.000000,1.164551,14.194336,0.000000,0.000000
9.2600,21290,240,0,0,0.002876,0.007782,0.000000,0.000000,0.920900,1.500000,0.000000,0.729405,0.236403,0.327804,1.000000,2.000000,0.944824,15.205078,0.000000,0.000000
9.2700,21291,240,0,0,0.002441,0.007474,0.000000,0.000000,0.934248,1.500000,0.000000,0.730018,0.241633,0.330304,1.000000,2.000000,0.791016,16.193848,0.000000,0.000000
9.2800,21292,240,0,0,0.002360,0.007249,0.000000,0.000000,0.957425,1.500000,0.000000,0.730418,0.246863,0.332804,1.000000,2.000000,0.681152,17.072754,0.000000,0.000000
9.2900,21293,240,0,0,0.001929,0.007633,0.000000,0.000000,0.972705,1.500000,0.000000,0.731132,0.252093,0.335304,1.000000,2.000000,0.505371,17.863770,0.000000,0.000000
9.3000,21294,240,0,0,0.001883,0.008201,0.000000,0.000000,0.987139,1.500000,0.000000,0.732709,0.257323,0.337804,1.000000,2.000000,0.241699,18.588867,0.000000,0.000000
9.3100,21295,240,0,0,0.001749,0.009081,0.000000,0.000000,1.002595,1.500000,0.000000,0.733224,0.262553,0.340304,1.000000,2.000000,-0.131836,19.226074,0.000000,0.000000
9.3200,21296,240,0,0,0.001982,0.009477,0.000000,0.000000,1.019704,1.500000,0.000000,0.732336,0.267783,0.342805,1.000000,2.000000,-0.549316,19.775391,0.000000,0.000000
9.3300,21297,240,0,0,0.002007,0.008760,0.000000,0.000000,1.028788,1.500000,0.000000,0.731420,0.273013,0.345305,1.000000,2.000000,-0.966797,20.280762,0.000000,0.000000
9.3400,21298,240,0,0,0.001912,0.008579,0.000000,0.000000,1.037033,1.500000,0.000000,0.730804,0.278243,0.347805,1.000000,2.000000,-1.406250,20.676270,0.000000,0.000000
9.3500,21299,240,0,0,0.002476,0.008217,0.000000,0.000000,1.044383,1.500000,0.000000,0.734790,0.283473,0.350305,1.000000,2.000000,-1.801758,21.005859,0.000000,0.000000
9.3600,21300,240,0,0,0.003344,0.007560,0.000000,0.000000,1.050180,1.500000,0.000000,0.734952,0.288703,0.352805,1.000000,2.000000,-2.197266,21.335449,0.000000,0.000000
9.3700,21301,240,0,0,0.003700,0.007186,0.000000,0.000000,1.057369,1.500000,0.000000,0.734647,0.293933,0.355305,1.000000,2.000000,-2.526855,21.555176,0.000000,0.000000
9.3800,21302,240,0,0,0.003950,0.006970,0.000000,0.000000,1.064368,1.500000,0.000000,0.733248,0.299163,0.357805,1.000000,2.000000,-2.812500,21.730957,0.000000,0.000000
9.3900,21303,240,0,0,0.003443,0.006891,0.000000,0.000000,1.073387,1.500000,0.000000,0.734618,0.304393,0.360305,1.000000,2.000000,-3.054199,21.840820,0.000000,0.000000
9.4000,21304,240,0,0,0.002774,0.007120,0.000000,0.000000,1.083466,1.500000,0.000000,0.737451,0.309623,0.362806,1.000000,2.000000,-3.208008,21.928711,0.000000,0.000000
9.4100,21305,240,0,0,0.002273,0.007363,0.000000,0.000000,1.091157,1.500000,0.000000,0.736965,0.314853,0.365306,1.000000,2.000000,-3.295898,21.994629,0.000000,0.000000
9.4200,21306,240,0,0,0.002591,0.006976,0.000000,0.000000,1.094418,1.500000,0.000000,0.737931,0.320083,0.367806,1.000000,2.000000,-3.317871,22.016602,0.000000,0.000000
9.4300,21307,240,0,0,0.003583,0.006662,0.000000,0.000000,1.101609,1.500000,0.000000,0.736928,0.325313,0.370306,1.000000,2.000000,-3.317871,22.038574,0.000000,0.000000
9.4400,21308,240,0,0,0.004064,0.005739,0.000000,0.000000,1.108242,1.500000,0.000000,0.739706,0.330543,0.372806,1.000000,2.000000,-3.317871,22.016602,0.000000,0.000000
9.4500,21309,240,0,0,0.003956,0.004785,0.000000,0.000000,1.113117,1.500000,0.000000,0.740180,0.335773,0.375306,1.000000,2.000000,-3.295898,22.016602,0.000000,0.000000
9.4600,21310,240,0,0,0.004300,0.004480,0.000000,0.000000,1.111330,1.500000,0.000000,0.739475,0.341003,0.377806,1.000000,2.000000,-3.273926,21.972656,0.000000,0.000000
9.4700,21311,240,0,0,0.005287,0.004067,0.000000,0.000000,1.104868,1.500000,0.000000,0.740101,0.346233,0.380306,1.000000,2.000000,-3.273926,21.950684,0.000000,0.000000
9.4800,21312,240,0,0,0.006329,0.003654,0.000000,0.000000,1.101595,1.500000,0.000000,0.739708,0.351463,0.382806,1.000000,2.000000,-3.273926,21.906738,0.000000,0.000000
9.4900,21313,240,0,0,0.006810,0.003216,0.000000,0.000000,1.098958,1.500000,0.000000,0.739337,0.356693,0.385307,1.000000,2.000000,-3.317871,21.840820,0.000000,0.000000
9.5000,21314,240,0,0,0.006924,0.003362,0.000000,0.000000,1.093891,1.500000,0.000000,0.737036,0.361923,0.387807,1.000000,2.000000,-3.383789,21.752930,0.000000,0.000000
9.5100,21315,240,0,0,0.007441,0.003229,0.000000,0.000000,1.090902,1.500000,0.000000,0.737457,0.367153,0.390307,1.000000,2.000000,-3.493652,21.687012,0.000000,0.000000
9.5200,21316,240,0,0,0.007684,0.002839,0.000000,0.000000,1.081957,1.500000,0.000000,0.738736,0.372383,0.392807,1.000000,2.000000,-3.625488,21.599121,0.000000,0.000000
9.5300,21317,240,0,0,0.007173,0.002560,0.000000,0.000000,1.070745,1.500000,0.000000,0.734356,0.377613,0.395307,1.000000,2.000000,-3.713379,21.445312,0.000000,0.000000
9.5400,21318,240,0,0,0.006205,0.002245,0.000000,0.000000,1.065447,1.500000,0.000000,0.726887,0.382843,0.397807,1.000000,2.000000,-3.845215,21.159668,0.000000,0.000000
9.5500,21319,240,0,0,0.005624,0.002948,0.000000,0.000000,1.056457,1.500000,0.000000,0.714575,0.388073,0.400307,1.000000,2.000000,-3.999023,20.830078,0.000000,0.000000
9.5600,21320,240,0,0,0.005496,0.004250,0.000000,0.000000,1.047102,1.500000,0.000000,0.711166,0.393303,0.402807,1.000000,2.000000,-4.174805,20.456543,0.000000,0.000000
9.5700,21321,240,0,0,0.004434,0.004196,0.000000,0.000000,1.029183,1.500000,0.000000,0.713321,0.398533,0.405308,1.000000,2.000000,-4.306641,20.148926,0.000000,0.000000
9.5800,21322,240,0,0,0.003825,0.003633,0.000000,0.000000,1.002834,1.500000,0.063796,0.718730,0.403763,0.407808,1.000000,2.000000,-4.460449,19.797363,0.000000,0.000000
9.5900,21323,240,0,0,0.003176,0.003827,0.000000,0.000000,0.961966,1.500000,0.202424,0.727210,0.408993,0.410308,1.000000,2.000000,-4.592285,19.621582,0.000000,0.000000
9.6000,21324,240,0,0,0.002701,0.007795,0.000000,0.000000,0.907082,1.500000,0.329085,0.737154,0.414223,0.412808,1.000000,2.000000,-4.724121,19.445801,0.000000,0.000000
9.6100,21325,240,0,0,0.002694,0.019773,0.000000,0.000000,0.839153,1.500000,0.436055,0.750205,0.419453,0.415308,1.000000,2.000000,-4.833984,19.248047,0.000000,0.000000
9.6200,21326,240,0,0,0.003189,0.026621,0.000000,0.008592,0.748962,1.500000,0.526783,0.767683,0.424683,0.417808,1.000000,2.000000,-4.943848,19.028320,0.000000,0.000000
9.6300,21327,240,0,0,0.004405,0.032079,0.000000,0.026026,0.643606,1.500000,0.603563,0.780442,0.429913,0.420308,1.000000,2.000000,-5.031738,18.742676,0.000000,0.000000
9.6400,21328,240,0,0,0.007222,0.036408,0.000000,0.047013,0.514036,1.500000,0.667087,0.788521,0.435143,0.422808,1.000000,2.000000,-5.053711,18.479004,0.000000,0.000000
9.6500,21329,240,0,0,0.009765,0.038559,0.000000,0.065141,0.350662,1.500000,0.723231,0.806267,0.440373,0.425308,1.000000,2.000000,-5.053711,18.061523,0.000000,0.000000
9.6600,21330,240,0,0,0.011182,0.041526,0.000000,0.082235,0.113242,1.500000,0.774007,0.845643,0.445603,0.427809,2.000000,2.000000,-4.987793,17.578125,0.000000,0.000000
9.6700,21331,240,0,0,0.021315,0.039961,0.000687,0.092981,0.000000,1.500000,0.821948,0.904140,0.450833,0.430309,2.000000,2.000000,-4.855957,17.006836,0.000000,0.000000
9.6800,21332,240,0,0,0.029108,0.043639,0.025375,0.099721,0.000000,1.500000,0.865616,0.968197,0.456064,0.432809,2.000000,2.000000,-4.658203,16.369629,0.000000,0.000000
9.6900,21333,240,0,0,0.032887,0.051327,0.059885,0.119691,0.000000,1.500000,0.905315,1.030704,0.461294,0.435309,2.000000,2.000000,-4.372559,15.666504,0.000000,0.000000
9.7000,21334,240,0,0,0.033056,0.053719,0.087912,0.141087,0.000000,1.500000,0.941052,1.087940,0.466524,0.437809,2.000000,2.000000,-4.064941,14.897461,0.000000,0.000000
9.7100,21335,240,0,0,0.030466,0.057855,0.097291,0.160024,0.000000,1.500000,0.971280,1.139009,0.471754,0.440309,2.000000,2.000000,-3.713379,14.128418,0.000000,0.000000
9.7200,21337,240,0,0,0.025368,0.056345,0.077864,0.184355,0.000000,1.500000,1.021527,1.225292,0.482214,0.445309,2.000000,2.000000,-2.768555,12.524414,0.000000,0.000000
9.7300,21338,240,0,0,0.025723,0.054817,0.066054,0.184393,0.000000,1.500000,1.042280,1.263744,0.487444,0.447809,2.000000,2.000000,-2.197266,11.733398,0.000000,0.000000
9.7400,21339,240,0,0,0.028923,0.055139,0.069269,0.183575,0.000000,1.500000,1.058427,1.292557,0.492674,0.450310,2.000000,2.000000,-1.516113,10.920410,0.000000,0.000000
9.7500,21340,240,0,0,0.029857,0.053971,0.079328,0.182969,0.000000,1.500000,1.072084,1.312976,0.497904,0.452810,2.000000,2.000000,-0.725098,10.107422,0.000000,0.000000
9.7600,21341,240,0,0,0.030349,0.051006,0.086565,0.177280,0.000000,1.500000,1.082483,1.329875,0.503134,0.455310,2.000000,2.000000,0.131836,9.272461,0.000000,0.000000
9.7700,21342,240,0,0,0.034505,0.048105,0.099454,0.167106,0.000000,1.500000,1.089750,1.341355,0.508364,0.457810,2.000000,2.000000,1.142578,8.393555,0.000000,0.000000
9.7800,21343,240,0,0,0.041173,0.046205,0.132010,0.157007,0.000000,1.500000,1.096459,1.353179,0.513594,0.460310,2.000000,2.000000,2.219238,7.514648,0.000000,0.000000
9.7900,21344,240,0,0,0.044186,0.043329,0.169602,0.145893,0.000000,1.463979,1.099492,1.365826,0.518825,0.462810,2.000000,2.000000,3.295898,6.613770,0.000000,0.000000
9.8000,21345,240,0,0,0.042456,0.039897,0.192680,0.131612,0.000000,1.379455,1.102217,1.378350,0.524055,0.465310,2.000000,2.000000,4.394531,5.734863,0.000000,0.000000
9.8100,21346,240,0,0,0.038358,0.039127,0.192543,0.118989,0.000000,1.304937,1.102980,1.388476,0.529285,0.467810,2.000000,2.000000,5.471191,4.812012,0.000000,0.000000
9.8200,21347,240,0,0,0.038573,0.039834,0.184861,0.112474,0.000000,1.239672,1.103026,1.396904,0.534516,0.470311,2.000000,2.000000,6.547852,3.867188,0.000000,0.000000
9.8300,21348,240,0,0,0.042599,0.039365,0.192118,0.108468,0.000000,1.181091,1.102287,1.407511,0.539746,0.472811,2.000000,2.000000,7.602539,2.834473,0.000000,0.000000
9.8400,21349,240,0,0,0.046583,0.039955,0.211937,0.106362,0.000000,1.129236,1.099221,1.418542,0.544976,0.475311,2.000000,2.000000,8.635254,1.779785,0.000000,0.000000
9.8500,21350,240,0,0,0.049139,0.038114,0.236522,0.103615,0.000000,1.079525,1.092494,1.427751,0.550207,0.477811,2.000000,2.000000,9.667969,0.659180,0.000000,0.000000
9.8600,21351,240,0,0,0.049191,0.035135,0.255635,0.096320,0.000000,1.031475,1.080494,1.433968,0.555437,0.480311,2.000000,2.000000,10.700684,-0.461426,0.000000,0.000000
9.8700,21352,240,0,0,0.047685,0.033373,0.263731,0.087216,0.000000,0.983723,1.063901,1.441571,0.560667,0.482811,2.000000,2.000000,11.689453,-1.625977,0.000000,0.000000
9.8800,21353,240,0,0,0.044238,0.030572,0.258009,0.077081,0.000000,0.938501,1.044413,1.448528,0.565897,0.485311,2.000000,2.000000,12.634277,-2.790527,0.000000,0.000000
9.8900,21354,240,0,0,0.041027,0.028455,0.241899,0.065665,0.000000,0.898067,1.019441,1.453998,0.571128,0.487811,2.000000,2.000000,13.579102,-3.889160,0.000000,0.000000
9.9000,21355,240,0,0,0.036242,0.025965,0.215208,0.054130,0.000000,0.857213,0.990909,1.457054,0.576358,0.490311,2.000000,2.000000,14.501953,-4.943848,0.000000,0.000000
9.9100,21356,240,0,0,0.033189,0.023505,0.184551,0.041752,0.000000,0.812290,0.958752,1.460653,0.581588,0.492812,2.000000,2.000000,15.402832,-5.954590,0.000000,0.000000
9.9200,21357,240,0,0,0.029763,0.020530,0.153564,0.028621,0.000000,0.773641,0.925875,1.459867,0.586819,0.495312,2.000000,2.000000,16.281738,-6.965332,0.000000,0.000000
9.9300,21358,240,0,0,0.026256,0.017349,0.121588,0.017170,0.000000,0.735997,0.893536,1.461629,0.592049,0.497812,2.000000,2.000000,17.204590,-7.954102,0.000000,0.000000
9.9400,21359,240,0,0,0.023513,0.014847,0.090399,0.010280,0.000000,0.701305,0.855760,1.464215,0.597279,0.500312,2.000000,2.000000,18.149414,-8.920898,0.000000,0.000000
9.9500,21360,240,0,0,0.021627,0.011825,0.063323,0.006155,0.000000,0.669333,0.821041,1.465243,0.602510,0.502812,2.000000,2.000000,19.072266,-9.865723,0.000000,0.000000
9.9600,21361,240,0,0,0.020124,0.009653,0.040346,0.003685,0.000000,0.638741,0.785979,1.465399,0.607740,0.505312,2.000000,2.000000,20.061035,-10.788574,0.000000,0.000000
9.9700,21362,240,0,0,0.020266,0.008430,0.024401,0.002207,0.000000,0.611061,0.752374,1.467956,0.612970,0.507811,2.000000,2.000000,21.071777,-11.689453,0.000000,0.000000
9.9800,21363,240,0,0,0.020862,0.007190,0.017449,0.001321,0.000000,0.584403,0.721323,1.473016,0.618201,0.510311,2.000000,2.000000,22.126465,-12.568359,0.000000,0.000000
9.9900,21364,240,0,0,0.019442,0.005787,0.011630,0.000791,0.000000,0.558456,0.691901,1.478953,0.623431,0.512811,2.000000,2.000000,23.181152,-13.381348,0.000000,0.000000
10.0000,21365,240,0,0,0.017422,0.004407,0.006963,0.000474,0.000000,0.531661,0.661490,1.482582,0.628661,0.515311,2.000000,2.000000,24.257812,-14.172363,0.000000,0.000000
10.0100,21366,240,0,0,0.015060,0.004377,0.004169,0.000284,0.000000,0.505621,0.636869,1.484118,0.633891,0.517811,2.000000,2.000000,25.334473,-14.897461,0.000000,0.000000
10.0200,21367,240,0,0,0.012165,0.003815,0.002496,0.000170,0.000000,0.480949,0.615150,1.482909,0.639122,0.520310,2.000000,2.000000,26.433105,-15.600586,0.000000,0.000000
10.0300,21368,240,0,0,0.009578,0.004253,0.001495,0.000102,0.000000,0.458525,0.599489,1.485447,0.644352,0.522810,2.000000,2.000000,27.531738,-16.237793,0.000000,0.000000
10.0400,21369,240,0,0,0.008046,0.004219,0.000895,0.000061,0.000000,0.437954,0.589900,1.488517,0.649582,0.525310,2.000000,2.000000,28.674316,-16.853027,0.000000,0.000000
10.0500,21370,240,0,0,0.006505,0.003542,0.000536,0.000036,0.000000,0.414114,0.585026,1.490363,0.654813,0.527810,2.000000,2.000000,29.816895,-17.424316,0.000000,0.000000
10.0600,21371,240,0,0,0.005377,0.003478,0.000321,0.000022,0.000000,0.393260,0.583802,1.489649,0.660043,0.530310,2.000000,2.000000,30.959473,-18.017578,0.000000,0.000000
10.0700,21372,240,0,0,0.006232,0.003207,0.000192,0.000013,0.000000,0.373602,0.585038,1.495178,0.665273,0.532810,2.000000,2.000000,32.102051,-18.522949,0.000000,0.000000
10.0800,21373,240,0,0,0.007136,0.003135,0.000115,0.000008,0.000000,0.351555,0.588076,1.500000,0.670504,0.535309,2.000000,2.000000,33.266602,-19.050293,0.000000,0.000000
10.0900,21374,240,0,0,0.007940,0.003122,0.000069,0.000005,0.000000,0.331778,0.591908,1.500000,0.675734,0.537809,3.000000,2.000000,34.431152,-19.555664,0.000000,0.000000
10.1000,21375,240,0,0,0.008136,0.002531,0.000041,0.000003,0.000000,0.314175,0.597686,1.500000,0.680964,0.540309,3.000000,2.000000,35.529785,-20.104980,0.000000,0.000000
10.1100,21376,240,0,0,0.007532,0.002810,0.000025,0.000002,0.000000,0.295873,0.604920,1.500000,0.686195,0.542809,3.000000,2.000000,36.650391,-20.632324,0.000000,0.000000
10.1200,21377,240,0,0,0.006152,0.002641,0.000015,0.000001,0.000000,0.274845,0.613140,1.500000,0.691425,0.545309,3.000000,2.000000,37.727051,-21.225586,0.000000,0.000000
10.1300,21378,240,0,0,0.006637,0.002617,0.000009,0.000001,0.000000,0.256501,0.622629,1.500000,0.696655,0.547808,3.000000,2.000000,38.759766,-21.774902,0.000000,0.000000
10.1400,21379,240,0,0,0.009046,0.002308,0.000005,0.000000,0.000000,0.242588,0.631489,1.500000,0.701885,0.550308,3.000000,2.000000,39.726562,-22.302246,0.000000,0.000000
10.1500,21380,240,0,0,0.012280,0.002309,0.000003,0.000000,0.000000,0.227123,0.640343,1.500000,0.707116,0.552808,3.000000,2.000000,40.627441,-22.785645,0.000000,0.000000
10.1600,21381,240,0,0,0.015528,0.002661,0.000002,0.000000,0.000000,0.212211,0.647869,1.500000,0.712346,0.555308,3.000000,2.000000,41.440430,-23.159180,0.000000,0.000000
10.1700,21382,240,0,0,0.018500,0.003831,0.000001,0.000000,0.000000,0.196713,0.653774,1.500000,0.717576,0.557808,3.000000,2.000000,42.165527,-23.400879,0.000000,0.000000
10.1800,21383,240,0,0,0.018952,0.005318,0.000001,0.000000,0.000000,0.180327,0.657194,1.500000,0.722807,0.560308,3.000000,2.000000,42.802734,-23.620605,0.000000,0.000000
10.1900,21384,240,0,0,0.015925,0.005671,0.000000,0.000000,0.000000,0.161079,0.659573,1.500000,0.728037,0.562807,3.000000,2.000000,43.352051,-23.708496,0.000000,0.000000
10.2000,21385,240,0,0,0.017882,0.006638,0.000000,0.000000,0.000000,0.141430,0.661838,1.500000,0.733267,0.565307,3.000000,2.000000,43.769531,-23.708496,0.000000,0.000000
10.2100,21387,240,0,0,0.040196,0.005609,0.060168,0.000000,0.000000,0.114340,0.665282,1.500000,0.743728,0.570307,3.000000,2.000000,44.472656,-23.686523,0.000000,0.000000
10.2200,21388,240,0,0,0.057875,0.004464,0.155342,0.000000,0.000000,0.102777,0.665027,1.500000,0.748958,0.572807,3.000000,2.000000,44.714355,-23.686523,0.000000,0.000000
10.2300,21389,240,0,0,0.073650,0.003909,0.277772,0.000000,0.000000,0.089677,0.662129,1.500000,0.754189,0.575306,3.000000,2.000000,44.868164,-23.664551,0.000000,0.000000
10.2400,21390,240,0,0,0.082780,0.003325,0.398089,0.000000,0.000000,0.078974,0.661507,1.500000,0.759419,0.577806,3.000000,2.000000,44.978027,-23.664551,0.000000,0.000000
10.2500,21391,240,0,0,0.085872,0.002870,0.490577,0.000000,0.000000,0.070138,0.656398,1.500000,0.764649,0.580306,3.000000,2.000000,45.043945,-23.664551,0.000000,0.000000
10.2600,21392,240,0,0,0.085263,0.003197,0.549232,0.000000,0.000000,0.061484,0.652548,1.500000,0.769879,0.582806,3.000000,2.000000,45.087891,-23.708496,0.000000,0.000000
10.2700,21393,240,0,0,0.082998,0.003255,0.577818,0.000000,0.000000,0.051005,0.646747,1.500000,0.775110,0.585306,3.000000,2.000000,45.087891,-23.774414,0.000000,0.000000
10.2800,21394,240,0,0,0.077935,0.003770,0.579764,0.000000,0.000000,0.039235,0.641629,1.500000,0.780340,0.587806,3.000000,2.000000,45.043945,-23.906250,0.000000,0.000000
10.2900,21395,240,0,0,0.072533,0.004427,0.559898,0.000000,0.000000,0.030857,0.636438,1.500000,0.785570,0.590305,3.000000,2.000000,44.978027,-24.060059,0.000000,0.000000
10.3000,21396,240,0,0,0.066796,0.004822,0.526384,0.000000,0.000000,0.020704,0.631314,1.500000,0.790801,0.592805,3.000000,2.000000,44.912109,-24.257812,0.000000,0.000000
10.3100,21397,240,0,0,0.059179,0.005221,0.479497,0.000000,0.000000,0.013605,0.628363,1.500000,0.796031,0.595305,3.000000,2.000000,44.846191,-24.565430,0.000000,0.000000
10.3200,21398,240,0,0,0.050891,0.005208,0.420122,0.000000,0.000000,0.005120,0.625621,1.500000,0.801261,0.597805,3.000000,2.000000,44.780273,-24.851074,0.000000,0.000000
10.3300,21399,240,0,0,0.042584,0.005433,0.352128,0.000000,0.000000,0.000418,0.623102,1.500000,0.806492,0.600305,3.000000,2.000000,44.692383,-25.004883,0.000000,0.000000
10.3400,21400,240,0,0,0.034885,0.005966,0.280249,0.000000,0.000000,0.000000,0.621955,1.500000,0.811722,0.602804,3.000000,2.000000,44.582520,-25.136719,0.000000,0.000000
10.3500,21401,240,0,0,0.030037,0.006051,0.213790,0.000000,0.000000,0.000000,0.620099,1.500000,0.816952,0.605304,3.000000,2.000000,44.450684,-25.290527,0.000000,0.000000
10.3600,21402,240,0,0,0.027204,0.006352,0.159618,0.000000,0.000000,0.000000,0.616346,1.500000,0.822183,0.607804,3.000000,2.000000,44.296875,-25.444336,0.000000,0.000000
10.3700,21403,240,0,0,0.024824,0.006747,0.117682,0.000000,0.000000,0.000000,0.610330,1.500000,0.827413,0.610304,3.000000,2.000000,44.143066,-25.620117,0.000000,0.000000
10.3800,21404,240,0,0,0.023377,0.007561,0.085761,0.000000,0.000000,0.000000,0.604015,1.500000,0.832643,0.612804,3.000000,2.000000,44.033203,-25.839844,0.000000,0.000000
10.3900,21405,240,0,0,0.021751,0.008530,0.060664,0.000000,0.000000,0.000000,0.596738,1.500000,0.837873,0.615304,3.000000,2.000000,43.879395,-26.059570,0.000000,0.000000
10.4000,21406,240,0,0,0.020288,0.009519,0.039628,0.000000,0.000000,0.000000,0.590436,1.500000,0.843104,0.617803,3.000000,2.000000,43.659668,-26.169434,0.000000,0.000000
10.4100,21407,240,0,0,0.019351,0.010596,0.023790,0.000000,0.000000,0.000000,0.584669,1.500000,0.848334,0.620303,3.000000,2.000000,43.352051,-26.279297,0.000000,0.000000
10.4200,21408,240,0,0,0.018740,0.010933,0.014244,0.000000,0.000000,0.000000,0.577930,1.500000,0.853564,0.622803,3.000000,2.000000,43.000488,-26.389160,0.000000,0.000000
10.4300,21409,240,0,0,0.018860,0.011529,0.008528,0.000000,0.000000,0.000000,0.568977,1.500000,0.858795,0.625303,3.000000,2.000000,42.604980,-26.499023,0.000000,0.000000
10.4400,21410,240,0,0,0.019254,0.013351,0.005106,0.000000,0.000000,0.000000,0.555757,1.500000,0.864025,0.627803,3.000000,2.000000,42.143555,-26.652832,0.000000,0.000000
10.4500,21411,240,0,0,0.019058,0.014005,0.003057,0.000000,0.000000,0.000000,0.534495,1.500000,0.869255,0.630302,3.000000,2.000000,41.638184,-26.872559,0.000000,0.000000
10.4600,21412,240,0,0,0.021259,0.014071,0.003258,0.000000,0.000000,0.000000,0.512212,1.500000,0.874486,0.632802,3.000000,2.000000,41.308594,-27.070312,0.000000,0.000000
10.4700,21413,240,0,0,0.023552,0.013320,0.013128,0.000000,0.000000,0.000000,0.483375,1.500000,0.879716,0.635302,3.000000,2.000000,41.242676,-27.202148,0.000000,0.000000
10.4800,21414,240,0,0,0.022314,0.012479,0.019599,0.000000,0.000000,0.000000,0.438172,1.500000,0.884946,0.637802,3.000000,2.000000,41.242676,-27.333984,0.000000,0.000000
10.4900,21415,240,0,0,0.019789,0.011377,0.014972,0.000000,0.000000,0.000000,0.372799,1.500000,0.890177,0.640302,3.000000,2.000000,41.220703,-27.421875,0.000000,0.000000
10.5000,21416,240,0,0,0.016048,0.009931,0.008964,0.000000,0.138640,0.000000,0.294259,1.500000,0.895407,0.642802,3.000000,2.000000,41.220703,-27.465820,0.000000,0.000000
10.5100,21417,240,0,0,0.012408,0.009028,0.005367,0.000000,0.299469,0.065953,0.203741,1.500000,0.900637,0.645301,3.000000,2.000000,41.220703,-27.487793,0.000000,0.000000
10.5200,21418,240,0,0,0.014414,0.008766,0.003214,0.000000,0.451790,0.200658,0.114646,1.500000,0.905867,0.647801,0.000000,2.000000,41.132812,-27.487793,0.000000,0.000000
10.5300,21419,240,0,0,0.017625,0.008898,0.001924,0.000000,0.623382,0.344123,0.034869,1.500000,0.911098,0.650301,0.000000,2.000000,40.825195,-27.465820,0.000000,0.000000
10.5400,21420,240,0,0,0.023580,0.008860,0.004247,0.000000,0.811676,0.490398,0.000000,1.500000,0.916328,0.652801,0.000000,2.000000,40.275879,-27.421875,0.000000,0.000000
10.5500,21421,240,0,0,0.043052,0.011486,0.059393,0.000000,1.004960,0.633634,0.000000,1.500000,0.921558,0.655301,0.000000,2.000000,39.594727,-27.355957,0.000000,0.000000
10.5600,21422,240,0,0,0.061433,0.015316,0.170040,0.000000,1.190040,0.771080,0.000000,1.500000,0.926789,0.657800,0.000000,2.000000,38.869629,-27.312012,0.000000,0.000000
10.5700,21423,240,0,0,0.072765,0.019257,0.290103,0.000000,1.350989,0.900244,0.000000,1.500000,0.932019,0.660300,0.000000,2.000000,38.078613,-27.246094,0.000000,0.000000
10.5800,21424,240,0,0,0.081780,0.022436,0.399026,0.001142,1.477750,1.023466,0.000000,1.500000,0.003922,0.662800,1.000000,2.000000,37.287598,-27.224121,-0.210000,0.000000
10.5900,21425,240,0,0,0.087514,0.029897,0.494095,0.015946,1.500000,1.135327,0.000000,1.500000,0.009524,0.665300,1.000000,2.000000,36.452637,-27.224121,-0.510000,0.000000
10.6000,21426,240,0,0,0.088902,0.038604,0.561783,0.039956,1.500000,1.241976,0.000000,1.500000,0.015126,0.667800,1.000000,2.000000,35.441895,-27.158203,-0.810000,0.000000
10.6100,21427,240,0,0,0.089323,0.054799,0.605549,0.083916,1.500000,1.334343,0.000000,1.500000,0.020728,0.670300,1.000000,2.000000,34.343262,-26.960449,-1.109999,0.000000
10.6200,21428,240,0,0,0.087226,0.064872,0.628386,0.135989,1.500000,1.416148,0.000000,1.500000,0.026331,0.672799,1.000000,2.000000,33.178711,-26.696777,-1.409999,0.000000
10.6300,21429,240,0,0,0.082325,0.076524,0.625838,0.189399,1.500000,1.486618,0.000000,1.500000,0.031933,0.675299,1.000000,2.000000,32.080078,-26.323242,-1.709999,0.000000
10.6400,21430,240,0,0,0.081077,0.097606,0.612627,0.255764,1.500000,1.500000,0.000000,1.347006,0.037535,0.677799,1.000000,2.000000,31.025391,-25.817871,-2.009999,0.000000
10.6500,21431,240,0,0,0.078867,0.125952,0.600267,0.352780,1.500000,1.500000,0.000000,1.168985,0.043137,0.680299,1.000000,2.000000,29.926758,-25.224609,-2.309998,0.000000
10.6600,21432,240,0,0,0.074420,0.142365,0.577765,0.455965,1.500000,1.500000,0.000000,1.021641,0.048739,0.682799,1.000000,2.000000,28.828125,-24.499512,-2.609998,0.000000
10.6700,21433,240,0,0,0.071664,0.149490,0.550769,0.540696,1.500000,1.500000,0.000000,0.898348,0.054342,0.685299,1.000000,2.000000,27.729492,-23.642578,-2.909998,0.000000
10.6800,21434,240,0,0,0.067314,0.147700,0.521328,0.594741,1.500000,1.500000,0.000000,0.797616,0.059944,0.687798,1.000000,2.000000,26.586914,-22.697754,-3.209997,0.000000
10.6900,21435,240,0,0,0.061435,0.140072,0.481869,0.615667,1.500000,1.500000,0.000000,0.716768,0.065546,0.690298,1.000000,2.000000,25.422363,-21.643066,-3.509997,0.000000
10.7000,21437,240,0,0,0.052181,0.121581,0.395606,0.586029,1.500000,1.500000,0.000000,0.604060,0.076751,0.695298,1.000000,2.000000,23.115234,-19.445801,-4.000000,0.000000
10.7100,21438,240,0,0,0.047607,0.114202,0.351917,0.555058,1.500000,1.500000,0.000000,0.571561,0.082353,0.697798,1.000000,2.000000,21.906738,-18.303223,-4.000000,0.000000
10.7200,21439,240,0,0,0.042940,0.109268,0.306872,0.523543,1.500000,1.500000,0.000000,0.542127,0.087955,0.700297,1.000000,2.000000,20.852051,-17.204590,-3.841230,0.000000
10.7300,21440,240,0,0,0.039619,0.104055,0.264953,0.494747,1.500000,1.500000,0.000000,0.517533,0.093557,0.702797,1.000000,2.000000,19.819336,-16.127930,-3.589715,0.000000
10.7400,21441,240,0,0,0.036304,0.097225,0.227313,0.464744,1.500000,1.500000,0.000000,0.499299,0.099160,0.705297,1.000000,2.000000,18.830566,-15.117188,-3.363877,0.000000
10.7500,21442,240,0,0,0.032808,0.089309,0.191036,0.430699,1.500000,1.500000,0.000000,0.491111,0.104762,0.707797,1.000000,2.000000,17.907715,-14.106445,-3.146216,0.000000
10.7600,21443,240,0,0,0.029989,0.082174,0.157674,0.394402,1.500000,1.500000,0.000000,0.484250,0.110364,0.710297,1.000000,2.000000,17.028809,-13.095703,-2.946043,0.000000
10.7700,21444,240,0,0,0.026842,0.075225,0.125838,0.357634,1.500000,1.500000,0.000000,0.477216,0.115966,0.712797,1.000000,2.000000,16.127930,-12.106934,-2.755028,0.000000
10.7800,21445,240,0,0,0.023143,0.068966,0.093638,0.322425,1.500000,1.500000,0.000000,0.470517,0.121569,0.715296,1.000000,2.000000,15.249023,-11.074219,-2.561828,0.000000
10.7900,21446,240,0,0,0.018671,0.063049,0.059479,0.288675,1.500000,1.500000,0.000000,0.462832,0.127171,0.717796,1.000000,2.000000,14.348145,-10.019531,-2.356871,0.000000
10.8000,21447,240,0,0,0.015012,0.056901,0.035612,0.255860,1.500000,1.500000,0.000000,0.459242,0.132773,0.720296,1.000000,2.000000,13.557129,-8.942871,-2.213672,0.000000
10.8100,21448,240,0,0,0.013104,0.050245,0.021322,0.222216,1.500000,1.500000,0.000000,0.454464,0.138375,0.722796,1.000000,2.000000,12.766113,-7.866211,-2.127933,0.000000
10.8200,21449,240,0,0,0.011881,0.043789,0.012766,0.188470,1.433729,1.500000,0.000000,0.447905,0.143978,0.725296,1.000000,2.000000,12.062988,-6.745605,-2.076598,0.000000
10.8300,21450,240,0,0,0.010026,0.037465,0.007644,0.154854,1.371117,1.500000,0.000000,0.449152,0.149580,0.727795,1.000000,2.000000,11.271973,-5.625000,-2.045862,0.000000
10.8400,21451,240,0,0,0.008220,0.031990,0.004577,0.122521,1.321259,1.500000,0.000000,0.448683,0.155182,0.730295,1.000000,2.000000,10.437012,-4.438477,-2.027459,0.000000
10.8500,21452,240,0,0,0.007290,0.028101,0.002740,0.093573,1.284271,1.500000,0.000000,0.446602,0.160784,0.732795,1.000000,2.000000,9.667969,-3.251953,-2.016441,0.000000
10.8600,21453,240,0,0,0.005745,0.025029,0.001641,0.069222,1.259678,1.500000,0.000000,0.444671,0.166387,0.735295,1.000000,2.000000,8.854980,-2.065430,-2.009844,0.000000
10.8700,21454,240,0,0,0.004774,0.022319,0.000982,0.048164,1.252381,1.500000,0.000000,0.446183,0.171989,0.737795,1.000000,2.000000,8.085938,-0.856934,-2.005894,0.000000
10.8800,21455,240,0,0,0.004005,0.019714,0.000588,0.030648,1.249903,1.500000,0.000000,0.447600,0.177591,0.740295,1.000000,2.000000,7.382812,0.329590,-2.003529,0.000000
10.8900,21456,240,0,0,0.003863,0.016970,0.000352,0.018350,1.256127,1.500000,0.000000,0.448611,0.183193,0.742794,1.000000,2.000000,6.591797,1.516113,-2.002113,0.000000
10.9000,21457,240,0,0,0.003845,0.015356,0.000211,0.010987,1.267380,1.500000,0.000000,0.452498,0.188796,0.745294,1.000000,2.000000,5.888672,2.702637,-2.001265,0.000000
10.9100,21458,240,0,0,0.003212,0.013961,0.000126,0.006578,1.284019,1.500000,0.000000,0.456812,0.194398,0.747794,1.000000,2.000000,5.207520,3.889160,-2.000757,0.000000
10.9200,21459,240,0,0,0.003053,0.012531,0.000076,0.003939,1.305343,1.500000,0.000000,0.458917,0.200000,0.750294,1.000000,2.000000,4.482422,5.031738,-1.760684,0.000000
10.9300,21460,240,0,0,0.003239,0.011114,0.000045,0.002358,1.337304,1.500000,0.000000,0.463445,0.205602,0.752794,1.000000,2.000000,3.955078,6.218262,-1.460684,0.000000
10.9400,21461,240,0,0,0.003112,0.008872,0.000027,0.001412,1.364907,1.500000,0.000000,0.464019,0.211204,0.755293,1.000000,2.000000,3.559570,7.360840,-1.160684,0.000000
10.9500,21462,240,0,0,0.003576,0.007142,0.000016,0.000845,1.407066,1.500000,0.000000,0.466206,0.216807,0.757793,1.000000,2.000000,3.208008,8.481445,-0.860685,0.000000
10.9600,21463,240,0,0,0.003079,0.005599,0.000010,0.000506,1.442211,1.500000,0.000000,0.469662,0.222409,0.760293,1.000000,2.000000,2.900391,9.602051,-0.560685,0.000000
10.9700,21464,240,0,0,0.003487,0.004858,0.000006,0.000303,1.483242,1.500000,0.000000,0.474491,0.228011,0.762793,1.000000,2.000000,2.592773,10.722656,-0.260685,0.000000
10.9800,21465,240,0,0,0.003346,0.005126,0.000003,0.000181,1.500000,1.500000,0.000000,0.480709,0.233613,0.765293,1.000000,2.000000,2.329102,11.843262,0.000000,0.000000
10.9900,21466,240,0,0,0.002986,0.005887,0.000002,0.000109,1.500000,1.500000,0.000000,0.483072,0.239216,0.767793,1.000000,2.000000,2.065430,12.919922,0.000000,0.000000
11.0000,21467,240,0,0,0.003804,0.005782,0.000001,0.000065,1.500000,1.500000,0.000000,0.486826,0.244818,0.770292,1.000000,2.000000,1.801758,13.952637,0.000000,0.000000
11.0100,21468,240,0,0,0.004507,0.006028,0.000001,0.000039,1.500000,1.500000,0.000000,0.490100,0.250420,0.772792,1.000000,2.000000,1.560059,14.985352,0.000000,0.000000
11.0200,21469,240,0,0,0.004225,0.005985,0.000000,0.000023,1.500000,1.500000,0.000000,0.494259,0.256022,0.775292,1.000000,2.000000,1.340332,15.974121,0.000000,0.000000
11.0300,21470,240,0,0,0.003992,0.005502,0.000000,0.000014,1.500000,1.500000,0.000000,0.495349,0.261625,0.777792,1.000000,2.000000,1.098633,16.875000,0.000000,0.000000
11.0400,21471,240,0,0,0.003767,0.004816,0.000000,0.000008,1.500000,1.500000,0.000000,0.497165,0.267227,0.780292,1.000000,2.000000,0.747070,17.666016,0.000000,0.000000
11.0500,21472,240,0,0,0.003682,0.004782,0.000000,0.000005,1.500000,1.500000,0.000000,0.499431,0.272829,0.782791,1.000000,2.000000,0.307617,18.391113,0.000000,0.000000
11.0600,21473,240,0,0,0.003595,0.004471,0.000000,0.000003,1.500000,1.500000,0.000000,0.501738,0.278431,0.785291,1.000000,2.000000,-0.153809,19.006348,0.000000,0.000000
11.0700,21474,240,0,0,0.003524,0.003982,0.000000,0.000002,1.500000,1.500000,0.000000,0.503943,0.284034,0.787791,1.000000,2.000000,-0.593262,19.533691,0.000000,0.000000
11.0800,21475,240,0,0,0.003502,0.003418,0.000000,0.000001,1.500000,1.500000,0.000000,0.506212,0.289636,0.790291,1.000000,2.000000,-1.054688,19.951172,0.000000,0.000000
11.0900,21476,240,0,0,0.003287,0.003039,0.000000,0.000001,1.500000,1.500000,0.000000,0.505817,0.295238,0.792791,1.000000,2.000000,-1.472168,20.302734,0.000000,0.000000
11.1000,21477,240,0,0,0.003282,0.002980,0.000000,0.000000,1.500000,1.500000,0.000000,0.508611,0.300840,0.795291,1.000000,2.000000,-1.801758,20.566406,0.000000,0.000000
11.1100,21478,240,0,0,0.003015,0.002685,0.000000,0.000000,1.500000,1.500000,0.000000,0.509800,0.306443,0.797790,1.000000,2.000000,-2.087402,20.764160,0.000000,0.000000
11.1200,21479,240,0,0,0.003083,0.002753,0.000000,0.000000,1.500000,1.500000,0.000000,0.511081,0.312045,0.800290,1.000000,2.000000,-2.307129,20.917969,0.000000,0.000000
11.1300,21480,240,0,0,0.003915,0.003276,0.000000,0.000000,1.500000,1.500000,0.000000,0.512899,0.317647,0.802790,1.000000,2.000000,-2.482910,21.071777,0.000000,0.000000
11.1400,21481,240,0,0,0.003892,0.002837,0.000000,0.000000,1.500000,1.500000,0.000000,0.511901,0.323249,0.805290,1.000000,2.000000,-2.592773,21.203613,0.000000,0.000000
11.1500,21482,240,0,0,0.004606,0.002445,0.000000,0.000000,1.500000,1.500000,0.000000,0.513116,0.328852,0.807790,1.000000,2.000000,-2.658691,21.291504,0.000000,0.000000
11.1600,21483,240,0,0,0.004508,0.002408,0.000000,0.000000,1.500000,1.500000,0.000000,0.515127,0.334454,0.810289,1.000000,2.000000,-2.658691,21.357422,0.000000,0.000000
11.1700,21484,240,0,0,0.004086,0.002517,0.000000,0.000000,1.500000,1.500000,0.000000,0.515446,0.340056,0.812789,1.000000,2.000000,-2.658691,21.379395,0.000000,0.000000
11.1800,21485,240,0,0,0.003365,0.003758,0.000000,0.000000,1.500000,1.500000,0.000000,0.513381,0.345658,0.815289,1.000000,2.000000,-2.658691,21.379395,0.000000,0.000000
11.1900,21487,240,0,0,0.009940,0.006003,0.000000,0.000000,1.500000,1.500000,0.000000,0.512704,0.356863,0.820289,1.000000,2.000000,-2.702637,21.401367,0.000000,0.000000
11.2000,21488,240,0,0,0.016669,0.006634,0.000000,0.000000,1.500000,1.500000,0.000000,0.513598,0.362465,0.822789,1.000000,2.000000,-2.790527,21.401367,0.000000,0.000000
11.2100,21489,240,0,0,0.018989,0.006668,0.000000,0.000000,1.500000,1.500000,0.000000,0.512658,0.368067,0.825288,1.000000,2.000000,-2.988281,21.401367,0.000000,0.000000
11.2200,21490,240,0,0,0.019458,0.005608,0.000000,0.000000,1.500000,1.500000,0.000000,0.510511,0.373669,0.827788,1.000000,2.000000,-3.186035,21.401367,0.000000,0.000000
11.2300,21491,240,0,0,0.017600,0.004315,0.000000,0.000000,1.500000,1.500000,0.000000,0.506321,0.379272,0.830288,1.000000,2.000000,-3.361816,21.379395,0.000000,0.000000
11.2400,21492,240,0,0,0.016126,0.004166,0.000000,0.000000,1.500000,1.500000,0.000000,0.487445,0.384874,0.832788,1.000000,2.000000,-3.581543,21.335449,0.000000,0.000000
11.2500,21493,240,0,0,0.015673,0.005441,0.000000,0.000000,1.500000,1.500000,0.000000,0.422720,0.390476,0.835288,1.000000,2.000000,-3.779297,21.247559,0.000000,0.000000
11.2600,21494,240,0,0,0.022189,0.007064,0.001609,0.000000,1.500000,1.500000,0.000000,0.431781,0.396078,0.837787,1.000000,2.000000,-3.933105,21.071777,0.000000,0.000000
11.2700,21495,240,0,0,0.033655,0.007895,0.036407,0.000000,1.500000,1.500000,0.000000,0.471762,0.401681,0.840287,1.000000,2.000000,-4.042969,20.895996,0.000000,0.000000
11.2800,21496,240,0,0,0.039442,0.006169,0.090581,0.000000,1.500000,1.500000,0.000000,0.529443,0.407283,0.842787,1.000000,2.000000,-4.152832,20.698242,0.000000,0.000000
11.2900,21497,240,0,0,0.040131,0.004941,0.131910,0.000000,1.500000,1.500000,0.000000,0.583780,0.412885,0.845287,1.000000,2.000000,-4.262695,20.544434,0.000000,0.000000
11.3000,21498,240,0,0,0.039326,0.004225,0.155217,0.000000,1.485713,1.500000,0.000000,0.598980,0.418487,0.847787,1.000000,2.000000,-4.372559,20.368652,0.000000,0.000000
11.3100,21499,240,0,0,0.037874,0.006567,0.164799,0.000000,1.391207,1.500000,0.023212,0.630607,0.424090,0.850287,1.000000,2.000000,-4.460449,20.148926,0.000000,0.000000
11.3200,21500,240,0,0,0.036771,0.009432,0.165596,0.000000,1.279259,1.500000,0.146636,0.700259,0.429692,0.852786,1.000000,2.000000,-4.548340,19.907227,0.000000,0.000000
11.3300,21501,240,0,0,0.036304,0.010018,0.162987,0.000000,1.144966,1.500000,0.245474,0.799532,0.435294,0.855286,1.000000,2.000000,-4.636230,19.753418,0.000000,0.000000
11.3400,21502,240,0,0,0.035669,0.014854,0.159477,0.000000,0.983531,1.500000,0.325641,0.913453,0.440896,0.857786,1.000000,2.000000,-4.702148,19.665527,0.000000,0.000000
11.3500,21503,240,0,0,0.033792,0.022570,0.151901,0.001606,0.812913,1.500000,0.393285,1.030497,0.446499,0.860286,1.000000,2.000000,-4.746094,19.533691,0.000000,0.000000
11.3600,21504,240,0,0,0.032375,0.027043,0.141607,0.011936,0.615286,1.500000,0.454340,1.155465,0.452101,0.862786,1.000000,2.000000,-4.702148,19.270020,0.000000,0.000000
11.3700,21505,240,0,0,0.031076,0.031130,0.129108,0.026912,0.304300,1.500000,0.518656,1.280810,0.457703,0.865285,2.000000,2.000000,-4.658203,18.830566,0.000000,0.000000
11.3800,21506,240,0,0,0.031542,0.037356,0.120633,0.047402,0.000000,1.500000,0.586293,1.407366,0.463305,0.867785,2.000000,2.000000,-4.592285,18.215332,0.000000,0.000000
11.3900,21507,240,0,0,0.032162,0.039092,0.118737,0.068042,0.000000,1.500000,0.652990,1.500000,0.468908,0.870285,2.000000,2.000000,-4.438477,17.512207,0.000000,0.000000
11.4000,21508,240,0,0,0.030372,0.037316,0.114968,0.078607,0.000000,1.500000,0.715908,1.500000,0.474510,0.872785,2.000000,2.000000,-4.240723,16.787109,0.000000,0.000000
11.4100,21509,240,0,0,0.028774,0.035909,0.105267,0.081492,0.000000,1.500000,0.772524,1.500000,0.480112,0.875285,2.000000,2.000000,-3.977051,16.105957,0.000000,0.000000
11.4200,21510,240,0,0,0.026848,0.034786,0.092675,0.080542,0.000000,1.500000,0.824445,1.500000,0.485714,0.877785,2.000000,2.000000,-3.669434,15.402832,0.000000,0.000000
11.4300,21511,240,0,0,0.025023,0.036755,0.077494,0.081509,0.000000,1.500000,0.871657,1.500000,0.491317,0.880284,2.000000,2.000000,-3.339844,14.765625,0.000000,0.000000
11.4400,21512,240,0,0,0.026966,0.038323,0.069146,0.086425,0.000000,1.500000,0.915140,1.500000,0.496919,0.882784,2.000000,2.000000,-2.944336,14.084473,0.000000,0.000000
11.4500,21513,240,0,0,0.029841,0.037562,0.076040,0.089436,0.000000,1.500000,0.956956,1.500000,0.502521,0.885284,2.000000,2.000000,-2.482910,13.359375,0.000000,0.000000
11.4600,21514,240,0,0,0.028345,0.035208,0.081379,0.087470,0.000000,1.500000,0.994992,1.500000,0.508123,0.887784,2.000000,2.000000,-1.911621,12.612305,0.000000,0.000000
11.4700,21515,240,0,0,0.027013,0.032709,0.076551,0.081429,0.000000,1.500000,1.026887,1.500000,0.513726,0.890284,2.000000,2.000000,-1.230469,11.843262,0.000000,0.000000
11.4800,21516,240,0,0,0.029217,0.030465,0.078281,0.072459,0.000000,1.500000,1.055132,1.500000,0.519328,0.892783,2.000000,2.000000,-0.417480,11.074219,0.000000,0.000000
11.4900,21517,240,0,0,0.028554,0.028015,0.082519,0.062562,0.000000,1.500000,1.080835,1.500000,0.524930,0.895283,2.000000,2.000000,0.505371,10.305176,0.000000,0.000000
11.5000,21518,240,0,0,0.025214,0.023505,0.074591,0.048850,0.000000,1.489195,1.103597,1.500000,0.530532,0.897783,2.000000,2.000000,1.582031,9.514160,0.000000,0.000000
11.5100,21519,240,0,0,0.025080,0.019157,0.062155,0.031195,0.000000,1.360047,1.123608,1.500000,0.536134,0.900283,2.000000,2.000000,2.702637,8.723145,0.000000,0.000000
11.5200,21520,240,0,0,0.034453,0.016689,0.074845,0.018678,0.000000,1.247175,1.139206,1.500000,0.541737,0.902783,2.000000,2.000000,3.889160,7.932129,0.000000,0.000000
11.5300,21521,240,0,0,0.051755,0.014451,0.140675,0.011183,0.000000,1.155338,1.152775,1.500000,0.547339,0.905283,2.000000,2.000000,5.119629,7.141113,0.000000,0.000000
11.5400,21522,240,0,0,0.064268,0.013987,0.239110,0.006696,0.000000,1.078001,1.165109,1.500000,0.552941,0.907782,2.000000,2.000000,6.416016,6.350098,0.000000,0.000000
11.5500,21523,240,0,0,0.069047,0.013623,0.328187,0.004009,0.000000,1.012408,1.175879,1.500000,0.558543,0.910282,2.000000,2.000000,7.756348,5.515137,0.000000,0.000000
11.5600,21524,240,0,0,0.068454,0.013526,0.385722,0.002400,0.000000,0.949955,1.183689,1.500000,0.564146,0.912782,2.000000,2.000000,9.118652,4.658203,0.000000,0.000000
11.5700,21525,240,0,0,0.070605,0.013439,0.422789,0.001437,0.000000,0.893970,1.190821,1.500000,0.569748,0.915282,2.000000,2.000000,10.546875,3.757324,0.000000,0.000000
11.5800,21526,240,0,0,0.073906,0.013200,0.457534,0.000860,0.000000,0.844085,1.199109,1.500000,0.575350,0.917782,2.000000,2.000000,11.953125,2.812500,0.000000,0.000000
11.5900,21527,240,0,0,0.076012,0.013087,0.489117,0.000515,0.000000,0.798492,1.206879,1.500000,0.580952,0.920281,2.000000,2.000000,13.359375,1.845703,0.000000,0.000000
11.6000,21528,240,0,0,0.075077,0.011449,0.508880,0.000308,0.000000,0.750806,1.215006,1.500000,0.586555,0.922781,2.000000,2.000000,14.743652,0.834961,0.000000,0.000000
11.6100,21529,240,0,0,0.072368,0.010741,0.512817,0.000185,0.000000,0.707590,1.221690,1.500000,0.592157,0.925281,2.000000,2.000000,16.105957,-0.153809,0.000000,0.000000
11.6200,21530,240,0,0,0.067562,0.009987,0.499956,0.000111,0.000000,0.667493,1.230052,1.500000,0.597759,0.927781,2.000000,2.000000,17.446289,-1.186523,0.000000,0.000000
11.6300,21531,240,0,0,0.062010,0.008893,0.471324,0.000066,0.000000,0.625886,1.238080,1.500000,0.603361,0.930281,2.000000,2.000000,18.742676,-2.197266,0.000000,0.000000
11.6400,21532,240,0,0,0.056407,0.006777,0.432226,0.000040,0.000000,0.587293,1.244947,1.500000,0.608964,0.932781,2.000000,2.000000,19.995117,-3.164062,0.000000,0.000000
11.6500,21533,240,0,0,0.051905,0.005488,0.390191,0.000024,0.000000,0.552112,1.251952,1.500000,0.614566,0.935280,2.000000,2.000000,21.203613,-4.086914,0.000000,0.000000
11.6600,21534,240,0,0,0.047193,0.004397,0.346495,0.000014,0.000000,0.518105,1.257040,1.500000,0.620168,0.937780,2.000000,2.000000,22.412109,-5.009766,0.000000,0.000000
11.6700,21535,240,0,0,0.043328,0.003514,0.303959,0.000009,0.000000,0.489283,1.263852,1.500000,0.625770,0.940280,2.000000,2.000000,23.554688,-5.932617,0.000000,0.000000
11.6800,21537,240,0,0,0.039749,0.002458,0.235744,0.000003,0.000000,0.436448,1.273994,1.500000,0.636975,0.945280,2.000000,2.000000,25.751953,-7.712402,0.000000,0.000000
11.6900,21538,240,0,0,0.039712,0.002214,0.218399,0.000002,0.000000,0.413137,1.278353,1.500000,0.642577,0.947779,2.000000,2.000000,26.850586,-8.591309,0.000000,0.000000
11.7000,21539,240,0,0,0.039032,0.002206,0.206202,0.000001,0.000000,0.391441,1.283020,1.500000,0.648179,0.950279,2.000000,2.000000,27.971191,-9.470215,0.000000,0.000000
11.7100,21540,240,0,0,0.036919,0.002270,0.192803,0.000001,0.000000,0.369071,1.286198,1.500000,0.653782,0.952779,2.000000,2.000000,29.091797,-10.327148,0.000000,0.000000
11.7200,21541,240,0,0,0.032883,0.003170,0.171954,0.000000,0.000000,0.350371,1.289903,1.500000,0.659384,0.955279,2.000000,2.000000,30.190430,-11.140137,0.000000,0.000000
11.7300,21542,240,0,0,0.029778,0.004089,0.146110,0.000000,0.000000,0.332259,1.293832,1.500000,0.664986,0.957779,3.000000,2.000000,31.311035,-11.931152,0.000000,0.000000
11.7400,21543,240,0,0,0.025755,0.004816,0.116522,0.000000,0.000000,0.314186,1.297692,1.500000,0.670588,0.960279,3.000000,2.000000,32.453613,-12.656250,0.000000,0.000000
11.7500,21544,240,0,0,0.020760,0.004588,0.080600,0.000000,0.000000,0.293401,1.302902,1.500000,0.676190,0.962778,3.000000,2.000000,33.552246,-13.359375,0.000000,0.000000
11.7600,21545,240,0,0,0.015652,0.005168,0.048332,0.000000,0.000000,0.279148,1.308200,1.500000,0.681793,0.965278,3.000000,2.000000,34.650879,-14.040527,0.000000,0.000000
11.7700,21546,240,0,0,0.012139,0.005398,0.028938,0.000000,0.000000,0.264401,1.314091,1.500000,0.687395,0.967778,3.000000,2.000000,35.727539,-14.699707,0.000000,0.000000
11.7800,21547,240,0,0,0.011978,0.005441,0.017326,0.000000,0.000000,0.250343,1.322628,1.500000,0.692997,0.970278,3.000000,2.000000,36.804199,-15.292969,0.000000,0.000000
11.7900,21548,240,0,0,0.014254,0.006149,0.010374,0.000000,0.000000,0.236156,1.332259,1.500000,0.698599,0.972778,3.000000,2.000000,37.880859,-15.842285,0.000000,0.000000
11.8000,21549,240,0,0,0.015809,0.006506,0.006211,0.000000,0.000000,0.224578,1.341071,1.500000,0.704202,0.975277,3.000000,2.000000,38.935547,-16.325684,0.000000,0.000000
11.8100,21550,240,0,0,0.014899,0.007104,0.003719,0.000000,0.000000,0.210740,1.350744,1.500000,0.709804,0.977777,3.000000,2.000000,39.946289,-16.809082,0.000000,0.000000
11.8200,21551,240,0,0,0.012318,0.008030,0.002227,0.000000,0.000000,0.198062,1.360099,1.500000,0.715406,0.980277,3.000000,2.000000,40.913086,-17.248535,0.000000,0.000000
11.8300,21552,240,0,0,0.009590,0.008638,0.001333,0.000000,0.000000,0.185832,1.369867,1.500000,0.721008,0.982777,3.000000,2.000000,41.835938,-17.731934,0.000000,0.000000
11.8400,21553,240,0,0,0.008553,0.008775,0.000798,0.000000,0.000000,0.171468,1.379632,1.500000,0.726611,0.985277,3.000000,2.000000,42.714844,-18.083496,0.000000,0.000000
11.8500,21554,240,0,0,0.009858,0.008876,0.000478,0.000000,0.000000,0.163051,1.388464,1.500000,0.732213,0.987777,3.000000,2.000000,43.527832,-18.435059,0.000000,0.000000
11.8600,21555,240,0,0,0.011144,0.008292,0.000286,0.000000,0.000000,0.151053,1.397430,1.500000,0.737815,0.990276,3.000000,2.000000,44.274902,-18.786621,0.000000,0.000000
11.8700,21556,240,0,0,0.012350,0.007425,0.000171,0.000000,0.000000,0.142774,1.404910,1.500000,0.743417,0.992776,3.000000,2.000000,44.956055,-19.028320,0.000000,0.000000
11.8800,21557,240,0,0,0.010156,0.005655,0.000103,0.000000,0.000000,0.134009,1.411371,1.500000,0.749020,0.995276,3.000000,2.000000,45.527344,-19.248047,0.000000,0.000000
11.8900,21558,240,0,0,0.015255,0.004472,0.000061,0.000000,0.000000,0.124183,1.419499,1.500000,0.754622,0.997776,3.000000,2.000000,46.032715,-19.445801,0.000000,0.000000
11.9000,21559,240,0,0,0.025215,0.003777,0.007256,0.000000,0.000000,0.112280,1.426117,1.500000,0.760224,0.000276,3.000000,2.000000,46.472168,-19.577637,0.000000,0.000000
11.9100,21560,240,0,0,0.034967,0.003965,0.047163,0.000000,0.000000,0.107523,1.432460,1.500000,0.765826,0.002776,3.000000,2.000000,46.801758,-19.621582,0.000000,0.000000
11.9200,21561,240,0,0,0.044350,0.003695,0.108522,0.000000,0.000000,0.101668,1.439158,1.500000,0.771429,0.005276,3.000000,2.000000,47.087402,-19.665527,0.000000,0.000000
11.9300,21562,240,0,0,0.053679,0.003131,0.181328,0.000000,0.000000,0.093548,1.446211,1.500000,0.777031,0.007776,3.000000,2.000000,47.329102,-19.687500,0.000000,0.000000
11.9400,21563,240,0,0,0.061333,0.002673,0.257864,0.000000,0.000000,0.085364,1.452112,1.500000,0.782633,0.010276,3.000000,2.000000,47.570801,-19.709473,0.000000,0.000000
11.9500,21564,240,0,0,0.069499,0.002507,0.333112,0.000000,0.000000,0.079743,1.457944,1.500000,0.788235,0.012776,3.000000,2.000000,47.680664,-19.753418,0.000000,0.000000
11.9600,21565,240,0,0,0.076888,0.002745,0.409688,0.000000,0.000000,0.073912,1.461400,1.500000,0.793838,0.015276,3.000000,2.000000,47.724609,-19.819336,0.000000,0.000000
11.9700,21566,240,0,0,0.079036,0.002759,0.473394,0.000000,0.000000,0.066917,1.462944,1.500000,0.799440,0.017776,3.000000,2.000000,47.790527,-19.929199,0.000000,0.000000
11.9800,21567,240,0,0,0.076295,0.003951,0.506960,0.000000,0.000000,0.062943,1.465746,1.500000,0.805042,0.020276,3.000000,2.000000,47.834473,-20.104980,0.000000,0.000000
11.9900,21568,240,0,0,0.071450,0.004214,0.511925,0.000000,0.000000,0.057281,1.468373,1.500000,0.810644,0.022776,3.000000,2.000000,47.878418,-20.280762,0.000000,0.000000
12.0000,21569,240,0,0,0.064537,0.004800,0.490743,0.000000,0.000000,0.051421,1.471193,1.500000,0.816247,0.025276,3.000000,2.000000,47.856445,-20.434570,0.000000,0.000000
12.0100,21570,240,0,0,0.058128,0.005511,0.451669,0.000000,0.000000,0.044056,1.472946,1.500000,0.821849,0.027776,3.000000,2.000000,47.768555,-20.566406,0.000000,0.000000
12.0200,21571,240,0,0,0.053530,0.005944,0.407453,0.000000,0.000000,0.036836,1.474478,1.500000,0.827451,0.030276,3.000000,2.000000,47.658691,-20.742188,0.000000,0.000000
12.0300,21572,240,0,0,0.049958,0.006806,0.365692,0.000000,0.000000,0.033529,1.474212,1.500000,0.833053,0.032776,3.000000,2.000000,47.438965,-20.917969,0.000000,0.000000
12.0400,21573,240,0,0,0.046842,0.007499,0.328593,0.000000,0.000000,0.029811,1.474972,1.500000,0.838655,0.035276,3.000000,2.000000,47.219238,-21.049805,0.000000,0.000000
12.0500,21574,240,0,0,0.042589,0.008162,0.291457,0.000000,0.000000,0.024258,1.472541,1.500000,0.844258,0.037776,3.000000,2.000000,46.999512,-21.159668,0.000000,0.000000
12.0600,21575,240,0,0,0.038212,0.009637,0.252271,0.000000,0.000000,0.020827,1.471048,1.500000,0.849860,0.040276,3.000000,2.000000,46.713867,-21.313477,0.000000,0.000000
12.0700,21576,240,0,0,0.034985,0.009773,0.213750,0.000000,0.000000,0.018920,1.469242,1.500000,0.855462,0.042776,3.000000,2.000000,46.384277,-21.511230,0.000000,0.000000
12.0800,21577,240,0,0,0.031989,0.009889,0.179581,0.000000,0.000000,0.000000,1.463816,1.500000,0.861064,0.045276,3.000000,2.000000,46.054688,-21.687012,0.000000,0.000000
12.0900,21578,240,0,0,0.027902,0.011114,0.144769,0.000000,0.000000,0.000000,1.456915,1.500000,0.866667,0.047776,3.000000,2.000000,45.725098,-21.774902,0.000000,0.000000
12.1000,21579,240,0,0,0.024062,0.011817,0.108519,0.000000,0.000000,0.000000,1.443605,1.500000,0.872269,0.050276,3.000000,2.000000,45.329590,-21.818848,0.000000,0.000000
12.1100,21580,240,0,0,0.019836,0.012541,0.070906,0.000000,0.000000,0.000000,1.427665,1.500000,0.877871,0.052776,3.000000,2.000000,45.000000,-21.884766,0.000000,0.000000
12.1200,21581,240,0,0,0.016056,0.012878,0.042454,0.000000,0.000000,0.000000,1.408235,1.500000,0.883473,0.055276,3.000000,2.000000,44.868164,-21.950684,0.000000,0.000000
12.1300,21582,240,0,0,0.012484,0.012673,0.025419,0.000000,0.000000,0.000000,1.381650,1.500000,0.889076,0.057776,3.000000,2.000000,44.824219,-22.038574,0.000000,0.000000
12.1400,21583,240,0,0,0.009597,0.012884,0.015219,0.000000,0.000000,0.000000,1.351432,1.500000,0.894678,0.060276,3.000000,2.000000,44.802246,-22.236328,0.000000,0.000000
12.1500,21584,240,0,0,0.007813,0.013067,0.009112,0.000000,0.000000,0.000000,1.321138,1.500000,0.900280,0.062776,3.000000,2.000000,44.802246,-22.456055,0.000000,0.000000
12.1600,21585,240,0,0,0.007176,0.013041,0.005456,0.000000,0.000000,0.000000,1.292076,1.500000,0.905882,0.065276,3.000000,2.000000,44.824219,-22.631836,0.000000,0.000000
12.1700,21587,240,0,0,0.006969,0.012200,0.001956,0.000000,0.000000,0.000000,1.239529,1.500000,0.917087,0.070276,3.000000,2.000000,44.868164,-23.115234,0.000000,0.000000
12.1800,21588,240,0,0,0.005749,0.011357,0.001171,0.000000,0.000000,0.051647,1.207953,1.500000,0.922689,0.072776,3.000000,2.000000,44.890137,-23.291016,0.000000,0.000000
12.1900,21589,240,0,0,0.004557,0.009871,0.000701,0.000000,0.000000,0.147918,1.172064,1.500000,0.928291,0.075276,3.000000,2.000000,44.868164,-23.444824,0.000000,0.000000
12.2000,21590,240,0,0,0.004365,0.009184,0.000420,0.000000,0.000000,0.268433,1.131481,1.500000,0.933894,0.077776,3.000000,2.000000,44.824219,-23.664551,0.000000,0.000000
12.2100,21591,240,0,0,0.004490,0.008414,0.000251,0.000000,0.000000,0.407420,1.085887,1.500000,0.939496,0.080276,0.000000,2.000000,44.714355,-23.906250,0.000000,0.000000
12.2200,21592,240,0,0,0.004553,0.007802,0.000150,0.000000,0.000000,0.563932,1.035172,1.500000,0.945098,0.082776,0.000000,2.000000,44.560547,-24.082031,0.000000,0.000000
12.2300,21593,240,0,0,0.005257,0.008189,0.000090,0.000000,0.000000,0.725269,0.965726,1.500000,0.950700,0.085276,0.000000,2.000000,44.318848,-24.235840,0.000000,0.000000
12.2400,21594,240,0,0,0.008454,0.008187,0.000054,0.000000,0.000000,0.893336,0.863608,1.500000,0.956303,0.087776,0.000000,2.000000,43.989258,-24.389648,0.000000,0.000000
12.2500,21595,240,0,0,0.009480,0.007795,0.000032,0.000000,0.000000,1.057461,0.726715,1.500000,0.961905,0.090275,0.000000,2.000000,43.615723,-24.565430,0.000000,0.000000
12.2600,21596,240,0,0,0.011074,0.008629,0.000019,0.000000,0.046186,1.210679,0.548060,1.500000,0.967507,0.092775,0.000000,2.000000,43.242188,-24.719238,0.000000,0.000000
12.2700,21597,240,0,0,0.017674,0.009423,0.000012,0.000000,0.113014,1.361718,0.323791,1.500000,0.973109,0.095275,0.000000,2.000000,42.802734,-24.895020,0.000000,0.000000
12.2800,21598,240,0,0,0.020358,0.009866,0.000259,0.000000,0.184161,1.500000,0.121654,1.500000,0.978711,0.097775,0.000000,2.000000,42.385254,-25.048828,0.000000,0.000000
12.2900,21599,240,0,0,0.024013,0.009538,0.008664,0.000000,0.261688,1.500000,0.000000,1.500000,0.984314,0.100275,0.000000,2.000000,41.967773,-25.180664,0.000000,0.000000
12.3000,21600,240,0,0,0.029416,0.009735,0.034679,0.000000,0.349469,1.500000,0.000000,1.500000,0.989916,0.102775,0.000000,2.000000,41.440430,-25.312500,0.000000,0.000000
12.3100,21601,240,0,0,0.035104,0.011684,0.066977,0.000000,0.458727,1.500000,0.000000,1.500000,0.005659,0.105275,1.000000,2.000000,40.825195,-25.444336,-0.300000,0.000000
12.3200,21602,240,0,0,0.050474,0.012416,0.134632,0.000000,0.584883,1.500000,0.000000,1.500000,0.011319,0.107775,1.000000,2.000000,40.056152,-25.554199,-0.600000,0.000000
12.3300,21603,240,0,0,0.063202,0.013541,0.229599,0.000000,0.725002,1.500000,0.000000,1.500000,0.016978,0.110275,1.000000,2.000000,38.957520,-25.642090,-0.900000,0.000000
12.3400,21604,240,0,0,0.076613,0.012837,0.335340,0.000000,0.870019,1.500000,0.000000,1.500000,0.022637,0.112775,1.000000,2.000000,37.617188,-25.729980,-1.199999,0.000000
12.3500,21605,240,0,0,0.086751,0.017909,0.446085,0.000000,1.008019,1.500000,0.000000,1.500000,0.028297,0.115275,1.000000,2.000000,36.210938,-25.773926,-1.499999,0.000000
12.3600,21606,240,0,0,0.091643,0.031805,0.539141,0.013320,1.141241,1.500000,0.000000,1.500000,0.033956,0.117775,1.000000,2.000000,35.046387,-25.751953,-1.799999,0.000000
12.3700,21607,240,0,0,0.091709,0.043527,0.601875,0.048475,1.265479,1.500000,0.000000,1.500000,0.039615,0.120275,1.000000,2.000000,33.947754,-25.642090,-2.099998,0.000000
12.3800,21608,240,0,0,0.093446,0.048691,0.640279,0.085935,1.382447,1.500000,0.000000,1.500000,0.045274,0.122775,1.000000,2.000000,32.783203,-25.444336,-2.399998,0.000000
12.3900,21609,240,0,0,0.098412,0.049582,0.681230,0.113450,1.489752,1.500000,0.000000,1.500000,0.050934,0.125275,1.000000,2.000000,31.596680,-25.136719,-2.699998,0.000000
12.4000,21610,240,0,0,0.097671,0.050348,0.713145,0.130996,1.500000,1.500000,0.000000,1.500000,0.056593,0.127775,1.000000,2.000000,30.454102,-24.741211,-2.999998,0.000000
12.4100,21611,240,0,0,0.094439,0.051300,0.719973,0.143366,1.500000,1.500000,0.000000,1.500000,0.062252,0.130275,1.000000,2.000000,29.289551,-24.235840,-3.299997,0.000000
12.4200,21612,240,0,0,0.093892,0.049336,0.719499,0.150001,1.500000,1.500000,0.000000,1.500000,0.067912,0.132775,1.000000,2.000000,28.103027,-23.510742,-3.599997,0.000000
12.4300,21613,240,0,0,0.089157,0.043489,0.708455,0.144380,1.500000,1.500000,0.000000,1.500000,0.073571,0.135275,1.000000,2.000000,26.894531,-22.697754,-3.899997,0.000000
12.4400,21614,240,0,0,0.082889,0.037994,0.678032,0.128692,1.500000,1.500000,0.000000,1.492852,0.079230,0.137775,1.000000,2.000000,25.773926,-21.730957,-4.000000,0.000000
12.4500,21615,240,0,0,0.080284,0.035054,0.642689,0.110352,1.500000,1.500000,0.000000,1.362567,0.084890,0.140275,1.000000,2.000000,24.609375,-20.632324,-4.000000,0.000000
12.4600,21616,240,0,0,0.078226,0.038778,0.614978,0.101341,1.500000,1.500000,0.000000,1.259659,0.090549,0.142775,1.000000,2.000000,23.554688,-19.423828,-4.000000,0.000000
12.4700,21617,240,0,0,0.075931,0.043937,0.588412,0.106479,1.500000,1.500000,0.000000,1.182794,0.096208,0.145275,1.000000,2.000000,22.609863,-18.149414,-4.000000,0.000000
12.4800,21618,240,0,0,0.074574,0.046274,0.567053,0.117522,1.500000,1.500000,0.000000,1.128121,0.101868,0.147775,1.000000,2.000000,21.621094,-16.809082,-4.000000,0.000000
12.4900,21619,240,0,0,0.071450,0.045642,0.544365,0.125214,1.500000,1.500000,0.000000,1.082418,0.107527,0.150275,1.000000,2.000000,20.610352,-15.446777,-4.000000,0.000000
12.5000,21620,240,0,0,0.069514,0.043879,0.520552,0.126600,1.500000,1.500000,0.000000,1.044538,0.113186,0.152775,1.000000,2.000000,19.533691,-14.018555,-4.000000,0.000000
12.5100,21621,240,0,0,0.067791,0.041530,0.500371,0.122979,1.500000,1.500000,0.000000,1.009212,0.118846,0.155275,1.000000,2.000000,18.500977,-12.612305,-4.000000,0.000000
12.5200,21622,240,0,0,0.063844,0.040472,0.477003,0.117631,1.500000,1.500000,0.000000,0.978061,0.124505,0.157775,1.000000,2.000000,17.402344,-11.250000,-4.000000,0.000000
12.5300,21623,240,0,0,0.058415,0.039232,0.443373,0.111542,1.500000,1.500000,0.000000,0.951783,0.130164,0.160275,1.000000,2.000000,16.237793,-9.909668,-4.000000,0.000000
12.5400,21624,240,0,0,0.053647,0.038667,0.403610,0.106836,1.500000,1.500000,0.000000,0.929848,0.135823,0.162775,1.000000,2.000000,15.095215,-8.613281,-4.000000,0.000000
12.5500,21625,240,0,0,0.048266,0.035026,0.360203,0.099140,1.500000,1.500000,0.000000,0.914209,0.141483,0.165275,1.000000,2.000000,13.974609,-7.382812,-4.000000,0.000000
12.5600,21626,240,0,0,0.042622,0.030865,0.312529,0.085498,1.500000,1.500000,0.000000,0.900019,0.147142,0.167774,1.000000,2.000000,12.854004,-6.196289,-3.875175,0.000000
12.5700,21627,240,0,0,0.036868,0.027654,0.261322,0.069881,1.500000,1.500000,0.000000,0.889197,0.152801,0.170274,1.000000,2.000000,11.755371,-5.097656,-3.575441,0.000000
12.5800,21628,240,0,0,0.032065,0.025172,0.210912,0.054764,1.500000,1.500000,0.000000,0.879449,0.158461,0.172774,1.000000,2.000000,10.810547,-4.042969,-3.275441,0.000000
12.5900,21629,240,0,0,0.027640,0.022761,0.162968,0.040629,1.500000,1.500000,0.000000,0.870417,0.164120,0.175274,1.000000,2.000000,9.997559,-3.032227,-2.977807,0.000000
12.6000,21630,240,0,0,0.023321,0.020566,0.117714,0.027442,1.500000,1.500000,0.000000,0.863175,0.169779,0.177774,1.000000,2.000000,9.184570,-2.021484,-2.706286,0.000000
12.6100,21631,240,0,0,0.019595,0.018239,0.074506,0.016547,1.500000,1.500000,0.000000,0.859897,0.175439,0.180274,1.000000,2.000000,8.481445,-1.010742,-2.447035,0.000000
12.6200,21632,240,0,0,0.017316,0.015660,0.044609,0.009907,1.452672,1.500000,0.000000,0.853630,0.181098,0.182774,1.000000,2.000000,7.778320,-0.021973,-2.267657,0.000000
12.6300,21633,240,0,0,0.015166,0.012834,0.026709,0.005932,1.385084,1.500000,0.000000,0.849650,0.186757,0.185274,1.000000,2.000000,7.075195,0.988770,-2.160256,0.000000
12.6400,21634,240,0,0,0.013504,0.009933,0.015992,0.003552,1.333137,1.500000,0.000000,0.846206,0.192417,0.187774,1.000000,2.000000,6.437988,2.087402,-2.095951,0.000000
12.6500,21635,240,0,0,0.012713,0.007591,0.009575,0.002127,1.283366,1.500000,0.000000,0.845898,0.198076,0.190274,1.000000,2.000000,5.778809,3.229980,-2.057449,0.000000
12.6600,21637,240,0,0,0.009714,0.005811,0.003432,0.000762,1.234487,1.500000,0.000000,0.844568,0.209395,0.195274,1.000000,2.000000,4.526367,5.537109,-1.762677,0.000000
12.6700,21638,240,0,0,0.007590,0.005769,0.002055,0.000456,1.228244,1.500000,0.000000,0.842198,0.215054,0.197774,1.000000,2.000000,4.042969,6.701660,-1.462678,0.000000
12.6800,21639,240,0,0,0.005983,0.005687,0.001230,0.000273,1.231050,1.500000,0.000000,0.840935,0.220713,0.200274,1.000000,2.000000,3.647461,7.888184,-1.162678,0.000000
12.6900,21640,240,0,0,0.004798,0.005847,0.000737,0.000164,1.244136,1.500000,0.000000,0.840810,0.226372,0.202774,1.000000,2.000000,3.251953,9.074707,-0.862678,0.000000
12.7000,21641,240,0,0,0.003946,0.006032,0.000441,0.000098,1.268524,1.500000,0.000000,0.839036,0.232032,0.205274,1.000000,2.000000,2.878418,10.261230,-0.562679,0.000000
12.7100,21642,240,0,0,0.003288,0.006774,0.000264,0.000059,1.300320,1.500000,0.000000,0.839838,0.237691,0.207774,1.000000,2.000000,2.592773,11.469727,-0.262679,0.000000
12.7200,21643,240,0,0,0.003165,0.007274,0.000158,0.000035,1.335711,1.500000,0.000000,0.838351,0.243350,0.210274,1.000000,2.000000,2.373047,12.634277,0.000000,0.000000
12.7300,21644,240,0,0,0.002901,0.007849,0.000095,0.000021,1.376979,1.500000,0.000000,0.836057,0.249010,0.212774,1.000000,2.000000,2.285156,13.776855,0.000000,0.000000
12.7400,21645,240,0,0,0.003272,0.007734,0.000057,0.000013,1.422877,1.500000,0.000000,0.838712,0.254669,0.215274,1.000000,2.000000,2.175293,14.875488,0.000000,0.000000
12.7500,21646,240,0,0,0.003492,0.007121,0.000034,0.000008,1.469509,1.500000,0.000000,0.839396,0.260328,0.217774,1.000000,2.000000,1.999512,15.930176,0.000000,0.000000
12.7600,21647,240,0,0,0.003124,0.007283,0.000020,0.000005,1.500000,1.500000,0.000000,0.837045,0.265987,0.220274,1.000000,2.000000,1.823730,16.962891,0.000000,0.000000
12.7700,21648,240,0,0,0.002551,0.007945,0.000012,0.000003,1.500000,1.500000,0.000000,0.835124,0.271646,0.222774,1.000000,2.000000,1.604004,17.929688,0.000000,0.000000
12.7800,21649,240,0,0,0.002198,0.008123,0.000007,0.000002,1.500000,1.500000,0.000000,0.835691,0.277306,0.225274,1.000000,2.000000,1.428223,18.874512,0.000000,0.000000
12.7900,21650,240,0,0,0.002129,0.008386,0.000004,0.000001,1.500000,1.500000,0.000000,0.835363,0.282965,0.227774,1.000000,2.000000,1.318359,19.753418,0.000000,0.000000
12.8000,21651,240,0,0,0.002521,0.008100,0.000003,0.000001,1.500000,1.500000,0.000000,0.833031,0.288624,0.230274,1.000000,2.000000,1.230469,20.544434,0.000000,0.000000
12.8100,21652,240,0,0,0.002132,0.007382,0.000002,0.000000,1.500000,1.500000,0.000000,0.829270,0.294283,0.232774,1.000000,2.000000,1.098633,21.181641,0.000000,0.000000
12.8200,21653,240,0,0,0.001991,0.007020,0.000001,0.000000,1.500000,1.500000,0.000000,0.826784,0.299942,0.235274,1.000000,2.000000,0.900879,21.708984,0.000000,0.000000
12.8300,21654,240,0,0,0.001846,0.006590,0.000001,0.000000,1.500000,1.500000,0.000000,0.827913,0.305601,0.237774,1.000000,2.000000,0.681152,22.148438,0.000000,0.000000
12.8400,21655,240,0,0,0.001744,0.006439,0.000000,0.000000,1.500000,1.500000,0.000000,0.829510,0.311261,0.240274,1.000000,2.000000,0.439453,22.500000,0.000000,0.000000
12.8500,21656,240,0,0,0.001713,0.006342,0.000000,0.000000,1.500000,1.500000,0.000000,0.828593,0.316920,0.242774,1.000000,2.000000,0.197754,22.785645,0.000000,0.000000
12.8600,21657,240,0,0,0.001554,0.005984,0.000000,0.000000,1.500000,1.500000,0.000000,0.824894,0.322579,0.245273,1.000000,2.000000,0.000000,22.939453,0.000000,0.000000
12.8700,21658,240,0,0,0.001308,0.005557,0.000000,0.000000,1.500000,1.500000,0.000000,0.821938,0.328238,0.247773,1.000000,2.000000,-0.175781,22.983398,0.000000,0.000000
12.8800,21659,240,0,0,0.001181,0.005088,0.000000,0.000000,1.500000,1.500000,0.000000,0.818825,0.333897,0.250273,1.000000,2.000000,-0.373535,23.049316,0.000000,0.000000
12.8900,21660,240,0,0,0.001642,0.004741,0.000000,0.000000,1.500000,1.500000,0.000000,0.815569,0.339556,0.252774,1.000000,2.000000,-0.527344,23.071289,0.000000,0.000000
12.9000,21661,240,0,0,0.001759,0.004427,0.000000,0.000000,1.500000,1.500000,0.000000,0.810535,0.345215,0.255274,1.000000,2.000000,-0.659180,23.071289,0.000000,0.000000
12.9100,21662,240,0,0,0.002819,0.004058,0.000000,0.000000,1.500000,1.500000,0.000000,0.806146,0.350875,0.257774,1.000000,2.000000,-0.812988,23.049316,0.000000,0.000000
12.9200,21663,240,0,0,0.006461,0.004137,0.000000,0.000000,1.500000,1.500000,0.000000,0.805336,0.356534,0.260274,1.000000,2.000000,-1.010742,23.005371,0.000000,0.000000
12.9300,21664,240,0,0,0.010335,0.003733,0.000000,0.000000,1.500000,1.500000,0.000000,0.805216,0.362193,0.262774,1.000000,2.000000,-1.164551,22.961426,0.000000,0.000000
12.9400,21665,240,0,0,0.011282,0.003172,0.000000,0.000000,1.500000,1.500000,0.000000,0.801151,0.367852,0.265274,1.000000,2.000000,-1.296387,22.895508,0.000000,0.000000
12.9500,21666,240,0,0,0.010102,0.002849,0.000000,0.000000,1.500000,1.500000,0.000000,0.798907,0.373511,0.267774,1.000000,2.000000,-1.428223,22.829590,0.000000,0.000000
12.9600,21667,240,0,0,0.009111,0.002699,0.000000,0.000000,1.500000,1.500000,0.000000,0.795179,0.379170,0.270274,1.000000,2.000000,-1.538086,22.741699,0.000000,0.000000
12.9700,21668,240,0,0,0.008506,0.003098,0.000000,0.000000,1.500000,1.500000,0.000000,0.791724,0.384830,0.272774,1.000000,2.000000,-1.604004,22.653809,0.000000,0.000000
12.9800,21669,240,0,0,0.010925,0.002914,0.000000,0.000000,1.500000,1.500000,0.000000,0.789510,0.390489,0.275275,1.000000,2.000000,-1.691895,22.521973,0.000000,0.000000
12.9900,21670,240,0,0,0.015188,0.003045,0.000000,0.000000,1.500000,1.500000,0.000000,0.791608,0.396148,0.277775,1.000000,2.000000,-1.779785,22.390137,0.000000,0.000000
13.0000,21671,240,0,0,0.016726,0.004775,0.000000,0.000000,1.500000,1.500000,0.000000,0.789508,0.401807,0.280275,1.000000,2.000000,-1.889648,22.258301,0.000000,0.000000
13.0100,21672,240,0,0,0.016823,0.006739,0.000000,0.000000,1.500000,1.500000,0.000000,0.790245,0.407466,0.282775,1.000000,2.000000,-2.043457,22.104492,0.000000,0.000000
13.0200,21673,240,0,0,0.016238,0.005630,0.000000,0.000000,1.500000,1.500000,0.000000,0.788710,0.413125,0.285275,1.000000,2.000000,-2.197266,21.906738,0.000000,0.000000
13.0300,21674,240,0,0,0.016939,0.004546,0.000000,0.000000,1.453990,1.500000,0.000000,0.758778,0.418785,0.287775,1.000000,2.000000,-2.395020,21.730957,0.000000,0.000000
13.0400,21675,240,0,0,0.018410,0.003796,0.000000,0.000000,1.402268,1.500000,0.000000,0.762769,0.424444,0.290275,1.000000,2.000000,-2.614746,21.555176,0.000000,0.000000
13.0500,21676,240,0,0,0.020718,0.004008,0.000622,0.000000,1.351977,1.500000,0.000000,0.763213,0.430103,0.292775,1.000000,2.000000,-2.834473,21.181641,0.000000,0.000000
13.0600,21677,240,0,0,0.021871,0.004552,0.006715,0.000000,1.292698,1.500000,0.000000,0.794640,0.435762,0.295276,1.000000,2.000000,-2.988281,20.764160,0.000000,0.000000
13.0700,21678,240,0,0,0.021046,0.004764,0.009656,0.000000,1.232878,1.500000,0.000000,0.835251,0.441421,0.297776,1.000000,2.000000,-3.120117,20.390625,0.000000,0.000000
13.0800,21679,240,0,0,0.019494,0.004572,0.006993,0.000000,1.161291,1.500000,0.167894,0.871363,0.447080,0.300276,1.000000,2.000000,-3.251953,20.061035,0.000000,0.000000
13.0900,21680,240,0,0,0.017418,0.005095,0.004187,0.000000,1.065702,1.500000,0.352529,0.885481,0.452740,0.302776,1.000000,2.000000,-3.361816,19.885254,0.000000,0.000000
13.1000,21681,240,0,0,0.016060,0.005342,0.002507,0.000000,0.965831,1.500000,0.509085,0.893354,0.458399,0.305276,1.000000,2.000000,-3.449707,19.775391,0.000000,0.000000
13.1100,21682,240,0,0,0.015102,0.006690,0.001501,0.000000,0.859937,1.500000,0.631253,0.902607,0.464058,0.307776,1.000000,2.000000,-3.537598,19.665527,0.000000,0.000000
13.1200,21683,240,0,0,0.013183,0.010045,0.000899,0.000000,0.729633,1.500000,0.724483,0.920619,0.469717,0.310276,1.000000,2.000000,-3.625488,19.555664,0.000000,0.000000
13.1300,21684,240,0,0,0.011732,0.021217,0.000538,0.000401,0.590722,1.500000,0.795945,0.953076,0.475376,0.312776,1.000000,2.000000,-3.691406,19.467773,0.000000,0.000000
13.1400,21685,240,0,0,0.012289,0.027432,0.000322,0.011072,0.399350,1.500000,0.855039,0.998713,0.481035,0.315276,1.000000,2.000000,-3.779297,19.248047,0.000000,0.000000
13.1500,21687,240,0,0,0.018580,0.036055,0.000115,0.050236,0.000000,1.500000,0.974915,1.114579,0.492354,0.320277,2.000000,2.000000,-3.889160,18.237305,0.000000,0.000000
13.1600,21688,240,0,0,0.020271,0.035789,0.000420,0.064118,0.000000,1.500000,1.034240,1.183708,0.498013,0.322777,2.000000,2.000000,-3.889160,17.556152,0.000000,0.000000
13.1700,21689,240,0,0,0.021272,0.033590,0.002483,0.068852,0.000000,1.500000,1.087762,1.253433,0.503672,0.325277,2.000000,2.000000,-3.867188,16.853027,0.000000,0.000000
13.1800,21690,240,0,0,0.025472,0.029522,0.015948,0.065077,0.000000,1.500000,1.134797,1.323387,0.509332,0.327777,2.000000,2.000000,-3.823242,16.127930,0.000000,0.000000
13.1900,21691,240,0,0,0.027849,0.026985,0.037392,0.055004,0.000000,1.500000,1.177859,1.394487,0.514991,0.330277,2.000000,2.000000,-3.757324,15.424805,0.000000,0.000000
13.2000,21692,240,0,0,0.028121,0.034605,0.053848,0.055997,0.000000,1.500000,1.212046,1.461882,0.520651,0.332777,2.000000,2.000000,-3.603516,14.721680,0.000000,0.000000
13.2100,21693,240,0,0,0.027098,0.039997,0.062293,0.071901,0.000000,1.500000,1.240260,1.500000,0.526310,0.335277,2.000000,2.000000,-3.383789,14.040527,0.000000,0.000000
13.2200,21694,240,0,0,0.025302,0.042242,0.060053,0.087896,0.000000,1.500000,1.262574,1.500000,0.531970,0.337778,2.000000,2.000000,-3.164062,13.315430,0.000000,0.000000
13.2300,21695,240,0,0,0.025159,0.043885,0.056358,0.101834,0.000000,1.500000,1.280671,1.500000,0.537629,0.340278,2.000000,2.000000,-2.790527,12.568359,0.000000,0.000000
13.2400,21696,240,0,0,0.023113,0.043229,0.049713,0.110402,0.000000,1.500000,1.293881,1.500000,0.543288,0.342778,2.000000,2.000000,-2.329102,11.777344,0.000000,0.000000
13.2500,21697,240,0,0,0.019210,0.043199,0.033489,0.114974,0.000000,1.500000,1.303316,1.500000,0.548948,0.345278,2.000000,2.000000,-1.735840,10.942383,0.000000,0.000000
13.2600,21698,240,0,0,0.016925,0.041158,0.020051,0.115504,0.000000,1.500000,1.310519,1.500000,0.554607,0.347778,2.000000,2.000000,-1.054688,10.107422,0.000000,0.000000
13.2700,21699,240,0,0,0.016336,0.039411,0.012005,0.111055,0.000000,1.500000,1.317689,1.500000,0.560267,0.350278,2.000000,2.000000,-0.285645,9.272461,0.000000,0.000000
13.2800,21700,240,0,0,0.015378,0.037448,0.007188,0.104990,0.000000,1.500000,1.321118,1.500000,0.565926,0.352778,2.000000,2.000000,0.571289,8.393555,0.000000,0.000000
13.2900,21701,240,0,0,0.015621,0.034022,0.004304,0.095391,0.000000,1.500000,1.325903,1.500000,0.571586,0.355278,2.000000,2.000000,1.516113,7.536621,0.000000,0.000000
13.3000,21702,240,0,0,0.020576,0.030911,0.002856,0.082469,0.000000,1.500000,1.326748,1.500000,0.577245,0.357778,2.000000,2.000000,2.482910,6.657715,0.000000,0.000000
13.3100,21703,240,0,0,0.027437,0.030843,0.020569,0.072000,0.000000,1.458770,1.328281,1.500000,0.582905,0.360279,2.000000,2.000000,3.449707,5.756836,0.000000,0.000000
13.3200,21704,240,0,0,0.030968,0.031944,0.050679,0.067354,0.000000,1.387727,1.328343,1.500000,0.588564,0.362779,2.000000,2.000000,4.482422,4.833984,0.000000,0.000000
13.3300,21705,240,0,0,0.030971,0.031041,0.074155,0.064808,0.000000,1.324436,1.326411,1.500000,0.594224,0.365279,2.000000,2.000000,5.537109,3.867188,0.000000,0.000000
13.3400,21706,240,0,0,0.029677,0.029576,0.084244,0.060137,0.000000,1.270254,1.324100,1.500000,0.599883,0.367779,2.000000,2.000000,6.569824,2.856445,0.000000,0.000000
13.3500,21707,240,0,0,0.027427,0.027462,0.082928,0.053782,0.000000,1.219566,1.321153,1.500000,0.605543,0.370279,2.000000,2.000000,7.624512,1.801758,0.000000,0.000000
13.3600,21708,240,0,0,0.026720,0.024865,0.076237,0.044666,0.000000,1.174615,1.317418,1.500000,0.611202,0.372779,2.000000,2.000000,8.701172,0.725098,0.000000,0.000000
13.3700,21709,240,0,0,0.027046,0.023194,0.072296,0.034796,0.000000,1.136645,1.312080,1.500000,0.616861,0.375279,2.000000,2.000000,9.755859,-0.329590,0.000000,0.000000
13.3800,21710,240,0,0,0.026526,0.022040,0.069776,0.026046,0.000000,1.099930,1.305973,1.500000,0.622521,0.377779,2.000000,2.000000,10.810547,-1.450195,0.000000,0.000000
13.3900,21711,240,0,0,0.026039,0.020807,0.065565,0.018435,0.000000,1.060699,1.299500,1.500000,0.628180,0.380280,2.000000,2.000000,11.843262,-2.570801,0.000000,0.000000
13.4000,21712,240,0,0,0.025063,0.019041,0.061329,0.011317,0.000000,1.022779,1.291343,1.500000,0.633840,0.382780,2.000000,2.000000,12.854004,-3.669434,0.000000,0.000000
13.4100,21713,240,0,0,0.022488,0.017329,0.051021,0.006776,0.000000,0.985732,1.284626,1.500000,0.639499,0.385280,2.000000,2.000000,13.886719,-4.724121,0.000000,0.000000
13.4200,21714,240,0,0,0.019536,0.015904,0.033442,0.004057,0.000000,0.949207,1.277475,1.500000,0.645159,0.387780,2.000000,2.000000,14.875488,-5.756836,0.000000,0.000000
13.4300,21715,240,0,0,0.017424,0.014000,0.020023,0.002429,0.000000,0.916515,1.272875,1.500000,0.650818,0.390280,2.000000,2.000000,15.886230,-6.745605,0.000000,0.000000
13.4400,21716,240,0,0,0.014138,0.010675,0.011988,0.001454,0.000000,0.882692,1.271017,1.500000,0.656478,0.392780,2.000000,2.000000,16.918945,-7.712402,0.000000,0.000000
13.4500,21717,240,0,0,0.010998,0.008376,0.007178,0.000871,0.000000,0.856021,1.271805,1.500000,0.662137,0.395280,2.000000,2.000000,17.951660,-8.635254,0.000000,0.000000
13.4600,21718,240,0,0,0.010579,0.009512,0.004298,0.000521,0.000000,0.828441,1.274225,1.500000,0.667797,0.397780,2.000000,2.000000,18.984375,-9.492188,0.000000,0.000000
13.4700,21719,240,0,0,0.011384,0.013811,0.002573,0.000312,0.000000,0.802442,1.279697,1.500000,0.673456,0.400280,2.000000,2.000000,20.061035,-10.349121,0.000000,0.000000
13.4800,21720,240,0,0,0.011774,0.017147,0.001541,0.000187,0.000000,0.777999,1.288474,1.500000,0.679116,0.402781,2.000000,2.000000,21.225586,-11.162109,0.000000,0.000000
13.4900,21721,240,0,0,0.012698,0.017214,0.000922,0.000112,0.000000,0.755762,1.299032,1.500000,0.684775,0.405281,2.000000,2.000000,22.456055,-11.931152,0.000000,0.000000
13.5000,21722,240,0,0,0.014360,0.015615,0.000552,0.000067,0.000000,0.735326,1.310035,1.500000,0.690434,0.407781,2.000000,2.000000,23.708496,-12.678223,0.000000,0.000000
13.5100,21723,240,0,0,0.016348,0.012544,0.000331,0.000040,0.000000,0.716912,1.321556,1.500000,0.696094,0.410281,2.000000,2.000000,25.004883,-13.359375,0.000000,0.000000
13.5200,21724,240,0,0,0.018167,0.010793,0.000198,0.000024,0.000000,0.695892,1.331257,1.500000,0.701753,0.412781,2.000000,2.000000,26.367188,-13.996582,0.000000,0.000000
13.5300,21725,240,0,0,0.017359,0.009839,0.000119,0.000014,0.000000,0.674635,1.342759,1.500000,0.707413,0.415281,2.000000,2.000000,27.751465,-14.589844,0.000000,0.000000
13.5400,21726,240,0,0,0.015468,0.009242,0.000071,0.000009,0.000000,0.657433,1.354990,1.500000,0.713072,0.417781,2.000000,2.000000,29.135742,-15.095215,0.000000,0.000000
13.5500,21727,240,0,0,0.014545,0.008284,0.000042,0.000005,0.000000,0.641145,1.366606,1.500000,0.718732,0.420281,2.000000,2.000000,30.498047,-15.600586,0.000000,0.000000
13.5600,21728,240,0,0,0.012642,0.006480,0.000025,0.000003,0.000000,0.624178,1.379810,1.500000,0.724391,0.422781,2.000000,2.000000,31.882324,-16.062012,0.000000,0.000000
13.5700,21729,240,0,0,0.012031,0.005386,0.000015,0.000002,0.000000,0.608209,1.394065,1.500000,0.730051,0.425282,2.000000,2.000000,33.244629,-16.545410,0.000000,0.000000
13.5800,21730,240,0,0,0.010893,0.005436,0.000009,0.000001,0.000000,0.595293,1.404317,1.500000,0.735710,0.427782,2.000000,2.000000,34.584961,-17.006836,0.000000,0.000000
13.5900,21731,240,0,0,0.009035,0.005442,0.000005,0.000001,0.000000,0.583392,1.416439,1.500000,0.741370,0.430282,2.000000,2.000000,35.925293,-17.490234,0.000000,0.000000
13.6000,21732,240,0,0,0.007219,0.005380,0.000003,0.000000,0.000000,0.573619,1.426200,1.500000,0.747029,0.432782,2.000000,2.000000,37.243652,-17.907715,0.000000,0.000000
13.6100,21733,240,0,0,0.007113,0.005581,0.000002,0.000000,0.000000,0.564748,1.435719,1.500000,0.752689,0.435282,2.000000,2.000000,38.496094,-18.391113,0.000000,0.000000
13.6200,21734,240,0,0,0.009161,0.006479,0.000001,0.000000,0.000000,0.556563,1.444439,1.500000,0.758348,0.437782,2.000000,2.000000,39.660645,-18.852539,0.000000,0.000000
13.6300,21735,240,0,0,0.011645,0.006350,0.000001,0.000000,0.000000,0.546386,1.451469,1.500000,0.764007,0.440282,2.000000,2.000000,40.781250,-19.313965,0.000000,0.000000
13.6400,21737,240,0,0,0.017848,0.004772,0.000000,0.000000,0.000000,0.525671,1.468833,1.500000,0.775326,0.445283,2.000000,2.000000,42.846680,-20.280762,0.000000,0.000000
13.6500,21738,240,0,0,0.019410,0.003992,0.000000,0.000000,0.000000,0.516427,1.475814,1.500000,0.780986,0.447783,2.000000,2.000000,43.769531,-20.632324,0.000000,0.000000
13.6600,21739,240,0,0,0.017824,0.003804,0.000000,0.000000,0.000000,0.506019,1.481957,1.500000,0.786645,0.450283,2.000000,2.000000,44.582520,-20.917969,0.000000,0.000000
13.6700,21740,240,0,0,0.015400,0.003895,0.000000,0.000000,0.000000,0.495271,1.487609,1.500000,0.792305,0.452783,2.000000,2.000000,45.307617,-21.115723,0.000000,0.000000
13.6800,21741,240,0,0,0.018850,0.005147,0.000000,0.000000,0.000000,0.485521,1.492368,1.500000,0.797964,0.455283,2.000000,2.000000,45.922852,-21.137695,0.000000,0.000000
13.6900,21742,240,0,0,0.024290,0.006147,0.008227,0.000000,0.000000,0.478419,1.496420,1.500000,0.803624,0.457783,2.000000,2.000000,46.428223,-21.159668,0.000000,0.000000
13.7000,21743,240,0,0,0.031140,0.007442,0.036313,0.000000,0.000000,0.469795,1.499043,1.500000,0.809283,0.460283,2.000000,2.000000,46.845703,-21.137695,0.000000,0.000000
13.7100,21744,240,0,0,0.042616,0.007966,0.089430,0.000000,0.000000,0.461354,1.500000,1.500000,0.814943,0.462783,2.000000,2.000000,47.197266,-21.115723,0.000000,0.000000
13.7200,21745,240,0,0,0.059510,0.007285,0.179391,0.000000,0.000000,0.453656,1.500000,1.500000,0.820602,0.465283,2.000000,2.000000,47.416992,-21.115723,0.000000,0.000000
13.7300,21746,240,0,0,0.077272,0.006173,0.301920,0.000000,0.000000,0.445406,1.500000,1.500000,0.826262,0.467784,2.000000,2.000000,47.614746,-21.093750,0.000000,0.000000
13.7400,21747,240,0,0,0.089802,0.004935,0.434381,0.000000,0.000000,0.440571,1.500000,1.500000,0.831921,0.470284,2.000000,2.000000,47.790527,-21.071777,0.000000,0.000000
13.7500,21748,240,0,0,0.094949,0.004401,0.544845,0.000000,0.000000,0.433010,1.500000,1.500000,0.837580,0.472784,2.000000,2.000000,47.900391,-21.071777,0.000000,0.000000
13.7600,21749,240,0,0,0.093811,0.004655,0.616577,0.000000,0.000000,0.427743,1.500000,1.500000,0.843240,0.475284,2.000000,2.000000,47.966309,-21.093750,0.000000,0.000000
13.7700,21750,240,0,0,0.088316,0.005548,0.644311,0.000000,0.000000,0.418217,1.500000,1.500000,0.848899,0.477784,2.000000,2.000000,48.010254,-21.159668,0.000000,0.000000
13.7800,21751,240,0,0,0.082914,0.006666,0.638260,0.000000,0.000000,0.407218,1.500000,1.500000,0.854559,0.480284,2.000000,2.000000,48.032227,-21.291504,0.000000,0.000000
13.7900,21752,240,0,0,0.079374,0.007289,0.618563,0.000000,0.000000,0.396704,1.500000,1.500000,0.860218,0.482784,2.000000,2.000000,48.032227,-21.533203,0.000000,0.000000
13.8000,21753,240,0,0,0.074504,0.007729,0.590065,0.000000,0.000000,0.386966,1.496948,1.500000,0.865878,0.485284,2.000000,2.000000,48.010254,-21.774902,0.000000,0.000000
13.8100,21754,240,0,0,0.068511,0.007894,0.551752,0.000000,0.000000,0.376850,1.494042,1.500000,0.871537,0.487785,2.000000,2.000000,47.966309,-21.994629,0.000000,0.000000
13.8200,21755,240,0,0,0.061329,0.007677,0.502059,0.000000,0.000000,0.369543,1.491341,1.500000,0.877197,0.490285,2.000000,2.000000,47.922363,-22.258301,0.000000,0.000000
13.8300,21756,240,0,0,0.054468,0.007479,0.445378,0.000000,0.000000,0.362131,1.488616,1.500000,0.882856,0.492785,2.000000,2.000000,47.834473,-22.609863,0.000000,0.000000
13.8400,21757,240,0,0,0.049225,0.007304,0.387967,0.000000,0.000000,0.358223,1.485242,1.500000,0.888516,0.495285,2.000000,2.000000,47.746582,-22.851562,0.000000,0.000000
13.8500,21758,240,0,0,0.045494,0.007186,0.337211,0.000000,0.000000,0.354695,1.482490,1.500000,0.894175,0.497785,2.000000,2.000000,47.592773,-23.071289,0.000000,0.000000
13.8600,21759,240,0,0,0.042327,0.007257,0.293390,0.000000,0.000000,0.352216,1.477817,1.500000,0.899835,0.500285,2.000000,2.000000,47.373047,-23.356934,0.000000,0.000000
13.8700,21760,240,0,0,0.039780,0.007050,0.256737,0.000000,0.000000,0.348466,1.472496,1.500000,0.905494,0.502785,3.000000,2.000000,47.109375,-23.642578,0.000000,0.000000
13.8800,21761,240,0,0,0.036863,0.007009,0.223556,0.000000,0.000000,0.336150,1.466181,1.500000,0.911153,0.505285,3.000000,2.000000,46.735840,-23.840332,0.000000,0.000000
13.8900,21762,240,0,0,0.034462,0.006670,0.194124,0.000000,0.000000,0.313569,1.459099,1.500000,0.916813,0.507785,3.000000,2.000000,46.296387,-23.994141,0.000000,0.000000
13.9000,21763,240,0,0,0.032460,0.007161,0.167188,0.000000,0.000000,0.216402,1.451852,1.500000,0.922472,0.510284,3.000000,2.000000,45.812988,-24.235840,0.000000,0.000000
13.9100,21764,240,0,0,0.032957,0.007480,0.148672,0.000000,0.000000,0.204581,1.441034,1.500000,0.928132,0.512784,3.000000,2.000000,45.219727,-24.455566,0.000000,0.000000
13.9200,21765,240,0,0,0.033022,0.007690,0.140596,0.000000,0.000000,0.204152,1.426804,1.500000,0.933791,0.515284,3.000000,2.000000,44.692383,-24.543457,0.000000,0.000000
13.9300,21766,240,0,0,0.031024,0.008421,0.130901,0.000000,0.000000,0.213410,1.410211,1.500000,0.939451,0.517784,3.000000,2.000000,44.362793,-24.631348,0.000000,0.000000
13.9400,21767,240,0,0,0.026994,0.009610,0.112279,0.000000,0.000000,0.196589,1.388491,1.500000,0.945110,0.520284,3.000000,2.000000,44.208984,-24.763184,0.000000,0.000000
13.9500,21768,240,0,0,0.021322,0.010175,0.081467,0.000000,0.000000,0.168190,1.360656,1.500000,0.950770,0.522783,3.000000,2.000000,44.208984,-25.026855,0.000000,0.000000
13.9600,21769,240,0,0,0.016726,0.010370,0.049048,0.000000,0.016931,0.164961,1.328807,1.500000,0.956429,0.525283,3.000000,2.000000,44.296875,-25.312500,0.000000,0.000000
13.9700,21770,240,0,0,0.016403,0.010253,0.029367,0.000000,0.096510,0.209133,1.295998,1.500000,0.962089,0.527783,3.000000,2.000000,44.428711,-25.554199,0.000000,0.000000
13.9800,21771,240,0,0,0.017628,0.009540,0.017583,0.000000,0.158228,0.294476,1.259837,1.500000,0.967748,0.530283,3.000000,2.000000,44.560547,-25.773926,0.000000,0.000000
13.9900,21772,240,0,0,0.016656,0.008798,0.010527,0.000000,0.206885,0.415492,1.219808,1.500000,0.973408,0.532783,0.000000,2.000000,44.604492,-25.971680,0.000000,0.000000
14.0000,21773,240,0,0,0.013364,0.008173,0.006303,0.000000,0.262013,0.556755,1.170900,1.500000,0.979067,0.535283,0.000000,2.000000,44.626465,-26.125488,0.000000,0.000000
14.0100,21774,240,0,0,0.013577,0.007684,0.003774,0.000000,0.337727,0.704615,1.115491,1.500000,0.984726,0.537782,0.000000,2.000000,44.538574,-26.257324,0.000000,0.000000
14.0200,21775,240,0,0,0.018936,0.007192,0.002260,0.000000,0.443990,0.859572,1.048201,1.500000,0.990386,0.540282,0.000000,2.000000,44.274902,-26.345215,0.000000,0.000000
14.0300,21776,240,0,0,0.023300,0.006599,0.008352,0.000000,0.581276,1.026654,0.931505,1.500000,0.996045,0.542782,0.000000,2.000000,43.813477,-26.433105,0.000000,0.000000
14.0400,21777,240,0,0,0.028286,0.006499,0.027402,0.000000,0.724359,1.204791,0.759847,1.500000,0.001705,0.545282,0.000000,2.000000,43.330078,-26.520996,0.000000,0.000000
14.0500,21778,240,0,0,0.034856,0.007294,0.063497,0.000000,0.857041,1.387349,0.522173,1.500000,0.003382,0.547782,1.000000,2.000000,42.846680,-26.586914,-0.180000,0.000000
14.0600,21779,240,0,0,0.041468,0.008023,0.111955,0.000000,0.971118,1.500000,0.269905,1.500000,0.009019,0.550281,1.000000,2.000000,42.319336,-26.630859,-0.480000,0.000000
14.0700,21780,240,0,0,0.045865,0.009555,0.160273,0.000000,1.073680,1.500000,0.060984,1.500000,0.014656,0.552781,1.000000,2.000000,41.550293,-26.696777,-0.780000,0.000000
14.0800,21781,240,0,0,0.050347,0.011115,0.204912,0.000000,1.164932,1.500000,0.000000,1.500000,0.020293,0.555281,1.000000,2.000000,40.583496,-26.740723,-1.079999,0.000000
14.0900,21782,240,0,0,0.061942,0.012954,0.266444,0.000000,1.249683,1.500000,0.000000,1.500000,0.025930,0.557781,1.000000,2.000000,39.550781,-26.762695,-1.379999,0.000000
14.1000,21783,240,0,0,0.071900,0.015370,0.347715,0.000000,1.332131,1.500000,0.000000,1.500000,0.031567,0.560281,1.000000,2.000000,38.583984,-26.762695,-1.679999,0.000000
14.1100,21784,240,0,0,0.082097,0.018839,0.428945,0.000000,1.413517,1.500000,0.000000,1.500000,0.037204,0.562781,1.000000,2.000000,37.683105,-26.762695,-1.979999,0.000000
14.1200,21785,240,0,0,0.101382,0.018431,0.544499,0.000000,1.499757,1.500000,0.000000,1.500000,0.042841,0.565280,1.000000,2.000000,36.672363,-26.762695,-2.279998,0.000000
14.1300,21787,240,0,0,0.123160,0.052391,0.783888,0.060745,1.500000,1.500000,0.000000,1.500000,0.054115,0.570280,1.000000,2.000000,34.628906,-26.740723,-2.879998,0.000000
14.1400,21788,240,0,0,0.128138,0.067572,0.883954,0.124726,1.500000,1.500000,0.000000,1.500000,0.059752,0.572780,1.000000,2.000000,33.552246,-26.718750,-3.179997,0.000000
14.1500,21789,240,0,0,0.125498,0.074438,0.945466,0.184591,1.500000,1.500000,0.000000,1.500000,0.065389,0.575280,1.000000,2.000000,32.409668,-26.718750,-3.479997,0.000000
14.1600,21790,240,0,0,0.118288,0.074954,0.959421,0.226499,1.500000,1.500000,0.000000,1.500000,0.071026,0.577779,1.000000,2.000000,31.223145,-26.608887,-3.779997,0.000000
14.1700,21791,240,0,0,0.111757,0.072353,0.941310,0.247803,1.500000,1.500000,0.000000,1.500000,0.076663,0.580279,1.000000,2.000000,29.992676,-26.279297,-4.000000,0.000000
14.1800,21792,240,0,0,0.103062,0.075103,0.900806,0.260491,1.500000,1.500000,0.000000,1.500000,0.082300,0.582779,1.000000,2.000000,28.959961,-25.795898,-4.000000,0.000000
14.1900,21793,240,0,0,0.094069,0.080339,0.840066,0.278748,1.500000,1.500000,0.000000,1.500000,0.087937,0.585279,1.000000,2.000000,27.817383,-25.180664,-4.000000,0.000000
14.2000,21794,240,0,0,0.088030,0.080561,0.776459,0.295070,1.500000,1.500000,0.000000,1.500000,0.093574,0.587779,1.000000,2.000000,26.806641,-24.433594,-4.000000,0.000000
14.2100,21795,240,0,0,0.083187,0.077008,0.717975,0.299954,1.500000,1.500000,0.000000,1.463502,0.099211,0.590279,1.000000,2.000000,25.861816,-23.532715,-4.000000,0.000000
14.2200,21796,240,0,0,0.077848,0.074594,0.663399,0.295461,1.500000,1.500000,0.000000,1.340877,0.104848,0.592778,1.000000,2.000000,24.938965,-22.500000,-4.000000,0.000000
14.2300,21797,240,0,0,0.073061,0.074244,0.610346,0.291312,1.500000,1.500000,0.000000,1.249129,0.110485,0.595278,1.000000,2.000000,23.950195,-21.357422,-4.000000,0.000000
14.2400,21798,240,0,0,0.067235,0.071867,0.558267,0.285968,1.500000,1.500000,0.000000,1.181610,0.116121,0.597778,1.000000,2.000000,23.027344,-20.148926,-4.000000,0.000000
14.2500,21799,240,0,0,0.061793,0.069024,0.504451,0.276332,1.500000,1.500000,0.000000,1.131608,0.121758,0.600278,1.000000,2.000000,22.038574,-18.852539,-4.000000,0.000000
14.2600,21800,240,0,0,0.057476,0.066241,0.455212,0.265195,1.500000,1.500000,0.000000,1.088584,0.127395,0.602778,1.000000,2.000000,21.071777,-17.556152,-4.000000,0.000000
14.2700,21801,240,0,0,0.052682,0.063966,0.406930,0.252651,1.500000,1.500000,0.000000,1.049839,0.133032,0.605277,1.000000,2.000000,19.907227,-16.237793,-4.000000,0.000000
14.2800,21802,240,0,0,0.048415,0.063316,0.360665,0.242711,1.500000,1.500000,0.000000,1.011631,0.138669,0.607777,1.000000,2.000000,18.918457,-14.963379,-4.000000,0.000000
14.2900,21803,240,0,0,0.044712,0.061784,0.317199,0.234471,1.500000,1.500000,0.000000,0.981938,0.144306,0.610277,1.000000,2.000000,17.731934,-13.732910,-3.903197,0.000000
14.3000,21804,240,0,0,0.040234,0.058320,0.276007,0.224295,1.500000,1.500000,0.000000,0.956378,0.149943,0.612777,1.000000,2.000000,16.831055,-12.568359,-3.656040,0.000000
14.3100,21805,240,0,0,0.035201,0.053829,0.232406,0.209246,1.500000,1.500000,0.000000,0.935532,0.155580,0.615277,1.000000,2.000000,15.820312,-11.469727,-3.394436,0.000000
14.3200,21806,240,0,0,0.030678,0.049879,0.187802,0.191267,1.500000,1.500000,0.000000,0.919169,0.161217,0.617777,1.000000,2.000000,14.897461,-10.393066,-3.126813,0.000000
14.3300,21807,240,0,0,0.025571,0.045227,0.142059,0.171596,1.500000,1.500000,0.000000,0.903847,0.166854,0.620276,1.000000,2.000000,14.128418,-9.338379,-2.852351,0.000000
14.3400,21808,240,0,0,0.021493,0.039913,0.096795,0.149515,1.500000,1.500000,0.000000,0.891485,0.172491,0.622776,1.000000,2.000000,13.403320,-8.283691,-2.580770,0.000000
14.3500,21809,240,0,0,0.018056,0.035003,0.058881,0.125151,1.500000,1.500000,0.000000,0.881102,0.178128,0.625276,1.000000,2.000000,12.678223,-7.207031,-2.353284,0.000000
14.3600,21810,240,0,0,0.014303,0.030447,0.035254,0.100813,1.500000,1.500000,0.000000,0.872327,0.183765,0.627776,1.000000,2.000000,12.084961,-6.130371,-2.211524,0.000000
14.3700,21811,240,0,0,0.011755,0.025795,0.021108,0.076512,1.500000,1.500000,0.000000,0.867450,0.189402,0.630276,1.000000,2.000000,11.447754,-5.053711,-2.126647,0.000000
14.3800,21812,240,0,0,0.009125,0.021642,0.012638,0.052629,1.500000,1.500000,0.000000,0.862619,0.195039,0.632775,1.000000,2.000000,10.722656,-3.911133,-2.075829,0.000000
14.3900,21813,240,0,0,0.007054,0.018157,0.007567,0.031970,1.500000,1.500000,0.000000,0.857155,0.200676,0.635275,1.000000,2.000000,9.997559,-2.724609,-2.045401,0.000000
14.4000,21814,240,0,0,0.005672,0.014682,0.004531,0.019141,1.500000,1.500000,0.000000,0.852886,0.206313,0.637775,1.000000,2.000000,9.316406,-1.516113,-2.027184,0.000000
14.4100,21815,240,0,0,0.004825,0.012054,0.002713,0.011461,1.500000,1.500000,0.000000,0.850828,0.211950,0.640275,1.000000,2.000000,8.569336,-0.285645,-2.016276,0.000000
14.4200,21816,240,0,0,0.004685,0.009805,0.001624,0.006862,1.500000,1.500000,0.000000,0.851498,0.217587,0.642775,1.000000,2.000000,7.822266,0.944824,-2.009745,0.000000
14.4300,21817,240,0,0,0.004668,0.008787,0.000972,0.004108,1.500000,1.500000,0.000000,0.850708,0.223224,0.645275,1.000000,2.000000,7.163086,2.175293,-2.005835,0.000000
14.4400,21818,240,0,0,0.004247,0.007225,0.000582,0.002460,1.500000,1.500000,0.000000,0.849820,0.228861,0.647774,1.000000,2.000000,6.503906,3.405762,-2.003493,0.000000
14.4500,21819,240,0,0,0.004223,0.005886,0.000349,0.001473,1.500000,1.500000,0.000000,0.848786,0.234498,0.650274,1.000000,2.000000,5.800781,4.614258,-2.002092,0.000000
14.4600,21820,240,0,0,0.003536,0.004771,0.000209,0.000882,1.500000,1.500000,0.000000,0.847620,0.240135,0.652774,1.000000,2.000000,5.141602,5.800781,-2.001252,0.000000
14.4700,21821,240,0,0,0.002934,0.004533,0.000125,0.000528,1.500000,1.500000,0.000000,0.847549,0.245772,0.655274,1.000000,2.000000,4.548340,7.009277,-1.761131,0.000000
14.4800,21822,240,0,0,0.002377,0.004875,0.000075,0.000316,1.500000,1.500000,0.000000,0.849463,0.251409,0.657774,1.000000,2.000000,3.999023,8.195801,-1.461131,0.000000
14.4900,21823,240,0,0,0.002883,0.004787,0.000045,0.000189,1.500000,1.500000,0.000000,0.847816,0.257046,0.660273,1.000000,2.000000,3.559570,9.382324,-1.161131,0.000000
14.5000,21824,240,0,0,0.004209,0.004942,0.000027,0.000113,1.500000,1.500000,0.000000,0.844364,0.262683,0.662773,1.000000,2.000000,3.273926,10.546875,-0.861131,0.000000
14.5100,21825,240,0,0,0.006078,0.005488,0.000016,0.000068,1.500000,1.500000,0.000000,0.844948,0.268320,0.665273,1.000000,2.000000,3.010254,11.667480,-0.561132,0.000000
14.5200,21826,240,0,0,0.007080,0.005709,0.000010,0.000041,1.500000,1.500000,0.000000,0.844620,0.273957,0.667773,1.000000,2.000000,2.724609,12.788086,-0.261132,0.000000
14.5300,21827,240,0,0,0.007909,0.006826,0.000006,0.000024,1.500000,1.500000,0.000000,0.847480,0.279594,0.670273,1.000000,2.000000,2.504883,13.864746,0.000000,0.000000
14.5400,21828,240,0,0,0.008832,0.007417,0.000003,0.000015,1.500000,1.500000,0.000000,0.848851,0.285231,0.672773,1.000000,2.000000,2.329102,14.941406,0.000000,0.000000
14.5500,21829,240,0,0,0.009152,0.007648,0.000002,0.000009,1.500000,1.500000,0.000000,0.845632,0.290868,0.675272,1.000000,2.000000,2.109375,15.952148,0.000000,0.000000
14.5600,21830,240,0,0,0.008336,0.009037,0.000001,0.000005,1.500000,1.500000,0.000000,0.843285,0.296505,0.677772,1.000000,2.000000,1.867676,16.918945,0.000000,0.000000
14.5700,21831,240,0,0,0.008107,0.009796,0.000001,0.000003,1.500000,1.500000,0.000000,0.845177,0.302143,0.680272,1.000000,2.000000,1.647949,17.841797,0.000000,0.000000
14.5800,21832,240,0,0,0.008035,0.009629,0.000000,0.000002,1.500000,1.500000,0.000000,0.846400,0.307780,0.682772,1.000000,2.000000,1.472168,18.676758,0.000000,0.000000
14.5900,21833,240,0,0,0.006976,0.009541,0.000000,0.000001,1.500000,1.500000,0.000000,0.843742,0.313417,0.685272,1.000000,2.000000,1.274414,19.467773,0.000000,0.000000
14.6000,21834,240,0,0,0.005404,0.009647,0.000000,0.000001,1.500000,1.500000,0.000000,0.842098,0.319054,0.687771,1.000000,2.000000,1.032715,20.104980,0.000000,0.000000
14.6100,21835,240,0,0,0.004511,0.009338,0.000000,0.000000,1.500000,1.500000,0.000000,0.842294,0.324691,0.690271,1.000000,2.000000,0.791016,20.654297,0.000000,0.000000
14.6200,21837,240,0,0,0.003034,0.008654,0.000000,0.000000,1.500000,1.500000,0.000000,0.840387,0.335965,0.695271,1.000000,2.000000,0.241699,21.511230,0.000000,0.000000
14.6300,21838,240,0,0,0.002674,0.008296,0.000000,0.000000,1.500000,1.500000,0.000000,0.836314,0.341602,0.697771,1.000000,2.000000,-0.021973,21.796875,0.000000,0.000000
14.6400,21839,240,0,0,0.002231,0.008300,0.000000,0.000000,1.500000,1.500000,0.000000,0.834161,0.347239,0.700271,1.000000,2.000000,-0.197754,22.082520,0.000000,0.000000
14.6500,21840,240,0,0,0.002187,0.009093,0.000000,0.000000,1.500000,1.500000,0.000000,0.832275,0.352877,0.702770,1.000000,2.000000,-0.285645,22.258301,0.000000,0.000000
14.6600,21841,240,0,0,0.001962,0.008956,0.000000,0.000000,1.500000,1.500000,0.000000,0.831092,0.358514,0.705270,1.000000,2.000000,-0.351562,22.346191,0.000000,0.000000
14.6700,21842,240,0,0,0.001714,0.006826,0.000000,0.000000,1.500000,1.500000,0.000000,0.828893,0.364151,0.707770,1.000000,2.000000,-0.439453,22.368164,0.000000,0.000000
14.6800,21843,240,0,0,0.001550,0.005351,0.000000,0.000000,1.500000,1.500000,0.000000,0.828132,0.369788,0.710270,1.000000,2.000000,-0.527344,22.390137,0.000000,0.000000
14.6900,21844,240,0,0,0.001601,0.005128,0.000000,0.000000,1.500000,1.500000,0.000000,0.826582,0.375425,0.712770,1.000000,2.000000,-0.681152,22.368164,0.000000,0.000000
14.7000,21845,240,0,0,0.001681,0.005929,0.000000,0.000000,1.500000,1.500000,0.000000,0.826470,0.381062,0.715270,1.000000,2.000000,-0.856934,22.346191,0.000000,0.000000
14.7100,21846,240,0,0,0.001800,0.005953,0.000000,0.000000,1.500000,1.500000,0.000000,0.824954,0.386699,0.717769,1.000000,2.000000,-1.010742,22.324219,0.000000,0.000000
14.7200,21847,240,0,0,0.002156,0.006461,0.000000,0.000000,1.500000,1.500000,0.000000,0.822770,0.392336,0.720269,1.000000,2.000000,-1.164551,22.280273,0.000000,0.000000
14.7300,21848,240,0,0,0.002086,0.005762,0.000000,0.000000,1.500000,1.500000,0.000000,0.820597,0.397973,0.722769,1.000000,2.000000,-1.318359,22.258301,0.000000,0.000000
14.7400,21849,240,0,0,0.001897,0.004768,0.000000,0.000000,1.500000,1.500000,0.000000,0.816490,0.403611,0.725269,1.000000,2.000000,-1.494141,22.214355,0.000000,0.000000
14.7500,21850,240,0,0,0.001771,0.004063,0.000000,0.000000,1.500000,1.500000,0.000000,0.808520,0.409248,0.727769,1.000000,2.000000,-1.669922,22.126465,0.000000,0.000000
14.7600,21851,240,0,0,0.002906,0.005079,0.000000,0.000000,1.500000,1.500000,0.000000,0.760085,0.414885,0.730268,1.000000,2.000000,-1.823730,21.972656,0.000000,0.000000
14.7700,21852,240,0,0,0.003737,0.007872,0.000000,0.000000,1.500000,1.500000,0.000000,0.728712,0.420522,0.732768,1.000000,2.000000,-1.977539,21.752930,0.000000,0.000000
14.7800,21853,240,0,0,0.004247,0.008425,0.000000,0.000000,1.500000,1.500000,0.000000,0.751938,0.426159,0.735268,1.000000,2.000000,-2.131348,21.555176,0.000000,0.000000
14.7900,21854,240,0,0,0.004677,0.008367,0.000000,0.000000,1.500000,1.500000,0.000000,0.797608,0.431796,0.737768,1.000000,2.000000,-2.285156,21.423340,0.000000,0.000000
14.8000,21855,240,0,0,0.005189,0.007732,0.000000,0.000000,1.500000,1.500000,0.058397,0.832061,0.437433,0.740268,1.000000,2.000000,-2.482910,21.357422,0.000000,0.000000
14.8100,21856,240,0,0,0.005567,0.007100,0.000000,0.000000,1.500000,1.500000,0.166806,0.814061,0.443070,0.742768,1.000000,2.000000,-2.702637,21.335449,0.000000,0.000000
14.8200,21857,240,0,0,0.005725,0.005720,0.000000,0.000000,1.500000,1.500000,0.270422,0.807540,0.448707,0.745267,1.000000,2.000000,-2.900391,21.247559,0.000000,0.000000
14.8300,21858,240,0,0,0.006047,0.004687,0.000000,0.000000,1.500000,1.500000,0.358973,0.865561,0.454345,0.747767,1.000000,2.000000,-3.032227,21.137695,0.000000,0.000000
14.8400,21859,240,0,0,0.005693,0.005524,0.000000,0.000000,1.500000,1.500000,0.426966,0.968670,0.459982,0.750267,1.000000,2.000000,-3.120117,21.027832,0.000000,0.000000
14.8500,21860,240,0,0,0.005664,0.008507,0.000000,0.000000,1.500000,1.500000,0.478109,1.106648,0.465619,0.752767,1.000000,2.000000,-3.229980,20.917969,0.000000,0.000000
14.8600,21861,240,0,0,0.005718,0.019665,0.000000,0.000000,1.500000,1.500000,0.520778,1.273100,0.471256,0.755267,1.000000,2.000000,-3.339844,20.786133,0.000000,0.000000
14.8700,21862,240,0,0,0.005075,0.026416,0.000000,0.008089,1.476434,1.500000,0.567753,1.445197,0.476893,0.757766,1.000000,2.000000,-3.427734,20.544434,0.000000,0.000000
14.8800,21863,240,0,0,0.003949,0.032254,0.000000,0.025812,1.229013,1.500000,0.621067,1.500000,0.482530,0.760266,1.000000,2.000000,-3.471680,20.148926,0.000000,0.000000
14.8900,21864,240,0,0,0.006658,0.038057,0.000000,0.048728,0.954239,1.500000,0.675874,1.500000,0.488167,0.762766,1.000000,2.000000,-3.493652,19.621582,0.000000,0.000000
14.9000,21865,240,0,0,0.014439,0.039509,0.000000,0.069928,0.689616,1.500000,0.729354,1.500000,0.493804,0.765266,1.000000,2.000000,-3.471680,19.116211,0.000000,0.000000
14.9100,21866,240,0,0,0.017898,0.037346,0.000000,0.079996,0.408930,1.500000,0.778352,1.500000,0.499441,0.767766,1.000000,2.000000,-3.427734,18.588867,0.000000,0.000000
14.9200,21867,240,0,0,0.018501,0.037897,0.000000,0.084354,0.080337,1.500000,0.820779,1.500000,0.505078,0.770266,2.000000,2.000000,-3.405762,18.083496,0.000000,0.000000
14.9300,21868,240,0,0,0.017013,0.038601,0.000000,0.089103,0.000000,1.500000,0.858236,1.500000,0.510715,0.772765,2.000000,2.000000,-3.361816,17.578125,0.000000,0.000000
14.9400,21869,240,0,0,0.016941,0.036883,0.000000,0.090815,0.000000,1.500000,0.890005,1.500000,0.516352,0.775265,2.000000,2.000000,-3.361816,17.072754,0.000000,0.000000
14.9500,21870,240,0,0,0.016620,0.035785,0.000000,0.087966,0.000000,1.500000,0.918908,1.500000,0.521989,0.777765,2.000000,2.000000,-3.361816,16.479492,0.000000,0.000000
14.9600,21871,240,0,0,0.016115,0.035864,0.000000,0.086430,0.000000,1.500000,0.948119,1.500000,0.527625,0.780265,2.000000,2.000000,-3.383789,15.864258,0.000000,0.000000
14.9700,21872,240,0,0,0.020468,0.034233,0.000226,0.082760,0.000000,1.500000,0.975692,1.500000,0.533262,0.782765,2.000000,2.000000,-3.361816,15.183105,0.000000,0.000000
14.9800,21873,240,0,0,0.023850,0.034900,0.011156,0.080179,0.000000,1.500000,1.003097,1.500000,0.538899,0.785264,2.000000,2.000000,-3.229980,14.479980,0.000000,0.000000
14.9900,21874,240,0,0,0.026219,0.036057,0.027185,0.080857,0.000000,1.500000,1.028296,1.500000,0.544536,0.787764,2.000000,2.000000,-3.010254,13.732910,0.000000,0.000000
15.0000,21875,240,0,0,0.026443,0.036380,0.042064,0.082790,0.000000,1.500000,1.051831,1.500000,0.550173,0.790264,2.000000,2.000000,-2.680664,12.985840,0.000000,0.000000
15.0100,21876,240,0,0,0.023792,0.034206,0.044706,0.081404,0.000000,1.500000,1.072027,1.500000,0.555809,0.792764,2.000000,2.000000,-2.219238,12.216797,0.000000,0.000000
15.0200,21877,240,0,0,0.021488,0.032644,0.035125,0.075954,0.000000,1.500000,1.089635,1.500000,0.561446,0.795264,2.000000,2.000000,-1.625977,11.469727,0.000000,0.000000
15.0300,21878,240,0,0,0.022798,0.034159,0.029196,0.074186,0.000000,1.500000,1.106985,1.500000,0.567083,0.797764,2.000000,2.000000,-0.966797,10.678711,0.000000,0.000000
15.0400,21879,240,0,0,0.027861,0.032442,0.038388,0.072247,0.000000,1.500000,1.121385,1.500000,0.572720,0.800263,2.000000,2.000000,-0.219727,9.909668,0.000000,0.000000
15.0500,21880,240,0,0,0.035333,0.029798,0.071422,0.066156,0.000000,1.500000,1.137561,1.500000,0.578357,0.802763,2.000000,2.000000,0.593262,9.140625,0.000000,0.000000
15.0600,21881,240,0,0,0.039394,0.027485,0.112841,0.057569,0.000000,1.500000,1.150973,1.500000,0.583994,0.805263,2.000000,2.000000,1.516113,8.371582,0.000000,0.000000
15.0700,21882,240,0,0,0.039230,0.024113,0.143701,0.045955,0.000000,1.500000,1.162780,1.500000,0.589630,0.807763,2.000000,2.000000,2.504883,7.580566,0.000000,0.000000
15.0800,21883,240,0,0,0.035926,0.021215,0.153864,0.032361,0.000000,1.465848,1.173841,1.500000,0.595267,0.810263,2.000000,2.000000,3.559570,6.767578,0.000000,0.000000
15.0900,21884,240,0,0,0.033586,0.020252,0.147756,0.020491,0.000000,1.403411,1.182313,1.500000,0.600904,0.812762,2.000000,2.000000,4.658203,5.932617,0.000000,0.000000
15.1000,21885,240,0,0,0.036837,0.019615,0.146551,0.012379,0.000000,1.344738,1.190733,1.500000,0.606541,0.815262,2.000000,2.000000,5.778809,5.075684,0.000000,0.000000
15.1100,21887,240,0,0,0.047771,0.016834,0.203776,0.004438,0.000000,1.247217,1.201537,1.500000,0.617814,0.820262,2.000000,2.000000,8.085938,3.229980,0.000000,0.000000
15.1200,21888,240,0,0,0.048503,0.015969,0.232414,0.002657,0.000000,1.205200,1.207518,1.500000,0.623451,0.822762,2.000000,2.000000,9.206543,2.285156,0.000000,0.000000
15.1300,21889,240,0,0,0.045891,0.014990,0.245213,0.001591,0.000000,1.163208,1.212917,1.500000,0.629088,0.825262,2.000000,2.000000,10.305176,1.318359,0.000000,0.000000
15.1400,21890,240,0,0,0.042032,0.013612,0.238506,0.000952,0.000000,1.120900,1.217513,1.500000,0.634725,0.827761,2.000000,2.000000,11.359863,0.329590,0.000000,0.000000
15.1500,21891,240,0,0,0.043324,0.013013,0.229749,0.000570,0.000000,1.081215,1.221457,1.500000,0.640362,0.830261,2.000000,2.000000,12.370605,-0.637207,0.000000,0.000000
15.1600,21892,240,0,0,0.045258,0.011830,0.232970,0.000341,0.000000,1.045541,1.223884,1.500000,0.645998,0.832761,2.000000,2.000000,13.381348,-1.604004,0.000000,0.000000
15.1700,21893,240,0,0,0.044250,0.009658,0.236607,0.000204,0.000000,1.009457,1.226226,1.500000,0.651635,0.835261,2.000000,2.000000,14.348145,-2.570801,0.000000,0.000000
15.1800,21894,240,0,0,0.041353,0.007399,0.229426,0.000122,0.000000,0.975911,1.227670,1.500000,0.657272,0.837761,2.000000,2.000000,15.292969,-3.537598,0.000000,0.000000
15.1900,21895,240,0,0,0.038021,0.006212,0.213189,0.000073,0.000000,0.942163,1.229677,1.500000,0.662909,0.840260,2.000000,2.000000,16.237793,-4.504395,0.000000,0.000000
15.2000,21896,240,0,0,0.034611,0.006101,0.189491,0.000044,0.000000,0.914089,1.232650,1.500000,0.668546,0.842760,2.000000,2.000000,17.160645,-5.471191,0.000000,0.000000
15.2100,21897,240,0,0,0.030280,0.007560,0.160298,0.000026,0.000000,0.890986,1.235773,1.500000,0.674183,0.845260,2.000000,2.000000,18.083496,-6.437988,0.000000,0.000000
15.2200,21898,240,0,0,0.026780,0.008138,0.127414,0.000016,0.000000,0.865578,1.237205,1.500000,0.679819,0.847760,2.000000,2.000000,19.028320,-7.360840,0.000000,0.000000
15.2300,21899,240,0,0,0.026369,0.012180,0.100540,0.000009,0.000000,0.838480,1.240846,1.500000,0.685456,0.850260,2.000000,2.000000,19.951172,-8.283691,0.000000,0.000000
15.2400,21900,240,0,0,0.026146,0.016508,0.084368,0.000006,0.000000,0.813918,1.245239,1.500000,0.691093,0.852760,2.000000,2.000000,20.895996,-9.184570,0.000000,0.000000
15.2500,21901,240,0,0,0.025029,0.017083,0.072343,0.000003,0.000000,0.792541,1.249832,1.500000,0.696730,0.855259,2.000000,2.000000,21.818848,-10.063477,0.000000,0.000000
15.2600,21902,240,0,0,0.022963,0.015800,0.058011,0.000002,0.000000,0.772825,1.254934,1.500000,0.702367,0.857759,2.000000,2.000000,22.785645,-10.876465,0.000000,0.000000
15.2700,21903,240,0,0,0.022538,0.014788,0.044674,0.000001,0.000000,0.755544,1.260691,1.500000,0.708003,0.860259,2.000000,2.000000,23.730469,-11.689453,0.000000,0.000000
15.2800,21904,240,0,0,0.024306,0.012717,0.040254,0.000001,0.000000,0.736742,1.269198,1.500000,0.713640,0.862759,2.000000,2.000000,24.675293,-12.480469,0.000000,0.000000
15.2900,21905,240,0,0,0.026609,0.011205,0.046228,0.000000,0.000000,0.717659,1.278486,1.500000,0.719277,0.865259,2.000000,2.000000,25.598145,-13.249512,0.000000,0.000000
15.3000,21906,240,0,0,0.026093,0.010097,0.052498,0.000000,0.000000,0.700843,1.289241,1.500000,0.724914,0.867758,2.000000,2.000000,26.520996,-14.018555,0.000000,0.000000
15.3100,21907,240,0,0,0.024161,0.009276,0.051329,0.000000,0.000000,0.688645,1.301105,1.500000,0.730551,0.870258,2.000000,2.000000,27.399902,-14.743652,0.000000,0.000000
15.3200,21908,240,0,0,0.021496,0.007721,0.041013,0.000000,0.000000,0.675558,1.312020,1.500000,0.736187,0.872758,2.000000,2.000000,28.278809,-15.468750,0.000000,0.000000
15.3300,21909,240,0,0,0.019515,0.006436,0.025760,0.000000,0.000000,0.662540,1.323542,1.500000,0.741824,0.875258,2.000000,2.000000,29.113770,-16.171875,0.000000,0.000000
15.3400,21910,240,0,0,0.019189,0.005273,0.015423,0.000000,0.000000,0.651528,1.335754,1.500000,0.747461,0.877758,2.000000,2.000000,29.904785,-16.853027,0.000000,0.000000
15.3500,21911,240,0,0,0.019171,0.004942,0.009235,0.000000,0.000000,0.641423,1.347166,1.500000,0.753098,0.880258,2.000000,2.000000,30.651855,-17.534180,0.000000,0.000000
15.3600,21912,240,0,0,0.019751,0.004843,0.005529,0.000000,0.000000,0.631773,1.356984,1.500000,0.758735,0.882757,2.000000,2.000000,31.376953,-18.193359,0.000000,0.000000
15.3700,21913,240,0,0,0.020022,0.004657,0.003484,0.000000,0.000000,0.622346,1.364708,1.500000,0.764372,0.885257,2.000000,2.000000,32.014160,-18.852539,0.000000,0.000000
15.3800,21914,240,0,0,0.018824,0.005083,0.002093,0.000000,0.000000,0.612581,1.372466,1.500000,0.770008,0.887757,2.000000,2.000000,32.607422,-19.533691,0.000000,0.000000
15.3900,21915,240,0,0,0.015798,0.005158,0.001253,0.000000,0.000000,0.607886,1.379540,1.500000,0.775645,0.890257,2.000000,2.000000,33.134766,-20.214844,0.000000,0.000000
15.4000,21916,240,0,0,0.012179,0.004862,0.000750,0.000000,0.000000,0.598703,1.386476,1.500000,0.781282,0.892757,2.000000,2.000000,33.574219,-20.852051,0.000000,0.000000
15.4100,21917,240,0,0,0.010050,0.005137,0.000449,0.000000,0.000000,0.591200,1.394539,1.500000,0.786919,0.895256,2.000000,2.000000,33.947754,-21.423340,0.000000,0.000000
15.4200,21918,240,0,0,0.010107,0.005046,0.000269,0.000000,0.000000,0.582652,1.402554,1.500000,0.792556,0.897756,2.000000,2.000000,34.277344,-21.862793,0.000000,0.000000
15.4300,21919,240,0,0,0.009859,0.005061,0.000161,0.000000,0.000000,0.573933,1.411178,1.500000,0.798192,0.900256,2.000000,2.000000,34.497070,-22.148438,0.000000,0.000000
15.4400,21920,240,0,0,0.008975,0.005748,0.000096,0.000000,0.000000,0.566069,1.420040,1.500000,0.803829,0.902756,2.000000,2.000000,34.606934,-22.192383,0.000000,0.000000
15.4500,21921,240,0,0,0.007498,0.005757,0.000058,0.000000,0.000000,0.563058,1.430391,1.500000,0.809466,0.905256,2.000000,2.000000,34.650879,-22.126465,0.000000,0.000000
15.4600,21922,240,0,0,0.007622,0.005173,0.000035,0.000000,0.000000,0.554933,1.439978,1.500000,0.815103,0.907756,2.000000,2.000000,34.672852,-22.038574,0.000000,0.000000
15.4700,21923,240,0,0,0.011257,0.005554,0.000021,0.000000,0.000000,0.553893,1.449375,1.500000,0.820740,0.910255,2.000000,2.000000,34.672852,-21.950684,0.000000,0.000000
15.4800,21924,240,0,0,0.017510,0.006166,0.000012,0.000000,0.000000,0.548693,1.456712,1.500000,0.826376,0.912755,2.000000,2.000000,34.672852,-21.796875,0.000000,0.000000
15.4900,21925,240,0,0,0.024661,0.006892,0.007733,0.000000,0.000000,0.543804,1.464277,1.500000,0.832013,0.915255,2.000000,2.000000,34.650879,-21.555176,0.000000,0.000000
15.5000,21926,240,0,0,0.032647,0.007782,0.040579,0.000000,0.000000,0.536415,1.470122,1.500000,0.837650,0.917755,2.000000,2.000000,34.475098,-21.357422,0.000000,0.000000
15.5100,21927,240,0,0,0.041288,0.008462,0.093296,0.000000,0.000000,0.531951,1.474505,1.500000,0.843287,0.920255,2.000000,2.000000,34.057617,-21.225586,0.000000,0.000000
15.5200,21928,240,0,0,0.048737,0.008393,0.155905,0.000000,0.000000,0.527900,1.478006,1.500000,0.848924,0.922754,2.000000,2.000000,33.530273,-21.137695,0.000000,0.000000
15.5300,21929,240,0,0,0.053030,0.008768,0.216336,0.000000,0.000000,0.523613,1.481414,1.500000,0.854560,0.925254,2.000000,2.000000,32.937012,-21.071777,0.000000,0.000000
15.5400,21930,240,0,0,0.054239,0.008446,0.261157,0.000000,0.000000,0.515519,1.483487,1.500000,0.860197,0.927754,2.000000,2.000000,32.233887,-20.983887,0.000000,0.000000
15.5500,21931,240,0,0,0.052590,0.007666,0.286261,0.000000,0.000000,0.509374,1.484334,1.500000,0.865834,0.930254,2.000000,2.000000,31.464844,-21.049805,0.000000,0.000000
15.5600,21932,240,0,0,0.049666,0.006805,0.291554,0.000000,0.000000,0.507387,1.485970,1.500000,0.871471,0.932754,2.000000,2.000000,30.673828,-21.269531,0.000000,0.000000
15.5700,21933,240,0,0,0.045774,0.006604,0.281383,0.000000,0.000000,0.505594,1.486788,1.500000,0.877108,0.935254,2.000000,2.000000,29.838867,-21.555176,0.000000,0.000000
15.5800,21934,240,0,0,0.041319,0.006618,0.258357,0.000000,0.000000,0.503274,1.487109,1.500000,0.882745,0.937753,2.000000,2.000000,28.959961,-21.840820,0.000000,0.000000
15.5900,21935,240,0,0,0.037598,0.006888,0.228912,0.000000,0.000000,0.499959,1.487354,1.500000,0.888381,0.940253,2.000000,2.000000,28.059082,-22.126465,0.000000,0.000000
15.6000,21937,240,0,0,0.029722,0.006203,0.162562,0.000000,0.000000,0.494243,1.491461,1.500000,0.899655,0.945253,2.000000,2.000000,26.125488,-22.631836,0.000000,0.000000
15.6100,21938,240,0,0,0.026161,0.006111,0.126678,0.000000,0.000000,0.492554,1.489314,1.500000,0.905292,0.947753,2.000000,2.000000,25.114746,-22.829590,0.000000,0.000000
15.6200,21939,240,0,0,0.022682,0.006561,0.092027,0.000000,0.000000,0.489340,1.487787,1.500000,0.910929,0.950252,2.000000,2.000000,24.104004,-23.137207,0.000000,0.000000
15.6300,21940,240,0,0,0.018616,0.007364,0.057353,0.000000,0.000000,0.485076,1.483723,1.500000,0.916565,0.952752,2.000000,2.000000,23.115234,-23.444824,0.000000,0.000000
15.6400,21941,240,0,0,0.014176,0.007802,0.034339,0.000000,0.000000,0.483973,1.479084,1.500000,0.922202,0.955252,2.000000,2.000000,22.148438,-23.642578,0.000000,0.000000
15.6500,21942,240,0,0,0.012147,0.008212,0.020560,0.000000,0.000000,0.481847,1.471961,1.500000,0.927839,0.957752,2.000000,2.000000,21.225586,-23.884277,0.000000,0.000000
15.6600,21943,240,0,0,0.011099,0.007905,0.012310,0.000000,0.000000,0.482423,1.463293,1.500000,0.933476,0.960252,2.000000,2.000000,20.368652,-24.060059,0.000000,0.000000
15.6700,21944,240,0,0,0.010507,0.006933,0.007371,0.000000,0.000000,0.479485,1.453390,1.500000,0.939113,0.962752,2.000000,2.000000,19.533691,-24.082031,0.000000,0.000000
15.6800,21945,240,0,0,0.009983,0.005636,0.004413,0.000000,0.000000,0.473459,1.445231,1.500000,0.944749,0.965251,2.000000,2.000000,18.720703,-24.104004,0.000000,0.000000
15.6900,21946,240,0,0,0.009005,0.004902,0.002642,0.000000,0.000000,0.440111,1.434121,1.500000,0.950386,0.967751,2.000000,2.000000,17.995605,-24.125977,0.000000,0.000000
15.7000,21947,240,0,0,0.007673,0.004018,0.001582,0.000000,0.000000,0.338984,1.418687,1.500000,0.956023,0.970251,3.000000,2.000000,17.380371,-24.235840,0.000000,0.000000
15.7100,21948,240,0,0,0.006586,0.004856,0.000947,0.000000,0.000000,0.281139,1.399649,1.500000,0.961660,0.972751,3.000000,2.000000,16.831055,-24.301758,0.000000,0.000000
15.7200,21949,240,0,0,0.005442,0.005917,0.000567,0.000000,0.000000,0.259462,1.371652,1.500000,0.967297,0.975251,3.000000,2.000000,16.325684,-24.301758,0.000000,0.000000
15.7300,21950,240,0,0,0.004240,0.005011,0.000340,0.000000,0.000000,0.268955,1.336078,1.500000,0.972934,0.977750,3.000000,2.000000,15.908203,-24.257812,0.000000,0.000000
15.7400,21951,240,0,0,0.004167,0.004705,0.000203,0.000000,0.191374,0.296185,1.298815,1.500000,0.978570,0.980250,3.000000,2.000000,15.622559,-24.235840,0.000000,0.000000
15.7500,21952,240,0,0,0.006793,0.005487,0.000122,0.000000,0.552257,0.330533,1.256739,1.500000,0.984207,0.982750,3.000000,2.000000,15.402832,-24.213867,0.000000,0.000000
15.7600,21953,240,0,0,0.011126,0.006178,0.000073,0.000000,0.822905,0.364960,1.206182,1.500000,0.989844,0.985250,0.000000,2.000000,15.270996,-24.213867,0.000000,0.000000
15.7700,21954,240,0,0,0.015308,0.005584,0.000044,0.000000,1.014698,0.411759,1.150154,1.500000,0.995481,0.987750,0.000000,2.000000,15.095215,-24.213867,0.000000,0.000000
15.7800,21955,240,0,0,0.016595,0.004488,0.000026,0.000000,1.141112,0.466553,1.088472,1.500000,0.001118,0.990250,0.000000,2.000000,14.897461,-24.213867,0.000000,0.000000
15.7900,21956,240,0,0,0.015536,0.004022,0.000016,0.000000,1.215923,0.531094,1.010502,1.500000,0.006755,0.992749,0.000000,2.000000,14.699707,-24.213867,0.000000,0.000000
15.8000,21957,240,0,0,0.013237,0.004023,0.000009,0.000000,1.255912,0.601564,0.898121,1.500000,0.012392,0.995249,0.000000,2.000000,14.545898,-24.191895,0.000000,0.000000
15.8100,21958,240,0,0,0.010257,0.007982,0.000006,0.000000,1.278049,0.678944,0.756981,1.500000,0.018029,0.997749,0.000000,2.000000,14.392090,-24.147949,0.000000,0.000000
15.8200,21959,240,0,0,0.008633,0.014702,0.000003,0.000000,1.292419,0.760172,0.583260,1.500000,0.001103,0.000249,1.000000,2.000000,14.282227,-24.082031,0.000000,0.000000
15.8300,21960,240,0,0,0.007461,0.020102,0.000002,0.000027,1.309562,0.851155,0.381347,1.500000,0.006615,0.002749,1.000000,2.000000,14.128418,-24.016113,0.000000,0.000000
15.8400,21961,240,0,0,0.006284,0.024071,0.000001,0.005105,1.330336,0.943738,0.186290,1.500000,0.012128,0.005249,1.000000,2.000000,13.952637,-23.906250,0.000000,0.000000
15.8500,21962,240,0,0,0.004877,0.026169,0.000001,0.014455,1.356257,1.036141,0.023535,1.500000,0.017641,0.007749,1.000000,2.000000,13.754883,-23.818359,0.000000,0.000000
15.8600,21963,240,0,0,0.004373,0.026249,0.000000,0.022455,1.388499,1.128774,0.000000,1.500000,0.023153,0.010249,1.000000,2.000000,13.469238,-23.730469,0.000000,0.000000
15.8700,21964,240,0,0,0.003960,0.024254,0.000000,0.024185,1.426880,1.213344,0.000000,1.500000,0.028666,0.012749,1.000000,2.000000,13.183594,-23.664551,0.000000,0.000000
15.8800,21965,240,0,0,0.004279,0.021944,0.000000,0.020251,1.465041,1.297871,0.000000,1.500000,0.034179,0.015249,1.000000,2.000000,12.854004,-23.598633,0.000000,0.000000
15.8900,21966,240,0,0,0.004367,0.020469,0.000000,0.014524,1.500000,1.377975,0.000000,1.500000,0.039691,0.017749,1.000000,2.000000,12.524414,-23.510742,0.000000,0.000000
15.9000,21967,240,0,0,0.004006,0.017865,0.000000,0.008739,1.500000,1.455082,0.000000,1.500000,0.045204,0.020249,1.000000,2.000000,12.194824,-23.269043,0.000000,0.000000
15.9100,21968,240,0,0,0.003826,0.016883,0.000000,0.005232,1.500000,1.500000,0.000000,1.500000,0.050717,0.022749,1.000000,2.000000,11.821289,-22.895508,0.000000,0.000000
15.9200,21969,240,0,0,0.003903,0.016650,0.000000,0.003133,1.500000,1.500000,0.000000,1.500000,0.056229,0.025249,1.000000,2.000000,11.491699,-22.456055,0.000000,0.000000
15.9300,21970,240,0,0,0.003172,0.015163,0.000000,0.001876,1.500000,1.500000,0.000000,1.500000,0.061742,0.027749,1.000000,2.000000,11.184082,-21.950684,0.000000,0.000000
15.9400,21971,240,0,0,0.003075,0.012746,0.000000,0.001123,1.500000,1.500000,0.000000,1.500000,0.067255,0.030249,1.000000,2.000000,10.876465,-21.423340,0.000000,0.000000
15.9500,21972,240,0,0,0.003493,0.010644,0.000000,0.000672,1.500000,1.500000,0.000000,1.500000,0.072767,0.032749,1.000000,2.000000,10.590820,-20.830078,0.000000,0.000000
15.9600,21973,240,0,0,0.003965,0.008305,0.000000,0.000403,1.500000,1.500000,0.000000,1.500000,0.078280,0.035249,1.000000,2.000000,10.349121,-20.192871,0.000000,0.000000
15.9700,21974,240,0,0,0.004837,0.006509,0.000000,0.000241,1.500000,1.500000,0.000000,1.500000,0.083793,0.037749,1.000000,2.000000,10.129395,-19.555664,0.000000,0.000000
15.9800,21975,240,0,0,0.005101,0.005634,0.000000,0.000144,1.500000,1.500000,0.000000,1.500000,0.089305,0.040249,1.000000,2.000000,9.887695,-18.874512,0.000000,0.000000
15.9900,21976,240,0,0,0.005874,0.004784,0.000000,0.000086,1.500000,1.500000,0.000000,1.500000,0.094818,0.042749,1.000000,2.000000,9.667969,-18.171387,0.000000,0.000000
16.0000,21977,240,0,0,0.005485,0.004174,0.000000,0.000052,1.500000,1.500000,0.000000,1.500000,0.100331,0.045249,1.000000,2.000000,9.492188,-17.512207,0.000000,0.000000
16.0100,21978,240,0,0,0.004724,0.004400,0.000000,0.000031,1.500000,1.500000,0.000000,1.500000,0.105844,0.047749,1.000000,2.000000,9.360352,-16.831055,0.000000,0.000000
16.0200,21979,240,0,0,0.004414,0.004432,0.000000,0.000019,1.500000,1.500000,0.000000,1.500000,0.111356,0.050249,1.000000,2.000000,9.250488,-16.237793,0.000000,0.000000
16.0300,21980,240,0,0,0.004655,0.004562,0.000000,0.000011,1.500000,1.500000,0.000000,1.500000,0.116869,0.052749,1.000000,2.000000,9.184570,-15.666504,0.000000,0.000000
16.0400,21981,240,0,0,0.004232,0.004851,0.000000,0.000007,1.500000,1.500000,0.000000,1.500000,0.122382,0.055249,1.000000,2.000000,9.096680,-15.161133,0.000000,0.000000
16.0500,21982,240,0,0,0.004164,0.004564,0.000000,0.000004,1.500000,1.500000,0.000000,1.500000,0.127894,0.057749,1.000000,2.000000,9.030762,-14.721680,0.000000,0.000000
16.0600,21983,240,0,0,0.003862,0.003925,0.000000,0.000002,1.500000,1.500000,0.000000,1.500000,0.133407,0.060249,1.000000,2.000000,8.964844,-14.370117,0.000000,0.000000
16.0700,21984,240,0,0,0.003219,0.003797,0.000000,0.000001,1.500000,1.500000,0.000000,1.500000,0.138920,0.062749,1.000000,2.000000,8.898926,-14.084473,0.000000,0.000000
16.0800,21985,240,0,0,0.002821,0.003563,0.000000,0.000001,1.500000,1.500000,0.000000,1.500000,0.144432,0.065249,1.000000,2.000000,8.811035,-13.842773,0.000000,0.000000
16.0900,21987,240,0,0,0.002014,0.003807,0.000000,0.000000,1.500000,1.500000,0.000000,1.500000,0.155458,0.070249,1.000000,2.000000,8.613281,-13.776855,0.000000,0.000000
16.1000,21988,240,0,0,0.002289,0.004622,0.000000,0.000000,1.500000,1.500000,0.000000,1.500000,0.160970,0.072749,1.000000,2.000000,8.459473,-13.820801,0.000000,0.000000
16.1100,21989,240,0,0,0.002030,0.003835,0.000000,0.000000,1.500000,1.500000,0.000000,1.500000,0.166483,0.075249,1.000000,2.000000,8.305664,-13.886719,0.000000,0.000000
16.1200,21990,240,0,0,0.001814,0.004095,0.000000,0.000000,1.500000,1.500000,0.000000,1.500000,0.171996,0.077749,1.000000,2.000000,8.151855,-13.996582,0.000000,0.000000
16.1300,21991,240,0,0,0.001708,0.003847,0.000000,0.000000,1.500000,1.500000,0.000000,1.476548,0.177508,0.080249,1.000000,2.000000,7.976074,-14.128418,0.000000,0.000000
16.1400,21992,240,0,0,0.001583,0.003161,0.000000,0.000000,1.500000,1.500000,0.000000,1.436289,0.183021,0.082749,1.000000,2.000000,7.800293,-14.304199,0.000000,0.000000
16.1500,21993,240,0,0,0.002201,0.005231,0.000000,0.000000,1.500000,1.500000,0.000000,1.375729,0.188534,0.085249,1.000000,2.000000,7.602539,-14.479980,0.000000,0.000000
16.1600,21994,240,0,0,0.002833,0.018924,0.000000,0.000000,1.500000,1.500000,0.000000,1.328267,0.194046,0.087749,1.000000,2.000000,7.382812,-14.699707,0.000000,0.000000
16.1700,21995,240,0,0,0.002417,0.032499,0.000000,0.015742,1.500000,1.500000,0.000000,1.290746,0.199559,0.090249,1.000000,2.000000,7.185059,-14.941406,0.000000,0.000000
16.1800,21996,240,0,0,0.002470,0.041311,0.000000,0.047527,1.500000,1.500000,0.000000,1.262429,0.205072,0.092749,1.000000,2.000000,6.987305,-15.117188,0.000000,0.000000
16.1900,21997,240,0,0,0.002894,0.044523,0.000000,0.077815,1.500000,1.500000,0.000000,1.241528,0.210585,0.095249,1.000000,2.000000,6.811523,-15.314941,0.000000,0.000000
16.2000,21998,240,0,0,0.004432,0.045617,0.000000,0.099405,1.500000,1.500000,0.000000,1.223484,0.216097,0.097749,1.000000,2.000000,6.635742,-15.556641,0.000000,0.000000
16.2100,21999,240,0,0,0.005732,0.046340,0.000000,0.114230,1.500000,1.500000,0.000000,1.208631,0.221610,0.100249,1.000000,2.000000,6.481934,-15.886230,0.000000,0.000000
16.2200,22000,240,0,0,0.007320,0.045896,0.000000,0.123547,1.500000,1.500000,0.000000,1.192124,0.227123,0.102748,1.000000,2.000000,6.350098,-16.259766,0.000000,0.000000
16.2300,22001,240,0,0,0.007831,0.043212,0.000000,0.125287,1.500000,1.500000,0.000000,1.170035,0.232635,0.105248,1.000000,2.000000,6.262207,-16.677246,0.000000,0.000000
16.2400,22002,240,0,0,0.008061,0.040809,0.000000,0.120955,1.500000,1.500000,0.000000,1.143754,0.238148,0.107748,1.000000,2.000000,6.196289,-17.116699,0.000000,0.000000
16.2500,22003,240,0,0,0.007531,0.038096,0.000000,0.112846,1.500000,1.500000,0.000000,1.120288,0.243661,0.110248,1.000000,2.000000,6.174316,-17.490234,0.000000,0.000000
16.2600,22004,240,0,0,0.006729,0.035078,0.000000,0.102038,1.500000,1.500000,0.000000,1.096719,0.249173,0.112748,1.000000,2.000000,6.130371,-17.885742,0.000000,0.000000
16.2700,22005,240,0,0,0.005952,0.031512,0.000000,0.088379,1.500000,1.500000,0.000000,1.112802,0.254686,0.115248,1.000000,2.000000,6.020508,-18.149414,0.000000,0.000000
16.2800,22006,240,0,0,0.004977,0.026327,0.000000,0.070662,1.500000,1.500000,0.000000,1.125978,0.260198,0.117748,1.000000,2.000000,5.844727,-18.325195,0.000000,0.000000
16.2900,22007,240,0,0,0.003983,0.020957,0.000000,0.049149,1.500000,1.500000,0.043149,1.139161,0.265711,0.120248,1.000000,2.000000,5.646973,-18.479004,0.000000,0.000000
16.3000,22008,240,0,0,0.003285,0.016109,0.000000,0.029499,1.500000,1.500000,0.334001,1.142651,0.271223,0.122748,1.000000,2.000000,5.449219,-18.522949,0.000000,0.000000
16.3100,22009,240,0,0,0.002950,0.012121,0.000000,0.017662,1.500000,1.500000,0.596359,1.136564,0.276736,0.125248,1.000000,2.000000,5.207520,-18.457031,0.000000,0.000000
16.3200,22010,240,0,0,0.002552,0.010500,0.000000,0.010575,1.500000,1.500000,0.804811,1.128167,0.282249,0.127748,1.000000,2.000000,4.965820,-18.391113,0.000000,0.000000
16.3300,22011,240,0,0,0.002416,0.009626,0.000000,0.006332,1.500000,1.500000,0.959814,1.134552,0.287761,0.130248,1.000000,2.000000,4.746094,-18.347168,0.000000,0.000000
16.3400,22012,240,0,0,0.002750,0.009224,0.000000,0.003791,1.500000,1.500000,1.071551,1.155005,0.293274,0.132748,1.000000,2.000000,4.526367,-18.303223,0.000000,0.000000
16.3500,22013,240,0,0,0.003428,0.008229,0.000000,0.002270,1.500000,1.500000,1.149317,1.179235,0.298786,0.135248,1.000000,2.000000,4.350586,-18.281250,0.000000,0.000000
16.3600,22014,240,0,0,0.004356,0.007281,0.000000,0.001359,1.500000,1.500000,1.203661,1.202636,0.304299,0.137748,1.000000,2.000000,4.218750,-18.237305,0.000000,0.000000
16.3700,22015,240,0,0,0.004582,0.006673,0.000000,0.000814,1.500000,1.500000,1.237932,1.228577,0.309811,0.140248,1.000000,2.000000,4.108887,-18.193359,0.000000,0.000000
16.3800,22016,240,0,0,0.004835,0.005154,0.000000,0.000487,1.500000,1.500000,1.254693,1.251919,0.315324,0.142748,1.000000,2.000000,3.977051,-18.149414,0.000000,0.000000
16.3900,22017,240,0,0,0.005062,0.004278,0.000000,0.000292,1.500000,1.500000,1.259575,1.278662,0.320836,0.145248,1.000000,2.000000,3.867188,-18.105469,0.000000,0.000000
16.4000,22018,240,0,0,0.004975,0.003714,0.000000,0.000175,1.500000,1.500000,1.260493,1.305480,0.326349,0.147748,1.000000,2.000000,3.757324,-18.149414,0.000000,0.000000
16.4100,22019,240,0,0,0.004594,0.003201,0.000000,0.000105,1.500000,1.500000,1.260066,1.330974,0.331861,0.150248,1.000000,2.000000,3.713379,-18.237305,0.000000,0.000000
16.4200,22020,240,0,0,0.004445,0.003187,0.000000,0.000063,1.500000,1.500000,1.260759,1.357532,0.337374,0.152748,1.000000,2.000000,3.669434,-18.259277,0.000000,0.000000
16.4300,22021,240,0,0,0.003916,0.002691,0.000000,0.000037,1.500000,1.500000,1.262221,1.386039,0.342886,0.155248,1.000000,2.000000,3.603516,-18.259277,0.000000,0.000000
16.4400,22022,240,0,0,0.003153,0.003070,0.000000,0.000022,1.500000,1.500000,1.265867,1.415822,0.348399,0.157748,1.000000,2.000000,3.515625,-18.259277,0.000000,0.000000
16.4500,22023,240,0,0,0.002891,0.003401,0.000000,0.000013,1.500000,1.500000,1.270926,1.442158,0.353912,0.160248,1.000000,2.000000,3.471680,-18.281250,0.000000,0.000000
16.4600,22024,240,0,0,0.002678,0.003530,0.000000,0.000008,1.500000,1.500000,1.276267,1.465138,0.359424,0.162748,1.000000,2.000000,3.449707,-18.281250,0.000000,0.000000
16.4700,22025,240,0,0,0.002610,0.004450,0.000000,0.000005,1.500000,1.500000,1.285132,1.485906,0.364937,0.165248,1.000000,2.000000,3.427734,-18.281250,0.000000,0.000000
16.4800,22026,240,0,0,0.003006,0.004449,0.000000,0.000003,1.500000,1.500000,1.293341,1.500000,0.370449,0.167748,1.000000,2.000000,3.427734,-18.303223,0.000000,0.000000
16.4900,22027,240,0,0,0.003554,0.004121,0.000000,0.000002,1.500000,1.500000,1.302256,1.500000,0.375962,0.170248,1.000000,2.000000,3.427734,-18.325195,0.000000,0.000000
16.5000,22028,240,0,0,0.003853,0.004426,0.000000,0.000001,1.500000,1.500000,1.309969,1.500000,0.381474,0.172748,1.000000,2.000000,3.449707,-18.347168,0.000000,0.000000
16.5100,22029,240,0,0,0.003793,0.004405,0.000000,0.000001,1.500000,1.500000,1.315658,1.500000,0.386987,0.175248,1.000000,2.000000,3.471680,-18.369141,0.000000,0.000000
16.5200,22030,240,0,0,0.003836,0.004706,0.000000,0.000000,1.500000,1.500000,1.319934,1.500000,0.392499,0.177748,1.000000,2.000000,3.515625,-18.391113,0.000000,0.000000
16.5300,22031,240,0,0,0.003411,0.004997,0.000000,0.000000,1.500000,1.500000,1.322384,1.500000,0.398012,0.180247,1.000000,2.000000,3.559570,-18.435059,0.000000,0.000000
16.5400,22032,240,0,0,0.003077,0.004641,0.000000,0.000000,1.500000,1.500000,1.321770,1.500000,0.403524,0.182747,1.000000,2.000000,3.581543,-18.479004,0.000000,0.000000
16.5500,22033,240,0,0,0.003024,0.004877,0.000000,0.000000,1.500000,1.500000,1.318197,1.500000,0.409037,0.185247,1.000000,2.000000,3.625488,-18.588867,0.000000,0.000000
16.5600,22034,240,0,0,0.002817,0.004710,0.000000,0.000000,1.500000,1.500000,1.313057,1.500000,0.414549,0.187747,1.000000,2.000000,3.669434,-18.742676,0.000000,0.000000
16.5700,22035,240,0,0,0.002335,0.004794,0.000000,0.000000,1.500000,1.500000,1.305333,1.500000,0.420062,0.190247,1.000000,2.000000,3.691406,-18.808594,0.000000,0.000000
16.5800,22037,240,0,0,0.002193,0.005071,0.000000,0.000000,1.500000,1.500000,1.291266,1.500000,0.431087,0.195247,1.000000,2.000000,3.669434,-18.918457,0.000000,0.000000
16.5900,22038,240,0,0,0.002020,0.005072,0.000000,0.000000,1.500000,1.500000,1.285997,1.500000,0.436600,0.197747,1.000000,2.000000,3.691406,-19.006348,0.000000,0.000000
16.6000,22039,240,0,0,0.002148,0.005982,0.000000,0.000000,1.500000,1.500000,1.279714,1.500000,0.442112,0.200247,1.000000,2.000000,3.691406,-19.116211,0.000000,0.000000
16.6100,22040,240,0,0,0.001811,0.006005,0.000000,0.000000,1.500000,1.500000,1.275464,1.500000,0.447625,0.202747,1.000000,2.000000,3.691406,-19.138184,0.000000,0.000000
16.6200,22041,240,0,0,0.002029,0.005984,0.000000,0.000000,1.500000,1.500000,1.272585,1.500000,0.453137,0.205247,1.000000,2.000000,3.691406,-19.160156,0.000000,0.000000
16.6300,22042,240,0,0,0.002386,0.006211,0.000000,0.000000,1.500000,1.500000,1.268852,1.500000,0.458650,0.207747,1.000000,2.000000,3.691406,-19.182129,0.000000,0.000000
16.6400,22043,240,0,0,0.003730,0.006745,0.000000,0.000000,1.500000,1.500000,1.267228,1.500000,0.464162,0.210247,1.000000,2.000000,3.691406,-19.204102,0.000000,0.000000
16.6500,22044,240,0,0,0.003211,0.007278,0.000000,0.000000,1.500000,1.500000,1.265463,1.500000,0.469675,0.212747,1.000000,2.000000,3.691406,-19.204102,0.000000,0.000000
16.6600,22045,240,0,0,0.002776,0.007004,0.000000,0.000000,1.500000,1.500000,1.265196,1.500000,0.475187,0.215247,1.000000,2.000000,3.691406,-19.226074,0.000000,0.000000
16.6700,22046,240,0,0,0.002413,0.007191,0.000000,0.000000,1.500000,1.500000,1.265827,1.500000,0.480700,0.217747,1.000000,2.000000,3.691406,-19.248047,0.000000,0.000000
16.6800,22047,240,0,0,0.002208,0.007057,0.000000,0.000000,1.500000,1.500000,1.265679,1.500000,0.486212,0.220247,1.000000,2.000000,3.713379,-19.248047,0.000000,0.000000
16.6900,22048,240,0,0,0.002112,0.007011,0.000000,0.000000,1.500000,1.500000,1.266100,1.500000,0.491725,0.222747,1.000000,2.000000,3.735352,-19.270020,0.000000,0.000000
16.7000,22049,240,0,0,0.001896,0.007554,0.000000,0.000000,1.500000,1.500000,1.265854,1.500000,0.497237,0.225247,1.000000,2.000000,3.735352,-19.270020,0.000000,0.000000
16.7100,22050,240,0,0,0.001904,0.008100,0.000000,0.000000,1.500000,1.500000,1.265898,1.500000,0.502750,0.227747,1.000000,2.000000,3.757324,-19.291992,0.000000,0.000000
16.7200,22051,240,0,0,0.002599,0.007920,0.000000,0.000000,1.500000,1.500000,1.265412,1.500000,0.508263,0.230247,1.000000,2.000000,3.757324,-19.313965,0.000000,0.000000
16.7300,22052,240,0,0,0.002648,0.008212,0.000000,0.000000,1.500000,1.500000,1.265852,1.500000,0.513776,0.232747,1.000000,2.000000,3.779297,-19.335938,0.000000,0.000000
16.7400,22053,240,0,0,0.002437,0.008283,0.000000,0.000000,1.500000,1.500000,1.265258,1.500000,0.519289,0.235247,1.000000,2.000000,3.779297,-19.357910,0.000000,0.000000
16.7500,22054,240,0,0,0.002041,0.008355,0.000000,0.000000,1.500000,1.500000,1.264668,1.500000,0.524801,0.237747,1.000000,2.000000,3.801270,-19.379883,0.000000,0.000000
16.7600,22055,240,0,0,0.002784,0.008676,0.000000,0.000000,1.500000,1.500000,1.263515,1.500000,0.530314,0.240247,1.000000,2.000000,3.801270,-19.423828,0.000000,0.000000
16.7700,22056,240,0,0,0.003594,0.008871,0.000000,0.000000,1.500000,1.500000,1.263293,1.500000,0.535827,0.242747,1.000000,2.000000,3.823242,-19.489746,0.000000,0.000000
16.7800,22057,240,0,0,0.004394,0.009022,0.000000,0.000000,1.500000,1.500000,1.263519,1.500000,0.541340,0.245247,1.000000,2.000000,3.823242,-19.577637,0.000000,0.000000
16.7900,22058,240,0,0,0.005554,0.009601,0.000000,0.000000,1.500000,1.500000,1.263804,1.500000,0.546853,0.247747,1.000000,2.000000,3.845215,-19.643555,0.000000,0.000000
16.8000,22059,240,0,0,0.005457,0.010131,0.000000,0.000000,1.500000,1.500000,1.262230,1.500000,0.552366,0.250247,1.000000,2.000000,3.845215,-19.687500,0.000000,0.000000
16.8100,22060,240,0,0,0.004873,0.010346,0.000000,0.000000,1.500000,1.500000,1.261969,1.500000,0.557878,0.252747,1.000000,2.000000,3.845215,-19.709473,0.000000,0.000000
16.8200,22061,240,0,0,0.004030,0.010483,0.000000,0.000000,1.500000,1.500000,1.260878,1.500000,0.563391,0.255247,1.000000,2.000000,3.867188,-19.731445,0.000000,0.000000
16.8300,22062,240,0,0,0.003734,0.010494,0.000000,0.000000,1.500000,1.500000,1.260975,1.500000,0.568904,0.257747,1.000000,2.000000,3.867188,-19.753418,0.000000,0.000000
16.8400,22063,240,0,0,0.003449,0.009732,0.000000,0.000000,1.500000,1.500000,1.259655,1.500000,0.574417,0.260247,1.000000,2.000000,3.867188,-19.775391,0.000000,0.000000
16.8500,22064,240,0,0,0.003336,0.009798,0.000000,0.000000,1.500000,1.500000,1.257686,1.500000,0.579930,0.262747,1.000000,2.000000,3.845215,-19.797363,0.000000,0.000000
16.8600,22065,240,0,0,0.002776,0.009611,0.000000,0.000000,1.500000,1.500000,1.255088,1.500000,0.585443,0.265247,1.000000,2.000000,3.845215,-19.797363,0.000000,0.000000
16.8700,22066,240,0,0,0.002938,0.009539,0.000000,0.000000,1.500000,1.500000,1.253633,1.500000,0.590955,0.267747,1.000000,2.000000,3.845215,-19.819336,0.000000,0.000000
16.8800,22067,240,0,0,0.003989,0.009386,0.000000,0.000000,1.500000,1.500000,1.252244,1.500000,0.596468,0.270248,1.000000,2.000000,3.845215,-19.819336,0.000000,0.000000
16.8900,22068,240,0,0,0.004693,0.009431,0.000000,0.000000,1.500000,1.500000,1.250974,1.500000,0.601981,0.272748,1.000000,2.000000,3.823242,-19.841309,0.000000,0.000000
16.9000,22069,240,0,0,0.004672,0.009874,0.000000,0.000000,1.500000,1.500000,1.248877,1.500000,0.607494,0.275248,1.000000,2.000000,3.823242,-19.841309,0.000000,0.000000
16.9100,22070,240,0,0,0.005235,0.010097,0.000000,0.000000,1.500000,1.500000,1.247129,1.500000,0.613007,0.277748,1.000000,2.000000,3.823242,-19.841309,0.000000,0.000000
16.9200,22071,240,0,0,0.005864,0.009635,0.000000,0.000000,1.500000,1.500000,1.245089,1.500000,0.618520,0.280248,1.000000,2.000000,3.823242,-19.863281,0.000000,0.000000
16.9300,22072,240,0,0,0.005806,0.009834,0.000000,0.000000,1.500000,1.500000,1.244210,1.500000,0.624032,0.282748,1.000000,2.000000,3.823242,-19.863281,0.000000,0.000000
16.9400,22073,240,0,0,0.006184,0.009979,0.000000,0.000000,1.500000,1.500000,1.243677,1.500000,0.629545,0.285248,1.000000,2.000000,3.823242,-19.885254,0.000000,0.000000
16.9500,22074,240,0,0,0.005775,0.010195,0.000000,0.000000,1.500000,1.500000,1.242712,1.500000,0.635058,0.287748,1.000000,2.000000,3.801270,-19.907227,0.000000,0.000000
16.9600,22075,240,0,0,0.006432,0.009864,0.000000,0.000000,1.500000,1.500000,1.243478,1.500000,0.640571,0.290248,1.000000,2.000000,3.801270,-19.929199,0.000000,0.000000
16.9700,22076,240,0,0,0.008071,0.009483,0.000000,0.000000,1.500000,1.500000,1.243153,1.500000,0.646084,0.292749,1.000000,2.000000,3.801270,-19.951172,0.000000,0.000000
16.9800,22077,240,0,0,0.007935,0.008918,0.000000,0.000000,1.500000,1.500000,1.241970,1.500000,0.651597,0.295249,1.000000,2.000000,3.779297,-19.995117,0.000000,0.000000
16.9900,22078,240,0,0,0.007489,0.008371,0.000000,0.000000,1.500000,1.500000,1.241918,1.500000,0.657109,0.297749,1.000000,2.000000,3.779297,-20.017090,0.000000,0.000000
17.0000,22079,240,0,0,0.006838,0.008636,0.000000,0.000000,1.500000,1.500000,1.242433,1.500000,0.662622,0.300249,1.000000,2.000000,3.757324,-20.039062,0.000000,0.000000
17.0100,22080,240,0,0,0.005837,0.008864,0.000000,0.000000,1.500000,1.500000,1.240990,1.500000,0.668135,0.302749,1.000000,2.000000,3.757324,-20.061035,0.000000,0.000000
17.0200,22081,240,0,0,0.004776,0.008299,0.000000,0.000000,1.500000,1.500000,1.239682,1.500000,0.673648,0.305249,1.000000,2.000000,3.735352,-20.083008,0.000000,0.000000
17.0300,22082,240,0,0,0.004744,0.007385,0.000000,0.000000,1.500000,1.500000,1.237447,1.500000,0.679161,0.307749,1.000000,2.000000,3.713379,-20.104980,0.000000,0.000000
17.0400,22083,240,0,0,0.004802,0.006990,0.000000,0.000000,1.500000,1.500000,1.234897,1.500000,0.684674,0.310249,1.000000,2.000000,3.691406,-20.126953,0.000000,0.000000
17.0500,22084,240,0,0,0.004680,0.006498,0.000000,0.000000,1.500000,1.500000,1.230937,1.500000,0.690186,0.312750,1.000000,2.000000,3.691406,-20.126953,0.000000,0.000000
17.0600,22085,240,0,0,0.004620,0.005476,0.000000,0.000000,1.500000,1.500000,1.227802,1.500000,0.695699,0.315250,1.000000,2.000000,3.669434,-20.148926,0.000000,0.000000
17.0700,22087,240,0,0,0.003299,0.004906,0.000000,0.000000,1.500000,1.500000,1.221478,1.500000,0.706725,0.320250,1.000000,2.000000,3.647461,-20.170898,0.000000,0.000000
17.0800,22088,240,0,0,0.002802,0.004827,0.000000,0.000000,1.500000,1.500000,1.219654,1.500000,0.712238,0.322750,1.000000,2.000000,3.647461,-20.170898,0.000000,0.000000
17.0900,22089,240,0,0,0.002343,0.005389,0.000000,0.000000,1.500000,1.500000,1.218318,1.500000,0.717751,0.325250,1.000000,2.000000,3.625488,-20.192871,0.000000,0.000000
17.1000,22090,240,0,0,0.002220,0.005689,0.000000,0.000000,1.500000,1.500000,1.216160,1.500000,0.723263,0.327750,1.000000,2.000000,3.625488,-20.192871,0.000000,0.000000
17.1100,22091,240,0,0,0.002429,0.006464,0.000000,0.000000,1.500000,1.500000,1.215197,1.500000,0.728776,0.330250,1.000000,2.000000,3.625488,-20.192871,0.000000,0.000000
17.1200,22092,240,0,0,0.002595,0.006943,0.000000,0.000000,1.500000,1.500000,1.213748,1.500000,0.734289,0.332750,1.000000,2.000000,3.625488,-20.192871,0.000000,0.000000
17.1300,22093,240,0,0,0.002859,0.007353,0.000000,0.000000,1.500000,1.500000,1.213363,1.500000,0.739802,0.335251,1.000000,2.000000,3.625488,-20.192871,0.000000,0.000000
17.1400,22094,240,0,0,0.002599,0.008109,0.000000,0.000000,1.500000,1.500000,1.213156,1.500000,0.745315,0.337751,1.000000,2.000000,3.625488,-20.192871,0.000000,0.000000
17.1500,22095,240,0,0,0.002392,0.008632,0.000000,0.000000,1.500000,1.500000,1.212868,1.500000,0.750828,0.340251,1.000000,2.000000,3.625488,-20.192871,0.000000,0.000000
17.1600,22096,240,0,0,0.002484,0.008592,0.000000,0.000000,1.500000,1.500000,1.211836,1.500000,0.756340,0.342751,1.000000,2.000000,3.625488,-20.192871,0.000000,0.000000
17.1700,22097,240,0,0,0.002388,0.009083,0.000000,0.000000,1.500000,1.500000,1.211140,1.500000,0.761853,0.345251,1.000000,2.000000,3.625488,-20.192871,0.000000,0.000000
17.1800,22098,240,0,0,0.002776,0.009325,0.000000,0.000000,1.500000,1.500000,1.213139,1.500000,0.767366,0.347751,1.000000,2.000000,3.625488,-20.214844,0.000000,0.000000
